sample	phi_d	phi_e	phi_w	phi_b
258	-0.511508	-1.06541	-0.0418455	0.65732
