sample	phi_d	phi_e	phi_w	phi_b
744	-0.205	-0.654702	-0.84221	0.368788
