sample	phi_d	phi_e	phi_w	phi_b
50	-0.0102773	-0.108381	0.599177	0.800305
