sample	phi_d	phi_e	phi_w	phi_b
561	-0.401213	0.000446507	-0.280249	1.62753
