sample	phi_d	phi_e	phi_w	phi_b
484	-2.48944	0.778601	0.212889	0.159727
