sample	phi_d	phi_e	phi_w	phi_b
630	-0.0644816	0.731581	-0.866913	1.12354
