sample	phi_d	phi_e	phi_w	phi_b
550	-1.36051	-0.0655497	0.434988	0.0822754
