sample	phi_d	phi_e	phi_w	phi_b
245	-0.172434	0.343039	-0.513275	0.868534
