sample	phi_d	phi_e	phi_w	phi_b
384	-1.71769	0.881386	-0.0277551	0.083884
