sample	phi_d	phi_e	phi_w	phi_b
22	-2.54768	1.81399	2.65551	0.219273
