sample	phi_d	phi_e	phi_w	phi_b
606	-0.48144	0.392201	0.439182	0.61761
