sample	phi_d	phi_e	phi_w	phi_b
108	-1.73573	-1.64509	0.440655	0.586855
