sample	phi_d	phi_e	phi_w	phi_b
297	-2.74158	0.640865	0.449848	0.356975
