sample	phi_d	phi_e	phi_w	phi_b
994	-1.72193	-1.15163	0.164381	0.831086
