sample	phi_d	phi_e	phi_w	phi_b
263	-2.99799	2.28345	0.127397	2.24186
