sample	phi_d	phi_e	phi_w	phi_b
749	-2.83318	1.11637	1.21374	1.02237
