sample	phi_d	phi_e	phi_w	phi_b
395	-2.18784	-0.63543	0.366943	1.74723
