sample	phi_d	phi_e	phi_w	phi_b
474	-0.768289	-0.0781199	-0.81103	0.514341
