sample	phi_d	phi_e	phi_w	phi_b
384	-1.65203	-0.16785	-0.20197	0.135502
