sample	phi_d	phi_e	phi_w	phi_b
748	-2.85124	0.158853	-0.989896	2.30659
