sample	phi_d	phi_e	phi_w	phi_b
76	-0.404858	0.656384	-0.816316	0.109551
