sample	phi_d	phi_e	phi_w	phi_b
480	-1.54514	0.824954	0.603568	0.434085
