sample	phi_d	phi_e	phi_w	phi_b
246	-2.97913	-0.152029	2.39485	1.37002
