sample	phi_d	phi_e	phi_w	phi_b
162	-0.645853	0.86841	0.336824	1.08182
