sample	phi_d	phi_e	phi_w	phi_b
636	-2.44195	0.0915262	2.18649	1.03001
