sample	phi_d	phi_e	phi_w	phi_b
192	-2.65124	1.67687	0.331301	0.0758586
