sample	phi_d	phi_e	phi_w	phi_b
19	-0.357485	1.16713	-1.3924	0.159104
