sample	phi_d	phi_e	phi_w	phi_b
191	-2.76488	-0.00298177	0.0558801	0.959473
