sample	phi_d	phi_e	phi_w	phi_b
997	-0.606962	-0.822982	-0.790337	2.16374
