sample	phi_d	phi_e	phi_w	phi_b
337	-0.764185	0.49109	-3.1444	0.771233
