sample	phi_d	phi_e	phi_w	phi_b
183	-1.20623	0.395187	-0.712848	0.108972
