sample	phi_d	phi_e	phi_w	phi_b
190	-0.458861	1.21416	-0.69998	0.0223354
