sample	phi_d	phi_e	phi_w	phi_b
149	-1.7192	1.12067	-0.319007	0.223535
