sample	phi_d	phi_e	phi_w	phi_b
444	-0.69226	1.06675	1.82516	0.220863
