sample	phi_d	phi_e	phi_w	phi_b
906	-0.00545392	2.28065	0.841392	0.391069
