sample	phi_d	phi_e	phi_w	phi_b
336	-1.98391	0.969833	1.0174	1.35008
