sample	phi_d	phi_e	phi_w	phi_b
982	-0.760905	0.630015	0.0986511	0.674567
