sample	phi_d	phi_e	phi_w	phi_b
90	-0.898086	-0.411296	-2.28306	1.34844
