sample	phi_d	phi_e	phi_w	phi_b
674	-1.68344	0.029198	1.66319	0.260289
