sample	phi_d	phi_e	phi_w	phi_b
263	-2.37939	-1.07252	0.227633	1.35183
