sample	phi_d	phi_e	phi_w	phi_b
149	-1.19953	-0.598036	-0.608222	0.839804
