sample	phi_d	phi_e	phi_w	phi_b
51	-2.14736	-1.22891	-0.395891	2.30654
