sample	phi_d	phi_e	phi_w	phi_b
516	-1.75481	0.447429	-1.64896	1.06533
