sample	phi_d	phi_e	phi_w	phi_b
5	-1.77424	-0.722101	1.21473	0.915631
