sample	phi_d	phi_e	phi_w	phi_b
14	-0.127189	0.0721461	-1.16012	0.622985
