sample	phi_d	phi_e	phi_w	phi_b
115	-2.42838	0.0440257	2.24983	0.122632
