sample	phi_d	phi_e	phi_w	phi_b
51	-0.311573	-0.954297	0.787822	0.559656
