sample	phi_d	phi_e	phi_w	phi_b
331	-0.839653	-0.495181	0.773579	0.950738
