sample	phi_d	phi_e	phi_w	phi_b
863	-0.192366	-0.187562	-0.108396	1.45627
