sample	phi_d	phi_e	phi_w	phi_b
404	-2.25658	-1.66877	0.306504	0.482468
