sample	phi_d	phi_e	phi_w	phi_b
774	-0.165785	-1.0028	1.37934	0.365991
