sample	phi_d	phi_e	phi_w	phi_b
139	-2.17466	0.765137	-1.58022	0.503903
