sample	phi_d	phi_e	phi_w	phi_b
349	-0.297448	2.0951	0.309219	0.171388
