sample	phi_d	phi_e	phi_w	phi_b
583	-1.343	-0.664542	1.47161	1.57893
