sample	phi_d	phi_e	phi_w	phi_b
69	-1.31595	-0.42841	-0.558851	0.803335
