sample	phi_d	phi_e	phi_w	phi_b
167	-0.526198	1.13376	0.699251	0.62718
