sample	phi_d	phi_e	phi_w	phi_b
546	-0.135126	0.0483025	-1.48722	0.362356
