sample	phi_d	phi_e	phi_w	phi_b
761	-1.25695	-0.451224	-1.20224	0.0908709
