sample	phi_d	phi_e	phi_w	phi_b
767	-1.03734	-1.66483	-0.52646	0.749188
