sample	phi_d	phi_e	phi_w	phi_b
238	-0.830446	1.13617	1.43154	0.661304
