sample	phi_d	phi_e	phi_w	phi_b
670	-0.404383	0.791676	-0.752518	1.74102
