sample	phi_d	phi_e	phi_w	phi_b
648	-0.933125	2.56047	-0.430577	1.08613
