sample	phi_d	phi_e	phi_w	phi_b
510	-0.266049	0.126944	-0.527377	0.946246
