sample	phi_d	phi_e	phi_w	phi_b
124	-2.59879	0.445053	1.93481	0.49867
