sample	phi_d	phi_e	phi_w	phi_b
650	-0.359352	-0.788791	-0.309498	0.0747771
