sample	phi_d	phi_e	phi_w	phi_b
693	-2.35878	-0.629356	0.725354	1.2694
