sample	phi_d	phi_e	phi_w	phi_b
31	-0.616489	1.20513	-0.386548	0.894544
