sample	phi_d	phi_e	phi_w	phi_b
112	-0.501763	1.01315	0.584379	1.60052
