sample	phi_d	phi_e	phi_w	phi_b
321	-0.4525	0.42256	0.164143	2.18438
