sample	phi_d	phi_e	phi_w	phi_b
111	-2.11402	-1.02951	-0.978945	0.94518
