sample	phi_d	phi_e	phi_w	phi_b
481	-1.92408	-0.393957	1.46603	1.1202
