sample	phi_d	phi_e	phi_w	phi_b
965	-0.943066	0.84828	-1.39276	0.243159
