sample	phi_d	phi_e	phi_w	phi_b
285	-2.65291	-1.49922	-2.10287	0.478633
