sample	phi_d	phi_e	phi_w	phi_b
996	-1.72276	0.0685812	0.501373	0.435652
