sample	phi_d	phi_e	phi_w	phi_b
437	-1.31366	0.254627	-0.0983747	1.75103
