sample	phi_d	phi_e	phi_w	phi_b
371	-0.345091	-0.0752282	0.554528	0.856368
