sample	phi_d	phi_e	phi_w	phi_b
92	-1.94003	-0.0232248	-0.0455307	1.00116
