sample	phi_d	phi_e	phi_w	phi_b
508	-0.301891	0.243139	-0.411463	0.64755
