sample	phi_d	phi_e	phi_w	phi_b
164	-0.456915	0.379662	2.08573	0.00402048
