sample	phi_d	phi_e	phi_w	phi_b
58	-0.321173	0.74176	-3.1938	0.259464
