sample	phi_d	phi_e	phi_w	phi_b
152	-0.796939	0.551235	-0.188063	0.65254
