sample	phi_d	phi_e	phi_w	phi_b
166	-0.174939	-0.228622	-0.0739359	1.38711
