sample	phi_d	phi_e	phi_w	phi_b
717	-0.863109	-0.514884	-0.946777	1.59617
