sample	phi_d	phi_e	phi_w	phi_b
557	-0.461212	-0.33138	-2.03425	0.418398
