sample	phi_d	phi_e	phi_w	phi_b
468	-0.749062	0.414414	-1.90087	0.768974
