sample	phi_d	phi_e	phi_w	phi_b
142	-1.36271	0.607826	-0.754024	0.592985
