sample	phi_d	phi_e	phi_w	phi_b
226	-0.679149	-2.5104	-0.144794	0.164845
