sample	phi_d	phi_e	phi_w	phi_b
89	-0.31645	1.20107	-1.12759	1.64073
