sample	phi_d	phi_e	phi_w	phi_b
124	-2.17803	0.534323	-0.0560259	0.174601
