sample	phi_d	phi_e	phi_w	phi_b
77	-1.04124	0.496336	-0.437067	0.0327777
