sample	phi_d	phi_e	phi_w	phi_b
977	-2.85588	-0.593652	0.46717	0.434466
