sample	phi_d	phi_e	phi_w	phi_b
348	-0.0327589	-0.0234094	1.41516	1.51786
