sample	phi_d	phi_e	phi_w	phi_b
265	-1.31296	-0.48763	0.369086	0.941956
