sample	phi_d	phi_e	phi_w	phi_b
312	-0.401561	1.29942	-0.0516531	0.151573
