sample	phi_d	phi_e	phi_w	phi_b
49	-1.94526	0.453506	-0.825597	1.06824
