sample	phi_d	phi_e	phi_w	phi_b
441	-2.70887	-0.586783	0.251242	0.524739
