sample	phi_d	phi_e	phi_w	phi_b
924	-2.02314	-0.120769	-1.06763	1.19773
