sample	phi_d	phi_e	phi_w	phi_b
435	-0.179855	-0.253241	1.23739	2.47698
