sample	phi_d	phi_e	phi_w	phi_b
728	-2.16936	-0.459957	-1.00453	1.07247
