sample	phi_d	phi_e	phi_w	phi_b
317	-1.32107	0.330647	-0.585752	0.487143
