sample	phi_d	phi_e	phi_w	phi_b
352	-2.64141	1.11556	-0.292743	0.830682
