sample	phi_d	phi_e	phi_w	phi_b
315	-0.00929922	-0.0582186	-0.528556	0.384135
