sample	phi_d	phi_e	phi_w	phi_b
627	-0.936286	-0.685331	-0.076385	0.853717
