sample	phi_d	phi_e	phi_w	phi_b
106	-1.04813	-0.194566	0.4031	0.33226
