sample	phi_d	phi_e	phi_w	phi_b
656	-1.59484	-0.777338	0.152438	0.729635
