sample	phi_d	phi_e	phi_w	phi_b
548	-2.64505	0.655938	0.114204	0.910114
