sample	phi_d	phi_e	phi_w	phi_b
127	-2.74117	-0.959019	1.75365	1.54765
