sample	phi_d	phi_e	phi_w	phi_b
816	-2.54505	1.3906	-0.328544	1.0417
