sample	phi_d	phi_e	phi_w	phi_b
336	-1.42754	-0.965137	-0.0253907	0.574181
