sample	phi_d	phi_e	phi_w	phi_b
699	-0.773637	-0.20822	-0.981119	0.664809
