sample	phi_d	phi_e	phi_w	phi_b
918	-0.664392	-0.086877	-2.18759	0.651433
