sample	phi_d	phi_e	phi_w	phi_b
53	-1.24245	0.279765	1.27225	0.0265835
