sample	phi_d	phi_e	phi_w	phi_b
948	-1.71565	1.75846	-0.500542	0.871629
