sample	phi_d	phi_e	phi_w	phi_b
134	-0.495654	-0.402221	-1.54997	0.573272
