sample	phi_d	phi_e	phi_w	phi_b
605	-2.03421	0.0756972	-0.768085	0.274367
