sample	phi_d	phi_e	phi_w	phi_b
698	-0.577124	0.216795	2.15542	0.480725
