sample	phi_d	phi_e	phi_w	phi_b
299	-0.0670237	0.482032	1.09165	0.589034
