sample	phi_d	phi_e	phi_w	phi_b
340	-1.60538	0.62269	-1.40032	0.890271
