sample	phi_d	phi_e	phi_w	phi_b
36	-1.17529	1.66338	0.0571331	1.143
