sample	phi_d	phi_e	phi_w	phi_b
73	-2.10261	0.701799	2.02256	0.203333
