sample	phi_d	phi_e	phi_w	phi_b
326	-1.12658	-1.31561	-0.333532	0.227354
