sample	phi_d	phi_e	phi_w	phi_b
144	-1.62287	1.29811	1.84762	0.873596
