sample	phi_d	phi_e	phi_w	phi_b
781	-1.90533	0.564218	0.730909	1.81541
