sample	phi_d	phi_e	phi_w	phi_b
35	-0.156026	-1.9101	-2.73891	1.11285
