sample	phi_d	phi_e	phi_w	phi_b
672	-2.50367	-1.07281	0.812793	0.186095
