sample	phi_d	phi_e	phi_w	phi_b
662	-0.44164	-1.98154	0.27637	0.0819572
