sample	phi_d	phi_e	phi_w	phi_b
722	-2.49458	-0.0476824	1.21339	0.0271807
