sample	phi_d	phi_e	phi_w	phi_b
637	-2.60548	-0.191292	0.825124	1.86175
