sample	phi_d	phi_e	phi_w	phi_b
233	-2.55473	-0.495694	0.74833	0.219705
