sample	phi_d	phi_e	phi_w	phi_b
20	-1.86396	0.21887	0.11264	0.709761
