sample	phi_d	phi_e	phi_w	phi_b
451	-0.387455	-0.0411863	-0.587312	0.835658
