sample	phi_d	phi_e	phi_w	phi_b
714	-0.378921	0.431294	0.0714619	0.529893
