sample	phi_d	phi_e	phi_w	phi_b
252	-1.42895	1.04278	-0.312518	0.834318
