sample	phi_d	phi_e	phi_w	phi_b
491	-2.39117	0.166516	0.725442	2.0644
