sample	phi_d	phi_e	phi_w	phi_b
10	-0.164722	1.30115	1.84036	2.08635
