sample	phi_d	phi_e	phi_w	phi_b
228	-0.125967	-0.387842	-1.32958	0.879361
