sample	phi_d	phi_e	phi_w	phi_b
931	-2.49787	0.817032	-0.363762	0.00293757
