sample	phi_d	phi_e	phi_w	phi_b
25	-1.7667	0.860329	-1.04628	0.220199
