sample	phi_d	phi_e	phi_w	phi_b
321	-1.41997	0.541158	0.266841	0.0197094
