sample	phi_d	phi_e	phi_w	phi_b
324	-0.175264	-1.05554	0.191902	1.28054
