sample	phi_d	phi_e	phi_w	phi_b
278	-1.17598	-0.766893	0.576934	0.96774
