sample	phi_d	phi_e	phi_w	phi_b
209	-2.45316	1.41584	0.743204	0.519001
