sample	phi_d	phi_e	phi_w	phi_b
524	-0.0140068	-1.14677	1.57525	2.16899
