sample	phi_d	phi_e	phi_w	phi_b
995	-1.71097	0.796918	-0.306977	0.470903
