sample	phi_d	phi_e	phi_w	phi_b
706	-2.09848	0.280167	0.290893	0.58619
