sample	phi_d	phi_e	phi_w	phi_b
172	-0.360818	-1.12804	-1.37175	0.493447
