sample	phi_d	phi_e	phi_w	phi_b
3	-0.321159	0.92647	-0.127812	2.05752
