sample	phi_d	phi_e	phi_w	phi_b
216	-0.435039	0.275747	1.69065	0.80808
