sample	phi_d	phi_e	phi_w	phi_b
784	-0.391789	0.405299	0.47173	0.0133007
