sample	phi_d	phi_e	phi_w	phi_b
242	-2.60225	-0.172308	1.85255	0.225783
