sample	phi_d	phi_e	phi_w	phi_b
191	-2.05837	1.29818	-0.244503	0.279626
