sample	phi_d	phi_e	phi_w	phi_b
740	-0.741111	-1.6627	1.41806	0.483839
