sample	phi_d	phi_e	phi_w	phi_b
345	-2.26745	-0.280512	0.927754	0.138272
