sample	phi_d	phi_e	phi_w	phi_b
779	-1.62627	-0.11389	-0.341194	0.811548
