sample	phi_d	phi_e	phi_w	phi_b
84	-0.0296698	-0.644154	-0.794708	0.714274
