sample	phi_d	phi_e	phi_w	phi_b
822	-2.94347	-0.335748	0.864791	2.12463
