sample	phi_d	phi_e	phi_w	phi_b
476	-1.46683	-1.13272	-0.329804	0.57319
