sample	phi_d	phi_e	phi_w	phi_b
966	-0.52048	0.170338	1.37305	1.03162
