sample	phi_d	phi_e	phi_w	phi_b
400	-0.174858	-0.424622	0.425437	0.938713
