sample	phi_d	phi_e	phi_w	phi_b
531	-1.12797	-0.347247	-0.823055	0.240536
