sample	phi_d	phi_e	phi_w	phi_b
450	-0.13679	-0.514815	-1.58781	0.761168
