sample	phi_d	phi_e	phi_w	phi_b
202	-1.89499	-0.236784	1.63742	0.522723
