sample	phi_d	phi_e	phi_w	phi_b
191	-0.303164	0.367365	0.23358	1.40763
