sample	phi_d	phi_e	phi_w	phi_b
922	-2.91961	-1.93853	-0.209011	0.625236
