sample	phi_d	phi_e	phi_w	phi_b
38	-0.938932	-0.985717	-0.892416	1.3819
