sample	phi_d	phi_e	phi_w	phi_b
724	-0.301838	-0.579061	0.272751	0.455595
