sample	phi_d	phi_e	phi_w	phi_b
410	-0.0298383	-0.464769	-0.758488	0.636272
