sample	phi_d	phi_e	phi_w	phi_b
403	-2.26585	-0.242377	0.110078	1.53751
