sample	phi_d	phi_e	phi_w	phi_b
31	-0.274879	0.1598	-0.387893	1.85493
