sample	phi_d	phi_e	phi_w	phi_b
651	-0.0132551	-0.254698	1.09838	0.533834
