sample	phi_d	phi_e	phi_w	phi_b
137	-2.23994	0.743319	-0.717321	0.651385
