sample	phi_d	phi_e	phi_w	phi_b
442	-2.87192	0.0737545	0.800459	1.40381
