sample	phi_d	phi_e	phi_w	phi_b
551	-1.12051	-0.426841	1.59825	1.22071
