sample	phi_d	phi_e	phi_w	phi_b
611	-0.0613443	1.60841	-1.09095	0.857975
