sample	phi_d	phi_e	phi_w	phi_b
525	-0.872524	1.23175	0.546467	0.165673
