sample	phi_d	phi_e	phi_w	phi_b
290	-2.02365	-0.808903	0.522393	2.53122
