sample	phi_d	phi_e	phi_w	phi_b
574	-2.11864	0.546187	0.45181	0.750693
