sample	phi_d	phi_e	phi_w	phi_b
113	-1.69464	0.698929	1.08626	0.389688
