sample	phi_d	phi_e	phi_w	phi_b
893	-1.64366	0.465019	1.41148	0.0571004
