sample	phi_d	phi_e	phi_w	phi_b
121	-1.77624	0.102716	1.62136	0.398135
