sample	phi_d	phi_e	phi_w	phi_b
898	-1.9643	-0.384757	1.58388	1.97824
