sample	phi_d	phi_e	phi_w	phi_b
189	-0.902176	-0.667646	-1.65473	0.686215
