sample	phi_d	phi_e	phi_w	phi_b
306	-0.368168	0.481602	-1.66272	0.479381
