sample	phi_d	phi_e	phi_w	phi_b
101	-2.0791	0.921374	0.912211	0.132469
