sample	phi_d	phi_e	phi_w	phi_b
342	-1.87135	2.36856	-0.269513	0.952528
