sample	phi_d	phi_e	phi_w	phi_b
803	-1.05221	0.292162	1.14295	0.871578
