sample	phi_d	phi_e	phi_w	phi_b
352	-0.168657	-0.380314	-0.376908	0.994256
