sample	phi_d	phi_e	phi_w	phi_b
802	-0.756958	0.285316	0.123528	1.28082
