sample	phi_d	phi_e	phi_w	phi_b
367	-2.3946	-0.384185	-0.328808	0.0590985
