sample	phi_d	phi_e	phi_w	phi_b
119	-2.2955	1.00818	-0.726761	0.235818
