sample	phi_d	phi_e	phi_w	phi_b
255	-0.33017	-0.0170356	-1.44495	0.843841
