sample	phi_d	phi_e	phi_w	phi_b
731	-2.15133	-0.00934191	-1.08342	0.7443
