sample	phi_d	phi_e	phi_w	phi_b
35	-2.66596	2.31732	-1.52186	0.965588
