sample	phi_d	phi_e	phi_w	phi_b
597	-2.29455	0.239853	0.166768	1.84792
