sample	phi_d	phi_e	phi_w	phi_b
788	-0.655381	0.817792	-0.679487	2.01623
