sample	phi_d	phi_e	phi_w	phi_b
52	-1.13961	-0.668911	0.0385802	0.593716
