sample	phi_d	phi_e	phi_w	phi_b
197	-1.11737	-0.384203	-0.413119	0.292628
