sample	phi_d	phi_e	phi_w	phi_b
640	-1.21592	1.45421	-2.22116	1.06017
