sample	phi_d	phi_e	phi_w	phi_b
566	-1.29401	0.910809	-2.15097	1.61816
