sample	phi_d	phi_e	phi_w	phi_b
355	-1.89554	0.244865	-0.316833	1.09177
