sample	phi_d	phi_e	phi_w	phi_b
688	-0.679895	-0.255877	2.21833	0.736789
