sample	phi_d	phi_e	phi_w	phi_b
545	-2.41212	0.62031	-0.129712	0.882382
