sample	phi_d	phi_e	phi_w	phi_b
330	-0.199848	0.193148	0.300289	1.9527
