sample	phi_d	phi_e	phi_w	phi_b
411	-1.92683	0.970315	-0.300797	0.605866
