sample	phi_d	phi_e	phi_w	phi_b
910	-1.22489	1.75426	0.251762	1.52731
