sample	phi_d	phi_e	phi_w	phi_b
807	-1.16953	0.384995	-0.492701	1.02587
