sample	phi_d	phi_e	phi_w	phi_b
732	-0.476876	1.1325	-0.789038	2.19242
