sample	phi_d	phi_e	phi_w	phi_b
63	-1.00072	-0.190632	-0.642712	0.740261
