sample	phi_d	phi_e	phi_w	phi_b
610	-0.699208	1.70761	1.80066	0.572686
