sample	phi_d	phi_e	phi_w	phi_b
355	-0.395423	1.32541	-0.724171	0.263849
