sample	phi_d	phi_e	phi_w	phi_b
198	-1.51249	-0.418333	0.170679	0.02005
