sample	phi_d	phi_e	phi_w	phi_b
742	-1.13097	0.131205	-1.16516	0.302164
