sample	phi_d	phi_e	phi_w	phi_b
612	-1.89092	0.663811	-0.892208	1.65062
