sample	phi_d	phi_e	phi_w	phi_b
187	-0.568038	-0.0913631	-0.268299	1.47854
