sample	phi_d	phi_e	phi_w	phi_b
825	-1.54396	-1.27878	0.234216	0.0521279
