sample	phi_d	phi_e	phi_w	phi_b
237	-2.53619	0.633211	0.696033	0.566478
