sample	phi_d	phi_e	phi_w	phi_b
393	-0.123263	1.87209	-1.19244	0.610296
