sample	phi_d	phi_e	phi_w	phi_b
373	-0.720155	-0.0583698	0.603386	0.825722
