sample	phi_d	phi_e	phi_w	phi_b
376	-0.71487	0.0931105	0.878771	1.92081
