sample	phi_d	phi_e	phi_w	phi_b
907	-1.27201	-0.34158	-0.0827106	0.425871
