sample	phi_d	phi_e	phi_w	phi_b
215	-0.252182	0.0620547	-1.06137	0.625759
