sample	phi_d	phi_e	phi_w	phi_b
425	-0.923112	0.122924	0.179628	0.521751
