sample	phi_d	phi_e	phi_w	phi_b
643	-0.171275	-1.19856	0.48825	1.74325
