sample	phi_d	phi_e	phi_w	phi_b
185	-0.421445	0.00249518	-0.43977	1.46241
