sample	phi_d	phi_e	phi_w	phi_b
9	-1.94178	-0.360636	-0.968281	0.717341
