sample	phi_d	phi_e	phi_w	phi_b
353	-0.775837	-0.428284	-0.863271	1.58877
