sample	phi_d	phi_e	phi_w	phi_b
160	-1.30018	-0.268637	-0.58811	1.09283
