sample	phi_d	phi_e	phi_w	phi_b
385	-2.98208	0.422475	-1.31907	1.20813
