sample	phi_d	phi_e	phi_w	phi_b
133	-2.39231	-1.15065	0.361311	0.434796
