sample	phi_d	phi_e	phi_w	phi_b
257	-1.44121	-1.07499	-0.0788747	2.3305
