sample	phi_d	phi_e	phi_w	phi_b
96	-2.7228	2.42733	0.440189	0.0214723
