sample	phi_d	phi_e	phi_w	phi_b
396	-2.95629	0.0745068	1.6324	0.262163
