sample	phi_d	phi_e	phi_w	phi_b
671	-1.42689	-0.566821	-0.125255	0.526522
