sample	phi_d	phi_e	phi_w	phi_b
959	-2.15219	0.00233058	-2.69895	0.523181
