sample	phi_d	phi_e	phi_w	phi_b
178	-1.33347	-0.480494	-0.490979	1.30862
