sample	phi_d	phi_e	phi_w	phi_b
978	-0.32962	-0.24204	1.49344	0.299686
