sample	phi_d	phi_e	phi_w	phi_b
711	-2.58948	-0.762402	0.730695	1.26538
