sample	phi_d	phi_e	phi_w	phi_b
747	-1.33912	-2.14076	-0.120872	0.808762
