sample	phi_d	phi_e	phi_w	phi_b
148	-1.18078	0.701374	0.756252	1.48826
