sample	phi_d	phi_e	phi_w	phi_b
454	-1.55747	1.27925	0.744058	1.02318
