sample	phi_d	phi_e	phi_w	phi_b
572	-0.856617	-0.786797	-0.0523858	0.607284
