sample	phi_d	phi_e	phi_w	phi_b
440	-1.11288	-1.09619	-0.648686	0.129871
