sample	phi_d	phi_e	phi_w	phi_b
366	-1.56271	1.83516	0.961721	1.17217
