sample	phi_d	phi_e	phi_w	phi_b
122	-2.81999	-0.0650425	-1.80658	0.134673
