sample	phi_d	phi_e	phi_w	phi_b
916	-1.22784	-1.26128	1.10879	0.431997
