sample	phi_d	phi_e	phi_w	phi_b
91	-1.04291	0.0548087	0.856891	1.25829
