sample	phi_d	phi_e	phi_w	phi_b
799	-2.31684	-2.53666	-0.39593	2.13264
