sample	phi_d	phi_e	phi_w	phi_b
957	-1.23677	0.276311	0.620128	0.159253
