sample	phi_d	phi_e	phi_w	phi_b
220	-2.00251	1.69355	-1.88309	0.68815
