sample	phi_d	phi_e	phi_w	phi_b
32	-2.69674	0.768198	0.774228	0.514911
