sample	phi_d	phi_e	phi_w	phi_b
691	-1.42891	0.0938784	0.203471	0.289061
