sample	phi_d	phi_e	phi_w	phi_b
237	-1.41862	-0.105637	0.308327	0.155982
