sample	phi_d	phi_e	phi_w	phi_b
951	-0.658421	2.08257	-0.342832	0.824886
