sample	phi_d	phi_e	phi_w	phi_b
7	-2.24636	1.91289	0.893861	1.82234
