sample	phi_d	phi_e	phi_w	phi_b
903	-0.394702	-0.22531	0.310196	0.460263
