sample	phi_d	phi_e	phi_w	phi_b
110	-0.640928	0.261224	0.845675	1.38309
