sample	phi_d	phi_e	phi_w	phi_b
382	-1.67146	-2.0279	1.67454	0.178359
