sample	phi_d	phi_e	phi_w	phi_b
295	-1.102	1.03811	0.773699	0.0869239
