sample	phi_d	phi_e	phi_w	phi_b
165	-2.45221	-0.0850686	0.353068	1.42604
