sample	phi_d	phi_e	phi_w	phi_b
396	-0.0468756	0.235528	0.383949	0.532288
