sample	phi_d	phi_e	phi_w	phi_b
173	-0.701429	-0.620819	0.166968	0.153149
