sample	phi_d	phi_e	phi_w	phi_b
33	-0.388813	-0.727729	-0.223717	0.357151
