sample	phi_d	phi_e	phi_w	phi_b
29	-1.41629	1.32926	-0.418674	0.633102
