sample	phi_d	phi_e	phi_w	phi_b
389	-1.05629	-0.129716	1.73174	2.07867
