sample	phi_d	phi_e	phi_w	phi_b
512	-2.57726	-0.404117	-0.380358	1.58446
