sample	phi_d	phi_e	phi_w	phi_b
120	-1.80103	1.65344	2.52507	1.47422
