sample	phi_d	phi_e	phi_w	phi_b
689	-0.143182	-0.440823	1.49831	0.246046
