sample	phi_d	phi_e	phi_w	phi_b
608	-0.980761	-1.92715	1.09654	0.175955
