sample	phi_d	phi_e	phi_w	phi_b
243	-1.77035	-1.06087	0.573466	0.195885
