sample	phi_d	phi_e	phi_w	phi_b
60	-1.29909	-0.59778	-2.28763	0.415271
