sample	phi_d	phi_e	phi_w	phi_b
105	-2.80893	-1.3253	-1.27531	0.974747
