sample	phi_d	phi_e	phi_w	phi_b
430	-2.47803	-1.85807	0.439052	2.01658
