sample	phi_d	phi_e	phi_w	phi_b
83	-0.323886	1.72357	-0.30417	0.289647
