sample	phi_d	phi_e	phi_w	phi_b
390	-0.925027	-0.254441	1.12037	0.105372
