sample	phi_d	phi_e	phi_w	phi_b
942	-2.24194	0.0553121	-0.254253	0.873224
