sample	phi_d	phi_e	phi_w	phi_b
869	-1.25285	0.584891	0.671315	1.58773
