sample	phi_d	phi_e	phi_w	phi_b
381	-2.0083	-0.345436	1.25806	2.69877
