sample	phi_d	phi_e	phi_w	phi_b
360	-2.95271	0.611184	-0.929305	0.245681
