sample	phi_d	phi_e	phi_w	phi_b
137	-1.5012	0.0123791	0.973147	1.14962
