sample	phi_d	phi_e	phi_w	phi_b
841	-0.163237	-0.111899	-0.800466	0.253603
