sample	phi_d	phi_e	phi_w	phi_b
388	-0.900675	-1.64378	-1.14129	0.163563
