sample	phi_d	phi_e	phi_w	phi_b
71	-0.723846	-2.20757	-0.359913	0.340874
