sample	phi_d	phi_e	phi_w	phi_b
274	-0.121816	0.467515	-0.0083382	0.461129
