sample	phi_d	phi_e	phi_w	phi_b
268	-1.02352	0.665203	-0.594271	0.0970409
