sample	phi_d	phi_e	phi_w	phi_b
445	-0.111131	0.386353	2.08395	0.132496
