sample	phi_d	phi_e	phi_w	phi_b
891	-2.77309	0.162284	-0.954148	0.249367
