sample	phi_d	phi_e	phi_w	phi_b
64	-1.62894	-1.54118	-0.409588	0.0522277
