sample	phi_d	phi_e	phi_w	phi_b
434	-0.245873	0.878277	-0.405395	2.00261
