sample	phi_d	phi_e	phi_w	phi_b
223	-2.88664	0.498816	1.74251	0.556633
