sample	phi_d	phi_e	phi_w	phi_b
839	-0.385816	0.793164	1.09547	0.361891
