sample	phi_d	phi_e	phi_w	phi_b
117	-0.720884	-0.50446	1.44972	0.257609
