sample	phi_d	phi_e	phi_w	phi_b
218	-1.49397	-0.578389	0.25331	0.785933
