sample	phi_d	phi_e	phi_w	phi_b
746	-0.835708	0.623822	0.653518	0.231496
