sample	phi_d	phi_e	phi_w	phi_b
973	-0.826404	-1.19395	-0.0275337	0.521714
