sample	phi_d	phi_e	phi_w	phi_b
281	-1.05108	1.06158	-1.77437	0.910429
