sample	phi_d	phi_e	phi_w	phi_b
28	-0.793558	-0.136107	0.551708	1.88897
