sample	phi_d	phi_e	phi_w	phi_b
407	-1.10825	-0.432813	-0.491404	1.32573
