sample	phi_d	phi_e	phi_w	phi_b
519	-0.0915385	1.7565	-0.429556	1.13346
