sample	phi_d	phi_e	phi_w	phi_b
998	-2.90457	-0.927131	1.54987	0.0850734
