sample	phi_d	phi_e	phi_w	phi_b
210	-2.66193	-0.953872	1.02457	0.260885
