sample	phi_d	phi_e	phi_w	phi_b
15	-1.41	-0.551305	-0.58704	1.82323
