sample	phi_d	phi_e	phi_w	phi_b
262	-0.335652	0.0823508	1.08455	2.10649
