sample	phi_d	phi_e	phi_w	phi_b
27	-0.0616301	-0.26388	1.44133	1.69414
