sample	phi_d	phi_e	phi_w	phi_b
993	-1.77436	-0.00687794	0.500598	0.346628
