sample	phi_d	phi_e	phi_w	phi_b
206	-0.760481	-0.445019	0.468196	2.78782
