sample	phi_d	phi_e	phi_w	phi_b
70	-0.307689	1.03941	-0.0597522	0.425324
