sample	phi_d	phi_e	phi_w	phi_b
99	-1.30315	-0.569806	0.27214	1.32995
