sample	phi_d	phi_e	phi_w	phi_b
446	-0.0185922	0.216515	0.211637	0.362504
