sample	phi_d	phi_e	phi_w	phi_b
934	-2.34334	-0.380286	0.330828	0.632397
