sample	phi_d	phi_e	phi_w	phi_b
194	-0.973548	0.27427	-0.785848	0.193711
