sample	phi_d	phi_e	phi_w	phi_b
901	-1.9652	0.170052	-0.984891	1.51073
