sample	phi_d	phi_e	phi_w	phi_b
76	-0.689148	1.5016	-1.41531	1.91153
