sample	phi_d	phi_e	phi_w	phi_b
932	-0.453152	-0.420941	-1.22047	0.960218
