sample	phi_d	phi_e	phi_w	phi_b
485	-2.56457	-0.183427	0.797935	0.6053
