sample	phi_d	phi_e	phi_w	phi_b
55	-0.412109	-0.16483	-0.305174	1.08011
