sample	phi_d	phi_e	phi_w	phi_b
723	-0.674639	0.727948	-0.352466	0.684179
