sample	phi_d	phi_e	phi_w	phi_b
703	-0.121839	0.28559	1.77593	0.207262
