sample	phi_d	phi_e	phi_w	phi_b
132	-2.06526	0.0443361	-0.425444	0.933537
