sample	phi_d	phi_e	phi_w	phi_b
801	-0.407174	0.71788	1.90428	1.15621
