sample	phi_d	phi_e	phi_w	phi_b
929	-0.192304	0.442483	0.370961	0.791864
