sample	phi_d	phi_e	phi_w	phi_b
620	-2.1049	-1.14775	-0.701637	0.546614
