sample	phi_d	phi_e	phi_w	phi_b
100	-2.98584	0.555155	0.552364	0.210625
