sample	phi_d	phi_e	phi_w	phi_b
122	-1.7758	0.768545	0.132171	1.64948
