sample	phi_d	phi_e	phi_w	phi_b
289	-1.74791	-2.29013	-0.410612	0.883452
