sample	phi_d	phi_e	phi_w	phi_b
80	-0.275784	0.351281	-0.819992	0.173743
