sample	phi_d	phi_e	phi_w	phi_b
909	-0.144087	0.401883	-0.0204083	0.414207
