sample	phi_d	phi_e	phi_w	phi_b
614	-1.58242	-0.834781	-1.305	0.0596073
