sample	phi_d	phi_e	phi_w	phi_b
103	-0.531946	-0.351278	-1.22626	0.453318
