sample	phi_d	phi_e	phi_w	phi_b
322	-2.40239	-0.8108	-0.515977	1.27795
