sample	phi_d	phi_e	phi_w	phi_b
81	-1.47264	0.117023	-0.484467	0.311813
