sample	phi_d	phi_e	phi_w	phi_b
549	-0.507797	-0.339717	-0.911934	1.83741
