sample	phi_d	phi_e	phi_w	phi_b
962	-1.91954	0.332263	1.18944	1.12326
