sample	phi_d	phi_e	phi_w	phi_b
279	-2.14956	0.615439	0.483304	1.46962
