sample	phi_d	phi_e	phi_w	phi_b
275	-2.65045	1.03616	-0.0517215	0.663451
