sample	phi_d	phi_e	phi_w	phi_b
66	-2.41665	-0.236388	0.10968	0.0793451
