sample	phi_d	phi_e	phi_w	phi_b
713	-0.708808	-2.02086	2.37747	0.824462
