sample	phi_d	phi_e	phi_w	phi_b
945	-0.450831	-0.420925	-0.185343	0.354797
