sample	phi_d	phi_e	phi_w	phi_b
770	-1.05238	-0.384936	0.334364	0.612848
