sample	phi_d	phi_e	phi_w	phi_b
47	-0.881907	-0.75249	-1.33983	0.680057
