sample	phi_d	phi_e	phi_w	phi_b
980	-0.266988	0.538538	-0.505233	0.493527
