sample	phi_d	phi_e	phi_w	phi_b
95	-1.40105	0.410519	1.33175	1.25032
