sample	phi_d	phi_e	phi_w	phi_b
937	-2.70447	-0.762614	-0.317208	0.758977
