sample	phi_d	phi_e	phi_w	phi_b
712	-0.091059	-0.6523	-0.169765	2.22736
