sample	phi_d	phi_e	phi_w	phi_b
119	-2.87169	-0.574099	0.169269	0.0448803
