sample	phi_d	phi_e	phi_w	phi_b
255	-1.838	-1.15488	0.0250583	2.0227
