sample	phi_d	phi_e	phi_w	phi_b
743	-2.64898	1.14336	-1.09285	0.405523
