sample	phi_d	phi_e	phi_w	phi_b
73	-1.52103	-1.01969	-0.17173	0.208945
