sample	phi_d	phi_e	phi_w	phi_b
138	-1.84631	-1.36161	0.169652	0.568149
