sample	phi_d	phi_e	phi_w	phi_b
419	-0.366033	-0.721495	-0.807336	1.24009
