sample	phi_d	phi_e	phi_w	phi_b
58	-2.1311	-0.651302	-0.354628	1.07939
