sample	phi_d	phi_e	phi_w	phi_b
785	-1.57385	-1.96453	-0.217824	0.272837
