sample	phi_d	phi_e	phi_w	phi_b
370	-1.71499	1.13207	1.49338	0.611157
