sample	phi_d	phi_e	phi_w	phi_b
771	-2.40624	-0.222887	0.259267	0.0191802
