sample	phi_d	phi_e	phi_w	phi_b
183	-0.770099	-1.03676	0.232909	1.43613
