sample	phi_d	phi_e	phi_w	phi_b
269	-0.115117	0.494339	0.770536	1.87807
