sample	phi_d	phi_e	phi_w	phi_b
319	-0.524331	-0.0131478	0.557239	0.581561
