sample	phi_d	phi_e	phi_w	phi_b
291	-0.72539	-1.54371	0.825821	0.433641
