sample	phi_d	phi_e	phi_w	phi_b
626	-2.03607	-0.819659	0.992299	1.58909
