sample	phi_d	phi_e	phi_w	phi_b
107	-2.54253	-0.125493	-1.31106	0.841772
