sample	phi_d	phi_e	phi_w	phi_b
506	-0.40771	-1.04793	0.0284008	1.03578
