sample	phi_d	phi_e	phi_w	phi_b
868	-1.90781	-0.748651	0.739701	0.492558
