sample	phi_d	phi_e	phi_w	phi_b
751	-1.33422	1.2035	0.889075	0.5389
