sample	phi_d	phi_e	phi_w	phi_b
498	-0.166717	-0.162215	-1.63779	0.317004
