sample	phi_d	phi_e	phi_w	phi_b
285	-0.813155	-0.332891	0.0213654	0.591547
