sample	phi_d	phi_e	phi_w	phi_b
128	-1.06358	1.19363	0.470415	0.336967
