sample	phi_d	phi_e	phi_w	phi_b
857	-0.532097	-1.68944	-0.165233	0.0662187
