sample	phi_d	phi_e	phi_w	phi_b
300	-2.27677	0.989387	1.29357	0.219764
