sample	phi_d	phi_e	phi_w	phi_b
323	-1.78007	-0.795306	0.654484	0.796338
