sample	phi_d	phi_e	phi_w	phi_b
333	-0.461874	-0.206895	0.953407	1.07956
