sample	phi_d	phi_e	phi_w	phi_b
590	-1.60307	1.33196	0.161662	0.22743
