sample	phi_d	phi_e	phi_w	phi_b
340	-2.21609	-1.33588	-1.01732	0.118885
