sample	phi_d	phi_e	phi_w	phi_b
179	-1.8267	0.446487	0.51017	1.06598
