sample	phi_d	phi_e	phi_w	phi_b
94	-0.218774	-0.615436	1.14357	0.442802
