sample	phi_d	phi_e	phi_w	phi_b
356	-1.51413	-2.08281	-1.2118	0.463428
