sample	phi_d	phi_e	phi_w	phi_b
267	-2.41208	-1.01703	-0.298762	1.58527
