sample	phi_d	phi_e	phi_w	phi_b
268	-1.69318	0.733363	1.12341	0.892948
