sample	phi_d	phi_e	phi_w	phi_b
518	-2.5099	0.0119719	1.55871	0.661565
