sample	phi_d	phi_e	phi_w	phi_b
326	-0.598485	-0.689488	-1.62932	0.518223
