sample	phi_d	phi_e	phi_w	phi_b
453	-2.35001	1.1232	-0.379905	1.19941
