sample	phi_d	phi_e	phi_w	phi_b
726	-2.30119	0.231449	-0.441178	0.00717864
