sample	phi_d	phi_e	phi_w	phi_b
94	-1.43352	-0.941771	-0.32172	1.42558
