sample	phi_d	phi_e	phi_w	phi_b
879	-1.68433	-0.70112	-1.36363	0.569371
