sample	phi_d	phi_e	phi_w	phi_b
369	-0.627448	-0.982322	-0.602272	0.0396925
