sample	phi_d	phi_e	phi_w	phi_b
1000	-1.95771	0.423961	0.892701	0.702499
