sample	phi_d	phi_e	phi_w	phi_b
369	-0.594301	-0.581231	-0.492229	0.657593
