sample	phi_d	phi_e	phi_w	phi_b
288	-0.0101492	-0.331746	-0.726683	1.50008
