sample	phi_d	phi_e	phi_w	phi_b
837	-2.59048	-1.38895	-0.376736	0.404303
