sample	phi_d	phi_e	phi_w	phi_b
284	-2.70277	0.373894	0.0277291	1.35195
