sample	phi_d	phi_e	phi_w	phi_b
461	-2.32647	-1.20721	-0.82991	0.0978332
