sample	phi_d	phi_e	phi_w	phi_b
401	-1.24299	0.906401	-0.648835	0.445962
