sample	phi_d	phi_e	phi_w	phi_b
380	-0.0620518	1.5606	-0.533973	1.18398
