sample	phi_d	phi_e	phi_w	phi_b
394	-0.201914	1.34626	-0.806271	0.508418
