sample	phi_d	phi_e	phi_w	phi_b
805	-2.98647	-0.819887	1.28985	0.970592
