sample	phi_d	phi_e	phi_w	phi_b
359	-1.69494	0.608638	0.390771	0.434075
