sample	phi_d	phi_e	phi_w	phi_b
334	-0.53086	2.25245	0.767344	1.77809
