sample	phi_d	phi_e	phi_w	phi_b
104	-1.78368	-0.336141	0.417192	0.41955
