sample	phi_d	phi_e	phi_w	phi_b
569	-0.135692	0.0214315	1.68352	0.935509
