sample	phi_d	phi_e	phi_w	phi_b
562	-2.84396	1.13459	-0.547348	1.30218
