sample	phi_d	phi_e	phi_w	phi_b
185	-2.14256	-0.965581	0.935786	1.48226
