sample	phi_d	phi_e	phi_w	phi_b
218	-0.324129	-1.34808	0.46294	0.66729
