sample	phi_d	phi_e	phi_w	phi_b
541	-1.13566	0.245295	-0.0587287	1.33132
