sample	phi_d	phi_e	phi_w	phi_b
92	-0.389923	1.03964	1.7982	0.292385
