sample	phi_d	phi_e	phi_w	phi_b
628	-0.158995	0.490678	-1.27793	1.4581
