sample	phi_d	phi_e	phi_w	phi_b
800	-1.8346	-0.663363	-1.09179	0.465167
