sample	phi_d	phi_e	phi_w	phi_b
872	-2.66051	-0.494099	2.25366	0.825859
