sample	phi_d	phi_e	phi_w	phi_b
708	-0.17622	0.695191	-0.17498	0.579091
