sample	phi_d	phi_e	phi_w	phi_b
921	-2.58053	0.0389789	0.321379	1.12771
