sample	phi_d	phi_e	phi_w	phi_b
201	-0.861428	-0.0332348	-0.990417	0.395196
