sample	phi_d	phi_e	phi_w	phi_b
955	-0.29742	-2.69858	-0.985204	0.045639
