sample	phi_d	phi_e	phi_w	phi_b
654	-0.774365	1.27083	0.384799	0.955268
