sample	phi_d	phi_e	phi_w	phi_b
78	-0.454001	-0.572706	-0.358627	0.415184
