sample	phi_d	phi_e	phi_w	phi_b
108	-0.941276	1.17715	0.606037	0.363584
