sample	phi_d	phi_e	phi_w	phi_b
185	-1.31854	-0.125522	0.514579	0.931017
