sample	phi_d	phi_e	phi_w	phi_b
343	-0.236335	0.289184	-0.567465	0.427207
