sample	phi_d	phi_e	phi_w	phi_b
497	-1.1546	1.34313	-1.40383	0.00361909
