sample	phi_d	phi_e	phi_w	phi_b
308	-2.76322	0.618207	-0.801363	1.42351
