sample	phi_d	phi_e	phi_w	phi_b
926	-2.77635	1.44703	-1.34163	0.530149
