sample	phi_d	phi_e	phi_w	phi_b
143	-1.29504	0.802356	-0.522227	0.0788992
