sample	phi_d	phi_e	phi_w	phi_b
460	-1.14876	0.288895	0.184703	0.439968
