sample	phi_d	phi_e	phi_w	phi_b
473	-2.08421	0.454073	-0.406847	0.0610451
