sample	phi_d	phi_e	phi_w	phi_b
229	-1.58861	-0.547383	0.276425	2.53957
