sample	phi_d	phi_e	phi_w	phi_b
685	-0.29772	0.520681	0.643773	1.28477
