sample	phi_d	phi_e	phi_w	phi_b
182	-0.890938	-0.38606	0.76983	0.368418
