sample	phi_d	phi_e	phi_w	phi_b
646	-2.40714	0.854741	0.440793	1.121
