sample	phi_d	phi_e	phi_w	phi_b
631	-2.29566	-0.877843	-0.852426	1.97031
