sample	phi_d	phi_e	phi_w	phi_b
520	-1.35653	-0.102795	0.244292	0.680502
