sample	phi_d	phi_e	phi_w	phi_b
692	-1.03899	-0.32036	0.0588296	1.06825
