sample	phi_d	phi_e	phi_w	phi_b
338	-1.69841	2.11084	-0.314408	1.02247
