sample	phi_d	phi_e	phi_w	phi_b
975	-1.8793	-0.63813	0.771288	0.514919
