sample	phi_d	phi_e	phi_w	phi_b
421	-2.00114	0.0442732	-0.734251	0.377852
