sample	phi_d	phi_e	phi_w	phi_b
987	-0.453252	0.750164	0.385182	0.156368
