sample	phi_d	phi_e	phi_w	phi_b
283	-0.617508	-1.0301	0.742379	1.51719
