sample	phi_d	phi_e	phi_w	phi_b
773	-1.07745	1.07167	0.14798	0.743876
