sample	phi_d	phi_e	phi_w	phi_b
832	-1.7288	-0.685082	1.14866	0.524511
