sample	phi_d	phi_e	phi_w	phi_b
576	-1.9394	0.324976	-0.116064	0.521861
