sample	phi_d	phi_e	phi_w	phi_b
735	-2.79275	1.12247	-0.779398	0.933875
