sample	phi_d	phi_e	phi_w	phi_b
61	-2.98936	0.0940022	1.01722	1.02591
