sample	phi_d	phi_e	phi_w	phi_b
82	-1.56566	0.332926	-1.44721	1.30625
