sample	phi_d	phi_e	phi_w	phi_b
810	-0.252681	-0.232743	0.326546	1.32389
