sample	phi_d	phi_e	phi_w	phi_b
141	-0.818297	0.680927	-0.604241	1.98253
