sample	phi_d	phi_e	phi_w	phi_b
595	-1.5132	-0.107955	1.70066	1.68694
