sample	phi_d	phi_e	phi_w	phi_b
298	-0.635523	-1.1072	0.00697235	0.281967
