sample	phi_d	phi_e	phi_w	phi_b
482	-1.30833	2.47534	3.52772	0.00449332
