sample	phi_d	phi_e	phi_w	phi_b
334	-2.59381	0.81818	0.903511	1.59426
