sample	phi_d	phi_e	phi_w	phi_b
205	-1.47966	-0.228868	-0.499477	1.23055
