sample	phi_d	phi_e	phi_w	phi_b
682	-0.517235	-1.82102	-0.681565	0.72502
