sample	phi_d	phi_e	phi_w	phi_b
61	-0.203411	0.683724	-1.44325	0.540034
