sample	phi_d	phi_e	phi_w	phi_b
539	-0.665637	-0.0437029	0.688342	0.237875
