sample	phi_d	phi_e	phi_w	phi_b
318	-1.6067	0.540764	0.293578	0.614456
