sample	phi_d	phi_e	phi_w	phi_b
234	-2.26014	1.09218	0.996998	1.26211
