sample	phi_d	phi_e	phi_w	phi_b
976	-1.82831	1.9705	0.275664	1.38096
