sample	phi_d	phi_e	phi_w	phi_b
553	-0.313815	-0.442479	-0.697739	1.35993
