sample	phi_d	phi_e	phi_w	phi_b
102	-1.12118	0.0330653	-1.13123	3.10768
