sample	phi_d	phi_e	phi_w	phi_b
505	-1.17406	0.877527	-0.715075	0.935362
