sample	phi_d	phi_e	phi_w	phi_b
170	-1.42423	0.478602	-0.372985	0.999464
