sample	phi_d	phi_e	phi_w	phi_b
155	-2.68012	-0.332945	-0.506791	0.699744
