sample	phi_d	phi_e	phi_w	phi_b
645	-0.768432	0.263128	-0.292518	1.22064
