sample	phi_d	phi_e	phi_w	phi_b
209	-2.12066	-0.634698	-0.968804	0.723885
