sample	phi_d	phi_e	phi_w	phi_b
102	-1.26378	0.443429	-1.266	1.37958
