sample	phi_d	phi_e	phi_w	phi_b
66	-2.79792	0.24245	-0.0434951	0.677834
