sample	phi_d	phi_e	phi_w	phi_b
271	-1.8853	-0.506471	0.517075	0.218739
