sample	phi_d	phi_e	phi_w	phi_b
666	-0.145626	-0.502908	-0.532491	0.681015
