sample	phi_d	phi_e	phi_w	phi_b
30	-0.112177	-0.972581	0.734987	0.177103
