sample	phi_d	phi_e	phi_w	phi_b
811	-2.30625	0.511669	0.102123	0.664496
