sample	phi_d	phi_e	phi_w	phi_b
220	-2.11895	1.02613	-1.10757	0.642178
