sample	phi_d	phi_e	phi_w	phi_b
920	-1.01213	-0.686994	-0.54616	0.0763716
