sample	phi_d	phi_e	phi_w	phi_b
992	-0.506108	1.64683	-2.57503	0.45251
