sample	phi_d	phi_e	phi_w	phi_b
447	-1.08014	-0.822629	-0.955751	0.301171
