sample	phi_d	phi_e	phi_w	phi_b
197	-2.16899	0.146001	0.433685	0.926875
