sample	phi_d	phi_e	phi_w	phi_b
919	-2.88298	-0.410324	-1.43743	0.725871
