sample	phi_d	phi_e	phi_w	phi_b
967	-1.39533	-1.23309	1.14439	1.05699
