sample	phi_d	phi_e	phi_w	phi_b
657	-2.8932	0.212072	-1.00098	1.32659
