sample	phi_d	phi_e	phi_w	phi_b
85	-2.17948	0.388458	-0.961057	0.537918
