sample	phi_d	phi_e	phi_w	phi_b
234	-1.21725	0.561337	0.301031	1.31258
