sample	phi_d	phi_e	phi_w	phi_b
208	-2.33198	2.52247	-1.09558	1.82943
