sample	phi_d	phi_e	phi_w	phi_b
543	-0.826244	1.05642	-0.728128	0.164043
