sample	phi_d	phi_e	phi_w	phi_b
466	-2.41714	-0.622227	0.950215	0.706278
