sample	phi_d	phi_e	phi_w	phi_b
260	-1.76781	-0.0357876	1.19441	0.812578
