sample	phi_d	phi_e	phi_w	phi_b
158	-0.536858	0.289486	1.24581	0.33624
