sample	phi_d	phi_e	phi_w	phi_b
496	-1.24784	0.0752224	1.34947	1.55281
