sample	phi_d	phi_e	phi_w	phi_b
242	-1.98958	-0.717507	0.775509	1.05633
