sample	phi_d	phi_e	phi_w	phi_b
958	-0.282544	0.0843523	1.17151	0.152164
