sample	phi_d	phi_e	phi_w	phi_b
677	-0.79106	0.0125991	0.280783	1.40816
