sample	phi_d	phi_e	phi_w	phi_b
217	-1.07386	-0.022152	0.520983	0.689611
