sample	phi_d	phi_e	phi_w	phi_b
97	-2.10317	0.77846	-0.24073	0.887934
