sample	phi_d	phi_e	phi_w	phi_b
310	-2.06142	0.56356	0.854614	0.0850605
