sample	phi_d	phi_e	phi_w	phi_b
908	-0.439377	-0.466127	0.593902	1.02979
