sample	phi_d	phi_e	phi_w	phi_b
616	-1.99571	-0.731148	-1.34663	0.303998
