sample	phi_d	phi_e	phi_w	phi_b
930	-0.338066	-0.283517	0.166374	0.44721
