sample	phi_d	phi_e	phi_w	phi_b
864	-2.11677	-0.207969	2.30225	1.46024
