sample	phi_d	phi_e	phi_w	phi_b
219	-1.74377	1.18003	1.49381	0.672609
