sample	phi_d	phi_e	phi_w	phi_b
138	-1.86236	0.0375152	-0.186764	1.06074
