sample	phi_d	phi_e	phi_w	phi_b
224	-0.919522	-1.13807	1.52493	0.823505
