sample	phi_d	phi_e	phi_w	phi_b
339	-0.33056	-0.454634	-1.03024	0.087613
