sample	phi_d	phi_e	phi_w	phi_b
88	-0.900026	0.763942	0.396524	0.654255
