sample	phi_d	phi_e	phi_w	phi_b
534	-2.60682	0.496028	0.111079	0.897848
