sample	phi_d	phi_e	phi_w	phi_b
16	-1.25431	0.899308	-0.218963	1.28919
