sample	phi_d	phi_e	phi_w	phi_b
146	-1.99844	0.909298	-0.119109	1.40459
