sample	phi_d	phi_e	phi_w	phi_b
777	-0.49424	0.758163	1.48118	0.789478
