sample	phi_d	phi_e	phi_w	phi_b
588	-1.75055	1.96755	-0.44949	0.121892
