sample	phi_d	phi_e	phi_w	phi_b
391	-2.41635	0.025431	0.417785	0.385775
