sample	phi_d	phi_e	phi_w	phi_b
93	-1.0211	0.0390624	0.317838	1.45045
