sample	phi_d	phi_e	phi_w	phi_b
9	-1.93772	2.20714	-0.00905821	1.81159
