sample	phi_d	phi_e	phi_w	phi_b
134	-1.00478	1.0307	0.870403	0.360418
