sample	phi_d	phi_e	phi_w	phi_b
250	-1.18456	-0.350355	0.527116	0.642528
