sample	phi_d	phi_e	phi_w	phi_b
43	-0.422588	0.219401	0.0541705	1.53296
