sample	phi_d	phi_e	phi_w	phi_b
227	-2.17322	-0.10509	0.905153	0.64209
