sample	phi_d	phi_e	phi_w	phi_b
182	-0.067791	-0.267242	1.05707	0.085522
