sample	phi_d	phi_e	phi_w	phi_b
1	-0.0825367	-0.651795	0.811891	0.486695
