sample	phi_d	phi_e	phi_w	phi_b
96	-1.39556	0.586155	1.10149	1.20434
