sample	phi_d	phi_e	phi_w	phi_b
11	-0.82651	1.96858	-0.0986089	0.337955
