sample	phi_d	phi_e	phi_w	phi_b
888	-0.755549	-2.29538	-0.337205	0.737366
