sample	phi_d	phi_e	phi_w	phi_b
953	-1.36035	-0.809246	-0.00406234	0.503662
