sample	phi_d	phi_e	phi_w	phi_b
310	-1.09566	-0.768728	1.77197	0.263803
