sample	phi_d	phi_e	phi_w	phi_b
175	-1.7419	0.638825	-0.395796	1.30357
