sample	phi_d	phi_e	phi_w	phi_b
107	-0.270105	-0.726139	-0.533939	0.307581
