sample	phi_d	phi_e	phi_w	phi_b
344	-1.2723	-0.0688748	-0.87	1.24778
