sample	phi_d	phi_e	phi_w	phi_b
493	-0.188354	0.50483	0.985304	0.0405799
