sample	phi_d	phi_e	phi_w	phi_b
402	-1.90444	-0.20874	0.357157	0.368992
