sample	phi_d	phi_e	phi_w	phi_b
282	-2.5025	0.539624	-0.499543	0.572187
