sample	phi_d	phi_e	phi_w	phi_b
694	-0.586374	-0.552569	1.12609	0.748546
