sample	phi_d	phi_e	phi_w	phi_b
972	-0.611086	-0.497956	1.00363	0.683322
