sample	phi_d	phi_e	phi_w	phi_b
350	-1.13401	-0.404024	2.0006	1.24203
