sample	phi_d	phi_e	phi_w	phi_b
290	-1.44382	1.12009	0.72675	1.59131
