sample	phi_d	phi_e	phi_w	phi_b
577	-1.25363	0.712315	0.837068	0.99339
