sample	phi_d	phi_e	phi_w	phi_b
133	-2.05939	0.335408	0.661964	0.587757
