sample	phi_d	phi_e	phi_w	phi_b
727	-1.01472	-2.0502	2.43372	2.0139
