sample	phi_d	phi_e	phi_w	phi_b
223	-1.45239	-1.27998	0.0802854	0.726639
