sample	phi_d	phi_e	phi_w	phi_b
884	-0.420174	-0.802745	0.119299	0.156671
