sample	phi_d	phi_e	phi_w	phi_b
990	-1.40245	0.446115	-1.53182	1.9345
