sample	phi_d	phi_e	phi_w	phi_b
239	-1.74637	1.27656	-0.117948	1.41154
