sample	phi_d	phi_e	phi_w	phi_b
17	-1.031	0.273064	0.383529	1.07367
