sample	phi_d	phi_e	phi_w	phi_b
49	-1.29935	0.0532383	-0.822694	0.555705
