sample	phi_d	phi_e	phi_w	phi_b
140	-1.22617	-1.38971	0.880909	1.08931
