sample	phi_d	phi_e	phi_w	phi_b
297	-2.40847	0.967474	-0.730714	0.757407
