sample	phi_d	phi_e	phi_w	phi_b
219	-0.97414	-0.893638	1.24691	1.82316
