sample	phi_d	phi_e	phi_w	phi_b
174	-2.19444	-8.89029e-05	0.0284607	0.0768279
