sample	phi_d	phi_e	phi_w	phi_b
647	-0.686136	-0.276339	-1.25807	0.111027
