sample	phi_d	phi_e	phi_w	phi_b
264	-2.6968	0.0934622	-0.0312998	0.305936
