sample	phi_d	phi_e	phi_w	phi_b
387	-1.68528	0.527426	-2.0525	2.06894
