sample	phi_d	phi_e	phi_w	phi_b
37	-0.947328	1.37748	-1.41558	0.368572
