sample	phi_d	phi_e	phi_w	phi_b
846	-1.3475	-0.0772321	-0.0454079	1.52805
