sample	phi_d	phi_e	phi_w	phi_b
46	-2.06077	-0.121187	0.774712	0.0459291
