sample	phi_d	phi_e	phi_w	phi_b
214	-2.68915	-2.42843	-0.328953	0.249214
