sample	phi_d	phi_e	phi_w	phi_b
507	-2.55606	0.366445	-0.937718	0.268369
