sample	phi_d	phi_e	phi_w	phi_b
77	-2.02155	0.260475	-1.06135	3.02126
