sample	phi_d	phi_e	phi_w	phi_b
594	-0.637163	-0.548649	0.999053	0.418157
