sample	phi_d	phi_e	phi_w	phi_b
156	-0.368423	0.0863887	-0.312106	0.143451
