sample	phi_d	phi_e	phi_w	phi_b
426	-0.969499	0.0708694	-1.63875	1.26867
