sample	phi_d	phi_e	phi_w	phi_b
349	-0.254098	-0.435751	1.14	0.743186
