sample	phi_d	phi_e	phi_w	phi_b
494	-0.302539	1.0325	-0.183642	0.194594
