sample	phi_d	phi_e	phi_w	phi_b
131	-2.19103	1.29009	-0.116735	0.0101372
