sample	phi_d	phi_e	phi_w	phi_b
658	-1.93875	-1.44409	1.00645	0.342879
