sample	phi_d	phi_e	phi_w	phi_b
943	-1.10635	-0.179607	1.47709	1.59235
