sample	phi_d	phi_e	phi_w	phi_b
827	-2.4255	-1.40709	-0.373949	0.760377
