sample	phi_d	phi_e	phi_w	phi_b
853	-0.579166	-1.52651	-1.17017	0.273298
