sample	phi_d	phi_e	phi_w	phi_b
797	-1.46112	-0.488296	1.88728	1.50029
