sample	phi_d	phi_e	phi_w	phi_b
394	-1.11954	-0.873065	1.15344	0.868671
