sample	phi_d	phi_e	phi_w	phi_b
381	-0.60864	0.222141	-0.611161	0.289944
