sample	phi_d	phi_e	phi_w	phi_b
224	-0.229099	-0.857763	-2.12686	0.0830009
