sample	phi_d	phi_e	phi_w	phi_b
729	-0.223281	-1.28371	-0.0888847	0.692806
