sample	phi_d	phi_e	phi_w	phi_b
59	-0.369686	1.97043	-1.71288	1.23072
