sample	phi_d	phi_e	phi_w	phi_b
981	-2.13663	-0.807748	0.412482	0.320704
