sample	phi_d	phi_e	phi_w	phi_b
486	-1.58668	1.37371	1.08704	0.7562
