sample	phi_d	phi_e	phi_w	phi_b
858	-1.98817	1.40173	-0.596332	1.31132
