sample	phi_d	phi_e	phi_w	phi_b
465	-1.43948	-1.83251	1.20748	0.0761798
