sample	phi_d	phi_e	phi_w	phi_b
186	-1.084	-1.27112	-0.312444	1.88684
