sample	phi_d	phi_e	phi_w	phi_b
833	-2.17562	-0.14165	2.44153	1.06239
