sample	phi_d	phi_e	phi_w	phi_b
838	-1.65773	-0.415588	-0.620639	0.303037
