sample	phi_d	phi_e	phi_w	phi_b
266	-0.310849	-0.438473	0.013865	1.51495
