sample	phi_d	phi_e	phi_w	phi_b
719	-1.43056	1.28907	-1.01402	2.38402
