sample	phi_d	phi_e	phi_w	phi_b
189	-1.93837	-0.257565	-0.26485	1.67535
