sample	phi_d	phi_e	phi_w	phi_b
60	-0.221411	-1.07475	1.67346	0.38229
