sample	phi_d	phi_e	phi_w	phi_b
944	-0.599633	1.58769	-0.550376	1.61611
