sample	phi_d	phi_e	phi_w	phi_b
327	-1.69567	-0.812884	0.370061	1.52753
