sample	phi_d	phi_e	phi_w	phi_b
109	-0.675139	0.257153	-1.21283	0.330991
