sample	phi_d	phi_e	phi_w	phi_b
782	-1.61073	1.00151	-0.00724464	0.097569
