sample	phi_d	phi_e	phi_w	phi_b
876	-0.743688	-0.386005	0.393701	0.631656
