sample	phi_d	phi_e	phi_w	phi_b
252	-1.95565	1.6139	-1.08756	0.698808
