sample	phi_d	phi_e	phi_w	phi_b
684	-0.204474	0.0374403	-0.646733	0.777036
