sample	phi_d	phi_e	phi_w	phi_b
707	-1.89755	-0.799858	1.10219	0.659226
