sample	phi_d	phi_e	phi_w	phi_b
904	-0.468366	2.52448	3.12786	0.697738
