sample	phi_d	phi_e	phi_w	phi_b
617	-0.832902	0.027313	-0.435529	0.260179
