sample	phi_d	phi_e	phi_w	phi_b
986	-2.03903	-0.286774	-1.71032	0.0339284
