sample	feature	phi_d	phi_e	phi_w	phi_b
8	1	-1.79295	0.570362	-0.0628481	0.0999752
