sample	phi_d	phi_e	phi_w	phi_b
91	-0.779238	0.423014	0.521714	0.195224
