sample	phi_d	phi_e	phi_w	phi_b
24	-2.05096	-0.984677	-0.754486	1.24793
