sample	phi_d	phi_e	phi_w	phi_b
686	-0.024409	0.288424	-0.274925	0.135496
