sample	phi_d	phi_e	phi_w	phi_b
527	-0.520592	-0.877689	1.31066	1.30698
