sample	phi_d	phi_e	phi_w	phi_b
528	-0.339423	-1.70114	-0.126718	0.489401
