sample	phi_d	phi_e	phi_w	phi_b
855	-1.28248	-0.788389	-2.10519	0.476466
