sample	phi_d	phi_e	phi_w	phi_b
295	-0.529448	-1.09025	-0.190577	0.762877
