sample	phi_d	phi_e	phi_w	phi_b
835	-1.74863	-2.56112	0.810376	0.515304
