sample	phi_d	phi_e	phi_w	phi_b
257	-2.57827	-1.63335	-1.52884	0.088541
