sample	phi_d	phi_e	phi_w	phi_b
897	-0.334656	-3.13021	0.150225	0.285891
