sample	phi_d	phi_e	phi_w	phi_b
862	-1.63744	0.0172965	-0.413437	0.950959
