sample	phi_d	phi_e	phi_w	phi_b
673	-0.715685	1.73597	-0.169867	0.469093
