sample	phi_d	phi_e	phi_w	phi_b
98	-2.64327	-0.197514	-1.0822	0.737135
