sample	phi_d	phi_e	phi_w	phi_b
157	-0.850405	0.358059	-1.17407	0.881156
