sample	phi_d	phi_e	phi_w	phi_b
639	-1.36539	0.0260132	0.373581	0.737136
