sample	phi_d	phi_e	phi_w	phi_b
11	-1.51252	0.769353	-1.26684	0.311637
