sample	phi_d	phi_e	phi_w	phi_b
878	-0.971889	-1.9478	-0.40646	1.12575
