sample	phi_d	phi_e	phi_w	phi_b
370	-1.33732	-0.618717	1.13407	0.353486
