sample	phi_d	phi_e	phi_w	phi_b
180	-1.8312	0.0235027	-2.23833	1.09161
