sample	phi_d	phi_e	phi_w	phi_b
499	-1.15707	-0.85231	-0.542958	1.00752
