sample	phi_d	phi_e	phi_w	phi_b
928	-0.133644	-0.225873	1.58767	1.1936
