sample	phi_d	phi_e	phi_w	phi_b
5	-2.30974	-0.00488107	0.436893	0.876272
