sample	phi_d	phi_e	phi_w	phi_b
110	-0.961528	0.471003	0.398887	0.316686
