sample	phi_d	phi_e	phi_w	phi_b
489	-0.868787	0.386161	0.344708	0.234221
