sample	phi_d	phi_e	phi_w	phi_b
899	-0.753239	0.251759	-0.995507	1.2547
