sample	phi_d	phi_e	phi_w	phi_b
86	-1.73506	-0.0809163	-0.795454	1.28601
