sample	phi_d	phi_e	phi_w	phi_b
332	-2.39522	0.792408	-0.839574	0.764434
