sample	phi_d	phi_e	phi_w	phi_b
204	-2.09008	0.649344	-0.618402	1.59685
