sample	phi_d	phi_e	phi_w	phi_b
659	-2.94155	0.824432	0.954802	0.0311631
