sample	phi_d	phi_e	phi_w	phi_b
715	-0.518057	1.49338	-0.0999374	0.44234
