sample	phi_d	phi_e	phi_w	phi_b
849	-0.449464	-0.778151	-1.17674	0.908146
