sample	phi_d	phi_e	phi_w	phi_b
333	-2.85509	-0.518974	-0.764147	0.772729
