sample	phi_d	phi_e	phi_w	phi_b
829	-1.95003	-0.346448	-0.968527	0.122717
