sample	phi_d	phi_e	phi_w	phi_b
281	-0.691451	0.990869	-0.567304	0.895887
