sample	phi_d	phi_e	phi_w	phi_b
439	-0.813215	-0.978758	-0.752752	1.86469
