sample	phi_d	phi_e	phi_w	phi_b
87	-0.677715	-0.298207	-0.0799509	0.00515184
