sample	phi_d	phi_e	phi_w	phi_b
146	-2.69763	1.83401	0.316234	1.09471
