sample	phi_d	phi_e	phi_w	phi_b
172	-0.473509	-0.177658	-0.512807	0.179442
