sample	phi_d	phi_e	phi_w	phi_b
100	-2.47136	0.978239	-0.73813	0.194569
