sample	phi_d	phi_e	phi_w	phi_b
132	-0.113634	0.506659	-0.0276409	0.997031
