sample	phi_d	phi_e	phi_w	phi_b
885	-2.87517	1.22312	0.986251	0.169228
