sample	phi_d	phi_e	phi_w	phi_b
283	-2.64235	-0.654773	-0.167088	0.39279
