sample	phi_d	phi_e	phi_w	phi_b
894	-2.09924	-2.29366	0.170854	0.5369
