sample	phi_d	phi_e	phi_w	phi_b
464	-0.169483	1.12043	-0.818095	0.915134
