sample	phi_d	phi_e	phi_w	phi_b
738	-0.42154	-0.23964	1.12369	1.98101
