sample	phi_d	phi_e	phi_w	phi_b
34	-2.24074	-1.26646	-0.353131	0.762252
