sample	phi_d	phi_e	phi_w	phi_b
952	-0.662163	1.46347	-0.00651414	0.582239
