sample	phi_d	phi_e	phi_w	phi_b
141	-0.857378	-1.18184	1.68056	0.245913
