sample	phi_d	phi_e	phi_w	phi_b
780	-0.100046	-0.796386	0.145233	0.334197
