sample	phi_d	phi_e	phi_w	phi_b
812	-1.21965	-1.19075	-1.37672	1.65309
