sample	phi_d	phi_e	phi_w	phi_b
71	-0.250326	0.734309	0.635144	1.038
