sample	phi_d	phi_e	phi_w	phi_b
585	-0.108488	1.64134	-1.01164	1.32726
