sample	phi_d	phi_e	phi_w	phi_b
173	-1.22588	-0.975708	1.61679	0.52681
