sample	phi_d	phi_e	phi_w	phi_b
808	-1.42281	-0.850128	-0.0213662	1.24538
