sample	phi_d	phi_e	phi_w	phi_b
599	-2.91265	-1.16695	0.616861	0.0169156
