sample	phi_d	phi_e	phi_w	phi_b
400	-2.55535	0.751246	-0.151148	1.01824
