sample	phi_d	phi_e	phi_w	phi_b
309	-0.787192	0.739201	-1.53422	0.502687
