sample	phi_d	phi_e	phi_w	phi_b
730	-2.35088	-0.0638784	-1.66517	1.77107
