sample	phi_d	phi_e	phi_w	phi_b
523	-1.46777	-0.781169	-0.978848	0.854027
