sample	phi_d	phi_e	phi_w	phi_b
347	-0.999111	0.478543	0.0770859	0.526497
