sample	phi_d	phi_e	phi_w	phi_b
750	-1.31948	0.703271	1.32586	0.568276
