sample	phi_d	phi_e	phi_w	phi_b
824	-1.47252	0.989762	-1.22794	0.539651
