sample	phi_d	phi_e	phi_w	phi_b
153	-0.577429	-0.588918	-0.0222144	0.0512249
