sample	phi_d	phi_e	phi_w	phi_b
423	-0.139422	0.290055	-0.311555	2.4154
