sample	phi_d	phi_e	phi_w	phi_b
154	-0.849998	0.58616	0.268103	0.578832
