sample	phi_d	phi_e	phi_w	phi_b
46	-2.01783	1.93141	0.059205	0.311195
