sample	phi_d	phi_e	phi_w	phi_b
521	-1.94112	-1.36325	-1.75083	0.142324
