sample	phi_d	phi_e	phi_w	phi_b
501	-1.63078	-0.492898	0.884862	0.833732
