sample	phi_d	phi_e	phi_w	phi_b
267	-0.551113	-0.232905	0.047887	0.771625
