sample	phi_d	phi_e	phi_w	phi_b
28	-0.435823	0.526506	-0.00545369	2.08775
