sample	phi_d	phi_e	phi_w	phi_b
45	-2.85443	-0.782311	-0.856389	0.158171
