sample	phi_d	phi_e	phi_w	phi_b
787	-1.02038	0.793402	-0.750482	0.00927923
