sample	phi_d	phi_e	phi_w	phi_b
118	-2.60746	0.487131	0.189341	0.202987
