sample	phi_d	phi_e	phi_w	phi_b
114	-2.54823	-0.766537	-1.01368	0.566515
