sample	phi_d	phi_e	phi_w	phi_b
665	-1.35656	-0.913841	-0.488405	2.06344
