sample	phi_d	phi_e	phi_w	phi_b
786	-0.115984	0.242222	1.72031	0.597628
