sample	phi_d	phi_e	phi_w	phi_b
702	-2.77128	0.849297	-0.945808	1.12954
