sample	phi_d	phi_e	phi_w	phi_b
12	-1.41051	-0.00275983	-2.61285	1.25166
