sample	phi_d	phi_e	phi_w	phi_b
477	-2.3199	-1.65533	-0.390551	0.187136
