sample	phi_d	phi_e	phi_w	phi_b
303	-2.10964	-0.176301	-0.313434	1.1469
