sample	phi_d	phi_e	phi_w	phi_b
718	-0.0763111	-1.72165	-0.814719	0.68764
