sample	phi_d	phi_e	phi_w	phi_b
278	-0.905722	-1.6364	0.27112	0.507255
