sample	phi_d	phi_e	phi_w	phi_b
323	-1.26315	0.241088	-1.11248	0.590404
