sample	phi_d	phi_e	phi_w	phi_b
193	-0.435883	0.0912274	1.17926	1.9678
