sample	phi_d	phi_e	phi_w	phi_b
902	-2.27179	-0.0115079	1.50843	0.312065
