sample	phi_d	phi_e	phi_w	phi_b
619	-0.915535	1.06392	-0.425173	0.182026
