sample	phi_d	phi_e	phi_w	phi_b
2	-1.80135	1.79092	-0.25871	1.939
