sample	phi_d	phi_e	phi_w	phi_b
81	-2.78461	0.224109	-2.54844	1.22862
