sample	phi_d	phi_e	phi_w	phi_b
513	-2.57177	0.126613	-0.518837	0.811409
