sample	phi_d	phi_e	phi_w	phi_b
409	-2.22613	-0.502111	-0.451992	1.2112
