sample	phi_d	phi_e	phi_w	phi_b
710	-1.3476	0.617342	0.956166	0.853662
