sample	phi_d	phi_e	phi_w	phi_b
680	-1.86692	-1.62222	-0.540965	0.0129506
