sample	phi_d	phi_e	phi_w	phi_b
7	-1.49664	-1.59437	-8.72979e-05	1.99029
