sample	phi_d	phi_e	phi_w	phi_b
235	-1.12386	-0.608822	-0.186286	0.610644
