sample	phi_d	phi_e	phi_w	phi_b
259	-0.410096	2.40482	0.658232	1.79514
