sample	phi_d	phi_e	phi_w	phi_b
905	-0.680065	-0.765606	-0.752846	1.1699
