sample	phi_d	phi_e	phi_w	phi_b
792	-1.52204	-0.37976	2.69473	0.220586
