sample	phi_d	phi_e	phi_w	phi_b
214	-1.76289	-1.17103	2.51436	0.666189
