sample	phi_d	phi_e	phi_w	phi_b
62	-1.10575	-0.342251	0.349087	0.0596698
