sample	phi_d	phi_e	phi_w	phi_b
372	-2.9414	0.730327	0.459823	0.648686
