sample	phi_d	phi_e	phi_w	phi_b
603	-1.57744	1.86718	0.949046	0.638652
