sample	phi_d	phi_e	phi_w	phi_b
999	-1.76737	-0.606225	-0.822358	0.209825
