sample	phi_d	phi_e	phi_w	phi_b
870	-0.669732	0.310069	0.382541	0.643008
