sample	phi_d	phi_e	phi_w	phi_b
814	-2.69023	0.867677	-1.50851	1.94847
