sample	phi_d	phi_e	phi_w	phi_b
124	-0.42337	-0.41177	0.868182	0.493667
