sample	phi_d	phi_e	phi_w	phi_b
256	-1.86386	1.32557	-0.174884	1.16274
