sample	phi_d	phi_e	phi_w	phi_b
258	-1.38332	0.321069	-0.654696	0.886023
