sample	phi_d	phi_e	phi_w	phi_b
398	-0.675607	-1.52588	-0.704598	0.851478
