sample	phi_d	phi_e	phi_w	phi_b
12	-1.45231	0.200288	1.33414	0.643282
