sample	phi_d	phi_e	phi_w	phi_b
54	-0.985547	-0.33614	-1.12114	0.166883
