sample	phi_d	phi_e	phi_w	phi_b
327	-0.85563	0.404242	-0.110645	2.16593
