sample	phi_d	phi_e	phi_w	phi_b
63	-1.49997	-0.694974	0.290787	0.329645
