sample	phi_d	phi_e	phi_w	phi_b
431	-2.87995	0.0753033	-0.704952	0.675736
