sample	phi_d	phi_e	phi_w	phi_b
813	-1.38437	1.615	-0.30017	1.29856
