sample	phi_d	phi_e	phi_w	phi_b
818	-0.735065	-1.06257	-0.185909	0.137491
