sample	phi_d	phi_e	phi_w	phi_b
795	-0.539512	0.929704	0.273208	0.73815
