sample	phi_d	phi_e	phi_w	phi_b
739	-1.02709	1.04221	-1.54413	0.401275
