sample	phi_d	phi_e	phi_w	phi_b
925	-0.877506	-0.57985	0.987247	0.651437
