sample	phi_d	phi_e	phi_w	phi_b
236	-0.440695	0.37905	0.833422	0.486632
