sample	phi_d	phi_e	phi_w	phi_b
95	-0.381718	-0.146912	-1.19834	0.548127
