sample	phi_d	phi_e	phi_w	phi_b
483	-0.0409381	-0.133101	0.552595	0.227879
