sample	phi_d	phi_e	phi_w	phi_b
847	-0.897348	0.425806	1.6426	2.38592
