sample	phi_d	phi_e	phi_w	phi_b
830	-1.2276	1.18578	-0.36228	0.442105
