sample	phi_d	phi_e	phi_w	phi_b
504	-1.3737	0.373216	0.426495	1.27435
