sample	phi_d	phi_e	phi_w	phi_b
632	-0.663223	-0.593575	-0.0694602	0.0397845
