sample	phi_d	phi_e	phi_w	phi_b
452	-1.69149	-0.0522674	-0.378009	0.296032
