sample	phi_d	phi_e	phi_w	phi_b
16	-2.33076	0.466855	-0.998981	0.628116
