sample	phi_d	phi_e	phi_w	phi_b
248	-0.0234964	-0.354749	0.0140045	0.495127
