sample	phi_d	phi_e	phi_w	phi_b
329	-0.0453889	0.350663	-1.28636	1.53519
