sample	phi_d	phi_e	phi_w	phi_b
121	-1.44203	0.458522	1.0116	0.137451
