sample	phi_d	phi_e	phi_w	phi_b
206	-2.48431	0.824347	-1.07558	0.731002
