sample	phi_d	phi_e	phi_w	phi_b
228	-1.23285	1.04188	-0.539234	0.791796
