sample	phi_d	phi_e	phi_w	phi_b
734	-1.99032	1.03371	1.26396	0.28109
