sample	phi_d	phi_e	phi_w	phi_b
492	-2.01318	1.7191	-0.962168	2.50933
