sample	phi_d	phi_e	phi_w	phi_b
139	-2.6749	0.32737	-1.49431	0.319457
