sample	phi_d	phi_e	phi_w	phi_b
794	-0.333128	0.740663	-1.40048	0.232994
