sample	phi_d	phi_e	phi_w	phi_b
716	-1.52172	-1.80522	-3.3634	1.36672
