sample	phi_d	phi_e	phi_w	phi_b
67	-0.597542	0.477202	-0.559731	1.80512
