sample	phi_d	phi_e	phi_w	phi_b
618	-1.87448	0.431244	1.13173	0.725074
