sample	phi_d	phi_e	phi_w	phi_b
175	-2.94789	-0.11717	-0.518531	0.463623
