sample	phi_d	phi_e	phi_w	phi_b
136	-0.480929	1.15234	0.970642	1.26569
