sample	phi_d	phi_e	phi_w	phi_b
368	-2.74448	-0.609246	1.09862	0.300559
