sample	phi_d	phi_e	phi_w	phi_b
72	-1.23646	1.3541	0.000370745	0.272053
