sample	phi_d	phi_e	phi_w	phi_b
177	-2.15506	1.77142	1.84159	0.185968
