sample	phi_d	phi_e	phi_w	phi_b
759	-1.25938	-0.436965	-0.224431	0.589936
