sample	phi_d	phi_e	phi_w	phi_b
533	-1.66147	-0.764308	-1.00916	0.531279
