sample	phi_d	phi_e	phi_w	phi_b
120	-1.61922	0.632775	0.264426	2.12063
