sample	phi_d	phi_e	phi_w	phi_b
542	-0.38012	0.155958	-1.37061	0.758901
