sample	phi_d	phi_e	phi_w	phi_b
348	-0.709983	0.860334	1.42854	0.00106635
