sample	phi_d	phi_e	phi_w	phi_b
642	-2.00795	1.6067	0.22604	0.157752
