sample	phi_d	phi_e	phi_w	phi_b
609	-2.60036	-0.532401	-0.448015	0.376721
