sample	phi_d	phi_e	phi_w	phi_b
199	-1.36547	2.39226	-1.97018	0.465703
