sample	phi_d	phi_e	phi_w	phi_b
580	-0.0451504	0.858949	-0.723	0.207217
