sample	phi_d	phi_e	phi_w	phi_b
954	-1.95809	0.940227	-0.83246	0.092347
