sample	phi_d	phi_e	phi_w	phi_b
116	-2.87472	-0.0471559	-0.281622	0.272231
