sample	phi_d	phi_e	phi_w	phi_b
50	-0.0803355	-0.470741	1.11956	1.72398
