sample	phi_d	phi_e	phi_w	phi_b
783	-1.39817	-1.66582	-1.95938	0.488019
