sample	phi_d	phi_e	phi_w	phi_b
844	-2.12135	-0.217712	-0.361499	0.00809345
