sample	phi_d	phi_e	phi_w	phi_b
303	-2.4389	-0.855699	-1.62889	2.63307
