sample	phi_d	phi_e	phi_w	phi_b
277	-0.895538	0.591301	1.33407	0.258989
