sample	phi_d	phi_e	phi_w	phi_b
313	-0.161261	0.290733	0.823558	0.0982828
