sample	phi_d	phi_e	phi_w	phi_b
32	-0.744041	-1.59989	-0.0233117	0.133165
