sample	phi_d	phi_e	phi_w	phi_b
397	-0.867945	2.58373	-0.210996	1.13409
