sample	phi_d	phi_e	phi_w	phi_b
503	-0.839015	-1.57366	0.132868	0.972743
