sample	phi_d	phi_e	phi_w	phi_b
970	-2.433	-0.438834	0.286991	2.2689
