sample	phi_d	phi_e	phi_w	phi_b
490	-2.76206	-0.03439	-0.867371	0.430724
