sample	phi_d	phi_e	phi_w	phi_b
416	-2.72575	-0.792825	-0.89196	0.143616
