sample	phi_d	phi_e	phi_w	phi_b
495	-1.037	0.39179	0.0421115	0.525671
