sample	phi_d	phi_e	phi_w	phi_b
36	-2.22255	1.77703	0.379666	0.0673125
