sample	phi_d	phi_e	phi_w	phi_b
335	-0.818507	1.35674	-2.8627	0.761675
