sample	phi_d	phi_e	phi_w	phi_b
249	-0.41745	0.75125	-0.0922556	0.663001
