sample	phi_d	phi_e	phi_w	phi_b
969	-2.07731	0.116512	0.661537	0.555587
