sample	phi_d	phi_e	phi_w	phi_b
988	-0.706209	-0.569656	2.04565	0.277841
