sample	phi_d	phi_e	phi_w	phi_b
471	-2.93555	1.06698	0.0661788	0.851851
