sample	phi_d	phi_e	phi_w	phi_b
202	-2.65702	1.21921	-0.168932	0.3325
