sample	phi_d	phi_e	phi_w	phi_b
362	-2.4712	0.547281	-0.151093	0.938392
