sample	phi_d	phi_e	phi_w	phi_b
737	-0.180494	1.81467	-2.00995	0.703321
