sample	phi_d	phi_e	phi_w	phi_b
363	-2.6251	-0.158377	0.14188	0.0521143
