sample	phi_d	phi_e	phi_w	phi_b
696	-2.17133	0.280545	0.518259	0.422717
