sample	phi_d	phi_e	phi_w	phi_b
736	-0.299917	0.890371	1.04356	0.346041
