sample	phi_d	phi_e	phi_w	phi_b
67	-2.36055	0.215377	1.32692	0.366081
