sample	phi_d	phi_e	phi_w	phi_b
500	-1.31187	-0.0966159	-0.0120871	0.554712
