sample	phi_d	phi_e	phi_w	phi_b
860	-1.4064	-0.29387	-0.459925	0.0782758
