sample	phi_d	phi_e	phi_w	phi_b
964	-1.19049	-0.895164	-0.299937	0.365361
