sample	phi_d	phi_e	phi_w	phi_b
38	-2.39962	-0.36434	-0.411605	0.773247
