sample	phi_d	phi_e	phi_w	phi_b
226	-2.04987	-0.349456	-0.565417	0.353478
