sample	phi_d	phi_e	phi_w	phi_b
126	-1.25986	-0.58832	-2.20189	0.0668734
