sample	phi_d	phi_e	phi_w	phi_b
24	-2.80971	2.36359	0.316307	0.821853
