sample	phi_d	phi_e	phi_w	phi_b
105	-1.23993	-0.322106	-0.0723559	1.31204
