sample	phi_d	phi_e	phi_w	phi_b
859	-2.34053	-0.567059	-0.24832	0.582543
