sample	phi_d	phi_e	phi_w	phi_b
974	-0.153315	0.0730568	-0.975091	1.46949
