sample	phi_d	phi_e	phi_w	phi_b
353	-0.0242413	-0.528142	-1.70881	1.18204
