sample	phi_d	phi_e	phi_w	phi_b
915	-0.448274	0.676545	-0.278768	0.963615
