sample	phi_d	phi_e	phi_w	phi_b
238	-1.15914	1.234	2.00462	1.06811
