sample	phi_d	phi_e	phi_w	phi_b
18	-0.749591	0.228998	-1.58921	0.0356385
