sample	phi_d	phi_e	phi_w	phi_b
874	-0.0189944	1.03985	0.295309	0.11096
