sample	phi_d	phi_e	phi_w	phi_b
641	-0.878504	0.452262	-0.767227	0.69262
