sample	phi_d	phi_e	phi_w	phi_b
198	-0.0728431	0.268945	-0.12285	1.53589
