sample	phi_d	phi_e	phi_w	phi_b
866	-1.36819	-0.00350151	0.846779	0.992984
