sample	phi_d	phi_e	phi_w	phi_b
895	-1.55898	1.46546	1.35901	1.54122
