sample	phi_d	phi_e	phi_w	phi_b
361	-1.21638	-0.341352	0.00783125	0.825291
