sample	phi_d	phi_e	phi_w	phi_b
131	-2.62017	-1.30369	-1.46518	0.235222
