sample	phi_d	phi_e	phi_w	phi_b
842	-1.49433	0.0865898	-1.22462	0.694631
