sample	phi_d	phi_e	phi_w	phi_b
212	-2.09117	-0.707525	-0.959519	0.585374
