sample	phi_d	phi_e	phi_w	phi_b
552	-1.74288	0.253315	0.348881	1.09435
