sample	phi_d	phi_e	phi_w	phi_b
678	-2.04672	-0.670639	-0.0439155	0.101841
