sample	phi_d	phi_e	phi_w	phi_b
889	-0.526844	-1.70763	0.15064	0.290091
