sample	phi_d	phi_e	phi_w	phi_b
382	-1.93535	-0.840756	0.994773	0.430129
