sample	phi_d	phi_e	phi_w	phi_b
720	-2.32581	0.444309	-1.27896	0.209169
