sample	phi_d	phi_e	phi_w	phi_b
293	-1.68158	-0.251472	-0.510544	2.47776
