sample	phi_d	phi_e	phi_w	phi_b
575	-1.56399	1.24924	-0.172118	0.784395
