sample	feature	phi_d	phi_e	phi_w	phi_b
9999	1	-2.43911	-1.00186	0.292348	0.9042
9999	1	-1.91496	0.0564431	0.268807	0.000447655
