sample	phi_d	phi_e	phi_w	phi_b
664	-0.280435	0.47281	-0.274226	0.125798
