sample	phi_d	phi_e	phi_w	phi_b
887	-0.0930476	0.221996	-0.530575	0.381549
