sample	phi_d	phi_e	phi_w	phi_b
776	-2.79754	-0.975169	0.865931	0.963697
