sample	phi_d	phi_e	phi_w	phi_b
456	-1.18766	0.703294	0.331167	0.765881
