sample	phi_d	phi_e	phi_w	phi_b
845	-1.79281	1.03765	-1.8176	0.930028
