sample	phi_d	phi_e	phi_w	phi_b
661	-0.861497	1.51027	-2.39966	0.462904
