sample	phi_d	phi_e	phi_w	phi_b
5	-3.17312	-0.545052	1.67444	3.91778
