sample	phi_d	phi_e	phi_w	phi_b
927	-2.51069	-1.44237	2.29841	1.63331
