sample	phi_d	phi_e	phi_w	phi_b
764	-2.50258	-0.35317	1.74992	1.12947
