sample	phi_d	phi_e	phi_w	phi_b
798	-0.503644	0.441948	1.20211	0.215357
