sample	phi_d	phi_e	phi_w	phi_b
47	-2.24062	-0.310496	1.14275	1.00146
