sample	phi_d	phi_e	phi_w	phi_b
74	-0.381347	-0.486283	-0.318006	1.27127
