sample	phi_d	phi_e	phi_w	phi_b
130	-0.236616	-0.324038	-1.07334	0.599114
