sample	phi_d	phi_e	phi_w	phi_b
80	-0.23603	0.248218	0.633684	1.10295
