sample	phi_d	phi_e	phi_w	phi_b
591	-1.52853	-0.95739	-0.816663	0.601058
