sample	phi_d	phi_e	phi_w	phi_b
240	-0.621624	1.16844	-1.25724	1.11906
