sample	phi_d	phi_e	phi_w	phi_b
61	-2.9332	0.161814	0.135016	0.177377
