sample	phi_d	phi_e	phi_w	phi_b
700	-2.35885	0.672643	0.439488	0.981168
