sample	phi_d	phi_e	phi_w	phi_b
475	-1.60273	-1.51398	-0.41177	1.41366
