sample	phi_d	phi_e	phi_w	phi_b
273	-0.916983	-0.125616	0.0142924	1.64489
