sample	phi_d	phi_e	phi_w	phi_b
346	-0.531988	-0.774852	1.41278	0.309407
