sample	phi_d	phi_e	phi_w	phi_b
532	-1.70786	-1.09488	-0.337429	0.6132
