sample	phi_d	phi_e	phi_w	phi_b
75	-1.36717	-1.36988	0.219139	2.15631
