sample	phi_d	phi_e	phi_w	phi_b
912	-2.67461	-0.604281	-0.802051	0.0238735
