sample	phi_d	phi_e	phi_w	phi_b
745	-0.592416	0.0570923	-0.154668	0.269542
