sample	phi_d	phi_e	phi_w	phi_b
741	-1.84328	-0.704401	0.426811	0.394835
