sample	phi_d	phi_e	phi_w	phi_b
23	-0.941334	-0.424415	-0.224978	0.547168
