sample	phi_d	phi_e	phi_w	phi_b
339	-0.0527079	-0.264374	1.53198	1.61466
