sample	phi_d	phi_e	phi_w	phi_b
963	-0.362797	-1.22978	-0.918618	2.34853
