sample	phi_d	phi_e	phi_w	phi_b
433	-2.65224	1.2577	-0.386828	0.89809
