sample	phi_d	phi_e	phi_w	phi_b
386	-0.105854	-0.0793963	-0.373876	0.711752
