sample	phi_d	phi_e	phi_w	phi_b
44	-1.17228	-0.637765	-0.859743	0.0829759
