sample	phi_d	phi_e	phi_w	phi_b
184	-0.50037	0.358366	-1.03167	0.378942
