sample	phi_d	phi_e	phi_w	phi_b
181	-2.04264	-0.126463	0.868915	0.0942872
