sample	phi_d	phi_e	phi_w	phi_b
163	-0.569396	1.14585	0.799257	0.843682
