sample	phi_d	phi_e	phi_w	phi_b
169	-0.194435	-1.04378	-1.13943	0.670434
