sample	phi_d	phi_e	phi_w	phi_b
98	-2.7046	-1.8074	-1.95364	0.477384
