sample	phi_d	phi_e	phi_w	phi_b
26	-0.388314	-0.744427	-0.0252204	0.586172
