sample	phi_d	phi_e	phi_w	phi_b
763	-0.889264	0.747888	0.268306	0.559408
