sample	phi_d	phi_e	phi_w	phi_b
681	-0.65389	-0.408167	-0.56771	0.481415
