sample	phi_d	phi_e	phi_w	phi_b
301	-0.847034	-0.0343265	0.965262	0.669912
