sample	phi_d	phi_e	phi_w	phi_b
417	-0.780539	0.254855	0.48754	0.401254
