sample	phi_d	phi_e	phi_w	phi_b
277	-0.607224	-0.50744	-1.6714	0.662825
