sample	phi_d	phi_e	phi_w	phi_b
307	-0.623178	-0.05425	-0.286934	1.88972
