sample	phi_d	phi_e	phi_w	phi_b
379	-1.4851	0.404477	-0.208686	1.32383
