sample	phi_d	phi_e	phi_w	phi_b
536	-2.32217	1.36139	-0.657829	0.245467
