sample	phi_d	phi_e	phi_w	phi_b
213	-0.834747	-2.30795	-2.044	0.886971
