sample	phi_d	phi_e	phi_w	phi_b
529	-0.700305	-0.974019	0.24193	1.44141
