sample	phi_d	phi_e	phi_w	phi_b
254	-0.277987	-0.382419	-0.783355	1.31799
