sample	phi_d	phi_e	phi_w	phi_b
351	-0.0631906	-0.195207	0.131825	1.02212
