sample	phi_d	phi_e	phi_w	phi_b
578	-0.838985	-0.912123	-0.877234	1.66898
