sample	phi_d	phi_e	phi_w	phi_b
983	-1.4592	1.18355	-0.531911	0.0534015
