sample	phi_d	phi_e	phi_w	phi_b
241	-2.64102	0.24542	0.732006	1.26257
