sample	phi_d	phi_e	phi_w	phi_b
26	-1.48107	0.0339512	-0.386396	0.883263
