sample	phi_d	phi_e	phi_w	phi_b
854	-2.92455	0.237958	-0.567837	0.214872
