sample	phi_d	phi_e	phi_w	phi_b
3	-2.83638	-1.51469	0.0433104	2.27725
