sample	phi_d	phi_e	phi_w	phi_b
328	-2.80462	1.27368	-0.235998	0.704738
