sample	phi_d	phi_e	phi_w	phi_b
701	-1.35177	0.400388	-0.655271	0.0973797
