sample	phi_d	phi_e	phi_w	phi_b
298	-2.69254	-0.223972	-0.493571	0.374953
