sample	phi_d	phi_e	phi_w	phi_b
669	-2.09089	1.84087	0.12844	0.405573
