sample	phi_d	phi_e	phi_w	phi_b
276	-0.139894	0.0301038	-1.02422	2.33754
