sample	phi_d	phi_e	phi_w	phi_b
635	-0.105657	-0.0648224	-0.309497	0.846426
