sample	phi_d	phi_e	phi_w	phi_b
6	-1.82336	1.83475	-0.918841	0.985806
