sample	phi_d	phi_e	phi_w	phi_b
867	-2.42054	0.713054	0.996642	0.673785
