sample	phi_d	phi_e	phi_w	phi_b
249	-0.892522	-0.318465	-1.46324	0.727195
