sample	phi_d	phi_e	phi_w	phi_b
515	-0.146592	1.58709	1.13346	1.22102
