sample	phi_d	phi_e	phi_w	phi_b
65	-2.08987	-1.19577	1.37686	0.292027
