sample	phi_d	phi_e	phi_w	phi_b
231	-1.27035	-1.58525	-0.476331	0.320853
