sample	phi_d	phi_e	phi_w	phi_b
586	-2.01691	-0.974298	0.798649	0.735182
