sample	phi_d	phi_e	phi_w	phi_b
235	-1.66092	0.0171301	0.0937468	0.269347
