sample	phi_d	phi_e	phi_w	phi_b
383	-1.18158	-1.6677	-0.633171	2.42745
