sample	phi_d	phi_e	phi_w	phi_b
850	-2.28443	1.50278	-0.851644	0.842243
