sample	phi_d	phi_e	phi_w	phi_b
239	-1.40159	-0.00912444	-0.565491	1.40512
