sample	phi_d	phi_e	phi_w	phi_b
438	-0.0589573	-0.87631	-1.45092	1.62836
