sample	phi_d	phi_e	phi_w	phi_b
397	-2.28884	-1.51422	0.575485	1.16753
