sample	phi_d	phi_e	phi_w	phi_b
221	-0.0959256	-0.723294	1.1197	0.980955
