sample	phi_d	phi_e	phi_w	phi_b
151	-0.690088	-0.0538753	0.0900331	0.823964
