sample	phi_d	phi_e	phi_w	phi_b
48	-0.623897	-0.0676245	1.01187	0.317478
