sample	phi_d	phi_e	phi_w	phi_b
882	-1.28996	0.0679702	-0.785289	1.69616
