sample	phi_d	phi_e	phi_w	phi_b
871	-1.42047	-0.364495	1.2911	0.0335216
