sample	phi_d	phi_e	phi_w	phi_b
155	-2.72654	-2.00826	-1.36194	1.07031
