sample	phi_d	phi_e	phi_w	phi_b
890	-0.144463	-0.511293	-0.972099	0.622451
