sample	phi_d	phi_e	phi_w	phi_b
317	-2.86931	-0.479307	1.34899	0.174837
