sample	phi_d	phi_e	phi_w	phi_b
135	-0.653603	0.179	-0.637739	0.286344
