sample	phi_d	phi_e	phi_w	phi_b
602	-1.78566	-0.760543	0.22316	0.963744
