sample	feature	phi_d	phi_e	phi_w	phi_b
101	1	-2.0791	0.921374	0.912211	0.132469
101	1	-0.552463	0.257537	-1.99806	0.657589
