sample	phi_d	phi_e	phi_w	phi_b
147	-0.186567	-2.22752	-0.0501084	1.43208
