sample	phi_d	phi_e	phi_w	phi_b
11	-2.96166	-0.0306669	0.321131	0.973612
