sample	phi_d	phi_e	phi_w	phi_b
851	-1.54681	-1.21028	-0.0137409	0.537288
