sample	phi_d	phi_e	phi_w	phi_b
971	-0.722271	-0.528981	-0.803161	0.169779
