sample	phi_d	phi_e	phi_w	phi_b
288	-2.38359	0.276382	1.56723	0.188229
