sample	phi_d	phi_e	phi_w	phi_b
772	-2.32009	-0.233299	-1.1484	0.365322
