sample	phi_d	phi_e	phi_w	phi_b
458	-1.74513	-0.0654127	0.377207	0.0672343
