sample	phi_d	phi_e	phi_w	phi_b
150	-1.44837	0.431306	0.610588	0.264493
