sample	phi_d	phi_e	phi_w	phi_b
560	-1.63573	1.16529	-1.64494	0.556043
