sample	phi_d	phi_e	phi_w	phi_b
769	-1.61598	-0.64951	0.0950299	1.50972
