sample	phi_d	phi_e	phi_w	phi_b
587	-0.850845	-0.497597	-1.08421	1.50212
