sample	phi_d	phi_e	phi_w	phi_b
259	-0.419522	0.481457	-0.60685	0.0740072
