sample	phi_d	phi_e	phi_w	phi_b
704	-2.1493	-2.43793	1.56185	0.122186
