sample	phi_d	phi_e	phi_w	phi_b
877	-2.8568	0.030435	1.01845	0.315271
