sample	phi_d	phi_e	phi_w	phi_b
211	-0.107724	0.928901	0.549299	0.868366
