sample	phi_d	phi_e	phi_w	phi_b
42	-1.33351	-0.787383	0.674745	0.275822
