sample	phi_d	phi_e	phi_w	phi_b
469	-1.38298	-0.438415	1.19151	0.344439
