sample	phi_d	phi_e	phi_w	phi_b
188	-0.573197	-1.88706	-0.259387	0.466755
