sample	phi_d	phi_e	phi_w	phi_b
538	-2.22436	1.27744	0.124818	1.11872
