sample	phi_d	phi_e	phi_w	phi_b
87	-0.394074	0.084347	0.310103	2.07749
