sample	phi_d	phi_e	phi_w	phi_b
790	-0.213226	0.106872	-0.0798092	0.406309
