sample	phi_d	phi_e	phi_w	phi_b
522	-1.42778	0.544941	0.441732	0.10161
