sample	phi_d	phi_e	phi_w	phi_b
128	-1.33799	1.47612	0.0348491	0.302886
