sample	phi_d	phi_e	phi_w	phi_b
93	-2.40871	0.504934	-1.26291	2.21638
