sample	phi_d	phi_e	phi_w	phi_b
375	-1.41411	0.701526	-0.813166	0.151619
