sample	phi_d	phi_e	phi_w	phi_b
596	-2.22274	-1.07818	-0.393152	1.33508
