sample	phi_d	phi_e	phi_w	phi_b
182	-0.630261	-1.90184	1.64012	0.676148
