sample	phi_d	phi_e	phi_w	phi_b
432	-0.640019	0.0846031	1.12321	1.00736
