sample	phi_d	phi_e	phi_w	phi_b
390	-0.360384	-0.0364054	0.399591	1.4093
