sample	phi_d	phi_e	phi_w	phi_b
272	-1.38685	-1.37839	1.38122	0.00359966
