sample	phi_d	phi_e	phi_w	phi_b
41	-2.65073	0.174665	-0.601196	0.736674
