sample	phi_d	phi_e	phi_w	phi_b
97	-0.9265	1.23068	0.876304	1.61902
