sample	phi_d	phi_e	phi_w	phi_b
392	-1.21998	0.249657	0.800732	1.10758
