sample	phi_d	phi_e	phi_w	phi_b
286	-2.18933	0.782407	-0.0494222	0.191929
