sample	phi_d	phi_e	phi_w	phi_b
418	-2.75856	2.29941	-1.96069	0.491102
