sample	phi_d	phi_e	phi_w	phi_b
28	-1.46702	1.17574	-1.31315	0.398582
