sample	phi_d	phi_e	phi_w	phi_b
946	-0.210474	-0.952596	0.0628021	0.597192
