sample	phi_d	phi_e	phi_w	phi_b
260	-1.25469	-0.254796	0.875309	0.308956
