sample	phi_d	phi_e	phi_w	phi_b
424	-1.8769	0.226086	-0.32897	0.282332
