sample	phi_d	phi_e	phi_w	phi_b
59	-2.23116	0.29127	-1.50645	0.430415
