sample	phi_d	phi_e	phi_w	phi_b
320	-1.13161	0.248812	-0.307069	0.00670679
