sample	phi_d	phi_e	phi_w	phi_b
29	-1.37311	1.21048	0.0997817	0.501346
