sample	phi_d	phi_e	phi_w	phi_b
581	-1.56231	0.23537	0.0160106	1.07021
