sample	phi_d	phi_e	phi_w	phi_b
170	-1.18754	0.943178	0.332312	0.519648
