sample	phi_d	phi_e	phi_w	phi_b
244	-2.78282	-1.11441	0.729731	1.16043
