sample	phi_d	phi_e	phi_w	phi_b
663	-0.383283	-1.259	0.338677	0.518054
