sample	phi_d	phi_e	phi_w	phi_b
294	-0.49757	-0.266276	0.136981	1.29872
