sample	phi_d	phi_e	phi_w	phi_b
949	-1.22606	0.914809	-2.19476	1.2013
