sample	phi_d	phi_e	phi_w	phi_b
775	-2.89468	1.54006	-0.951608	1.84502
