sample	phi_d	phi_e	phi_w	phi_b
142	-2.40035	-1.07923	1.09943	1.11005
