sample	phi_d	phi_e	phi_w	phi_b
1	-1.96332	-0.998387	0.0650079	1.12891
