sample	phi_d	phi_e	phi_w	phi_b
354	-0.600019	0.130041	0.593859	0.532442
