sample	phi_d	phi_e	phi_w	phi_b
203	-0.0907571	-0.351655	0.832877	0.716607
