sample	phi_d	phi_e	phi_w	phi_b
304	-2.7782	-0.918967	0.35802	0.733025
