sample	phi_d	phi_e	phi_w	phi_b
72	-0.903919	-0.727465	-0.667771	0.840152
