sample	phi_d	phi_e	phi_w	phi_b
584	-0.0568436	0.153866	1.5675	1.27123
