sample	phi_d	phi_e	phi_w	phi_b
412	-1.0668	0.44838	-0.584924	0.685018
