sample	phi_d	phi_e	phi_w	phi_b
9999	-1.91496	0.0564431	0.268807	0.000447655
