sample	phi_d	phi_e	phi_w	phi_b
287	-0.146457	-0.868644	-0.0838206	0.730066
