sample	phi_d	phi_e	phi_w	phi_b
233	-0.302129	1.34213	-1.92124	1.16855
