sample	phi_d	phi_e	phi_w	phi_b
478	-0.908015	-1.55333	1.47244	1.05072
