sample	phi_d	phi_e	phi_w	phi_b
668	-0.482611	-0.316701	0.86898	1.49584
