sample	phi_d	phi_e	phi_w	phi_b
205	-1.09109	0.670509	-1.05522	1.80468
