sample	phi_d	phi_e	phi_w	phi_b
875	-1.46887	-2.12382	0.249256	0.20543
