sample	phi_d	phi_e	phi_w	phi_b
247	-1.12096	-0.086246	0.793835	2.06708
