sample	phi_d	phi_e	phi_w	phi_b
462	-0.228973	-0.749127	-2.5585	0.0148424
