sample	phi_d	phi_e	phi_w	phi_b
19	-0.550076	0.666151	1.06253	0.190103
