sample	phi_d	phi_e	phi_w	phi_b
571	-1.10642	-1.90871	-0.814935	0.982617
