sample	phi_d	phi_e	phi_w	phi_b
341	-0.548841	0.845745	-0.798087	0.672947
