sample	phi_d	phi_e	phi_w	phi_b
145	-0.687783	1.87142	-1.45109	1.92594
