sample	phi_d	phi_e	phi_w	phi_b
604	-0.560623	-1.58378	-0.986121	1.07301
