sample	phi_d	phi_e	phi_w	phi_b
304	-1.95877	-0.310734	0.388187	0.946493
