sample	phi_d	phi_e	phi_w	phi_b
374	-0.196068	1.373	1.03841	0.462102
