sample	phi_d	phi_e	phi_w	phi_b
687	-2.59899	-0.515155	-0.00180123	0.633872
