sample	phi_d	phi_e	phi_w	phi_b
293	-1.03009	-0.42383	-0.598515	1.92321
