sample	phi_d	phi_e	phi_w	phi_b
823	-1.39996	0.621643	-0.794931	1.46986
