sample	phi_d	phi_e	phi_w	phi_b
210	-0.591537	-0.419905	-0.137285	0.914273
