sample	phi_d	phi_e	phi_w	phi_b
817	-1.24557	-0.191063	-0.3422	1.03676
