sample	phi_d	phi_e	phi_w	phi_b
139	-2.52548	-0.454758	-0.758462	0.0518724
