sample	phi_d	phi_e	phi_w	phi_b
292	-0.906729	1.22322	-0.431715	0.364293
