sample	phi_d	phi_e	phi_w	phi_b
158	-0.525461	-0.308173	0.562434	0.865227
