sample	phi_d	phi_e	phi_w	phi_b
960	-0.0742485	1.38736	-1.14107	0.268828
