sample	phi_d	phi_e	phi_w	phi_b
2	-2.009	-0.400947	0.901712	1.36379
