sample	phi_d	phi_e	phi_w	phi_b
280	-0.746199	0.462376	-0.77382	0.890082
