sample	phi_d	phi_e	phi_w	phi_b
514	-0.928113	0.0161277	0.414012	0.0729806
