sample	phi_d	phi_e	phi_w	phi_b
169	-1.55798	0.692376	-0.459366	1.34357
