sample	phi_d	phi_e	phi_w	phi_b
509	-0.908204	0.0926565	-0.92093	0.0763767
