sample	phi_d	phi_e	phi_w	phi_b
358	-1.28211	-0.982545	0.878162	0.186145
