sample	phi_d	phi_e	phi_w	phi_b
968	-0.574767	1.52071	2.1692	0.244991
