sample	phi_d	phi_e	phi_w	phi_b
721	-2.29582	2.1839	-0.393769	0.872002
