sample	phi_d	phi_e	phi_w	phi_b
213	-2.07583	-0.200595	0.241933	1.3209
