sample	phi_d	phi_e	phi_w	phi_b
449	-0.0827259	0.189693	1.30516	1.10912
