sample	phi_d	phi_e	phi_w	phi_b
291	-1.03505	0.434844	0.620247	0.731566
