sample	phi_d	phi_e	phi_w	phi_b
338	-0.972734	-0.647563	-0.0827833	0.345236
