sample	phi_d	phi_e	phi_w	phi_b
13	-0.67342	0.566874	1.49257	0.713817
