sample	phi_d	phi_e	phi_w	phi_b
984	-2.07788	-0.343417	2.27538	1.06669
