sample	phi_d	phi_e	phi_w	phi_b
443	-0.927105	-1.25667	-1.80448	0.421819
