sample	phi_d	phi_e	phi_w	phi_b
161	-0.155896	0.687087	-0.890063	0.427034
