sample	phi_d	phi_e	phi_w	phi_b
644	-2.51773	-0.181091	0.434835	1.86158
