sample	phi_d	phi_e	phi_w	phi_b
164	-1.88688	0.106848	0.355354	0.455591
