sample	phi_d	phi_e	phi_w	phi_b
815	-1.81219	-0.0138953	1.17078	1.90833
