sample	phi_d	phi_e	phi_w	phi_b
399	-0.645605	0.547432	-0.129942	1.04948
