sample	phi_d	phi_e	phi_w	phi_b
756	-1.25337	-0.0140628	-1.3608	1.41501
