sample	phi_d	phi_e	phi_w	phi_b
89	-1.30744	-0.91163	-0.0375086	0.474218
