sample	phi_d	phi_e	phi_w	phi_b
111	-0.773716	0.0528811	-0.800787	0.769216
