sample	phi_d	phi_e	phi_w	phi_b
472	-2.1366	-0.490003	0.443952	0.434508
