sample	phi_d	phi_e	phi_w	phi_b
250	-1.07598	0.444144	-1.6404	0.968791
