sample	phi_d	phi_e	phi_w	phi_b
511	-1.02868	1.82524	1.60116	2.21514
