sample	phi_d	phi_e	phi_w	phi_b
589	-0.355834	-0.280334	0.183423	1.26343
