sample	phi_d	phi_e	phi_w	phi_b
222	-2.45953	0.610361	-1.241	0.261913
