sample	phi_d	phi_e	phi_w	phi_b
834	-1.26493	-0.716879	-0.301538	0.466194
