sample	phi_d	phi_e	phi_w	phi_b
880	-1.86543	1.78599	0.954886	0.00790473
