sample	phi_d	phi_e	phi_w	phi_b
9	-2.01691	-1.96983	-1.46468	1.2649
