sample	phi_d	phi_e	phi_w	phi_b
555	-1.36337	-0.546428	1.39961	1.85331
