sample	phi_d	phi_e	phi_w	phi_b
535	-0.997655	-1.55087	-1.08238	1.15561
