sample	phi_d	phi_e	phi_w	phi_b
804	-1.78771	-1.7297	0.283923	1.23106
