sample	phi_d	phi_e	phi_w	phi_b
331	-1.17359	0.858934	0.134912	0.533832
