sample	phi_d	phi_e	phi_w	phi_b
232	-2.06824	-1.74241	1.20442	0.054528
