sample	phi_d	phi_e	phi_w	phi_b
274	-2.9219	0.0590278	-0.462208	1.27292
