sample	phi_d	phi_e	phi_w	phi_b
406	-0.536161	1.08422	0.258845	1.15029
