sample	phi_d	phi_e	phi_w	phi_b
247	-1.51056	-0.0106119	0.153421	0.301599
