sample	phi_d	phi_e	phi_w	phi_b
762	-1.17208	-0.146956	-1.80224	2.10499
