sample	phi_d	phi_e	phi_w	phi_b
613	-1.43739	0.165934	0.249885	1.21933
