sample	phi_d	phi_e	phi_w	phi_b
198	-1.05824	0.337569	1.08714	2.19014
