sample	phi_d	phi_e	phi_w	phi_b
72	-0.301812	-0.386767	2.02894	1.19608
