sample	phi_d	phi_e	phi_w	phi_b
592	-2.74705	-1.48079	-0.155106	1.6796
