sample	phi_d	phi_e	phi_w	phi_b
57	-1.30213	0.201647	0.843981	1.2327
