sample	phi_d	phi_e	phi_w	phi_b
389	-0.61193	-0.73664	-1.02363	0.238661
