sample	phi_d	phi_e	phi_w	phi_b
129	-0.333032	-0.882282	-1.25113	1.07405
