sample	phi_d	phi_e	phi_w	phi_b
896	-0.366614	0.945096	-1.61823	0.194293
