sample	phi_d	phi_e	phi_w	phi_b
253	-1.95141	0.654137	-2.06398	0.707642
