sample	phi_d	phi_e	phi_w	phi_b
356	-0.917875	1.29341	-0.635579	2.16314
