sample	phi_d	phi_e	phi_w	phi_b
91	-0.0100646	2.15471	0.118862	0.059679
