sample	phi_d	phi_e	phi_w	phi_b
793	-2.31148	0.67517	0.959181	0.315365
