sample	phi_d	phi_e	phi_w	phi_b
156	-1.54226	1.22195	1.07946	1.10131
