sample	phi_d	phi_e	phi_w	phi_b
40	-2.08826	0.0800776	0.419322	0.0952709
