sample	phi_d	phi_e	phi_w	phi_b
757	-1.36593	-0.107535	0.703631	1.02066
