sample	phi_d	phi_e	phi_w	phi_b
828	-0.62908	0.23829	0.299839	0.784132
