sample	phi_d	phi_e	phi_w	phi_b
758	-2.01723	-1.2064	-0.486136	0.302587
