sample	feature	phi_d	phi_e	phi_w	phi_b
4	1	-0.0711766	-1.05317	-0.14363	1.2511
