sample	phi_d	phi_e	phi_w	phi_b
607	-1.76609	0.0908861	0.231799	0.0378947
