sample	phi_d	phi_e	phi_w	phi_b
284	-0.613612	1.1749	-0.0274385	1.1344
