sample	phi_d	phi_e	phi_w	phi_b
676	-0.809293	-1.90181	-1.4546	1.15917
