sample	phi_d	phi_e	phi_w	phi_b
695	-1.15816	-0.480278	-0.591792	1.62656
