sample	phi_d	phi_e	phi_w	phi_b
367	-1.06463	1.18997	0.00989227	0.117799
