sample	phi_d	phi_e	phi_w	phi_b
138	-2.38644	0.5318	0.360645	1.16521
