sample	phi_d	phi_e	phi_w	phi_b
725	-2.04539	0.0337161	0.823661	1.86516
