sample	phi_d	phi_e	phi_w	phi_b
311	-0.650746	0.333675	-0.619642	0.526778
