sample	phi_d	phi_e	phi_w	phi_b
351	-0.0735613	-1.69508	1.77845	0.711559
