sample	phi_d	phi_e	phi_w	phi_b
94	-1.6477	-0.521543	0.0317464	0.7586
