sample	phi_d	phi_e	phi_w	phi_b
791	-1.77648	-1.369	1.23342	1.17027
