sample	phi_d	phi_e	phi_w	phi_b
71	-1.15214	1.8001	-0.928919	2.43706
