sample	phi_d	phi_e	phi_w	phi_b
136	-1.89525	-0.0256335	-0.832126	1.01188
