sample	phi_d	phi_e	phi_w	phi_b
950	-1.37716	-0.662646	0.0613256	0.541962
