sample	phi_d	phi_e	phi_w	phi_b
697	-0.619197	-1.50988	-0.682481	0.82325
