sample	phi_d	phi_e	phi_w	phi_b
225	-1.22209	0.287579	-1.85499	0.209182
