sample	phi_d	phi_e	phi_w	phi_b
47	-1.7092	0.53344	0.399251	1.33368
