sample	phi_d	phi_e	phi_w	phi_b
398	-0.264027	0.83604	1.80453	0.590746
