sample	phi_d	phi_e	phi_w	phi_b
378	-0.713049	0.757151	-1.00844	0.330168
