sample	phi_d	phi_e	phi_w	phi_b
568	-1.60464	-1.35707	0.103867	0.868705
