sample	phi_d	phi_e	phi_w	phi_b
128	-2.21596	-1.02874	1.86574	0.656093
