sample	phi_d	phi_e	phi_w	phi_b
565	-2.65463	-1.21923	1.81976	2.61981
