sample	phi_d	phi_e	phi_w	phi_b
479	-0.269799	0.0292905	-1.35933	0.508097
