sample	phi_d	phi_e	phi_w	phi_b
261	-0.167531	-0.198553	0.413326	0.761971
