sample	phi_d	phi_e	phi_w	phi_b
765	-0.938113	-1.9783	0.937866	0.441874
