sample	phi_d	phi_e	phi_w	phi_b
345	-2.60924	0.368823	-0.14505	1.22262
