sample	phi_d	phi_e	phi_w	phi_b
230	-0.192347	1.48306	0.333581	0.349167
