sample	phi_d	phi_e	phi_w	phi_b
392	-0.755477	-0.856877	0.45672	0.406376
