sample	phi_d	phi_e	phi_w	phi_b
556	-2.47321	-1.26695	-0.117743	0.652205
