sample	phi_d	phi_e	phi_w	phi_b
420	-2.72827	1.60068	-0.557557	0.546655
