sample	phi_d	phi_e	phi_w	phi_b
346	-2.94498	0.813244	-1.41363	0.384589
