sample	phi_d	phi_e	phi_w	phi_b
244	-0.249572	-1.04402	0.108242	1.12017
