sample	phi_d	phi_e	phi_w	phi_b
679	-1.11777	-0.164202	-1.16727	0.622526
