sample	phi_d	phi_e	phi_w	phi_b
78	-0.506295	-1.55549	-0.506075	1.94352
