sample	phi_d	phi_e	phi_w	phi_b
192	-1.66204	-1.25543	-1.03677	0.124468
