sample	phi_d	phi_e	phi_w	phi_b
106	-1.15016	0.43318	-0.592819	1.38045
