sample	phi_d	phi_e	phi_w	phi_b
341	-1.0617	-0.094189	0.00850566	0.448824
