sample	phi_d	phi_e	phi_w	phi_b
18	-0.485594	-1.0218	-1.27264	3.6335
