sample	phi_d	phi_e	phi_w	phi_b
652	-1.14959	-0.744632	2.55137	1.41948
