sample	phi_d	phi_e	phi_w	phi_b
540	-0.546468	-1.553	1.21444	0.366133
