sample	phi_d	phi_e	phi_w	phi_b
294	-1.73317	-2.05923	-0.978069	0.474509
