sample	phi_d	phi_e	phi_w	phi_b
22	-2.48652	-0.436649	-0.308232	0.761536
