sample	phi_d	phi_e	phi_w	phi_b
526	-2.98481	-0.725542	-1.24525	0.409772
