sample	phi_d	phi_e	phi_w	phi_b
363	-1.66594	1.40343	0.836159	0.97675
