sample	phi_d	phi_e	phi_w	phi_b
100	-0.646137	1.4983	-0.227835	0.0426779
