sample	phi_d	phi_e	phi_w	phi_b
567	-0.95655	1.5536	0.41554	0.544676
