sample	phi_d	phi_e	phi_w	phi_b
360	-0.0268514	-1.93065	-0.918211	1.54786
