sample	phi_d	phi_e	phi_w	phi_b
601	-1.76869	0.436049	0.636499	1.00787
