sample	phi_d	phi_e	phi_w	phi_b
114	-1.43492	1.58667	-1.1102	0.456164
