sample	phi_d	phi_e	phi_w	phi_b
377	-2.72853	0.358512	-0.0817299	1.26634
