sample	phi_d	phi_e	phi_w	phi_b
582	-0.870713	-0.804641	-0.267964	1.51887
