sample	phi_d	phi_e	phi_w	phi_b
821	-0.443234	0.64305	0.62407	0.96409
