sample	phi_d	phi_e	phi_w	phi_b
292	-1.98736	1.22461	1.15432	0.143625
