sample	phi_d	phi_e	phi_w	phi_b
359	-2.74999	-0.0121723	0.172714	0.149279
