sample	phi_d	phi_e	phi_w	phi_b
365	-0.94435	0.138386	0.222926	0.938103
