sample	phi_d	phi_e	phi_w	phi_b
436	-2.05647	-0.700279	-0.335439	2.80464
