sample	phi_d	phi_e	phi_w	phi_b
886	-1.30632	1.17883	0.740276	0.399306
