sample	phi_d	phi_e	phi_w	phi_b
271	-1.65535	0.31197	-0.040023	0.128209
