sample	phi_d	phi_e	phi_w	phi_b
204	-0.692763	-1.44514	0.304073	0.764212
