sample	phi_d	phi_e	phi_w	phi_b
166	-1.21214	0.195076	1.78244	0.858021
