sample	phi_d	phi_e	phi_w	phi_b
364	-1.02647	0.325534	0.10955	0.32538
