sample	phi_d	phi_e	phi_w	phi_b
168	-0.460664	0.42246	1.03557	0.0164542
