sample	phi_d	phi_e	phi_w	phi_b
314	-0.700872	-1.38928	-1.30495	0.158743
