sample	phi_d	phi_e	phi_w	phi_b
488	-1.07154	-1.41185	0.688177	0.863422
