sample	phi_d	phi_e	phi_w	phi_b
262	-2.30329	-1.26802	0.505002	0.843457
