sample	phi_d	phi_e	phi_w	phi_b
660	-0.447614	0.348211	-1.00469	0.171247
