sample	phi_d	phi_e	phi_w	phi_b
621	-1.85549	-0.555083	-0.0140521	0.758809
