sample	phi_d	phi_e	phi_w	phi_b
913	-1.6919	0.116094	0.725975	0.301473
