sample	phi_d	phi_e	phi_w	phi_b
573	-1.85132	0.349068	-0.751866	0.898203
