sample	phi_d	phi_e	phi_w	phi_b
305	-2.17171	-0.642681	0.207923	1.49574
