sample	phi_d	phi_e	phi_w	phi_b
861	-1.46084	-1.06115	-0.230772	1.13983
