sample	phi_d	phi_e	phi_w	phi_b
101	-0.552463	0.257537	-1.99806	0.657589
