sample	phi_d	phi_e	phi_w	phi_b
222	-0.0984693	-2.20874	1.16977	0.53412
