sample	phi_d	phi_e	phi_w	phi_b
19	-2.00566	-0.582486	0.0949755	0.176158
