sample	phi_d	phi_e	phi_w	phi_b
2	-0.755344	1.19475	0.113441	0.866059
