sample	phi_d	phi_e	phi_w	phi_b
23	-1.24191	0.855078	0.387921	0.921116
