sample	phi_d	phi_e	phi_w	phi_b
956	-2.08663	0.62503	-0.0553952	0.0511186
