sample	phi_d	phi_e	phi_w	phi_b
357	-1.26772	0.0509349	-1.00104	1.18195
