sample	phi_d	phi_e	phi_w	phi_b
12	-2.95628	0.645202	-0.672416	0.973569
