sample	phi_d	phi_e	phi_w	phi_b
429	-1.94811	1.72497	-0.529574	0.980856
