sample	phi_d	phi_e	phi_w	phi_b
125	-1.26597	-0.020479	-0.363007	0.478814
