sample	phi_d	phi_e	phi_w	phi_b
941	-1.38615	-0.484359	-0.177115	1.24861
