sample	phi_d	phi_e	phi_w	phi_b
253	-2.85924	0.236948	-1.77694	1.1324
