sample	phi_d	phi_e	phi_w	phi_b
399	-2.51344	0.803313	-2.20646	0.727635
