sample	phi_d	phi_e	phi_w	phi_b
883	-2.79695	-0.229985	0.700208	1.74655
