sample	phi_d	phi_e	phi_w	phi_b
81	-1.3324	-0.667625	-0.0902202	1.34419
