sample	phi_d	phi_e	phi_w	phi_b
537	-1.54336	0.44509	-0.303584	0.369826
