sample	phi_d	phi_e	phi_w	phi_b
826	-1.75762	0.452121	0.163017	0.0113725
