sample	phi_d	phi_e	phi_w	phi_b
598	-0.489397	-1.65939	-1.04271	1.04694
