sample	phi_d	phi_e	phi_w	phi_b
564	-0.995927	0.684455	1.05637	0.325338
