sample	phi_d	phi_e	phi_w	phi_b
413	-0.888329	-0.338732	-0.303274	1.53371
