sample	phi_d	phi_e	phi_w	phi_b
365	-1.89579	1.10911	-1.73983	1.61914
