sample	phi_d	phi_e	phi_w	phi_b
73	-1.3613	-1.40172	-0.621394	0.507551
