sample	phi_d	phi_e	phi_w	phi_b
208	-1.79821	-2.89254	1.2264	0.294945
