sample	phi_d	phi_e	phi_w	phi_b
690	-2.59765	-1.82128	0.708811	0.29387
