sample	phi_d	phi_e	phi_w	phi_b
10	-1.50448	-1.42378	0.990061	0.453081
