sample	phi_d	phi_e	phi_w	phi_b
422	-0.105517	0.68581	0.933456	0.0880716
