sample	phi_d	phi_e	phi_w	phi_b
923	-1.20299	1.5363	0.24653	0.294811
