sample	phi_d	phi_e	phi_w	phi_b
48	-1.72208	1.38446	1.04648	1.0203
