sample	phi_d	phi_e	phi_w	phi_b
789	-0.162093	-0.135885	0.765735	0.374545
