sample	phi_d	phi_e	phi_w	phi_b
216	-0.763988	-0.0165732	-0.132523	0.928577
