sample	phi_d	phi_e	phi_w	phi_b
843	-1.92016	-0.666177	1.70617	0.54248
