sample	phi_d	phi_e	phi_w	phi_b
914	-0.384693	-2.1447	0.173462	0.910427
