sample	phi_d	phi_e	phi_w	phi_b
386	-1.87275	-0.324308	0.17093	1.41054
