sample	phi_d	phi_e	phi_w	phi_b
836	-0.505035	1.6224	-0.596494	1.36802
