sample	phi_d	phi_e	phi_w	phi_b
796	-0.757427	-0.43309	1.04429	0.264294
