sample	phi_d	phi_e	phi_w	phi_b
873	-2.71826	-0.0275374	-0.567138	0.252549
