sample	phi_d	phi_e	phi_w	phi_b
286	-1.8006	-0.794036	-1.60564	0.690593
