sample	phi_d	phi_e	phi_w	phi_b
809	-1.94102	0.126665	2.11754	0.660139
