sample	phi_d	phi_e	phi_w	phi_b
831	-1.75965	-1.24674	-0.500575	1.00923
