sample	phi_d	phi_e	phi_w	phi_b
5	-0.702276	0.2772	-1.89145	1.28477
