sample	phi_d	phi_e	phi_w	phi_b
243	-1.78716	-0.148959	0.0666583	0.622092
