sample	phi_d	phi_e	phi_w	phi_b
865	-1.28035	0.114094	0.0360504	0.052114
