sample	phi_d	phi_e	phi_w	phi_b
130	-1.36991	-0.944077	-0.304085	0.163054
