sample	phi_d	phi_e	phi_w	phi_b
709	-1.31046	1.38472	-0.460729	0.435012
