sample	phi_d	phi_e	phi_w	phi_b
241	-2.99882	0.90589	-0.505323	0.287282
