sample	phi_d	phi_e	phi_w	phi_b
705	-1.33121	-0.504478	-0.415632	0.605437
