sample	phi_d	phi_e	phi_w	phi_b
309	-2.09175	1.99864	-0.353028	0.895194
