sample	phi_d	phi_e	phi_w	phi_b
308	-1.0431	1.03524	0.563726	0.105259
