sample	phi_d	phi_e	phi_w	phi_b
302	-1.91883	-1.48075	-0.0332467	0.312412
