sample	phi_d	phi_e	phi_w	phi_b
10	-1.69204	0.839819	0.762361	0.215594
