sample	phi_d	phi_e	phi_w	phi_b
159	-0.645738	0.848776	-0.205139	0.663356
