sample	phi_d	phi_e	phi_w	phi_b
296	-1.38039	0.0904899	1.16111	1.34852
