sample	phi_d	phi_e	phi_w	phi_b
42	-2.53202	1.09837	1.00935	0.439292
