sample	phi_d	phi_e	phi_w	phi_b
6	-1.74358	-2.05745	2.3407	0.819572
