sample	phi_d	phi_e	phi_w	phi_b
936	-0.521571	-0.0411018	-0.0901977	1.27841
