sample	phi_d	phi_e	phi_w	phi_b
629	-0.96949	-1.57171	-0.236293	0.901932
