sample	phi_d	phi_e	phi_w	phi_b
395	-0.493815	0.555293	1.8708	0.070132
