sample	phi_d	phi_e	phi_w	phi_b
911	-0.515303	-1.71468	-1.93748	0.721786
