sample	phi_d	phi_e	phi_w	phi_b
933	-0.503331	-0.860783	-1.69587	0.317299
