sample	phi_d	phi_e	phi_w	phi_b
675	-1.05077	-1.62361	0.174847	1.27197
