sample	phi_d	phi_e	phi_w	phi_b
623	-0.403656	0.3787	-1.33763	0.463339
