sample	phi_d	phi_e	phi_w	phi_b
408	-0.0927475	1.36967	1.33014	0.505622
