sample	phi_d	phi_e	phi_w	phi_b
414	-0.342704	0.219572	0.331543	1.42816
