sample	feature	phi_d	phi_e	phi_w	phi_b
184	1	-1.85244	2.51758	0.162064	0.374427
