sample	phi_d	phi_e	phi_w	phi_b
207	-1.09307	0.531038	-1.12846	0.186363
