sample	phi_d	phi_e	phi_w	phi_b
366	-0.103257	0.511627	-1.19785	0.439433
