sample	phi_d	phi_e	phi_w	phi_b
558	-0.411047	0.904303	0.802707	0.752246
