sample	phi_d	phi_e	phi_w	phi_b
287	-0.134546	-0.500551	1.42517	0.442552
