sample	phi_d	phi_e	phi_w	phi_b
752	-0.988289	0.157281	0.453002	0.198736
