sample	phi_d	phi_e	phi_w	phi_b
667	-0.651375	-0.346387	-0.645298	0.0634522
