sample	phi_d	phi_e	phi_w	phi_b
940	-2.87509	0.0178521	0.146677	0.125491
