sample	phi_d	phi_e	phi_w	phi_b
311	-2.4313	0.739574	-1.12442	1.0687
