sample	phi_d	phi_e	phi_w	phi_b
570	-0.0559335	0.985427	-0.173108	0.628603
