sample	phi_d	phi_e	phi_w	phi_b
305	-1.18653	-0.0840127	0.211332	1.80366
