sample	rho_d	rho_e	rho_w	rho_b
112	0.000101822	0.224744	0.103341	0.157105
