sample	rho_d	rho_e	rho_w	rho_b
101	0.00363757	0.169254	0.153724	0.150018
