sample	rho_d	rho_e	rho_w	rho_b
247	0.395695	0.139249	0.0993045	0.240777
