sample	rho_d	rho_e	rho_w	rho_b
372	0.0814965	0.32329	0.0975311	0.202259
