sample	rho_d	rho_e	rho_w	rho_b
737	0.105596	0.312801	0.295121	0.134409
