sample	rho_d	rho_e	rho_w	rho_b
141	0.0133054	0.223973	0.118865	0.0876833
