sample	rho_d	rho_e	rho_w	rho_b
132	0.0341106	0.318906	0.026873	0.305665
