sample	rho_d	rho_e	rho_w	rho_b
227	0.0323948	0.356032	0.0747759	0.123713
