sample	rho_d	rho_e	rho_w	rho_b
773	0.0970046	0.151871	0.074026	0.156292
