sample	rho_d	rho_e	rho_w	rho_b
938	0.0159126	0.290502	0.274548	0.293417
