sample	rho_d	rho_e	rho_w	rho_b
835	0.00429867	0.265577	0.151517	0.0509509
