sample	rho_d	rho_e	rho_w	rho_b
123	3.48614e-05	0.237054	0.188774	0.105892
