sample	rho_d	rho_e	rho_w	rho_b
289	0.00245402	0.266597	0.156935	0.0454888
