sample	rho_d	rho_e	rho_w	rho_b
256	0.56853	0.151845	0.0266392	0.193644
