sample	rho_d	rho_e	rho_w	rho_b
172	0.0459741	0.145701	0.299527	0.132875
