sample	rho_d	rho_e	rho_w	rho_b
122	0.233432	0.210326	0.0835948	0.0432525
