sample	rho_d	rho_e	rho_w	rho_b
579	0.0801261	0.256801	0.129732	0.195327
