sample	rho_d	rho_e	rho_w	rho_b
95	0.279013	0.123028	0.127172	0.488583
