sample	rho_d	rho_e	rho_w	rho_b
811	0.112513	0.34514	0.118499	0.186846
