sample	rho_d	rho_e	rho_w	rho_b
379	0.237783	0.199008	0.194783	0.301799
