sample	rho_d	rho_e	rho_w	rho_b
51	0.234274	0.208991	0.269435	0.0962323
