sample	rho_d	rho_e	rho_w	rho_b
617	0.431911	0.401123	0.213621	0.333823
