sample	rho_d	rho_e	rho_w	rho_b
72	0.00024953	0.326814	0.0847716	0.140408
