sample	rho_d	rho_e	rho_w	rho_b
967	0.00816233	0.14666	0.0649354	0.23268
