sample	rho_d	rho_e	rho_w	rho_b
108	9.24977e-05	0.272886	0.36339	0.324543
