sample	rho_d	rho_e	rho_w	rho_b
306	0.343348	0.110799	0.0396463	0.0972711
