sample	rho_d	rho_e	rho_w	rho_b
861	0.0120185	0.339784	0.408422	0.270027
