sample	rho_d	rho_e	rho_w	rho_b
204	0.32858	0.278384	0.206653	0.0990844
