sample	rho_d	rho_e	rho_w	rho_b
132	0.182845	0.225885	0.10745	0.198795
