sample	rho_d	rho_e	rho_w	rho_b
11	7.27605e-05	0.445717	0.257689	0.158525
