sample	rho_d	rho_e	rho_w	rho_b
597	0.566282	0.203274	0.18016	0.280351
