sample	rho_d	rho_e	rho_w	rho_b
374	0.461844	0.210011	0.0413922	0.115892
