sample	rho_d	rho_e	rho_w	rho_b
321	0.148558	0.186615	0.115489	0.130153
