sample	rho_d	rho_e	rho_w	rho_b
187	0.0228988	0.199428	0.211336	0.0561619
