sample	rho_d	rho_e	rho_w	rho_b
94	0.00401529	0.253538	0.212005	0.105423
