sample	rho_d	rho_e	rho_w	rho_b
692	0.000627339	0.293416	0.195886	0.0617811
