sample	rho_d	rho_e	rho_w	rho_b
643	0.00281961	0.187307	0.0915032	0.129023
