sample	rho_d	rho_e	rho_w	rho_b
260	0.0107433	0.118286	0.113263	0.166987
