sample	rho_d	rho_e	rho_w	rho_b
633	0.0042966	0.188941	0.204448	0.212478
