sample	rho_d	rho_e	rho_w	rho_b
383	0.0976392	0.376386	0.0439791	0.265978
