sample	rho_d	rho_e	rho_w	rho_b
883	0.0229194	0.35665	0.217003	0.123643
