sample	rho_d	rho_e	rho_w	rho_b
280	0.0260707	0.211628	0.141757	0.130841
