sample	rho_d	rho_e	rho_w	rho_b
471	0.0504842	0.181012	0.218679	0.162022
