sample	rho_d	rho_e	rho_w	rho_b
351	0.10936	0.146157	0.0970929	0.119044
