sample	rho_d	rho_e	rho_w	rho_b
686	0.00175905	0.30429	0.0358568	0.265345
