sample	rho_d	rho_e	rho_w	rho_b
72	0.0306297	0.236302	0.21751	0.222136
