sample	rho_d	rho_e	rho_w	rho_b
274	0.284288	0.1711	0.107673	0.114335
