sample	rho_d	rho_e	rho_w	rho_b
81	0.409693	0.391362	0.186524	0.126882
