sample	rho_d	rho_e	rho_w	rho_b
285	0.571632	0.145736	0.151821	0.0380412
