sample	rho_d	rho_e	rho_w	rho_b
358	0.00513411	0.305567	0.082016	0.237269
