sample	rho_d	rho_e	rho_w	rho_b
177	0.229675	0.318796	0.248623	0.177335
