sample	rho_d	rho_e	rho_w	rho_b
49	0.0396413	0.320111	0.06199	0.102873
