sample	rho_d	rho_e	rho_w	rho_b
273	0.270373	0.296654	0.104931	0.103474
