sample	rho_d	rho_e	rho_w	rho_b
136	0.246254	0.250076	0.0568411	0.504686
