sample	rho_d	rho_e	rho_w	rho_b
229	0.301245	0.259423	0.0512205	0.234249
