sample	rho_d	rho_e	rho_w	rho_b
170	0.280235	0.144246	0.0600443	0.177472
