sample	rho_d	rho_e	rho_w	rho_b
137	0.0015256	0.250792	0.0320577	0.185589
