sample	rho_d	rho_e	rho_w	rho_b
310	0.00924203	0.234635	0.0854014	0.125734
