sample	rho_d	rho_e	rho_w	rho_b
71	0.000777557	0.154473	0.0693321	0.295485
