sample	rho_d	rho_e	rho_w	rho_b
400	0.0793457	0.267433	0.159254	0.0701534
