sample	rho_d	rho_e	rho_w	rho_b
33	0.238439	0.279769	0.0245304	0.178872
