sample	rho_d	rho_e	rho_w	rho_b
32	0.230587	0.312066	0.14799	0.233604
