sample	rho_d	rho_e	rho_w	rho_b
74	1.69789e-05	0.211574	0.152954	0.143238
