sample	rho_d	rho_e	rho_w	rho_b
947	0.00638403	0.286338	0.172002	0.166869
