sample	rho_d	rho_e	rho_w	rho_b
536	0.0419666	0.339722	0.0583815	0.226556
