sample	rho_d	rho_e	rho_w	rho_b
772	0.00256738	0.332531	0.081152	0.0478769
