sample	rho_d	rho_e	rho_w	rho_b
299	0.00294568	0.204951	0.127508	0.0606031
