sample	rho_d	rho_e	rho_w	rho_b
248	0.000529751	0.290681	0.100591	0.279153
