sample	rho_d	rho_e	rho_w	rho_b
749	0.000912459	0.185216	0.0693938	0.336874
