sample	rho_d	rho_e	rho_w	rho_b
823	0.0955211	0.278351	0.256041	0.121146
