sample	rho_d	rho_e	rho_w	rho_b
186	0.28369	0.341092	0.160561	0.239491
