sample	rho_d	rho_e	rho_w	rho_b
628	0.0107675	0.448913	0.0591502	0.08318
