sample	rho_d	rho_e	rho_w	rho_b
564	0.146967	0.289637	0.175402	0.28114
