sample	rho_d	rho_e	rho_w	rho_b
694	0.0296543	0.206105	0.161207	0.0923521
