sample	rho_d	rho_e	rho_w	rho_b
387	0.170037	0.241561	0.15227	0.141431
