sample	rho_d	rho_e	rho_w	rho_b
456	0.00290811	0.236725	0.327805	0.183446
