sample	rho_d	rho_e	rho_w	rho_b
444	0.00367507	0.289536	0.0720056	0.138025
