sample	rho_d	rho_e	rho_w	rho_b
382	0.310253	0.29528	0.0902613	0.0271531
