sample	rho_d	rho_e	rho_w	rho_b
131	0.364116	0.160292	0.0863375	0.339588
