sample	rho_d	rho_e	rho_w	rho_b
874	0.0523662	0.180564	0.127503	0.133971
