sample	rho_d	rho_e	rho_w	rho_b
217	0.0128514	0.140641	0.0864571	0.295016
