sample	rho_d	rho_e	rho_w	rho_b
725	0.0153038	0.266205	0.112067	0.0639111
