sample	rho_d	rho_e	rho_w	rho_b
794	0.00125228	0.305342	0.121539	0.110447
