sample	rho_d	rho_e	rho_w	rho_b
651	0.000303035	0.538832	0.0896503	0.0995438
