sample	rho_d	rho_e	rho_w	rho_b
91	0.0153337	0.214719	0.180649	0.117495
