sample	rho_d	rho_e	rho_w	rho_b
191	0.159518	0.284645	0.0252721	0.129919
