sample	rho_d	rho_e	rho_w	rho_b
580	0.04525	0.160401	0.0530213	0.0643552
