sample	rho_d	rho_e	rho_w	rho_b
573	0.223762	0.334457	0.0618905	0.11081
