sample	rho_d	rho_e	rho_w	rho_b
771	0.157652	0.221326	0.180876	0.15905
