sample	rho_d	rho_e	rho_w	rho_b
142	0.338589	0.202568	0.103085	0.314962
