sample	rho_d	rho_e	rho_w	rho_b
693	0.00145059	0.292413	0.0954705	0.106675
