sample	rho_d	rho_e	rho_w	rho_b
759	0.00349851	0.232891	0.0755444	0.112976
