sample	rho_d	rho_e	rho_w	rho_b
6	0.00444926	0.362887	0.0997439	0.239963
