sample	rho_d	rho_e	rho_w	rho_b
110	0.243544	0.248413	0.0973592	0.0589558
