sample	rho_d	rho_e	rho_w	rho_b
863	0.196649	0.429993	0.164222	0.039088
