sample	rho_d	rho_e	rho_w	rho_b
62	0.287743	0.310622	0.068039	0.138189
