sample	rho_d	rho_e	rho_w	rho_b
888	0.000525053	0.187705	0.0585376	0.102888
