sample	rho_d	rho_e	rho_w	rho_b
985	0.00299076	0.380318	0.188648	0.161704
