sample	rho_d	rho_e	rho_w	rho_b
626	0.0865258	0.236066	0.111464	0.12226
