sample	rho_d	rho_e	rho_w	rho_b
299	0.20612	0.167512	0.0447684	0.127508
