sample	rho_d	rho_e	rho_w	rho_b
36	0.144165	0.222382	0.0879908	0.237484
