sample	rho_d	rho_e	rho_w	rho_b
547	0.00600706	0.505344	0.112338	0.136085
