sample	rho_d	rho_e	rho_w	rho_b
603	0.0202264	0.42176	0.179695	0.118337
