sample	rho_d	rho_e	rho_w	rho_b
311	0.00377597	0.259749	0.166305	0.114918
