sample	rho_d	rho_e	rho_w	rho_b
712	0.0520677	0.185045	0.238266	0.351574
