sample	rho_d	rho_e	rho_w	rho_b
125	0.172808	0.202016	0.149114	0.0992184
