sample	rho_d	rho_e	rho_w	rho_b
162	0.481547	0.283223	0.246688	0.134316
