sample	rho_d	rho_e	rho_w	rho_b
167	0.000453572	0.171533	0.144828	0.0791694
