sample	rho_d	rho_e	rho_w	rho_b
10	0.264026	0.335996	0.174834	0.19146
