sample	rho_d	rho_e	rho_w	rho_b
326	0.24774	0.418259	0.0953387	0.270519
