sample	rho_d	rho_e	rho_w	rho_b
135	0.0147056	0.194993	0.176798	0.0597023
