sample	rho_d	rho_e	rho_w	rho_b
615	0.0723141	0.251183	0.121461	0.142821
