sample	rho_d	rho_e	rho_w	rho_b
9	0.275347	0.206381	0.118385	0.515482
