sample	rho_d	rho_e	rho_w	rho_b
327	0.203054	0.158138	0.0369603	0.102771
