sample	rho_d	rho_e	rho_w	rho_b
92	2.52582e-05	0.312131	0.0407183	0.0243251
