sample	rho_d	rho_e	rho_w	rho_b
133	0.00314728	0.384481	0.164396	0.0278048
