sample	rho_d	rho_e	rho_w	rho_b
630	0.152326	0.129486	0.223525	0.158816
