sample	rho_d	rho_e	rho_w	rho_b
309	0.443053	0.192326	0.122657	0.0961024
