sample	rho_d	rho_e	rho_w	rho_b
115	0.00173188	0.0896016	0.153321	0.149052
