sample	rho_d	rho_e	rho_w	rho_b
88	0.0220464	0.228221	0.064721	0.0691024
