sample	rho_d	rho_e	rho_w	rho_b
821	0.00344723	0.292007	0.0825022	0.0360615
