sample	rho_d	rho_e	rho_w	rho_b
84	0.0624715	0.350346	0.147296	0.312377
