sample	rho_d	rho_e	rho_w	rho_b
226	0.1288	0.233205	0.273759	0.214395
