sample	rho_d	rho_e	rho_w	rho_b
185	0.00377142	0.248597	0.0851288	0.0731548
