sample	rho_d	rho_e	rho_w	rho_b
210	0.0888956	0.178113	0.161782	0.304039
