sample	rho_d	rho_e	rho_w	rho_b
745	0.000260799	0.270926	0.130444	0.183367
