sample	rho_d	rho_e	rho_w	rho_b
544	0.00629776	0.322229	0.147284	0.0723992
