sample	rho_d	rho_e	rho_w	rho_b
151	0.320371	0.208331	0.100728	0.0974787
