sample	rho_d	rho_e	rho_w	rho_b
17	0.48062	0.161985	0.120966	0.11703
