sample	rho_d	rho_e	rho_w	rho_b
22	0.016633	0.45615	0.0868351	0.137791
