sample	rho_d	rho_e	rho_w	rho_b
703	0.0917737	0.315264	0.159297	0.232326
