sample	rho_d	rho_e	rho_w	rho_b
164	0.125947	0.163869	0.101292	0.234876
