sample	rho_d	rho_e	rho_w	rho_b
918	0.0014748	0.315277	0.135723	0.110579
