sample	rho_d	rho_e	rho_w	rho_b
814	0.11623	0.23446	0.144141	0.270175
