sample	rho_d	rho_e	rho_w	rho_b
173	2.50425e-05	0.293953	0.118192	0.15132
