sample	rho_d	rho_e	rho_w	rho_b
392	0.0729065	0.198972	0.141433	0.261663
