sample	rho_d	rho_e	rho_w	rho_b
839	0.000918938	0.238439	0.0627365	0.272973
