sample	rho_d	rho_e	rho_w	rho_b
937	0.391284	0.129158	0.0599773	0.135388
