sample	rho_d	rho_e	rho_w	rho_b
919	0.0116116	0.167452	0.0898041	0.112897
