sample	rho_d	rho_e	rho_w	rho_b
356	0.22662	0.186322	0.0324572	0.105117
