sample	rho_d	rho_e	rho_w	rho_b
432	0.229497	0.283138	0.241206	0.271329
