sample	rho_d	rho_e	rho_w	rho_b
88	0.196088	0.201853	0.156259	0.064721
