sample	rho_d	rho_e	rho_w	rho_b
79	0.0416285	0.319416	0.133773	0.189642
