sample	rho_d	rho_e	rho_w	rho_b
49	0.000777031	0.185311	0.0896943	0.0490254
