sample	rho_d	rho_e	rho_w	rho_b
891	0.200321	0.220748	0.296935	0.377203
