sample	rho_d	rho_e	rho_w	rho_b
218	0.400015	0.190319	0.0721896	0.173046
