sample	rho_d	rho_e	rho_w	rho_b
201	0.226867	0.190965	0.225011	0.152685
