sample	rho_d	rho_e	rho_w	rho_b
73	0.400089	0.256403	0.324328	0.180607
