sample	rho_d	rho_e	rho_w	rho_b
24	0.00190348	0.124283	0.131342	0.210071
