sample	rho_d	rho_e	rho_w	rho_b
829	0.120384	0.344929	0.095402	0.0173653
