sample	rho_d	rho_e	rho_w	rho_b
377	0.40215	0.294978	0.134659	0.0599053
