sample	rho_d	rho_e	rho_w	rho_b
998	0.0459744	0.190714	0.0944596	0.0717527
