sample	rho_d	rho_e	rho_w	rho_b
595	0.00372356	0.220116	0.354134	0.112242
