sample	rho_d	rho_e	rho_w	rho_b
474	0.458121	0.351416	0.0990423	0.145566
