sample	rho_d	rho_e	rho_w	rho_b
974	0.0219412	0.145874	0.0400692	0.045128
