sample	rho_d	rho_e	rho_w	rho_b
232	0.04646	0.22627	0.102218	0.145256
