sample	rho_d	rho_e	rho_w	rho_b
75	0.360907	0.32093	0.147909	0.0588586
