sample	rho_d	rho_e	rho_w	rho_b
196	0.289028	0.140853	0.101722	0.292836
