sample	rho_d	rho_e	rho_w	rho_b
303	0.0195612	0.16079	0.122377	0.13436
