sample	rho_d	rho_e	rho_w	rho_b
295	0.236249	0.148408	0.217279	0.0989816
