sample	rho_d	rho_e	rho_w	rho_b
257	0.000846577	0.316259	0.470411	0.0521088
