sample	rho_d	rho_e	rho_w	rho_b
818	0.0307333	0.360653	0.182223	0.0335933
