sample	rho_d	rho_e	rho_w	rho_b
490	0.123898	0.344262	0.310692	0.281227
