sample	rho_d	rho_e	rho_w	rho_b
44	0.260583	0.249578	0.108263	0.0906418
