sample	rho_d	rho_e	rho_w	rho_b
102	0.00122121	0.061557	0.261043	0.067399
