sample	rho_d	rho_e	rho_w	rho_b
238	0.143008	0.147769	0.0305732	0.337642
