sample	rho_d	rho_e	rho_w	rho_b
150	0.00215875	0.31817	0.0800611	0.0730822
