sample	rho_d	rho_e	rho_w	rho_b
833	0.0011663	0.190697	0.385332	0.188335
