sample	rho_d	rho_e	rho_w	rho_b
31	0.0582324	0.150067	0.153324	0.18505
