sample	rho_d	rho_e	rho_w	rho_b
367	0.071625	0.143246	0.120289	0.108079
