sample	rho_d	rho_e	rho_w	rho_b
100	0.00129403	0.275318	0.184418	0.0999029
