sample	rho_d	rho_e	rho_w	rho_b
477	0.0241639	0.293062	0.211348	0.0457361
