sample	rho_d	rho_e	rho_w	rho_b
654	0.148773	0.272431	0.0651872	0.179262
