sample	rho_d	rho_e	rho_w	rho_b
306	0.383437	0.244388	0.367119	0.0534844
