sample	rho_d	rho_e	rho_w	rho_b
197	0.0840458	0.195201	0.143448	0.170004
