sample	rho_d	rho_e	rho_w	rho_b
691	0.0173086	0.322524	0.0892928	0.0746851
