sample	rho_d	rho_e	rho_w	rho_b
134	0.110297	0.223488	0.0394246	0.114918
