sample	rho_d	rho_e	rho_w	rho_b
154	0.166086	0.199345	0.17147	0.0763349
