sample	rho_d	rho_e	rho_w	rho_b
311	0.161055	0.464831	0.0866955	0.0940544
