sample	rho_d	rho_e	rho_w	rho_b
87	5.93016e-05	0.140864	0.053233	0.196738
