sample	rho_d	rho_e	rho_w	rho_b
843	0.0432693	0.236391	0.140357	0.329585
