sample	rho_d	rho_e	rho_w	rho_b
344	0.153815	0.269733	0.231442	0.084465
