sample	rho_d	rho_e	rho_w	rho_b
394	0.0265391	0.220303	0.171867	0.193502
