sample	rho_d	rho_e	rho_w	rho_b
860	0.0846281	0.404671	0.249068	0.219228
