sample	rho_d	rho_e	rho_w	rho_b
32	0.00522328	0.227169	0.337941	0.177344
