sample	rho_d	rho_e	rho_w	rho_b
476	0.0657549	0.328733	0.117205	0.0405423
