sample	rho_d	rho_e	rho_w	rho_b
173	0.169491	0.290709	0.285752	0.201036
