sample	rho_d	rho_e	rho_w	rho_b
157	0.288454	0.232357	0.107364	0.0221331
