sample	rho_d	rho_e	rho_w	rho_b
46	0.20881	0.292908	0.165621	0.0613343
