sample	rho_d	rho_e	rho_w	rho_b
182	4.50734e-05	0.276534	0.154792	0.182517
