sample	rho_d	rho_e	rho_w	rho_b
610	0.176682	0.310857	0.424091	0.122373
