sample	rho_d	rho_e	rho_w	rho_b
258	0.0511682	0.270298	0.335205	0.133024
