sample	rho_d	rho_e	rho_w	rho_b
639	0.182545	0.327391	0.0869706	0.208019
