sample	rho_d	rho_e	rho_w	rho_b
284	0.214541	0.399545	0.0232139	0.172731
