sample	rho_d	rho_e	rho_w	rho_b
382	0.124887	0.211534	0.0544526	0.185735
