sample	rho_d	rho_e	rho_w	rho_b
123	0.0170847	0.205849	0.162931	0.164366
