sample	rho_d	rho_e	rho_w	rho_b
893	0.0679559	0.196427	0.0945607	0.126198
