sample	rho_d	rho_e	rho_w	rho_b
326	0.018748	0.171283	0.222375	0.0586479
