sample	rho_d	rho_e	rho_w	rho_b
322	0.0170524	0.336454	0.163933	0.279895
