sample	rho_d	rho_e	rho_w	rho_b
198	1.46979e-05	0.239904	0.0180444	0.379124
