sample	rho_d	rho_e	rho_w	rho_b
519	0.00282385	0.301392	0.149709	0.352512
