sample	rho_d	rho_e	rho_w	rho_b
99	0.329854	0.229072	0.183175	0.159186
