sample	rho_d	rho_e	rho_w	rho_b
788	0.000227069	0.288722	0.136282	0.0503596
