sample	rho_d	rho_e	rho_w	rho_b
568	0.0433204	0.135559	0.119018	0.152004
