sample	rho_d	rho_e	rho_w	rho_b
24	0.32147	0.417601	0.222793	0.280651
