sample	rho_d	rho_e	rho_w	rho_b
77	0.00789013	0.281416	0.203873	0.0688923
