sample	rho_d	rho_e	rho_w	rho_b
653	0.010378	0.0791888	0.0835289	0.149481
