sample	rho_d	rho_e	rho_w	rho_b
320	0.00643461	0.227329	0.0334133	0.366417
