sample	rho_d	rho_e	rho_w	rho_b
295	0.0345838	0.369061	0.107216	0.097283
