sample	rho_d	rho_e	rho_w	rho_b
6	0.00302362	0.27774	0.124405	0.206887
