sample	rho_d	rho_e	rho_w	rho_b
150	0.342876	0.182448	0.0276847	0.0749652
