sample	rho_d	rho_e	rho_w	rho_b
958	0.00189057	0.215623	0.132533	0.254347
