sample	rho_d	rho_e	rho_w	rho_b
139	5.37961e-05	0.217421	0.132035	0.123881
