sample	rho_d	rho_e	rho_w	rho_b
73	0.00615124	0.443463	0.0803182	0.127821
