sample	rho_d	rho_e	rho_w	rho_b
765	0.0313745	0.268095	0.32647	0.1257
