sample	rho_d	rho_e	rho_w	rho_b
328	0.356436	0.275577	0.213884	0.146
