sample	rho_d	rho_e	rho_w	rho_b
144	0.176707	0.269362	0.153413	0.0924725
