sample	rho_d	rho_e	rho_w	rho_b
865	0.000128645	0.283161	0.0489681	0.136704
