sample	rho_d	rho_e	rho_w	rho_b
82	0.461153	0.309358	0.0362733	0.188714
