sample	rho_d	rho_e	rho_w	rho_b
297	0.00581524	0.23124	0.238645	0.181635
