sample	rho_d	rho_e	rho_w	rho_b
1	0.157299	0.158654	0.393798	1.17429
