sample	rho_d	rho_e	rho_w	rho_b
616	0.0101391	0.360084	0.348493	0.0683545
