sample	rho_d	rho_e	rho_w	rho_b
357	0.000663663	0.300844	0.248683	0.0762539
