sample	rho_d	rho_e	rho_w	rho_b
56	0.281992	0.318473	0.224494	0.084284
