sample	rho_d	rho_e	rho_w	rho_b
909	0.001029	0.268724	0.222844	0.294397
