sample	rho_d	rho_e	rho_w	rho_b
386	0.00146707	0.210025	0.0919026	0.0292627
