sample	rho_d	rho_e	rho_w	rho_b
922	0.0519669	0.199786	0.20856	0.119642
