sample	rho_d	rho_e	rho_w	rho_b
576	0.0818041	0.384234	0.189465	0.0989892
