sample	rho_d	rho_e	rho_w	rho_b
124	2.27489e-06	0.359937	0.414665	0.152729
