sample	rho_d	rho_e	rho_w	rho_b
38	0.00254121	0.224233	0.0799876	0.267289
