sample	rho_d	rho_e	rho_w	rho_b
166	0.204158	0.270875	0.118094	0.120788
