sample	rho_d	rho_e	rho_w	rho_b
134	0.163406	0.187129	0.0622808	0.117505
