sample	rho_d	rho_e	rho_w	rho_b
663	0.185577	0.211045	0.153487	0.184004
