sample	rho_d	rho_e	rho_w	rho_b
434	0.00307795	0.088265	0.117949	0.0751856
