sample	rho_d	rho_e	rho_w	rho_b
360	0.182212	0.10865	0.102426	0.0368551
