sample	rho_d	rho_e	rho_w	rho_b
619	0.165506	0.426277	0.151316	0.370781
