sample	rho_d	rho_e	rho_w	rho_b
109	0.0740972	0.135466	0.0638499	0.108249
