sample	rho_d	rho_e	rho_w	rho_b
96	0.00224845	0.116072	0.102011	0.16529
