sample	rho_d	rho_e	rho_w	rho_b
957	0.0634711	0.143495	0.140954	0.0539826
