sample	rho_d	rho_e	rho_w	rho_b
720	0.00116644	0.151619	0.0490829	0.0622017
