sample	rho_d	rho_e	rho_w	rho_b
404	0.0141916	0.207874	0.0640205	0.127061
