sample	rho_d	rho_e	rho_w	rho_b
318	0.285161	0.142128	0.234003	0.115746
