sample	rho_d	rho_e	rho_w	rho_b
67	8.55031e-07	0.140131	0.216177	0.0789218
