sample	rho_d	rho_e	rho_w	rho_b
253	0.189252	0.30794	0.163173	0.163465
