sample	rho_d	rho_e	rho_w	rho_b
20	0.321061	0.182944	0.0444806	0.0745835
