sample	rho_d	rho_e	rho_w	rho_b
442	0.00930845	0.238807	0.187253	0.100533
