sample	rho_d	rho_e	rho_w	rho_b
638	0.00631159	0.185801	0.187933	0.0588588
