sample	rho_d	rho_e	rho_w	rho_b
308	0.105649	0.159303	0.211634	0.0185404
