sample	rho_d	rho_e	rho_w	rho_b
876	0.00124828	0.234572	0.264703	0.364987
