sample	rho_d	rho_e	rho_w	rho_b
728	0.0318681	0.148641	0.0739616	0.0884986
