sample	rho_d	rho_e	rho_w	rho_b
602	0.0122836	0.248626	0.117183	0.187459
