sample	rho_d	rho_e	rho_w	rho_b
212	0.351284	0.188382	0.169309	0.158662
