sample	rho_d	rho_e	rho_w	rho_b
126	0.261894	0.201414	0.0904671	0.11456
