sample	rho_d	rho_e	rho_w	rho_b
581	0.0279299	0.270582	0.0580009	0.133153
