sample	rho_d	rho_e	rho_w	rho_b
411	0.0275732	0.219725	0.0893344	0.147355
