sample	rho_d	rho_e	rho_w	rho_b
403	0.0674556	0.267725	0.218318	0.108299
