sample	rho_d	rho_e	rho_w	rho_b
82	0.0257477	0.119194	0.188714	0.18402
