sample	rho_d	rho_e	rho_w	rho_b
708	0.000425882	0.188684	0.0939957	0.0770014
