sample	rho_d	rho_e	rho_w	rho_b
133	0.0247006	0.380906	0.247294	0.214849
