sample	rho_d	rho_e	rho_w	rho_b
993	0.049438	0.353368	0.471829	0.0385399
