sample	rho_d	rho_e	rho_w	rho_b
828	0.0141903	0.192007	0.184033	0.109235
