sample	rho_d	rho_e	rho_w	rho_b
66	0.00038916	0.191738	0.152044	0.148301
