sample	rho_d	rho_e	rho_w	rho_b
45	0.284365	0.295679	0.0873757	0.252525
