sample	rho_d	rho_e	rho_w	rho_b
156	0.170582	0.189329	0.063798	0.192233
