sample	rho_d	rho_e	rho_w	rho_b
355	0.248685	0.221314	0.154373	0.0626285
