sample	rho_d	rho_e	rho_w	rho_b
417	0.0816631	0.165855	0.0692828	0.0813692
