sample	rho_d	rho_e	rho_w	rho_b
854	0.0352618	0.321169	0.133698	0.0894822
