sample	rho_d	rho_e	rho_w	rho_b
131	0.0451959	0.322157	0.1458	0.194222
