sample	rho_d	rho_e	rho_w	rho_b
539	0.00804685	0.277109	0.103074	0.106196
