sample	rho_d	rho_e	rho_w	rho_b
106	3.02577e-06	0.183447	0.139273	0.220271
