sample	rho_d	rho_e	rho_w	rho_b
807	0.000172152	0.234401	0.0760096	0.448673
