sample	rho_d	rho_e	rho_w	rho_b
87	0.00784075	0.297938	0.0715884	0.147447
