sample	rho_d	rho_e	rho_w	rho_b
158	0.15504	0.29256	0.112265	0.0860008
