sample	rho_d	rho_e	rho_w	rho_b
900	0.00029873	0.195257	0.123964	0.183384
