sample	rho_d	rho_e	rho_w	rho_b
716	0.401698	0.325153	0.183323	0.090388
