sample	rho_d	rho_e	rho_w	rho_b
834	0.0507415	0.142409	0.0722984	0.096178
