sample	rho_d	rho_e	rho_w	rho_b
269	0.304357	0.407965	0.109207	0.127302
