sample	rho_d	rho_e	rho_w	rho_b
399	0.133065	0.182424	0.143847	0.153971
