sample	rho_d	rho_e	rho_w	rho_b
756	0.00369388	0.167607	0.164265	0.189375
