sample	rho_d	rho_e	rho_w	rho_b
342	0.439586	0.249272	0.286939	0.0876829
