sample	rho_d	rho_e	rho_w	rho_b
240	0.00642624	0.285187	0.0911544	0.101618
