sample	rho_d	rho_e	rho_w	rho_b
103	0.425006	0.328079	0.116444	0.137639
