sample	rho_d	rho_e	rho_w	rho_b
464	0.0311204	0.1293	0.280145	0.156981
