sample	rho_d	rho_e	rho_w	rho_b
9	0.000338461	0.276732	0.104973	0.133405
