sample	rho_d	rho_e	rho_w	rho_b
461	0.00498723	0.241313	0.148334	0.0970858
