sample	rho_d	rho_e	rho_w	rho_b
111	1.61611e-05	0.216772	0.158463	0.158751
