sample	rho_d	rho_e	rho_w	rho_b
622	0.00179597	0.207789	0.317456	0.134725
