sample	rho_d	rho_e	rho_w	rho_b
647	0.0133307	0.0959086	0.0765386	0.138444
