sample	rho_d	rho_e	rho_w	rho_b
224	0.211385	0.21262	0.059276	0.116778
