sample	rho_d	rho_e	rho_w	rho_b
323	0.186595	0.136684	0.23204	0.0652545
