sample	rho_d	rho_e	rho_w	rho_b
94	0.0001068	0.0925537	0.215055	0.111228
