sample	rho_d	rho_e	rho_w	rho_b
50	0.150243	0.170551	0.0634287	0.112772
