sample	rho_d	rho_e	rho_w	rho_b
502	0.0985538	0.199335	0.0980915	0.180682
