sample	rho_d	rho_e	rho_w	rho_b
924	0.00175826	0.288142	0.0486712	0.0799768
