sample	rho_d	rho_e	rho_w	rho_b
529	0.00604853	0.414142	0.149502	0.108399
