sample	rho_d	rho_e	rho_w	rho_b
355	0.00136134	0.272558	0.207388	0.0972375
