sample	rho_d	rho_e	rho_w	rho_b
57	0.00243855	0.145289	0.181929	0.32552
