sample	rho_d	rho_e	rho_w	rho_b
104	0.174649	0.229326	0.0924149	0.0949863
