sample	rho_d	rho_e	rho_w	rho_b
63	4.92533e-06	0.324177	0.297043	0.0926698
