sample	rho_d	rho_e	rho_w	rho_b
59	0.0017361	0.304206	0.102229	0.089402
