sample	rho_d	rho_e	rho_w	rho_b
12	0.0374219	0.211591	0.16095	0.266477
