sample	rho_d	rho_e	rho_w	rho_b
83	0.129454	0.167948	0.0986199	0.0998562
