sample	rho_d	rho_e	rho_w	rho_b
90	0.258814	0.135402	0.0945258	0.0333667
