sample	rho_d	rho_e	rho_w	rho_b
216	0.192826	0.15964	0.216004	0.16043
