sample	rho_d	rho_e	rho_w	rho_b
251	0.210403	0.294775	0.186998	0.0636171
