sample	rho_d	rho_e	rho_w	rho_b
60	3.34457e-05	0.162456	0.218025	0.0923102
