sample	rho_d	rho_e	rho_w	rho_b
548	0.0124348	0.259975	0.075917	0.205615
