sample	rho_d	rho_e	rho_w	rho_b
774	0.10941	0.0703901	0.175854	0.0793047
