sample	rho_d	rho_e	rho_w	rho_b
157	0.203685	0.192054	0.103235	0.0459742
