sample	rho_d	rho_e	rho_w	rho_b
587	0.00305688	0.147751	0.422267	0.142258
