sample	rho_d	rho_e	rho_w	rho_b
197	0.120833	0.266687	0.13626	0.0463593
