sample	rho_d	rho_e	rho_w	rho_b
42	1.42028e-06	0.130756	0.115606	0.435606
