sample	rho_d	rho_e	rho_w	rho_b
241	0.327478	0.212708	0.231189	0.104592
