sample	rho_d	rho_e	rho_w	rho_b
384	0.131965	0.301692	0.346699	0.0734251
