sample	rho_d	rho_e	rho_w	rho_b
786	0.233598	0.284179	0.088356	0.14385
