sample	rho_d	rho_e	rho_w	rho_b
12	0.356584	0.151328	0.130701	0.120824
