sample	rho_d	rho_e	rho_w	rho_b
83	0.000660302	0.236097	0.0479248	0.18246
