sample	rho_d	rho_e	rho_w	rho_b
542	0.00974735	0.115245	0.0856915	0.337855
