sample	rho_d	rho_e	rho_w	rho_b
46	0.00965131	0.217258	0.186081	0.16871
