sample	rho_d	rho_e	rho_w	rho_b
635	0.0942424	0.231108	0.0857948	0.187452
