sample	rho_d	rho_e	rho_w	rho_b
508	0.341684	0.251074	0.0977127	0.276156
