sample	rho_d	rho_e	rho_w	rho_b
38	0.281353	0.400288	0.134507	0.150052
