sample	rho_d	rho_e	rho_w	rho_b
146	0.372758	0.31167	0.118893	0.209871
