sample	rho_d	rho_e	rho_w	rho_b
257	0.227119	0.301313	0.233648	0.150487
