sample	rho_d	rho_e	rho_w	rho_b
9	0.284859	0.344866	0.168047	0.384145
