sample	rho_d	rho_e	rho_w	rho_b
85	0.250305	0.229446	0.0905107	0.108272
