sample	rho_d	rho_e	rho_w	rho_b
136	0.0980353	0.106414	0.127883	0.0681078
