sample	rho_d	rho_e	rho_w	rho_b
910	0.0631002	0.268287	0.160285	0.182152
