sample	rho_d	rho_e	rho_w	rho_b
147	0.0185601	0.238167	0.104082	0.0421805
