sample	rho_d	rho_e	rho_w	rho_b
665	0.0204123	0.323594	0.055736	0.0664781
