sample	rho_d	rho_e	rho_w	rho_b
5	0.00134593	0.222638	0.0875053	0.195195
