sample	rho_d	rho_e	rho_w	rho_b
645	0.0877499	0.180081	0.0381836	0.0894822
