sample	rho_d	rho_e	rho_w	rho_b
385	0.203667	0.313924	0.0724407	0.0812497
