sample	rho_d	rho_e	rho_w	rho_b
52	0.341753	0.308032	0.307658	0.0362404
