sample	rho_d	rho_e	rho_w	rho_b
826	0.499682	0.117758	0.349908	0.181211
