sample	rho_d	rho_e	rho_w	rho_b
149	0.0106758	0.130015	0.209389	0.117587
