sample	rho_d	rho_e	rho_w	rho_b
767	6.37301e-05	0.231622	0.132904	0.0683656
