sample	rho_d	rho_e	rho_w	rho_b
59	0.000151742	0.142578	0.325713	0.116686
