sample	rho_d	rho_e	rho_w	rho_b
921	0.0415354	0.324092	0.041958	0.221514
