sample	rho_d	rho_e	rho_w	rho_b
390	0.0900126	0.217959	0.268199	0.0662028
