sample	rho_d	rho_e	rho_w	rho_b
409	0.00266797	0.167965	0.0995254	0.272073
