sample	rho_d	rho_e	rho_w	rho_b
965	0.378677	0.196237	0.220323	0.382672
