sample	rho_d	rho_e	rho_w	rho_b
618	0.0669343	0.200514	0.218519	0.101641
