sample	rho_d	rho_e	rho_w	rho_b
319	0.00559355	0.222831	0.112639	0.0457897
