sample	rho_d	rho_e	rho_w	rho_b
364	0.157958	0.15498	0.226079	0.0790773
