sample	rho_d	rho_e	rho_w	rho_b
605	0.0294997	0.247129	0.0636719	0.167512
