sample	rho_d	rho_e	rho_w	rho_b
359	0.0999553	0.139249	0.397949	0.0563174
