sample	rho_d	rho_e	rho_w	rho_b
743	0.00510087	0.125001	0.0986145	0.200975
