sample	rho_d	rho_e	rho_w	rho_b
66	0.245017	0.454627	0.151756	0.0648205
