sample	rho_d	rho_e	rho_w	rho_b
881	0.126614	0.183846	0.0873746	0.268085
