sample	rho_d	rho_e	rho_w	rho_b
479	0.0468434	0.261636	0.165318	0.198861
