sample	rho_d	rho_e	rho_w	rho_b
116	0.0202531	0.210765	0.0382808	0.0357975
