sample	rho_d	rho_e	rho_w	rho_b
48	0.101104	0.278978	0.256808	0.123897
