sample	rho_d	rho_e	rho_w	rho_b
394	0.361184	0.286378	0.0447725	0.103498
