sample	rho_d	rho_e	rho_w	rho_b
29	0.358317	0.19667	0.0632326	0.0642058
