sample	rho_d	rho_e	rho_w	rho_b
804	0.00756113	0.161132	0.246241	0.0883233
