sample	rho_d	rho_e	rho_w	rho_b
338	0.0285242	0.234518	0.0386206	0.109777
