sample	rho_d	rho_e	rho_w	rho_b
178	0.00572745	0.351486	0.0737435	0.349529
