sample	rho_d	rho_e	rho_w	rho_b
293	0.0866805	0.218886	0.143345	0.128023
