sample	rho_d	rho_e	rho_w	rho_b
270	0.35301	0.20266	0.063748	0.0972091
