sample	rho_d	rho_e	rho_w	rho_b
577	0.0140635	0.130177	0.066103	0.194256
