sample	rho_d	rho_e	rho_w	rho_b
27	0.320911	0.264297	0.0616294	0.097272
