sample	rho_d	rho_e	rho_w	rho_b
180	0.00349925	0.231887	0.0923254	0.120081
