sample	rho_d	rho_e	rho_w	rho_b
236	0.10915	0.165086	0.18238	0.112708
