sample	rho_d	rho_e	rho_w	rho_b
485	0.013468	0.184229	0.111222	0.159584
