sample	rho_d	rho_e	rho_w	rho_b
268	0.187924	0.2261	0.115739	0.150071
