sample	rho_d	rho_e	rho_w	rho_b
7	0.00056158	0.279335	0.199781	0.201944
