sample	rho_d	rho_e	rho_w	rho_b
339	0.211617	0.4049	0.200433	0.153227
