sample	rho_d	rho_e	rho_w	rho_b
152	0.206076	0.243883	0.0996853	0.0546364
