sample	rho_d	rho_e	rho_w	rho_b
509	0.27273	0.176804	0.0707951	0.113042
