sample	rho_d	rho_e	rho_w	rho_b
140	0.308429	0.321229	0.221629	0.558756
