sample	rho_d	rho_e	rho_w	rho_b
156	1.69145e-05	0.158594	0.192233	0.137089
