sample	rho_d	rho_e	rho_w	rho_b
203	0.265183	0.290139	0.117546	0.120148
