sample	rho_d	rho_e	rho_w	rho_b
558	0.221523	0.334833	0.0965386	0.140842
