sample	rho_d	rho_e	rho_w	rho_b
266	0.257922	0.243303	0.0589412	0.374991
