sample	rho_d	rho_e	rho_w	rho_b
370	0.249327	0.190136	0.355736	0.214538
