sample	rho_d	rho_e	rho_w	rho_b
341	0.284037	0.276812	0.194989	0.273376
