sample	rho_d	rho_e	rho_w	rho_b
184	0.224443	0.199485	0.225408	0.0759489
