sample	rho_d	rho_e	rho_w	rho_b
151	0.354685	0.36556	0.0974787	0.124311
