sample	rho_d	rho_e	rho_w	rho_b
904	0.121811	0.253705	0.135478	0.0926758
