sample	rho_d	rho_e	rho_w	rho_b
620	0.100932	0.329407	0.167149	0.260107
