sample	rho_d	rho_e	rho_w	rho_b
160	0.265097	0.385887	0.195743	0.214355
