sample	rho_d	rho_e	rho_w	rho_b
302	0.208377	0.125451	0.0894387	0.525441
