sample	rho_d	rho_e	rho_w	rho_b
535	0.00148112	0.180366	0.377174	0.14891
