sample	rho_d	rho_e	rho_w	rho_b
34	0.0386618	0.354414	0.217294	0.0386886
