sample	rho_d	rho_e	rho_w	rho_b
265	0.000902759	0.210772	0.0951673	0.0190088
