sample	rho_d	rho_e	rho_w	rho_b
762	0.0948462	0.23946	0.255565	0.356623
