sample	rho_d	rho_e	rho_w	rho_b
493	0.191324	0.176468	0.258622	0.118907
