sample	rho_d	rho_e	rho_w	rho_b
561	0.0329839	0.317536	0.0540976	0.188551
