sample	rho_d	rho_e	rho_w	rho_b
199	0.232922	0.3567	0.142247	0.150086
