sample	rho_d	rho_e	rho_w	rho_b
36	0.00121995	0.223452	0.151576	0.157799
