sample	rho_d	rho_e	rho_w	rho_b
312	0.196842	0.219374	0.077275	0.14844
