sample	rho_d	rho_e	rho_w	rho_b
363	0.36259	0.309396	0.0987529	0.286167
