sample	rho_d	rho_e	rho_w	rho_b
135	0.252636	0.203325	0.177737	0.0901498
