sample	rho_d	rho_e	rho_w	rho_b
183	0.183757	0.200574	0.0595717	0.0511745
