sample	rho_d	rho_e	rho_w	rho_b
847	0.393014	0.253647	0.0361781	0.160041
