sample	rho_d	rho_e	rho_w	rho_b
866	0.00277479	0.202996	0.0651551	0.170015
