sample	rho_d	rho_e	rho_w	rho_b
953	0.00818402	0.235401	0.0629944	0.25471
