sample	rho_d	rho_e	rho_w	rho_b
300	0.117259	0.286638	0.233266	0.159824
