sample	rho_d	rho_e	rho_w	rho_b
13	0.000485978	0.156878	0.0724505	0.170171
