sample	rho_d	rho_e	rho_w	rho_b
210	0.420106	0.220628	0.0729118	0.0448112
