sample	rho_d	rho_e	rho_w	rho_b
642	0.00389428	0.167362	0.141201	0.147663
