sample	rho_d	rho_e	rho_w	rho_b
978	0.0944325	0.209681	0.162362	0.210773
