sample	rho_d	rho_e	rho_w	rho_b
537	0.0573836	0.314962	0.167991	0.14031
