sample	rho_d	rho_e	rho_w	rho_b
484	0.0397009	0.16399	0.323204	0.179518
