sample	rho_d	rho_e	rho_w	rho_b
10	0.000367783	0.245813	0.109695	0.220254
