sample	rho_d	rho_e	rho_w	rho_b
356	0.0459397	0.150677	0.132054	0.254571
