sample	rho_d	rho_e	rho_w	rho_b
89	0.0239976	0.145211	0.177306	0.233381
