sample	rho_d	rho_e	rho_w	rho_b
689	0.00372109	0.440065	0.232081	0.199206
