sample	rho_d	rho_e	rho_w	rho_b
315	0.243216	0.414415	0.074468	0.102765
