sample	rho_d	rho_e	rho_w	rho_b
222	0.00451154	0.356034	0.231566	0.0762964
