sample	rho_d	rho_e	rho_w	rho_b
90	0.000385175	0.242329	0.225933	0.0283888
