sample	rho_d	rho_e	rho_w	rho_b
340	0.0238014	0.121979	0.0782813	0.0670635
