sample	rho_d	rho_e	rho_w	rho_b
254	0.357963	0.26876	0.0740854	0.400572
