sample	rho_d	rho_e	rho_w	rho_b
841	0.0378561	0.130458	0.0570145	0.112375
