sample	rho_d	rho_e	rho_w	rho_b
165	0.012432	0.173464	0.0748565	0.0960982
