sample	rho_d	rho_e	rho_w	rho_b
398	0.273682	0.236144	0.11107	0.0282905
