sample	rho_d	rho_e	rho_w	rho_b
258	0.386796	0.157948	0.0906301	0.183325
