sample	rho_d	rho_e	rho_w	rho_b
106	0.00666427	0.293515	0.0585912	0.0524008
