sample	rho_d	rho_e	rho_w	rho_b
5	0.170618	0.381893	0.0258266	1.00788
