sample	rho_d	rho_e	rho_w	rho_b
533	0.0654441	0.132036	0.176135	0.324192
