sample	rho_d	rho_e	rho_w	rho_b
578	0.0410798	0.231751	0.216584	0.224236
