sample	rho_d	rho_e	rho_w	rho_b
752	0.00473284	0.155038	0.143697	0.165708
