sample	rho_d	rho_e	rho_w	rho_b
58	0.000232578	0.252072	0.154898	0.302829
