sample	rho_d	rho_e	rho_w	rho_b
307	0.145979	0.318537	0.145927	0.247588
