sample	rho_d	rho_e	rho_w	rho_b
47	0.227692	0.291803	0.0668065	0.139451
