sample	rho_d	rho_e	rho_w	rho_b
346	0.0381656	0.368625	0.193858	0.0435239
