sample	rho_d	rho_e	rho_w	rho_b
945	0.0351472	0.273906	0.126434	0.028533
