sample	rho_d	rho_e	rho_w	rho_b
345	0.266913	0.188465	0.102519	0.175501
