sample	rho_d	rho_e	rho_w	rho_b
838	0.0209259	0.202633	0.0719926	0.135815
