sample	rho_d	rho_e	rho_w	rho_b
53	0.00251676	0.243209	0.322062	0.158778
