sample	rho_d	rho_e	rho_w	rho_b
776	0.00203313	0.238171	0.186486	0.133456
