sample	rho_d	rho_e	rho_w	rho_b
55	0.214852	0.19588	0.156783	0.144713
