sample	rho_d	rho_e	rho_w	rho_b
217	0.377361	0.137874	0.199706	0.0874758
