sample	rho_d	rho_e	rho_w	rho_b
980	0.0191938	0.193159	0.105531	0.116206
