sample	rho_d	rho_e	rho_w	rho_b
4	0.315762	0.159521	0.369266	0.959187
