sample	rho_d	rho_e	rho_w	rho_b
61	0.0108393	0.362645	0.220951	0.165531
