sample	rho_d	rho_e	rho_w	rho_b
491	0.139649	0.226169	0.0876232	0.0332187
