sample	rho_d	rho_e	rho_w	rho_b
323	0.028234	0.262936	0.080437	0.0789034
