sample	rho_d	rho_e	rho_w	rho_b
504	0.00767397	0.297934	0.111601	0.0674412
