sample	rho_d	rho_e	rho_w	rho_b
970	0.0413295	0.35837	0.215076	0.0903063
