sample	rho_d	rho_e	rho_w	rho_b
399	0.115578	0.196972	0.200368	0.100968
