sample	rho_d	rho_e	rho_w	rho_b
120	8.87892e-05	0.296603	0.0691581	0.188404
