sample	rho_d	rho_e	rho_w	rho_b
567	0.00193778	0.154664	0.164878	0.230698
