sample	rho_d	rho_e	rho_w	rho_b
298	0.0918655	0.248571	0.0819851	0.246517
