sample	rho_d	rho_e	rho_w	rho_b
213	0.120546	0.253856	0.0588461	0.155498
