sample	rho_d	rho_e	rho_w	rho_b
555	0.00296188	0.305123	0.246899	0.185451
