sample	rho_d	rho_e	rho_w	rho_b
21	0.392729	0.131606	0.325974	0.160787
