sample	rho_d	rho_e	rho_w	rho_b
146	1.71221e-05	0.224041	0.209871	0.164944
