sample	rho_d	rho_e	rho_w	rho_b
591	0.00371334	0.182954	0.132046	0.218821
