sample	rho_d	rho_e	rho_w	rho_b
640	0.119011	0.207221	0.313575	0.388171
