sample	rho_d	rho_e	rho_w	rho_b
11	0.28236	0.286848	0.0932431	0.148483
