sample	rho_d	rho_e	rho_w	rho_b
510	0.0673584	0.13639	0.100246	0.184552
