sample	rho_d	rho_e	rho_w	rho_b
334	0.0320011	0.278039	0.0321509	0.0568485
