sample	rho_d	rho_e	rho_w	rho_b
274	0.0667829	0.314087	0.141195	0.231219
