sample	rho_d	rho_e	rho_w	rho_b
195	0.192461	0.208853	0.0269257	0.0953654
