sample	rho_d	rho_e	rho_w	rho_b
880	4.5912e-05	0.252755	0.205324	0.185439
