sample	rho_d	rho_e	rho_w	rho_b
165	0.000373929	0.158514	0.202374	0.107763
