sample	rho_d	rho_e	rho_w	rho_b
188	0.00850198	0.255274	0.227097	0.389703
