sample	rho_d	rho_e	rho_w	rho_b
541	0.0375012	0.425087	0.327313	0.0887514
