sample	rho_d	rho_e	rho_w	rho_b
291	0.00102333	0.187359	0.110255	0.0735972
