sample	rho_d	rho_e	rho_w	rho_b
390	0.383949	0.204901	0.139243	0.103907
