sample	rho_d	rho_e	rho_w	rho_b
673	0.0389366	0.244693	0.0452581	0.126447
