sample	rho_d	rho_e	rho_w	rho_b
897	0.106752	0.202417	0.0873656	0.299992
