sample	rho_d	rho_e	rho_w	rho_b
468	0.00501378	0.187208	0.347494	0.0771761
