sample	rho_d	rho_e	rho_w	rho_b
309	0.0306308	0.470084	0.0541276	0.176523
