sample	rho_d	rho_e	rho_w	rho_b
95	0.00110853	0.233012	0.488583	0.163301
