sample	rho_d	rho_e	rho_w	rho_b
962	0.0481718	0.192774	0.146138	0.267752
