sample	rho_d	rho_e	rho_w	rho_b
335	0.390829	0.266201	0.090123	0.0385807
