sample	rho_d	rho_e	rho_w	rho_b
39	0.254873	0.250592	0.14391	0.143776
