sample	rho_d	rho_e	rho_w	rho_b
329	0.00158181	0.263621	0.144832	0.058951
