sample	rho_d	rho_e	rho_w	rho_b
202	0.0177236	0.280151	0.124727	0.239977
