sample	rho_d	rho_e	rho_w	rho_b
209	0.00212477	0.154768	0.142708	0.299096
