sample	rho_d	rho_e	rho_w	rho_b
711	0.178432	0.410536	0.0809135	0.124111
