sample	rho_d	rho_e	rho_w	rho_b
994	0.010059	0.28425	0.282606	0.218314
