sample	rho_d	rho_e	rho_w	rho_b
114	0.0026423	0.117349	0.187008	0.0903632
