sample	rho_d	rho_e	rho_w	rho_b
991	0.00304104	0.306418	0.300905	0.214751
