sample	rho_d	rho_e	rho_w	rho_b
744	0.00953059	0.323875	0.154715	0.245313
