sample	rho_d	rho_e	rho_w	rho_b
968	0.000502662	0.219667	0.125011	0.0490152
