sample	rho_d	rho_e	rho_w	rho_b
74	8.15514e-05	0.347443	0.115947	0.503673
