sample	rho_d	rho_e	rho_w	rho_b
262	0.0158346	0.248525	0.0872531	0.0285111
