sample	rho_d	rho_e	rho_w	rho_b
100	0.147218	0.262678	0.125146	0.0922061
