sample	rho_d	rho_e	rho_w	rho_b
934	0.0873784	0.422501	0.106942	0.0812078
