sample	rho_d	rho_e	rho_w	rho_b
852	0.00278354	0.305975	0.140469	0.104348
