sample	rho_d	rho_e	rho_w	rho_b
9	0.17601	0.232185	0.111684	0.125202
