sample	rho_d	rho_e	rho_w	rho_b
401	0.0325881	0.441698	0.123533	0.0753052
