sample	rho_d	rho_e	rho_w	rho_b
553	0.0315804	0.199255	0.106126	0.141405
