sample	rho_d	rho_e	rho_w	rho_b
705	0.0268637	0.146399	0.23559	0.094126
