sample	rho_d	rho_e	rho_w	rho_b
70	0.00377943	0.259948	0.185648	0.123199
