sample	rho_d	rho_e	rho_w	rho_b
589	0.0514537	0.187448	0.193264	0.119281
