sample	rho_d	rho_e	rho_w	rho_b
445	0.000604971	0.257057	0.0693287	0.124621
