sample	rho_d	rho_e	rho_w	rho_b
995	0.0178603	0.285916	0.106864	0.103606
