sample	rho_d	rho_e	rho_w	rho_b
668	0.00324985	0.200449	0.120251	0.26749
