sample	rho_d	rho_e	rho_w	rho_b
397	0.337948	0.40867	0.116071	0.0934943
