sample	rho_d	rho_e	rho_w	rho_b
71	0.046997	0.38148	0.0883675	0.184018
