sample	rho_d	rho_e	rho_w	rho_b
106	0.174324	0.0966836	0.132141	0.155576
