sample	rho_d	rho_e	rho_w	rho_b
294	0.00025073	0.183102	0.213612	0.1767
