sample	rho_d	rho_e	rho_w	rho_b
557	0.133591	0.219922	0.241927	0.076095
