sample	rho_d	rho_e	rho_w	rho_b
927	0.124104	0.18184	0.202317	0.115896
