sample	rho_d	rho_e	rho_w	rho_b
378	0.311888	0.18892	0.212578	0.525624
