sample	rho_d	rho_e	rho_w	rho_b
267	0.183645	0.179647	0.0281324	0.136884
