sample	rho_d	rho_e	rho_w	rho_b
328	0.0140042	0.123473	0.149366	0.0836624
