sample	rho_d	rho_e	rho_w	rho_b
322	0.341278	0.148437	0.0562671	0.145959
