sample	rho_d	rho_e	rho_w	rho_b
160	0.0619445	0.225378	0.151141	0.0950755
