sample	rho_d	rho_e	rho_w	rho_b
19	0.026754	0.238667	0.325833	0.146545
