sample	rho_d	rho_e	rho_w	rho_b
366	0.000637913	0.430077	0.127392	0.0826958
