sample	rho_d	rho_e	rho_w	rho_b
455	0.0019124	0.160857	0.206629	0.159746
