sample	rho_d	rho_e	rho_w	rho_b
230	0.00426394	0.260261	0.151362	0.17822
