sample	rho_d	rho_e	rho_w	rho_b
25	3.71721e-05	0.236204	0.0361394	0.174939
