sample	rho_d	rho_e	rho_w	rho_b
62	0.0199849	0.215042	0.131081	0.0446405
