sample	rho_d	rho_e	rho_w	rho_b
842	0.107345	0.194477	0.106216	0.0889332
