sample	rho_d	rho_e	rho_w	rho_b
371	0.000687441	0.338244	0.123396	0.0832037
