sample	rho_d	rho_e	rho_w	rho_b
412	0.0258531	0.387513	0.0985406	0.100482
