sample	rho_d	rho_e	rho_w	rho_b
267	0.00863017	0.275382	0.163046	0.0569934
