sample	rho_d	rho_e	rho_w	rho_b
387	0.328611	0.215782	0.314273	0.1493
