sample	rho_d	rho_e	rho_w	rho_b
631	0.00325406	0.296665	0.235008	0.212677
