sample	rho_d	rho_e	rho_w	rho_b
944	0.0534051	0.187955	0.384421	0.104376
