sample	rho_d	rho_e	rho_w	rho_b
452	0.00295922	0.174606	0.113703	0.257652
