sample	rho_d	rho_e	rho_w	rho_b
42	0.00113628	0.246802	0.0734473	0.170062
