sample	rho_d	rho_e	rho_w	rho_b
369	0.19003	0.312341	0.142861	0.266279
