sample	rho_d	rho_e	rho_w	rho_b
146	0.0168224	0.263453	0.16516	0.116966
