sample	rho_d	rho_e	rho_w	rho_b
454	0.0293565	0.203827	0.173877	0.12584
