sample	rho_d	rho_e	rho_w	rho_b
181	0.0332159	0.292792	0.209777	0.131323
