sample	rho_d	rho_e	rho_w	rho_b
365	0.0206425	0.180434	0.128132	0.343953
