sample	rho_d	rho_e	rho_w	rho_b
259	0.00324518	0.136904	0.192672	0.17205
