sample	rho_d	rho_e	rho_w	rho_b
370	0.00942886	0.284361	0.256699	0.0931344
