sample	rho_d	rho_e	rho_w	rho_b
138	0.129612	0.254758	0.235537	0.0944084
