sample	rho_d	rho_e	rho_w	rho_b
710	0.0120607	0.176026	0.0798533	0.0964429
