sample	rho_d	rho_e	rho_w	rho_b
250	9.61046e-05	0.259051	0.190377	0.126146
