sample	rho_d	rho_e	rho_w	rho_b
72	0.140815	0.180755	0.169566	0.198193
