sample	rho_d	rho_e	rho_w	rho_b
598	0.0399717	0.249086	0.280659	0.341513
