sample	rho_d	rho_e	rho_w	rho_b
764	0.0258114	0.249506	0.348343	0.107846
