sample	rho_d	rho_e	rho_w	rho_b
368	0.0899641	0.213608	0.146699	0.0665296
