sample	rho_d	rho_e	rho_w	rho_b
685	0.00868149	0.21098	0.0707995	0.195964
