sample	rho_d	rho_e	rho_w	rho_b
413	0.062894	0.130108	0.178116	0.091584
