sample	rho_d	rho_e	rho_w	rho_b
740	0.0100669	0.393244	0.0456252	0.0827159
