sample	rho_d	rho_e	rho_w	rho_b
64	0.00730767	0.245137	0.0666583	0.179552
