sample	rho_d	rho_e	rho_w	rho_b
179	0.297266	0.362494	0.0798686	0.132916
