sample	rho_d	rho_e	rho_w	rho_b
431	0.00788587	0.366755	0.131678	0.0987273
