sample	rho_d	rho_e	rho_w	rho_b
19	0.241375	0.285836	0.38335	0.207213
