sample	rho_d	rho_e	rho_w	rho_b
606	0.0306447	0.196242	0.0270399	0.0695662
