sample	rho_d	rho_e	rho_w	rho_b
262	0.276517	0.430894	0.331771	0.117969
