sample	rho_d	rho_e	rho_w	rho_b
148	0.388498	0.180622	0.2794	0.20684
