sample	rho_d	rho_e	rho_w	rho_b
155	0.000142181	0.424452	0.163911	0.287022
