sample	rho_d	rho_e	rho_w	rho_b
97	0.158548	0.253396	0.0804326	0.169619
