sample	rho_d	rho_e	rho_w	rho_b
884	0.000280963	0.208859	0.131161	0.128771
