sample	rho_d	rho_e	rho_w	rho_b
279	0.371589	0.240281	0.0847057	0.146946
