sample	rho_d	rho_e	rho_w	rho_b
566	0.00151609	0.18009	0.0144182	0.198225
