sample	rho_d	rho_e	rho_w	rho_b
415	0.023456	0.230312	0.142639	0.26943
