sample	rho_d	rho_e	rho_w	rho_b
77	0.0026272	0.165162	0.124818	0.089952
