sample	rho_d	rho_e	rho_w	rho_b
177	0.0134848	0.263234	0.0679844	0.0636028
