sample	rho_d	rho_e	rho_w	rho_b
102	0.205115	0.573064	0.154554	0.127427
