sample	rho_d	rho_e	rho_w	rho_b
181	0.227986	0.265934	0.101989	0.0844034
