sample	rho_d	rho_e	rho_w	rho_b
249	0.0908113	0.253192	0.221779	0.304335
