sample	rho_d	rho_e	rho_w	rho_b
489	0.000503005	0.231646	0.136202	0.391681
