sample	rho_d	rho_e	rho_w	rho_b
302	0.13383	0.319239	0.205067	0.0373477
