sample	rho_d	rho_e	rho_w	rho_b
483	0.00013397	0.29807	0.295384	0.162626
