sample	rho_d	rho_e	rho_w	rho_b
988	0.00507272	0.192124	0.0740905	0.176502
