sample	rho_d	rho_e	rho_w	rho_b
396	0.148113	0.421338	0.049569	0.171998
