sample	rho_d	rho_e	rho_w	rho_b
352	0.560886	0.256643	0.117338	0.067759
