sample	rho_d	rho_e	rho_w	rho_b
18	0.0323877	0.214486	0.158541	0.192291
