sample	rho_d	rho_e	rho_w	rho_b
169	3.13548e-05	0.22129	0.038508	0.092891
