sample	rho_d	rho_e	rho_w	rho_b
534	0.0813048	0.216123	0.119344	0.115334
