sample	rho_d	rho_e	rho_w	rho_b
321	0.00125282	0.174099	0.0416745	0.0430025
