sample	rho_d	rho_e	rho_w	rho_b
393	0.00013112	0.370604	0.0991693	0.0549553
