sample	rho_d	rho_e	rho_w	rho_b
120	0.0646299	0.222905	0.161475	0.132826
