sample	rho_d	rho_e	rho_w	rho_b
256	0.00753185	0.103114	0.193644	0.0869137
