sample	rho_d	rho_e	rho_w	rho_b
169	0.148978	0.271496	0.100425	0.125934
