sample	rho_d	rho_e	rho_w	rho_b
325	0.153359	0.166398	0.201821	0.0429995
