sample	rho_d	rho_e	rho_w	rho_b
316	0.170063	0.265487	0.0750872	0.267601
