sample	rho_d	rho_e	rho_w	rho_b
353	0.195757	0.177645	0.0464353	0.579742
