sample	rho_d	rho_e	rho_w	rho_b
582	0.00911384	0.382095	0.0536094	0.213984
