sample	rho_d	rho_e	rho_w	rho_b
441	0.108006	0.191899	0.0372324	0.111424
