sample	rho_d	rho_e	rho_w	rho_b
314	0.32398	0.311298	0.282277	0.026087
