sample	rho_d	rho_e	rho_w	rho_b
276	0.319205	0.180309	0.103379	0.288704
