sample	rho_d	rho_e	rho_w	rho_b
28	0.0553563	0.232432	0.137195	0.188807
