sample	rho_d	rho_e	rho_w	rho_b
571	0.140252	0.245058	0.251212	0.261131
