sample	rho_d	rho_e	rho_w	rho_b
39	0.0373963	0.303222	0.128518	0.17063
