sample	rho_d	rho_e	rho_w	rho_b
426	0.0485342	0.206592	0.336764	0.11198
