sample	rho_d	rho_e	rho_w	rho_b
709	0.148991	0.29998	0.288601	0.0452702
