sample	rho_d	rho_e	rho_w	rho_b
878	0.0175978	0.11176	0.243336	0.093393
