sample	rho_d	rho_e	rho_w	rho_b
525	0.022578	0.253214	0.118261	0.0478293
