sample	rho_d	rho_e	rho_w	rho_b
422	0.0179601	0.256025	0.162553	0.123025
