sample	rho_d	rho_e	rho_w	rho_b
463	0.00537453	0.30327	0.211588	0.074512
