sample	rho_d	rho_e	rho_w	rho_b
714	0.957223	0.326162	0.0957643	0.0898205
