sample	rho_d	rho_e	rho_w	rho_b
449	0.000679849	0.295787	0.0717765	0.16355
