sample	rho_d	rho_e	rho_w	rho_b
333	0.00717505	0.298079	0.0251288	0.105021
