sample	rho_d	rho_e	rho_w	rho_b
78	4.2786e-06	0.462085	0.195766	0.239292
