sample	rho_d	rho_e	rho_w	rho_b
531	0.22578	0.260387	0.275493	0.161047
