sample	rho_d	rho_e	rho_w	rho_b
219	0.0459814	0.248796	0.0839481	0.249938
