sample	rho_d	rho_e	rho_w	rho_b
170	0.0022845	0.201109	0.177472	0.154543
