sample	rho_d	rho_e	rho_w	rho_b
688	0.0907411	0.154406	0.296014	0.348256
