sample	rho_d	rho_e	rho_w	rho_b
780	0.0441871	0.225791	0.171606	0.144736
