sample	rho_d	rho_e	rho_w	rho_b
361	0.242648	0.154749	0.183289	0.212413
