sample	rho_d	rho_e	rho_w	rho_b
850	0.0582596	0.315994	0.195781	0.119308
