sample	rho_d	rho_e	rho_w	rho_b
166	1.94443e-06	0.223166	0.120788	0.122226
