sample	rho_d	rho_e	rho_w	rho_b
107	0.282269	0.216536	0.0730202	0.0467457
