sample	rho_d	rho_e	rho_w	rho_b
153	0.00986374	0.359559	0.165083	0.276124
