sample	rho_d	rho_e	rho_w	rho_b
123	0.187231	0.253446	0.300328	0.114357
