sample	rho_d	rho_e	rho_w	rho_b
58	0.372554	0.299485	0.145258	0.154898
