sample	rho_d	rho_e	rho_w	rho_b
65	0.147705	0.21538	0.204006	0.125827
