sample	rho_d	rho_e	rho_w	rho_b
101	0.264988	0.22356	0.0752265	0.236949
