sample	rho_d	rho_e	rho_w	rho_b
869	0.0648315	0.210785	0.322433	0.138692
