sample	rho_d	rho_e	rho_w	rho_b
235	0.233565	0.14413	0.0448904	0.0685262
