sample	rho_d	rho_e	rho_w	rho_b
361	0.277459	0.275629	0.212413	0.0577779
