sample	rho_d	rho_e	rho_w	rho_b
594	0.037463	0.359651	0.0822152	0.0354072
