sample	rho_d	rho_e	rho_w	rho_b
853	0.0107819	0.455484	0.146269	0.0805765
