sample	rho_d	rho_e	rho_w	rho_b
913	0.00585005	0.230975	0.073135	0.150582
