sample	rho_d	rho_e	rho_w	rho_b
781	0.00841904	0.196972	0.0392222	0.144831
