sample	rho_d	rho_e	rho_w	rho_b
68	0.0837084	0.267063	0.30751	0.164263
