sample	rho_d	rho_e	rho_w	rho_b
221	0.454189	0.192205	0.167868	0.509792
