sample	rho_d	rho_e	rho_w	rho_b
107	0.00113727	0.26438	0.0754894	0.0660532
