sample	rho_d	rho_e	rho_w	rho_b
50	0.0357424	0.270348	0.265495	0.356458
