sample	rho_d	rho_e	rho_w	rho_b
530	0.0887537	0.361451	0.107404	0.238939
