sample	rho_d	rho_e	rho_w	rho_b
92	0.0687149	0.232601	0.134598	0.152302
