sample	rho_d	rho_e	rho_w	rho_b
292	0.200256	0.293279	0.20023	0.0618912
