sample	rho_d	rho_e	rho_w	rho_b
766	0.00365165	0.195497	0.246421	0.118563
