sample	rho_d	rho_e	rho_w	rho_b
41	0.00336953	0.113965	0.288692	0.0384208
