sample	rho_d	rho_e	rho_w	rho_b
690	0.0104827	0.266642	0.06113	0.107762
