sample	rho_d	rho_e	rho_w	rho_b
634	0.0804975	0.1707	0.112192	0.12792
