sample	rho_d	rho_e	rho_w	rho_b
78	0.300411	0.226505	0.179564	0.10115
