sample	rho_d	rho_e	rho_w	rho_b
205	0.0293799	0.245511	0.121881	0.213401
