sample	rho_d	rho_e	rho_w	rho_b
175	0.212787	0.28955	0.0820419	0.0479268
