sample	rho_d	rho_e	rho_w	rho_b
424	0.00121836	0.165815	0.100873	0.0887333
