sample	rho_d	rho_e	rho_w	rho_b
297	0.282197	0.206825	0.206731	0.0439461
