sample	rho_d	rho_e	rho_w	rho_b
131	0.000219986	0.201911	0.121647	0.0478484
