sample	rho_d	rho_e	rho_w	rho_b
189	0.000118599	0.216642	0.145873	0.151765
