sample	rho_d	rho_e	rho_w	rho_b
208	0.133367	0.314091	0.176076	0.0624043
