sample	rho_d	rho_e	rho_w	rho_b
221	0.4655	0.139332	0.161002	0.259802
