sample	rho_d	rho_e	rho_w	rho_b
698	0.00966249	0.266501	0.231916	0.132088
