sample	rho_d	rho_e	rho_w	rho_b
350	0.481822	0.179722	0.164378	0.166874
