sample	rho_d	rho_e	rho_w	rho_b
220	0.0739097	0.275856	0.190787	0.16614
