sample	rho_d	rho_e	rho_w	rho_b
8	0.252075	0.196224	0.172304	0.0310962
