sample	rho_d	rho_e	rho_w	rho_b
329	0.266638	0.412622	0.199518	0.208734
