sample	rho_d	rho_e	rho_w	rho_b
229	0.136909	0.17631	0.1633	0.0838855
