sample	rho_d	rho_e	rho_w	rho_b
93	0.000211288	0.149666	0.207761	0.256357
