sample	rho_d	rho_e	rho_w	rho_b
514	0.195051	0.165647	0.139726	0.108632
