sample	rho_d	rho_e	rho_w	rho_b
613	0.842275	0.302723	0.166311	0.0612887
