sample	rho_d	rho_e	rho_w	rho_b
234	0.0126293	0.451284	0.0991612	0.0935036
