sample	rho_d	rho_e	rho_w	rho_b
105	2.48489e-06	0.234306	0.131661	0.137962
