sample	rho_d	rho_e	rho_w	rho_b
636	0.0326884	0.246055	0.198887	0.177467
