sample	rho_d	rho_e	rho_w	rho_b
231	0.234482	0.247101	0.0563783	0.156526
