sample	rho_d	rho_e	rho_w	rho_b
305	0.259141	0.255428	0.18424	0.0342333
