sample	rho_d	rho_e	rho_w	rho_b
252	0.341913	0.344769	0.118329	0.0757296
