sample	rho_d	rho_e	rho_w	rho_b
497	0.0314801	0.367832	0.195796	0.157318
