sample	rho_d	rho_e	rho_w	rho_b
288	0.122563	0.160154	0.163296	0.316813
