sample	rho_d	rho_e	rho_w	rho_b
148	0.0744272	0.37876	0.20684	0.0723773
