sample	rho_d	rho_e	rho_w	rho_b
797	0.00971375	0.480943	0.0446084	0.0871016
