sample	rho_d	rho_e	rho_w	rho_b
304	0.0675834	0.277437	0.0694356	0.0565289
