sample	rho_d	rho_e	rho_w	rho_b
287	0.196232	0.182862	0.110708	0.150049
