sample	rho_d	rho_e	rho_w	rho_b
498	0.0304621	0.228897	0.100739	0.102716
