sample	rho_d	rho_e	rho_w	rho_b
273	0.0412465	0.169867	0.145916	0.149976
