sample	rho_d	rho_e	rho_w	rho_b
410	0.00202137	0.301784	0.240861	0.124358
