sample	rho_d	rho_e	rho_w	rho_b
116	0.237561	0.201854	0.080093	0.142269
