sample	rho_d	rho_e	rho_w	rho_b
511	0.0701378	0.195606	0.127789	0.249861
