sample	rho_d	rho_e	rho_w	rho_b
175	0.00309948	0.28589	0.119649	0.119945
