sample	rho_d	rho_e	rho_w	rho_b
261	0.0123378	0.267553	0.133719	0.0799686
