sample	rho_d	rho_e	rho_w	rho_b
368	0.36159	0.280805	0.452533	0.237751
