sample	rho_d	rho_e	rho_w	rho_b
211	0.199437	0.189049	0.399816	0.0699149
