sample	rho_d	rho_e	rho_w	rho_b
362	0.519957	0.236292	0.0347935	0.0448369
