sample	rho_d	rho_e	rho_w	rho_b
3	0.00276894	0.542419	0.171412	0.0435258
