sample	rho_d	rho_e	rho_w	rho_b
232	0.4553	0.30416	0.0447143	0.245494
