sample	rho_d	rho_e	rho_w	rho_b
3	0.183769	0.232285	0.162791	0.0895834
