sample	rho_d	rho_e	rho_w	rho_b
207	0.293164	0.192458	0.0376476	0.124033
