sample	rho_d	rho_e	rho_w	rho_b
105	0.00746243	0.407907	0.125474	0.156635
