sample	rho_d	rho_e	rho_w	rho_b
646	0.018486	0.191147	0.198346	0.203596
