sample	rho_d	rho_e	rho_w	rho_b
420	0.114284	0.362851	0.233641	0.174645
