sample	rho_d	rho_e	rho_w	rho_b
809	0.0879034	0.120185	0.204619	0.136204
