sample	rho_d	rho_e	rho_w	rho_b
830	0.0386061	0.241903	0.278751	0.166433
