sample	rho_d	rho_e	rho_w	rho_b
381	0.459161	0.108992	0.146111	0.135176
