sample	rho_d	rho_e	rho_w	rho_b
505	0.00447791	0.133614	0.0470274	0.111848
