sample	rho_d	rho_e	rho_w	rho_b
775	0.103915	0.130299	0.144104	0.0921102
