sample	rho_d	rho_e	rho_w	rho_b
16	0.00583294	0.178088	0.160264	0.103189
