sample	rho_d	rho_e	rho_w	rho_b
551	0.10948	0.213762	0.0290339	0.269302
