sample	rho_d	rho_e	rho_w	rho_b
21	0.000284188	0.183285	0.195268	0.232538
