sample	rho_d	rho_e	rho_w	rho_b
188	0.287959	0.294621	0.097488	0.130681
