sample	rho_d	rho_e	rho_w	rho_b
480	0.00849272	0.381897	0.230333	0.114021
