sample	rho_d	rho_e	rho_w	rho_b
903	0.000251014	0.277835	0.189122	0.0831996
