sample	rho_d	rho_e	rho_w	rho_b
667	0.00211497	0.283132	0.150066	0.189708
