sample	rho_d	rho_e	rho_w	rho_b
601	0.0505405	0.159221	0.0840566	0.164085
