sample	rho_d	rho_e	rho_w	rho_b
271	0.0790002	0.10841	0.100286	0.0763618
