sample	rho_d	rho_e	rho_w	rho_b
171	0.0118344	0.180341	0.101939	0.12813
