sample	rho_d	rho_e	rho_w	rho_b
661	0.0429077	0.339963	0.0950969	0.12592
