sample	rho_d	rho_e	rho_w	rho_b
280	0.342541	0.267967	0.167977	0.099589
