sample	rho_d	rho_e	rho_w	rho_b
113	0.0102047	0.385898	0.100525	0.136381
