sample	rho_d	rho_e	rho_w	rho_b
400	0.267333	0.123533	0.103815	0.170529
