sample	rho_d	rho_e	rho_w	rho_b
66	0.184259	0.243176	0.171007	0.0584592
