sample	rho_d	rho_e	rho_w	rho_b
706	0.0564221	0.459239	0.0549291	0.0701882
