sample	rho_d	rho_e	rho_w	rho_b
194	0.014509	0.296358	0.117446	0.0535119
