sample	rho_d	rho_e	rho_w	rho_b
174	2.01883e-07	0.24227	0.146331	0.157579
