sample	rho_d	rho_e	rho_w	rho_b
827	0.00027249	0.236887	0.269341	0.125987
