sample	rho_d	rho_e	rho_w	rho_b
825	0.0330784	0.466036	0.0392927	0.0825664
