sample	rho_d	rho_e	rho_w	rho_b
575	0.0125218	0.099608	0.104823	0.100916
