sample	rho_d	rho_e	rho_w	rho_b
317	0.234993	0.253134	0.146904	0.0647272
