sample	rho_d	rho_e	rho_w	rho_b
354	0.295385	0.465412	0.0488957	0.251886
