sample	rho_d	rho_e	rho_w	rho_b
670	0.0665923	0.169184	0.193414	0.263434
