sample	rho_d	rho_e	rho_w	rho_b
870	0.00288195	0.246879	0.259128	0.065641
