sample	rho_d	rho_e	rho_w	rho_b
94	0.124169	0.159879	0.110995	0.0424469
