sample	rho_d	rho_e	rho_w	rho_b
102	0.000498913	0.122522	0.155218	0.108407
