sample	rho_d	rho_e	rho_w	rho_b
761	0.121297	0.236422	0.0649213	0.539107
