sample	rho_d	rho_e	rho_w	rho_b
278	0.130491	0.329422	0.0644309	0.0900575
