sample	rho_d	rho_e	rho_w	rho_b
676	0.0799598	0.243668	0.253689	0.207078
