sample	rho_d	rho_e	rho_w	rho_b
343	0.176694	0.164706	0.0954593	0.169211
