sample	rho_d	rho_e	rho_w	rho_b
469	0.0214447	0.339208	0.137911	0.0845985
