sample	rho_d	rho_e	rho_w	rho_b
314	0.00484466	0.259736	0.0862515	0.040882
