sample	rho_d	rho_e	rho_w	rho_b
590	0.0433798	0.320141	0.258816	0.138175
