sample	rho_d	rho_e	rho_w	rho_b
406	0.00991184	0.28485	0.147772	0.489529
