sample	rho_d	rho_e	rho_w	rho_b
294	0.404079	0.447262	0.201808	0.133658
