sample	rho_d	rho_e	rho_w	rho_b
336	0.0315655	0.31713	0.117344	0.228516
