sample	rho_d	rho_e	rho_w	rho_b
495	0.0263347	0.377524	0.0429555	0.0768413
