sample	rho_d	rho_e	rho_w	rho_b
882	0.0278308	0.178082	0.171601	0.263019
