sample	rho_d	rho_e	rho_w	rho_b
195	0.00642855	0.160907	0.28845	0.163704
