sample	rho_d	rho_e	rho_w	rho_b
655	0.0439049	0.203917	0.0298544	0.0543215
