sample	rho_d	rho_e	rho_w	rho_b
33	0.11733	0.197811	0.127576	0.132209
