sample	rho_d	rho_e	rho_w	rho_b
435	0.0157607	0.272407	0.0824318	0.144928
