sample	rho_d	rho_e	rho_w	rho_b
416	0.0354643	0.264062	0.114124	0.245705
