sample	rho_d	rho_e	rho_w	rho_b
362	0.259278	0.0659533	0.0534851	0.130735
