sample	rho_d	rho_e	rho_w	rho_b
103	0.0135805	0.270469	0.0551353	0.132352
