sample	rho_d	rho_e	rho_w	rho_b
941	0.00572889	0.393471	0.110844	0.18098
