sample	rho_d	rho_e	rho_w	rho_b
13	0.0922457	0.193817	0.0624983	0.0724505
