sample	rho_d	rho_e	rho_w	rho_b
844	0.181062	0.268264	0.0999625	0.181519
