sample	rho_d	rho_e	rho_w	rho_b
812	0.172945	0.220024	0.236907	0.255313
