sample	rho_d	rho_e	rho_w	rho_b
37	0.00979676	0.131919	0.141704	0.0711525
