sample	rho_d	rho_e	rho_w	rho_b
12	0.00157117	0.240697	0.22859	0.0699129
