sample	rho_d	rho_e	rho_w	rho_b
545	0.039165	0.350983	0.281411	0.154542
