sample	rho_d	rho_e	rho_w	rho_b
448	0.132061	0.263324	0.271122	0.164123
