sample	rho_d	rho_e	rho_w	rho_b
402	0.251832	0.125562	0.148964	0.0136654
