sample	rho_d	rho_e	rho_w	rho_b
787	0.0816256	0.275074	0.232206	0.26835
