sample	rho_d	rho_e	rho_w	rho_b
114	0.185166	0.31198	0.0488924	0.079729
