sample	rho_d	rho_e	rho_w	rho_b
101	0.221449	0.278875	0.0422887	0.137619
