sample	rho_d	rho_e	rho_w	rho_b
683	0.0828002	0.175513	0.240353	0.132231
