sample	rho_d	rho_e	rho_w	rho_b
488	0.00152083	0.442999	0.317998	0.108621
