sample	rho_d	rho_e	rho_w	rho_b
58	0.240355	0.175905	0.12914	0.122485
