sample	rho_d	rho_e	rho_w	rho_b
86	0.117203	0.178054	0.0924105	0.180189
