sample	rho_d	rho_e	rho_w	rho_b
398	0.00106617	0.230072	0.0921287	0.0556132
