sample	rho_d	rho_e	rho_w	rho_b
74	0.188724	0.272341	0.183539	0.0848798
