sample	rho_d	rho_e	rho_w	rho_b
214	0.30478	0.285943	0.0822323	0.10628
