sample	rho_d	rho_e	rho_w	rho_b
214	0.084297	0.373946	0.0493425	0.236705
