sample	rho_d	rho_e	rho_w	rho_b
327	0.00263707	0.286987	0.0777641	0.107968
