sample	rho_d	rho_e	rho_w	rho_b
652	0.236672	0.284136	0.245627	0.0430197
