sample	rho_d	rho_e	rho_w	rho_b
700	0.0998082	0.317426	0.0538345	0.0539199
