sample	rho_d	rho_e	rho_w	rho_b
915	0.0165376	0.127919	0.0690993	0.052431
