sample	rho_d	rho_e	rho_w	rho_b
391	0.168462	0.264827	0.0754654	0.189613
