sample	rho_d	rho_e	rho_w	rho_b
330	0.248707	0.192415	0.110259	0.0992776
