sample	rho_d	rho_e	rho_w	rho_b
369	0.00777065	0.213638	0.136254	0.154352
