sample	rho_d	rho_e	rho_w	rho_b
423	0.0174251	0.294127	0.0573175	0.111991
