sample	rho_d	rho_e	rho_w	rho_b
948	0.00565266	0.24191	0.362152	0.0424447
