sample	rho_d	rho_e	rho_w	rho_b
65	0.241308	0.31124	0.133847	0.0348392
