sample	rho_d	rho_e	rho_w	rho_b
265	0.173743	0.165173	0.159612	0.113295
