sample	rho_d	rho_e	rho_w	rho_b
202	0.234745	0.250627	0.128728	0.194157
