sample	rho_d	rho_e	rho_w	rho_b
26	0.164711	0.213585	0.043528	0.184281
