sample	rho_d	rho_e	rho_w	rho_b
244	0.265312	0.190764	0.116101	0.182525
