sample	rho_d	rho_e	rho_w	rho_b
621	0.0656675	0.290852	0.251284	0.159436
