sample	rho_d	rho_e	rho_w	rho_b
243	0.272656	0.196473	0.00687107	0.114101
