sample	rho_d	rho_e	rho_w	rho_b
28	0.000141141	0.27758	0.0829344	0.131894
