sample	rho_d	rho_e	rho_w	rho_b
713	0.0228081	0.131754	0.199846	0.0931265
