sample	rho_d	rho_e	rho_w	rho_b
107	0.0151527	0.246201	0.108612	0.0899167
