sample	rho_d	rho_e	rho_w	rho_b
662	0.093968	0.256844	0.118989	0.114322
