sample	rho_d	rho_e	rho_w	rho_b
499	0.0269264	0.264479	0.128454	0.145929
