sample	rho_d	rho_e	rho_w	rho_b
338	0.436559	0.211661	0.134706	0.116768
