sample	rho_d	rho_e	rho_w	rho_b
121	0.0196401	0.128179	0.0599344	0.104341
