sample	rho_d	rho_e	rho_w	rho_b
372	0.321643	0.289089	0.267405	0.228063
