sample	rho_d	rho_e	rho_w	rho_b
205	0.194001	0.280991	0.0640563	0.148638
