sample	rho_d	rho_e	rho_w	rho_b
312	0.0447727	0.297554	0.27861	0.0904186
