sample	rho_d	rho_e	rho_w	rho_b
185	1.93465e-05	0.278427	0.136219	0.187906
