sample	rho_d	rho_e	rho_w	rho_b
439	0.00746503	0.255234	0.236878	0.0530134
