sample	rho_d	rho_e	rho_w	rho_b
407	0.000378352	0.413093	0.111308	0.0978687
