sample	rho_d	rho_e	rho_w	rho_b
331	0.00628384	0.194526	0.235013	0.143723
