sample	rho_d	rho_e	rho_w	rho_b
149	0.304825	0.192986	0.183528	0.129276
