sample	rho_d	rho_e	rho_w	rho_b
734	0.0588159	0.232641	0.0999511	0.148354
