sample	rho_d	rho_e	rho_w	rho_b
430	0.0486038	0.29626	0.103702	0.17678
