sample	rho_d	rho_e	rho_w	rho_b
822	0.0547015	0.313242	0.340143	0.0585393
