sample	rho_d	rho_e	rho_w	rho_b
926	0.371091	0.2978	0.171209	0.196638
