sample	rho_d	rho_e	rho_w	rho_b
193	0.0141514	0.312692	0.0685398	0.14588
