sample	rho_d	rho_e	rho_w	rho_b
166	0.000886298	0.157508	0.082451	0.132698
