sample	rho_d	rho_e	rho_w	rho_b
769	0.0127806	0.278675	0.193789	0.284795
