sample	rho_d	rho_e	rho_w	rho_b
916	0.0651611	0.246304	0.0297316	0.28401
