sample	rho_d	rho_e	rho_w	rho_b
80	0.157562	0.253157	0.161649	0.0897921
