sample	rho_d	rho_e	rho_w	rho_b
278	0.190664	0.152388	0.185059	0.126211
