sample	rho_d	rho_e	rho_w	rho_b
889	0.0195182	0.259206	0.015726	0.103366
