sample	rho_d	rho_e	rho_w	rho_b
429	0.0144797	0.27709	0.18182	0.300329
