sample	rho_d	rho_e	rho_w	rho_b
832	0.00771179	0.142527	0.13439	0.126789
