sample	rho_d	rho_e	rho_w	rho_b
286	0.208095	0.187769	0.209046	0.157136
