sample	rho_d	rho_e	rho_w	rho_b
247	0.00502158	0.184731	0.158083	0.0801993
