sample	rho_d	rho_e	rho_w	rho_b
185	0.24499	0.38083	0.288484	0.181083
