sample	rho_d	rho_e	rho_w	rho_b
19	3.76474e-05	0.287204	0.0619476	0.115611
