sample	rho_d	rho_e	rho_w	rho_b
96	1.72014e-06	0.153547	0.206889	0.303626
