sample	rho_d	rho_e	rho_w	rho_b
816	0.0751379	0.506879	0.262651	0.223906
