sample	rho_d	rho_e	rho_w	rho_b
168	0.328982	0.39705	0.117858	0.230316
