sample	rho_d	rho_e	rho_w	rho_b
378	0.057772	0.172301	0.162299	0.0277058
