sample	rho_d	rho_e	rho_w	rho_b
198	0.357183	0.177869	0.0384937	0.196928
