sample	rho_d	rho_e	rho_w	rho_b
754	0.134394	0.215771	0.293693	0.110345
