sample	rho_d	rho_e	rho_w	rho_b
906	0.00576881	0.1379	0.0398359	0.129543
