sample	rho_d	rho_e	rho_w	rho_b
440	0.17854	0.296746	0.234459	0.140339
