sample	rho_d	rho_e	rho_w	rho_b
912	0.114461	0.239732	0.0484845	0.269209
