sample	rho_d	rho_e	rho_w	rho_b
952	0.0155319	0.15688	0.135967	0.0946862
