sample	rho_d	rho_e	rho_w	rho_b
24	0.00241427	0.171497	0.118838	0.124568
