sample	rho_d	rho_e	rho_w	rho_b
517	0.0159934	0.231539	0.346063	0.0585951
