sample	rho_d	rho_e	rho_w	rho_b
997	0.148683	0.38215	0.12678	0.241802
