sample	rho_d	rho_e	rho_w	rho_b
779	0.00306049	0.217038	0.0818387	0.0307781
