sample	rho_d	rho_e	rho_w	rho_b
219	0.137872	0.218507	0.116721	0.161791
