sample	rho_d	rho_e	rho_w	rho_b
672	0.0201015	0.292984	0.276148	0.0153238
