sample	rho_d	rho_e	rho_w	rho_b
340	0.169919	0.253973	0.102686	0.159633
