sample	rho_d	rho_e	rho_w	rho_b
298	0.125931	0.226627	0.0502176	0.374855
