sample	rho_d	rho_e	rho_w	rho_b
923	0.0217492	0.31455	0.0528507	0.0893997
