sample	rho_d	rho_e	rho_w	rho_b
154	0.00912493	0.206924	0.324393	0.221791
