sample	rho_d	rho_e	rho_w	rho_b
112	0.366719	0.289629	0.0775601	0.0397995
