sample	rho_d	rho_e	rho_w	rho_b
527	0.0233509	0.222306	0.220238	0.153591
