sample	rho_d	rho_e	rho_w	rho_b
506	0.141258	0.261021	0.186926	0.135337
