sample	rho_d	rho_e	rho_w	rho_b
453	0.0438153	0.316404	0.152286	0.070759
