sample	rho_d	rho_e	rho_w	rho_b
143	0.216007	0.237205	0.0664471	0.131625
