sample	rho_d	rho_e	rho_w	rho_b
332	0.257757	0.235933	0.160425	0.172368
