sample	rho_d	rho_e	rho_w	rho_b
224	0.377538	0.215331	0.111377	0.0953506
