sample	rho_d	rho_e	rho_w	rho_b
367	0.151493	0.238352	0.0577075	0.0705102
