sample	rho_d	rho_e	rho_w	rho_b
14	0.131736	0.25347	0.154756	0.0623129
