sample	rho_d	rho_e	rho_w	rho_b
182	0.000665702	0.202038	0.266236	0.138429
