sample	rho_d	rho_e	rho_w	rho_b
290	0.0667869	0.22104	0.181976	0.310794
