sample	rho_d	rho_e	rho_w	rho_b
120	0.328331	0.189357	0.310082	0.173478
