sample	rho_d	rho_e	rho_w	rho_b
71	0.16378	0.25412	0.158254	0.163012
