sample	rho_d	rho_e	rho_w	rho_b
89	0.13534	0.222856	0.129017	0.24877
