sample	rho_d	rho_e	rho_w	rho_b
37	0.335904	0.353724	0.215928	0.103455
