sample	rho_d	rho_e	rho_w	rho_b
236	0.267984	0.260428	0.0955727	0.112217
