sample	rho_d	rho_e	rho_w	rho_b
433	0.00706973	0.178754	0.0846908	0.130922
