sample	rho_d	rho_e	rho_w	rho_b
666	0.00596639	0.200434	0.0645381	0.172947
