sample	rho_d	rho_e	rho_w	rho_b
719	0.0894738	0.19736	0.185334	0.148518
