sample	rho_d	rho_e	rho_w	rho_b
184	0.000308028	0.330152	0.0759489	0.291807
