sample	rho_d	rho_e	rho_w	rho_b
959	0.133581	0.251003	0.111402	0.111954
