sample	rho_d	rho_e	rho_w	rho_b
30	0.250101	0.243878	0.0848578	0.133274
