sample	rho_d	rho_e	rho_w	rho_b
164	0.251648	0.20451	0.0329916	0.200437
