sample	rho_d	rho_e	rho_w	rho_b
864	0.0445499	0.189537	0.0964086	0.112978
