sample	rho_d	rho_e	rho_w	rho_b
233	0.232993	0.307599	0.206178	0.0783994
