sample	rho_d	rho_e	rho_w	rho_b
159	0.00749315	0.274673	0.0833487	0.0781077
