sample	rho_d	rho_e	rho_w	rho_b
516	0.00167328	0.377795	0.0913715	0.171315
