sample	rho_d	rho_e	rho_w	rho_b
943	0.0526639	0.23946	0.239616	0.363033
