sample	rho_d	rho_e	rho_w	rho_b
22	0.377004	0.165273	0.15162	0.114095
