sample	rho_d	rho_e	rho_w	rho_b
791	0.102963	0.184516	0.0609405	0.0875362
