sample	rho_d	rho_e	rho_w	rho_b
405	0.0340812	0.267882	0.1375	0.113708
