sample	rho_d	rho_e	rho_w	rho_b
315	0.00013197	0.413872	0.102765	0.114209
