sample	rho_d	rho_e	rho_w	rho_b
7	9.38562e-05	0.187661	0.230596	0.0669859
