sample	rho_d	rho_e	rho_w	rho_b
815	0.203442	0.110407	0.264754	0.293157
