sample	rho_d	rho_e	rho_w	rho_b
277	0.0260714	0.430702	0.118198	0.0973126
