sample	rho_d	rho_e	rho_w	rho_b
250	0.242361	0.217479	0.333628	0.174544
