sample	rho_d	rho_e	rho_w	rho_b
741	0.0155151	0.252197	0.195404	0.0855604
