sample	rho_d	rho_e	rho_w	rho_b
443	0.00420469	0.224014	0.33855	0.165217
