sample	rho_d	rho_e	rho_w	rho_b
599	0.0156831	0.310669	0.114361	0.0339045
