sample	rho_d	rho_e	rho_w	rho_b
84	0.241838	0.242782	0.195059	0.115483
