sample	rho_d	rho_e	rho_w	rho_b
656	0.000333491	0.176309	0.129145	0.234072
