sample	rho_d	rho_e	rho_w	rho_b
197	1.07952e-05	0.152757	0.0685072	0.324535
