sample	rho_d	rho_e	rho_w	rho_b
97	0.00507585	0.277352	0.163843	0.0183407
