sample	rho_d	rho_e	rho_w	rho_b
237	0.0411146	0.238917	0.0458123	0.0772519
