sample	rho_d	rho_e	rho_w	rho_b
249	0.237804	0.451746	0.129326	0.100715
