sample	rho_d	rho_e	rho_w	rho_b
246	0.00323006	0.288688	0.0917366	0.130995
