sample	rho_d	rho_e	rho_w	rho_b
373	0.257152	0.327421	0.0936222	0.223761
