sample	rho_d	rho_e	rho_w	rho_b
946	0.000317629	0.104921	0.0207307	0.266738
