sample	rho_d	rho_e	rho_w	rho_b
347	0.109113	0.507525	0.198486	0.234431
