sample	rho_d	rho_e	rho_w	rho_b
687	0.0880233	0.147958	0.0231493	0.235972
