sample	rho_d	rho_e	rho_w	rho_b
119	0.000286778	0.201733	0.106426	0.161053
