sample	rho_d	rho_e	rho_w	rho_b
269	0.0101827	0.275906	0.1674	0.140156
