sample	rho_d	rho_e	rho_w	rho_b
494	0.0373553	0.152407	0.126036	0.0415166
