sample	rho_d	rho_e	rho_w	rho_b
349	0.0293191	0.175062	0.26899	0.168815
