sample	rho_d	rho_e	rho_w	rho_b
858	0.0968962	0.358292	0.149539	0.0256611
