sample	rho_d	rho_e	rho_w	rho_b
158	0.0885973	0.292029	0.109014	0.0230795
