sample	rho_d	rho_e	rho_w	rho_b
437	0.0502579	0.170787	0.140792	0.0513227
