sample	rho_d	rho_e	rho_w	rho_b
171	0.260685	0.341107	0.0549505	0.205448
