sample	rho_d	rho_e	rho_w	rho_b
113	0.316618	0.320503	0.287555	0.100525
