sample	rho_d	rho_e	rho_w	rho_b
808	0.0301828	0.301789	0.173	0.14199
