sample	rho_d	rho_e	rho_w	rho_b
192	0.186358	0.208522	0.182568	0.244128
