sample	rho_d	rho_e	rho_w	rho_b
48	0.0807702	0.160134	0.0682949	0.135183
