sample	rho_d	rho_e	rho_w	rho_b
550	0.0104792	0.511776	0.396478	0.0771274
