sample	rho_d	rho_e	rho_w	rho_b
25	0.176595	0.2939	0.130155	0.0361394
