sample	rho_d	rho_e	rho_w	rho_b
629	0.108667	0.230875	0.145459	0.104813
