sample	rho_d	rho_e	rho_w	rho_b
59	0.252756	0.427734	0.125202	0.0932575
