sample	rho_d	rho_e	rho_w	rho_b
25	0.0450173	0.218615	0.346239	0.0944894
