sample	rho_d	rho_e	rho_w	rho_b
352	0.0039217	0.128901	0.167927	0.173003
