sample	rho_d	rho_e	rho_w	rho_b
961	0.0217385	0.47598	0.345384	0.0769244
