sample	rho_d	rho_e	rho_w	rho_b
376	0.173703	0.207596	0.113564	0.151257
