sample	rho_d	rho_e	rho_w	rho_b
358	0.226681	0.244877	0.187831	0.115894
