sample	rho_d	rho_e	rho_w	rho_b
470	0.00714041	0.285179	0.24398	0.0193263
