sample	rho_d	rho_e	rho_w	rho_b
462	0.00338013	0.448737	0.212983	0.169292
