sample	rho_d	rho_e	rho_w	rho_b
715	0.113628	0.36962	0.111579	0.371164
