sample	rho_d	rho_e	rho_w	rho_b
176	0.117392	0.246784	0.0967117	0.310369
