sample	rho_d	rho_e	rho_w	rho_b
612	0.0940912	0.17141	0.0591362	0.284592
