sample	rho_d	rho_e	rho_w	rho_b
785	0.000785446	0.320775	0.0142978	0.233287
