sample	rho_d	rho_e	rho_w	rho_b
325	0.0155811	0.249982	0.293432	0.142355
