sample	rho_d	rho_e	rho_w	rho_b
235	0.00689591	0.174327	0.0928766	0.0967184
