sample	rho_d	rho_e	rho_w	rho_b
964	0.222613	0.327669	0.183078	0.0875696
