sample	rho_d	rho_e	rho_w	rho_b
42	0.314313	0.279315	0.181041	0.10454
