sample	rho_d	rho_e	rho_w	rho_b
363	0.215539	0.326121	0.0908525	0.030404
