sample	rho_d	rho_e	rho_w	rho_b
473	0.129567	0.175071	0.260946	0.0938231
