sample	rho_d	rho_e	rho_w	rho_b
108	0.172949	0.125416	0.210178	0.12626
