sample	rho_d	rho_e	rho_w	rho_b
817	0.148722	0.304582	0.0904494	0.160002
