sample	rho_d	rho_e	rho_w	rho_b
975	0.00180742	0.234912	0.151992	0.241006
