sample	rho_d	rho_e	rho_w	rho_b
763	0.00236076	0.211811	0.191063	0.181092
