sample	rho_d	rho_e	rho_w	rho_b
124	0.00702293	0.321075	0.304309	0.0910286
