sample	rho_d	rho_e	rho_w	rho_b
124	0.262634	0.244639	0.167661	0.0798514
