sample	rho_d	rho_e	rho_w	rho_b
871	0.0255498	0.157536	0.0339489	0.117706
