sample	rho_d	rho_e	rho_w	rho_b
492	0.0900439	0.279355	0.122284	0.224092
