sample	rho_d	rho_e	rho_w	rho_b
165	0.211186	0.28606	0.238765	0.226303
