sample	rho_d	rho_e	rho_w	rho_b
105	0.244608	0.296545	0.0738745	0.233662
