sample	rho_d	rho_e	rho_w	rho_b
427	0.0669741	0.256611	0.279355	0.329924
