sample	rho_d	rho_e	rho_w	rho_b
251	0.000449722	0.230881	0.115782	0.0774941
