sample	rho_d	rho_e	rho_w	rho_b
76	0.00892385	0.197627	0.0564636	0.0653207
