sample	rho_d	rho_e	rho_w	rho_b
264	0.00463819	0.273027	0.0701914	0.0314233
