sample	rho_d	rho_e	rho_w	rho_b
287	0.00671029	0.263645	0.0594056	0.0500711
