sample	rho_d	rho_e	rho_w	rho_b
49	0.260021	0.0994601	0.219729	0.0855741
