sample	rho_d	rho_e	rho_w	rho_b
8	0.0207812	0.40469	0.115959	0.0512402
