sample	rho_d	rho_e	rho_w	rho_b
85	0.0977178	0.175823	0.0552414	0.0783433
