sample	rho_d	rho_e	rho_w	rho_b
23	0.00901506	0.301679	0.223569	0.122889
