sample	rho_d	rho_e	rho_w	rho_b
60	0.258412	0.225208	0.114198	0.0252703
