sample	rho_d	rho_e	rho_w	rho_b
724	0.0350306	0.207088	0.134194	0.0356671
