sample	rho_d	rho_e	rho_w	rho_b
408	0.0385735	0.342982	0.125961	0.112895
