sample	rho_d	rho_e	rho_w	rho_b
928	0.127151	0.265898	0.0606991	0.0956358
