sample	rho_d	rho_e	rho_w	rho_b
60	0.303559	0.344021	0.0612243	0.0471002
