sample	rho_d	rho_e	rho_w	rho_b
990	0.539334	0.153365	0.18656	0.183383
