sample	rho_d	rho_e	rho_w	rho_b
806	0.00815944	0.272397	0.221612	0.327849
