sample	rho_d	rho_e	rho_w	rho_b
999	0.0387507	0.141638	0.224543	0.287344
