sample	rho_d	rho_e	rho_w	rho_b
28	0.111544	0.251263	0.136573	0.15933
