sample	rho_d	rho_e	rho_w	rho_b
596	0.00484108	0.284085	0.104807	0.104278
