sample	rho_d	rho_e	rho_w	rho_b
230	0.240698	0.337248	0.153224	0.151362
