sample	rho_d	rho_e	rho_w	rho_b
129	0.0214707	0.22902	0.0531692	0.125524
