sample	rho_d	rho_e	rho_w	rho_b
792	0.0164118	0.260472	0.01059	0.214401
