sample	rho_d	rho_e	rho_w	rho_b
583	0.0914069	0.245513	0.176925	0.176742
