sample	rho_d	rho_e	rho_w	rho_b
118	0.0551835	0.415847	0.0459213	0.227588
