sample	rho_d	rho_e	rho_w	rho_b
310	0.308151	0.294433	0.432115	0.128225
