sample	rho_d	rho_e	rho_w	rho_b
7	0.263815	0.136105	0.0575611	0.156465
