sample	rho_d	rho_e	rho_w	rho_b
289	0.219338	0.16769	0.268237	0.139737
