sample	rho_d	rho_e	rho_w	rho_b
61	0.438108	0.22076	0.159352	0.247398
