sample	rho_d	rho_e	rho_w	rho_b
9999	0.067634	0.200379	0.23463	0.0522381
