sample	rho_d	rho_e	rho_w	rho_b
67	0.123268	0.267989	0.216177	0.0789218
