sample	rho_d	rho_e	rho_w	rho_b
20	0.0993025	0.271675	0.174733	0.0380761
