sample	rho_d	rho_e	rho_w	rho_b
319	0.224671	0.353939	0.0766873	0.132647
