sample	rho_d	rho_e	rho_w	rho_b
275	0.130233	0.40134	0.0903131	0.0443126
