sample	rho_d	rho_e	rho_w	rho_b
569	0.122837	0.238181	0.346107	0.288516
