sample	rho_d	rho_e	rho_w	rho_b
1	0.135306	0.213425	0.374754	0.0577803
