sample	rho_d	rho_e	rho_w	rho_b
145	0.0955965	0.308315	0.0935008	0.082527
