sample	rho_d	rho_e	rho_w	rho_b
206	0.234101	0.312024	0.0908738	0.157651
