sample	rho_d	rho_e	rho_w	rho_b
425	0.0563908	0.294367	0.0775098	0.173238
