sample	rho_d	rho_e	rho_w	rho_b
104	0.0106031	0.23477	0.208442	0.200165
