sample	rho_d	rho_e	rho_w	rho_b
245	0.00181069	0.159556	0.297595	0.129688
