sample	rho_d	rho_e	rho_w	rho_b
244	0.00071592	0.406603	0.216447	0.186996
