sample	rho_d	rho_e	rho_w	rho_b
894	0.00699073	0.222039	0.179989	0.125696
