sample	rho_d	rho_e	rho_w	rho_b
532	0.0203149	0.616574	0.0528787	0.210234
