sample	rho_d	rho_e	rho_w	rho_b
209	0.184704	0.273501	0.159566	0.0683055
