sample	rho_d	rho_e	rho_w	rho_b
111	0.365954	0.331338	0.0723427	0.151411
