sample	rho_d	rho_e	rho_w	rho_b
349	0.412459	0.165806	0.0568037	0.177697
