sample	rho_d	rho_e	rho_w	rho_b
67	0.00962229	0.391957	0.236751	0.16725
