sample	rho_d	rho_e	rho_w	rho_b
674	0.015631	0.13654	0.0647873	0.0637027
