sample	rho_d	rho_e	rho_w	rho_b
799	0.00568371	0.185746	0.191344	0.103815
