sample	rho_d	rho_e	rho_w	rho_b
677	0.00317868	0.362129	0.01451	0.159408
