sample	rho_d	rho_e	rho_w	rho_b
162	0.360033	0.349611	0.134316	0.129861
