sample	rho_d	rho_e	rho_w	rho_b
584	0.0234943	0.203085	0.163173	0.285399
