sample	rho_d	rho_e	rho_w	rho_b
481	0.495669	0.158332	0.0674123	0.0984659
