sample	rho_d	rho_e	rho_w	rho_b
218	0.0141213	0.329891	0.0993559	0.107519
