sample	rho_d	rho_e	rho_w	rho_b
671	0.00713836	0.335549	0.171946	0.226662
