sample	rho_d	rho_e	rho_w	rho_b
458	0.129753	0.214434	0.360087	0.0894639
