sample	rho_d	rho_e	rho_w	rho_b
554	0.0926299	0.270672	0.0604182	0.106647
