sample	rho_d	rho_e	rho_w	rho_b
152	0.00274348	0.503149	0.0459725	0.273191
