sample	rho_d	rho_e	rho_w	rho_b
721	0.0409954	0.174984	0.286189	0.0686037
