sample	rho_d	rho_e	rho_w	rho_b
199	0.00984621	0.184559	0.149368	0.0478533
