sample	rho_d	rho_e	rho_w	rho_b
86	0.386329	0.202993	0.0791049	0.0924105
