sample	rho_d	rho_e	rho_w	rho_b
192	0.4042	0.41914	0.13864	0.206219
