sample	rho_d	rho_e	rho_w	rho_b
331	0.147761	0.256657	0.125808	0.0479867
