sample	rho_d	rho_e	rho_w	rho_b
1	0.00546041	0.459607	0.0577803	0.0623821
