sample	rho_d	rho_e	rho_w	rho_b
940	0.100845	0.298986	0.170041	0.260639
