sample	rho_d	rho_e	rho_w	rho_b
981	0.016225	0.227113	0.279003	0.0661364
