sample	rho_d	rho_e	rho_w	rho_b
139	0.178689	0.203511	0.136133	0.128942
