sample	rho_d	rho_e	rho_w	rho_b
855	0.0698917	0.111629	0.26539	0.0982784
