sample	rho_d	rho_e	rho_w	rho_b
252	0.00105538	0.265843	0.219665	0.0722031
