sample	rho_d	rho_e	rho_w	rho_b
849	0.00193877	0.368061	0.0251211	0.0971494
