sample	rho_d	rho_e	rho_w	rho_b
65	1.54772e-06	0.181462	0.410412	0.148885
