sample	rho_d	rho_e	rho_w	rho_b
277	0.232827	0.436134	0.416151	0.109456
