sample	rho_d	rho_e	rho_w	rho_b
707	0.0758271	0.145037	0.259608	0.180509
