sample	rho_d	rho_e	rho_w	rho_b
950	0.00981063	0.235335	0.153623	0.106335
