sample	rho_d	rho_e	rho_w	rho_b
245	0.0886367	0.110603	0.112332	0.28775
