sample	rho_d	rho_e	rho_w	rho_b
31	0.204577	0.159058	0.0831316	0.128123
