sample	rho_d	rho_e	rho_w	rho_b
680	0.255637	0.206625	0.110119	0.115977
