sample	rho_d	rho_e	rho_w	rho_b
914	0.00527448	0.293064	0.0817452	0.130577
