sample	rho_d	rho_e	rho_w	rho_b
345	0.0159057	0.165697	0.126008	0.0634256
