sample	rho_d	rho_e	rho_w	rho_b
377	0.000237164	0.251093	0.025787	0.0599576
