sample	rho_d	rho_e	rho_w	rho_b
186	0.181564	0.260683	0.0843753	0.0703758
