sample	rho_d	rho_e	rho_w	rho_b
138	0.0324514	0.224904	0.185323	0.217628
