sample	rho_d	rho_e	rho_w	rho_b
92	0.359742	0.339691	0.105827	0.175199
