sample	rho_d	rho_e	rho_w	rho_b
840	0.0373507	0.329954	0.411209	0.033888
