sample	rho_d	rho_e	rho_w	rho_b
115	0.270377	0.450652	0.077255	0.126919
