sample	rho_d	rho_e	rho_w	rho_b
237	0.330743	0.248525	0.171686	0.057433
