sample	rho_d	rho_e	rho_w	rho_b
282	0.0556649	0.215024	0.0704014	0.112859
