sample	rho_d	rho_e	rho_w	rho_b
79	0.259413	0.193978	0.132451	0.138559
