sample	rho_d	rho_e	rho_w	rho_b
789	0.0931931	0.154173	0.133219	0.482729
