sample	rho_d	rho_e	rho_w	rho_b
56	0.0695944	0.224238	0.0254992	0.258339
