sample	rho_d	rho_e	rho_w	rho_b
316	0.00570032	0.309674	0.158307	0.273066
