sample	rho_d	rho_e	rho_w	rho_b
803	0.078735	0.158972	0.113753	0.138513
