sample	rho_d	rho_e	rho_w	rho_b
194	0.328124	0.344839	0.110929	0.0726486
