sample	rho_d	rho_e	rho_w	rho_b
500	0.00141274	0.123669	0.188866	0.0341149
