sample	rho_d	rho_e	rho_w	rho_b
320	0.225147	0.336213	0.138426	0.140655
