sample	rho_d	rho_e	rho_w	rho_b
562	0.00116457	0.123708	0.214295	0.321091
