sample	rho_d	rho_e	rho_w	rho_b
379	0.0323084	0.300084	0.116626	0.152354
