sample	rho_d	rho_e	rho_w	rho_b
875	0.0996891	0.247194	0.0491989	0.0684232
