sample	rho_d	rho_e	rho_w	rho_b
296	0.00564897	0.240307	0.0471156	0.176262
