sample	rho_d	rho_e	rho_w	rho_b
896	0.0208479	0.198216	0.13692	0.175682
