sample	rho_d	rho_e	rho_w	rho_b
515	0.0178025	0.180183	0.0623795	0.183314
