sample	rho_d	rho_e	rho_w	rho_b
301	0.409415	0.249174	0.159079	0.0823618
