sample	rho_d	rho_e	rho_w	rho_b
753	0.00442382	0.247719	0.230761	0.00402447
