sample	rho_d	rho_e	rho_w	rho_b
727	0.0184056	0.302672	0.161834	0.106512
