sample	rho_d	rho_e	rho_w	rho_b
931	0.0212742	0.404421	0.08933	0.139597
