sample	rho_d	rho_e	rho_w	rho_b
308	0.241473	0.318635	0.128608	0.0952707
