sample	rho_d	rho_e	rho_w	rho_b
757	0.209431	0.165916	0.126392	0.205616
