sample	rho_d	rho_e	rho_w	rho_b
2	0.250298	0.239202	0.0548553	0.0841473
