sample	rho_d	rho_e	rho_w	rho_b
507	0.00165677	0.297337	0.0981355	0.113059
