sample	rho_d	rho_e	rho_w	rho_b
350	0.0924531	0.140399	0.148021	0.126682
