sample	rho_d	rho_e	rho_w	rho_b
335	0.387378	0.29523	0.0385807	0.132365
