sample	rho_d	rho_e	rho_w	rho_b
795	0.000895538	0.206277	0.183954	0.257465
