sample	rho_d	rho_e	rho_w	rho_b
395	0.172733	0.213617	0.0262583	0.194839
