sample	rho_d	rho_e	rho_w	rho_b
333	0.192109	0.235214	0.0570194	0.0358237
