sample	rho_d	rho_e	rho_w	rho_b
228	0.154177	0.210137	0.225124	0.156145
