sample	rho_d	rho_e	rho_w	rho_b
212	0.411043	0.223173	0.161425	0.152896
