sample	rho_d	rho_e	rho_w	rho_b
451	0.0555529	0.232101	0.136885	0.0341046
