sample	rho_d	rho_e	rho_w	rho_b
183	0.000944154	0.0977177	0.0375993	0.17715
