sample	rho_d	rho_e	rho_w	rho_b
296	0.233221	0.303991	0.141778	0.265412
