sample	rho_d	rho_e	rho_w	rho_b
856	0.0505066	0.176721	0.0462201	0.0525195
