sample	rho_d	rho_e	rho_w	rho_b
796	0.0114654	0.172047	0.0724719	0.109968
