sample	rho_d	rho_e	rho_w	rho_b
63	0.223449	0.104748	0.160191	0.0361861
