sample	rho_d	rho_e	rho_w	rho_b
552	0.15368	0.343698	0.12856	0.158923
