sample	rho_d	rho_e	rho_w	rho_b
275	0.31587	0.191752	0.144014	0.123387
