sample	rho_d	rho_e	rho_w	rho_b
969	0.00262575	0.178499	0.284178	0.117508
