sample	rho_d	rho_e	rho_w	rho_b
963	0.00313364	0.198563	0.0556741	0.0221168
