sample	rho_d	rho_e	rho_w	rho_b
391	0.0179839	0.232089	0.0628561	0.0488542
