sample	rho_d	rho_e	rho_w	rho_b
285	0.258227	0.300136	0.217157	0.115309
