sample	rho_d	rho_e	rho_w	rho_b
627	0.00741772	0.387323	0.215927	0.0563231
