sample	rho_d	rho_e	rho_w	rho_b
241	0.0573126	0.216926	0.16118	0.232662
