sample	rho_d	rho_e	rho_w	rho_b
54	0.172494	0.22887	0.228804	0.0388615
