sample	rho_d	rho_e	rho_w	rho_b
868	0.0010643	0.282087	0.0862901	0.185852
