sample	rho_d	rho_e	rho_w	rho_b
859	0.0829248	0.179306	0.0744044	0.154508
