sample	rho_d	rho_e	rho_w	rho_b
472	0.0186155	0.256635	0.0529973	0.265536
