sample	rho_d	rho_e	rho_w	rho_b
388	0.0278722	0.168873	0.268442	0.291349
