sample	rho_d	rho_e	rho_w	rho_b
570	0.0859662	0.308747	0.142767	0.185147
