sample	rho_d	rho_e	rho_w	rho_b
393	0.190394	0.102127	0.0821466	0.079856
