sample	rho_d	rho_e	rho_w	rho_b
159	0.51117	0.324848	0.113756	0.11198
