sample	rho_d	rho_e	rho_w	rho_b
650	0.000207422	0.316447	0.154885	0.316307
