sample	rho_d	rho_e	rho_w	rho_b
556	0.0182232	0.188535	0.0472269	0.167946
