sample	rho_d	rho_e	rho_w	rho_b
341	0.00279976	0.451493	0.518008	0.066259
