sample	rho_d	rho_e	rho_w	rho_b
268	0.093167	0.305827	0.192338	0.0395129
