sample	rho_d	rho_e	rho_w	rho_b
203	0.0321002	0.325325	0.221947	0.133647
