sample	rho_d	rho_e	rho_w	rho_b
810	0.0188679	0.152241	0.0254949	0.0715331
