sample	rho_d	rho_e	rho_w	rho_b
44	0.14791	0.183264	0.246742	0.0960767
