sample	rho_d	rho_e	rho_w	rho_b
845	0.00477387	0.244376	0.137792	0.0660527
