sample	rho_d	rho_e	rho_w	rho_b
57	0.1704	0.25743	0.10856	0.0440481
