sample	rho_d	rho_e	rho_w	rho_b
911	0.0817127	0.231384	0.131305	0.306075
