sample	rho_d	rho_e	rho_w	rho_b
164	3.71279e-05	0.211345	0.226928	0.0839955
