sample	rho_d	rho_e	rho_w	rho_b
675	0.0151376	0.191482	0.0654438	0.158153
