sample	rho_d	rho_e	rho_w	rho_b
34	0.26432	0.203768	0.123588	0.112224
