sample	rho_d	rho_e	rho_w	rho_b
364	0.000998484	0.147289	0.168672	0.206608
