sample	rho_d	rho_e	rho_w	rho_b
518	0.285947	0.232053	0.266851	0.173991
