sample	rho_d	rho_e	rho_w	rho_b
783	0.0111847	0.511753	0.0262562	0.256479
