sample	rho_d	rho_e	rho_w	rho_b
187	0.320134	0.331736	0.274034	0.339931
