sample	rho_d	rho_e	rho_w	rho_b
238	0.359861	0.218804	0.090972	0.113621
