sample	rho_d	rho_e	rho_w	rho_b
513	0.00820161	0.257787	0.176131	0.131179
