sample	rho_d	rho_e	rho_w	rho_b
227	0.280912	0.186184	0.166401	0.157675
