sample	rho_d	rho_e	rho_w	rho_b
735	0.00271325	0.271331	0.148488	0.258541
