sample	rho_d	rho_e	rho_w	rho_b
70	0.108522	0.228903	0.064884	0.187295
