sample	rho_d	rho_e	rho_w	rho_b
222	0.185998	0.192549	0.147483	0.276411
