sample	rho_d	rho_e	rho_w	rho_b
91	9.88943e-05	0.295073	0.0850318	0.143948
