sample	rho_d	rho_e	rho_w	rho_b
305	0.216493	0.222497	0.128301	0.0409502
