sample	rho_d	rho_e	rho_w	rho_b
98	0.120181	0.209075	0.0855903	0.204366
