sample	rho_d	rho_e	rho_w	rho_b
917	0.0200162	0.195847	0.215385	0.140377
