sample	rho_d	rho_e	rho_w	rho_b
933	0.0207618	0.150077	0.0690278	0.161788
