sample	rho_d	rho_e	rho_w	rho_b
984	0.00497099	0.366641	0.154437	0.170496
