sample	rho_d	rho_e	rho_w	rho_b
895	0.020187	0.259578	0.0297116	0.041718
