sample	rho_d	rho_e	rho_w	rho_b
976	0.0047564	0.288466	0.331751	0.241332
