sample	rho_d	rho_e	rho_w	rho_b
35	0.27488	0.29712	0.109505	0.0797743
