sample	rho_d	rho_e	rho_w	rho_b
546	0.00303136	0.336965	0.237002	0.250834
