sample	rho_d	rho_e	rho_w	rho_b
887	0.0269223	0.297304	0.105061	0.166637
