sample	rho_d	rho_e	rho_w	rho_b
101	1.47443e-07	0.280899	0.172855	0.179931
101	1.50742e-14	0.167517	0.170944	0.0512705
101	0.264988	0.22356	0.0752265	0.236949
