sample	rho_d	rho_e	rho_w	rho_b
819	0.00369487	0.196896	0.0908751	0.0707373
