sample	rho_d	rho_e	rho_w	rho_b
421	0.175184	0.318252	0.176221	0.117307
