sample	rho_d	rho_e	rho_w	rho_b
813	0.110801	0.190107	0.0981865	0.0836712
