sample	rho_d	rho_e	rho_w	rho_b
538	0.00664125	0.356825	0.193903	0.143193
