sample	rho_d	rho_e	rho_w	rho_b
384	0.209887	0.249368	0.244706	0.165449
