sample	rho_d	rho_e	rho_w	rho_b
155	0.146829	0.0904455	0.236855	0.124011
