sample	rho_d	rho_e	rho_w	rho_b
521	0.148057	0.191374	0.220957	0.167574
