sample	rho_d	rho_e	rho_w	rho_b
414	0.00659999	0.409748	0.197259	0.190085
