sample	rho_d	rho_e	rho_w	rho_b
40	0.187722	0.518942	0.106136	0.159591
