sample	rho_d	rho_e	rho_w	rho_b
118	0.266986	0.213113	0.161728	0.139091
