sample	rho_d	rho_e	rho_w	rho_b
17	0.00810186	0.26124	0.0188802	0.493723
