sample	rho_d	rho_e	rho_w	rho_b
81	0.031622	0.380535	0.115719	0.085356
