sample	rho_d	rho_e	rho_w	rho_b
351	0.200551	0.256041	0.0899304	0.163735
