sample	rho_d	rho_e	rho_w	rho_b
348	0.335746	0.217629	0.0989628	0.219631
