sample	rho_d	rho_e	rho_w	rho_b
949	0.00588744	0.233321	0.350771	0.205568
