sample	rho_d	rho_e	rho_w	rho_b
293	0.268662	0.417416	0.243179	0.226271
