sample	rho_d	rho_e	rho_w	rho_b
729	0.000257829	0.123712	0.162874	0.186004
