sample	rho_d	rho_e	rho_w	rho_b
240	0.312745	0.155211	0.361834	0.122639
