sample	rho_d	rho_e	rho_w	rho_b
383	0.416022	0.27452	0.164774	0.35484
