sample	rho_d	rho_e	rho_w	rho_b
168	0.322463	0.239853	0.198207	0.307868
