sample	rho_d	rho_e	rho_w	rho_b
649	0.024135	0.264035	0.33846	0.0667421
