sample	rho_d	rho_e	rho_w	rho_b
161	0.00757466	0.304771	0.213555	0.10407
