sample	rho_d	rho_e	rho_w	rho_b
81	0.000211421	0.1566	0.276348	0.136147
