sample	rho_d	rho_e	rho_w	rho_b
260	0.181627	0.256943	0.267406	0.271134
