sample	rho_d	rho_e	rho_w	rho_b
755	0.0236639	0.161095	0.118108	0.129967
