sample	rho_d	rho_e	rho_w	rho_b
216	0.00462111	0.157799	0.132239	0.287517
