sample	rho_d	rho_e	rho_w	rho_b
53	0.193374	0.455117	0.149783	0.0579245
