sample	rho_d	rho_e	rho_w	rho_b
128	0.00317974	0.279128	0.177261	0.0151284
