sample	rho_d	rho_e	rho_w	rho_b
182	0.454775	0.265846	0.1822	0.125049
