sample	rho_d	rho_e	rho_w	rho_b
5	2.104e-06	0.248448	0.206067	0.262669
