sample	rho_d	rho_e	rho_w	rho_b
684	0.146596	0.309514	0.186326	0.157168
