sample	rho_d	rho_e	rho_w	rho_b
593	0.0238459	0.228129	0.0974371	0.114523
