sample	rho_d	rho_e	rho_w	rho_b
385	0.00582223	0.264848	0.0812497	0.137097
