sample	rho_d	rho_e	rho_w	rho_b
318	0.0106626	0.239729	0.33806	0.110545
