sample	rho_d	rho_e	rho_w	rho_b
625	0.0152347	0.309541	0.107393	0.109333
