sample	rho_d	rho_e	rho_w	rho_b
46	0.0146761	0.145964	0.178807	0.304762
