sample	rho_d	rho_e	rho_w	rho_b
955	0.00187325	0.162168	0.250796	0.0996745
