sample	rho_d	rho_e	rho_w	rho_b
144	0.00897209	0.125272	0.230941	0.152062
