sample	rho_d	rho_e	rho_w	rho_b
736	0.0157968	0.273073	0.0996159	0.118322
