sample	rho_d	rho_e	rho_w	rho_b
119	0.388503	0.157615	0.104681	0.106426
