sample	rho_d	rho_e	rho_w	rho_b
90	0.00430201	0.126323	0.0964788	0.139981
