sample	rho_d	rho_e	rho_w	rho_b
281	0.00208284	0.344224	0.173553	0.190359
