sample	rho_d	rho_e	rho_w	rho_b
798	0.24952	0.272248	0.123442	0.114802
