sample	rho_d	rho_e	rho_w	rho_b
722	0.090274	0.27424	0.108325	0.0929273
