sample	rho_d	rho_e	rho_w	rho_b
282	0.28045	0.28677	0.146754	0.0720519
