sample	rho_d	rho_e	rho_w	rho_b
75	0.403279	0.249679	0.0502333	0.0780703
