sample	rho_d	rho_e	rho_w	rho_b
742	0.0684628	0.162234	0.179942	0.171401
