sample	rho_d	rho_e	rho_w	rho_b
658	0.149182	0.209128	0.175182	0.119764
