sample	rho_d	rho_e	rho_w	rho_b
898	0.00812651	0.183722	0.122568	0.142083
