sample	rho_d	rho_e	rho_w	rho_b
972	0.025839	0.187614	0.341054	0.210257
