sample	rho_d	rho_e	rho_w	rho_b
128	0.149678	0.279267	0.077257	0.214434
