sample	rho_d	rho_e	rho_w	rho_b
337	0.201053	0.258935	0.213859	0.212785
