sample	rho_d	rho_e	rho_w	rho_b
142	0.00130639	0.25083	0.145608	0.138001
