sample	rho_d	rho_e	rho_w	rho_b
183	0.000132022	0.23495	0.0511745	0.229824
