sample	rho_d	rho_e	rho_w	rho_b
660	0.213171	0.285324	0.223033	0.214456
