sample	rho_d	rho_e	rho_w	rho_b
935	0.119647	0.28098	0.129363	0.0971005
