sample	rho_d	rho_e	rho_w	rho_b
386	0.127685	0.293676	0.160071	0.133551
