sample	rho_d	rho_e	rho_w	rho_b
163	0.364414	0.218592	0.191341	0.105713
