sample	rho_d	rho_e	rho_w	rho_b
175	1.39555e-05	0.21891	0.0831273	0.0962173
