sample	rho_d	rho_e	rho_w	rho_b
77	0.217132	0.171023	0.179906	0.238554
