sample	rho_d	rho_e	rho_w	rho_b
770	0.0999944	0.14985	0.21061	0.0411727
