sample	rho_d	rho_e	rho_w	rho_b
549	0.0446481	0.256616	0.1522	0.0248616
