sample	rho_d	rho_e	rho_w	rho_b
388	0.178011	0.235688	0.136495	0.169903
