sample	rho_d	rho_e	rho_w	rho_b
907	0.000807467	0.230265	0.120586	0.0541348
