sample	rho_d	rho_e	rho_w	rho_b
820	0.0381716	0.151904	0.146537	0.164739
