sample	rho_d	rho_e	rho_w	rho_b
389	0.00696114	0.298071	0.240547	0.101448
