sample	rho_d	rho_e	rho_w	rho_b
91	0.319547	0.24282	0.226801	0.113776
