sample	rho_d	rho_e	rho_w	rho_b
419	0.00292597	0.391753	0.0185807	0.0655794
