sample	rho_d	rho_e	rho_w	rho_b
478	0.0262452	0.492306	0.184088	0.11101
