sample	rho_d	rho_e	rho_w	rho_b
987	0.0419089	0.138923	0.203056	0.110642
