sample	rho_d	rho_e	rho_w	rho_b
501	0.0111294	0.414847	0.0746609	0.213725
