sample	rho_d	rho_e	rho_w	rho_b
374	0.482506	0.375902	0.159168	0.182485
