sample	rho_d	rho_e	rho_w	rho_b
846	0.029963	0.199912	0.0869519	0.101898
