sample	rho_d	rho_e	rho_w	rho_b
992	0.061281	0.235206	0.150336	0.26884
