sample	rho_d	rho_e	rho_w	rho_b
637	0.0478785	0.344706	0.13088	0.141495
