sample	rho_d	rho_e	rho_w	rho_b
375	0.298707	0.1766	0.0627226	0.25418
