sample	rho_d	rho_e	rho_w	rho_b
392	0.134929	0.223092	0.0707019	0.141496
