sample	rho_d	rho_e	rho_w	rho_b
837	0.206603	0.190739	0.247361	0.100503
