sample	rho_d	rho_e	rho_w	rho_b
486	0.000117627	0.455126	0.0505258	0.152189
