sample	rho_d	rho_e	rho_w	rho_b
101	1.47443e-07	0.280899	0.172855	0.179931
101	0.00363757	0.169254	0.153724	0.150018
