sample	rho_d	rho_e	rho_w	rho_b
614	0.196019	0.283846	0.189947	0.224295
