sample	rho_d	rho_e	rho_w	rho_b
242	0.226809	0.233372	0.0937985	0.118671
