sample	rho_d	rho_e	rho_w	rho_b
255	0.00929699	0.162242	0.098866	0.135125
