sample	rho_d	rho_e	rho_w	rho_b
172	0.429212	0.202492	0.0668423	0.0832735
