sample	rho_d	rho_e	rho_w	rho_b
313	0.216755	0.192578	0.224779	0.0483035
