sample	rho_d	rho_e	rho_w	rho_b
190	0.000347657	0.15283	0.0660688	0.156977
