sample	rho_d	rho_e	rho_w	rho_b
460	0.000909887	0.295668	0.0741187	0.518183
