sample	rho_d	rho_e	rho_w	rho_b
122	0.0822884	0.347339	0.472383	0.271924
