sample	rho_d	rho_e	rho_w	rho_b
41	0.284572	0.373275	0.0922727	0.186761
