sample	rho_d	rho_e	rho_w	rho_b
64	0.209811	0.481166	0.179552	0.0824551
