sample	rho_d	rho_e	rho_w	rho_b
133	0.148362	0.189212	0.197784	0.164396
