sample	rho_d	rho_e	rho_w	rho_b
215	0.148209	0.167931	0.156243	0.320819
