sample	rho_d	rho_e	rho_w	rho_b
824	0.10205	0.29754	0.19058	0.172339
