sample	rho_d	rho_e	rho_w	rho_b
389	0.245035	0.261972	0.14344	0.21189
