sample	rho_d	rho_e	rho_w	rho_b
467	0.000835926	0.17809	0.0354131	0.0909773
