sample	rho_d	rho_e	rho_w	rho_b
592	0.00830802	0.260921	0.0835053	0.154018
