sample	rho_d	rho_e	rho_w	rho_b
428	0.00086134	0.287666	0.0960926	0.105421
