sample	rho_d	rho_e	rho_w	rho_b
989	0.0314411	0.172203	0.167941	0.138034
