sample	rho_d	rho_e	rho_w	rho_b
802	0.041062	0.283181	0.152613	0.22823
