sample	rho_d	rho_e	rho_w	rho_b
122	0.0004471	0.183537	0.0432525	0.409691
