sample	rho_d	rho_e	rho_w	rho_b
26	0.14816	0.282313	0.0845083	0.100703
