sample	rho_d	rho_e	rho_w	rho_b
11	0.0456142	0.275122	0.219257	0.157658
