sample	rho_d	rho_e	rho_w	rho_b
805	0.077979	0.576325	0.111924	0.386924
