sample	rho_d	rho_e	rho_w	rho_b
526	0.237083	0.37901	0.0522281	0.167424
