sample	rho_d	rho_e	rho_w	rho_b
867	0.0659023	0.246459	0.100615	0.0581552
