sample	rho_d	rho_e	rho_w	rho_b
117	0.0355464	0.396516	0.223436	0.184884
