sample	rho_d	rho_e	rho_w	rho_b
117	0.32599	0.189817	0.165572	0.230098
