sample	rho_d	rho_e	rho_w	rho_b
960	0.0107182	0.432041	0.0886794	0.238461
