sample	rho_d	rho_e	rho_w	rho_b
243	0.0348458	0.185493	0.05016	0.206994
