sample	rho_d	rho_e	rho_w	rho_b
447	0.00401089	0.233463	0.269853	0.12425
