sample	rho_d	rho_e	rho_w	rho_b
901	0.348073	0.32559	0.249207	0.124387
