sample	rho_d	rho_e	rho_w	rho_b
717	0.110914	0.211943	0.0567961	0.0319987
