sample	rho_d	rho_e	rho_w	rho_b
585	0.0018985	0.120352	0.148742	0.119874
