sample	rho_d	rho_e	rho_w	rho_b
87	0.327949	0.25266	0.104232	0.0511593
