sample	rho_d	rho_e	rho_w	rho_b
354	0.00103591	0.150885	0.166023	0.0791362
