sample	rho_d	rho_e	rho_w	rho_b
52	0.0499771	0.17043	0.1282	0.20447
