sample	rho_d	rho_e	rho_w	rho_b
225	0.172496	0.236238	0.210315	0.0994624
