sample	rho_d	rho_e	rho_w	rho_b
246	0.311272	0.207104	0.181722	0.0917366
