sample	rho_d	rho_e	rho_w	rho_b
890	0.000199504	0.399756	0.175137	0.0947258
