sample	rho_d	rho_e	rho_w	rho_b
648	0.00427519	0.213752	0.0942808	0.0588531
