sample	rho_d	rho_e	rho_w	rho_b
942	0.0537679	0.125	0.3681	0.391296
