sample	rho_d	rho_e	rho_w	rho_b
189	0.0197062	0.138216	0.127482	0.0873119
