sample	rho_d	rho_e	rho_w	rho_b
291	0.157612	0.143025	0.0599879	0.185879
