sample	rho_d	rho_e	rho_w	rho_b
604	0.0133901	0.399195	0.0183236	0.0316923
