sample	rho_d	rho_e	rho_w	rho_b
496	8.84662e-05	0.183311	0.137857	0.131233
