sample	rho_d	rho_e	rho_w	rho_b
23	0.494244	0.310138	0.111888	0.345577
