sample	rho_d	rho_e	rho_w	rho_b
886	0.00678761	0.34433	0.0567533	0.100601
