sample	rho_d	rho_e	rho_w	rho_b
346	0.150471	0.226888	0.231941	0.183168
