sample	rho_d	rho_e	rho_w	rho_b
586	0.015835	0.118771	0.0476185	0.114312
