sample	rho_d	rho_e	rho_w	rho_b
139	0.00306662	0.250036	0.304572	0.092916
