sample	rho_d	rho_e	rho_w	rho_b
681	0.00188804	0.272291	0.188071	0.16266
