sample	rho_d	rho_e	rho_w	rho_b
159	3.81771e-05	0.14541	0.107996	0.140296
