sample	rho_d	rho_e	rho_w	rho_b
641	0.00345601	0.383091	0.148723	0.183159
