sample	rho_d	rho_e	rho_w	rho_b
778	0.0069375	0.297418	0.09693	0.323688
