sample	rho_d	rho_e	rho_w	rho_b
851	0.0784827	0.191604	0.108815	0.0847844
