sample	rho_d	rho_e	rho_w	rho_b
163	0.244902	0.144597	0.116183	0.090465
