sample	rho_d	rho_e	rho_w	rho_b
200	0.00959956	0.290332	0.0762085	0.197966
