sample	rho_d	rho_e	rho_w	rho_b
263	0.356416	0.330925	0.0837859	0.10936
