sample	rho_d	rho_e	rho_w	rho_b
332	0.0546868	0.274449	0.0236423	0.134062
