sample	rho_d	rho_e	rho_w	rho_b
632	0.00653408	0.131494	0.166126	0.155344
