sample	rho_d	rho_e	rho_w	rho_b
138	3.95892e-06	0.106343	0.193574	0.0900744
