sample	rho_d	rho_e	rho_w	rho_b
343	0.0455051	0.410031	0.0614673	0.194913
