sample	rho_d	rho_e	rho_w	rho_b
732	0.000168462	0.283722	0.125931	0.109935
