sample	rho_d	rho_e	rho_w	rho_b
664	0.00636861	0.35641	0.112355	0.0179054
