sample	rho_d	rho_e	rho_w	rho_b
644	0.0629232	0.167476	0.0977825	0.0696732
