sample	rho_d	rho_e	rho_w	rho_b
211	0.012422	0.153645	0.0428041	0.139942
