sample	rho_d	rho_e	rho_w	rho_b
750	0.0114816	0.323864	0.169754	0.438239
