sample	rho_d	rho_e	rho_w	rho_b
524	0.0162683	0.156035	0.18386	0.116423
