sample	rho_d	rho_e	rho_w	rho_b
35	0.0386741	0.213654	0.0797743	0.0809157
