sample	rho_d	rho_e	rho_w	rho_b
225	0.0359633	0.276486	0.130187	0.210315
