sample	rho_d	rho_e	rho_w	rho_b
145	0.233613	0.227792	0.0555955	0.121768
