sample	rho_d	rho_e	rho_w	rho_b
47	0.00127204	0.106853	0.204478	0.0983817
