sample	rho_d	rho_e	rho_w	rho_b
977	0.0148923	0.26119	0.0700214	0.207916
