sample	rho_d	rho_e	rho_w	rho_b
14	0.00237302	0.101136	0.179761	0.173097
