sample	rho_d	rho_e	rho_w	rho_b
63	0.00419067	0.296431	0.151713	0.256132
