sample	rho_d	rho_e	rho_w	rho_b
290	0.321227	0.262937	0.140219	0.0350692
