sample	rho_d	rho_e	rho_w	rho_b
95	0.00571323	0.25164	0.233564	0.183224
