sample	rho_d	rho_e	rho_w	rho_b
143	0.00130699	0.162057	0.131625	0.075537
