sample	rho_d	rho_e	rho_w	rho_b
373	0.00776342	0.216788	0.201126	0.232337
