sample	rho_d	rho_e	rho_w	rho_b
678	0.0210243	0.196977	0.0556547	0.17823
