sample	rho_d	rho_e	rho_w	rho_b
111	0.000507605	0.221595	0.268641	0.169203
