sample	rho_d	rho_e	rho_w	rho_b
790	0.000717293	0.299367	0.0340231	0.0344311
