sample	rho_d	rho_e	rho_w	rho_b
76	0.248689	0.146927	0.192005	0.179245
