sample	rho_d	rho_e	rho_w	rho_b
213	0.0377453	0.2745	0.123126	0.0646441
