sample	rho_d	rho_e	rho_w	rho_b
600	0.0401851	0.181059	0.084854	0.0901387
