sample	rho_d	rho_e	rho_w	rho_b
80	0.335261	0.274287	0.0209781	0.162131
