sample	rho_d	rho_e	rho_w	rho_b
954	0.00975755	0.431918	0.21884	0.0332326
