sample	rho_d	rho_e	rho_w	rho_b
47	9.58836e-05	0.213061	0.0822298	0.139718
