sample	rho_d	rho_e	rho_w	rho_b
233	0.00534417	0.130465	0.150297	0.352172
