sample	rho_d	rho_e	rho_w	rho_b
263	0.0471954	0.181013	0.174277	0.197783
