sample	rho_d	rho_e	rho_w	rho_b
682	0.0129038	0.445637	0.152396	0.112749
