sample	rho_d	rho_e	rho_w	rho_b
110	0.0337653	0.230346	0.118093	0.167466
