sample	rho_d	rho_e	rho_w	rho_b
254	0.018078	0.171292	0.0480675	0.221922
