sample	rho_d	rho_e	rho_w	rho_b
699	0.1358	0.230784	0.072886	0.442338
