sample	rho_d	rho_e	rho_w	rho_b
971	0.00713015	0.129813	0.101859	0.228925
