sample	rho_d	rho_e	rho_w	rho_b
167	0.257929	0.517298	0.191842	0.0518307
