sample	rho_d	rho_e	rho_w	rho_b
288	0.0673036	0.326609	0.321043	0.130864
