sample	rho_d	rho_e	rho_w	rho_b
292	0.00923677	0.25928	0.0474172	0.0350964
