sample	rho_d	rho_e	rho_w	rho_b
438	0.0191957	0.282469	0.138977	0.0530033
