sample	rho_d	rho_e	rho_w	rho_b
746	0.00171067	0.241464	0.0396277	0.106695
