sample	rho_d	rho_e	rho_w	rho_b
768	0.0007029	0.226532	0.153839	0.206839
