sample	rho_d	rho_e	rho_w	rho_b
932	0.00562931	0.392685	0.102977	0.0700474
