sample	rho_d	rho_e	rho_w	rho_b
418	0.0691295	0.27476	0.0778161	0.0783593
