sample	rho_d	rho_e	rho_w	rho_b
607	0.000589168	0.31268	0.142175	0.0427258
