sample	rho_d	rho_e	rho_w	rho_b
979	0.0598993	0.219109	0.287023	0.0290451
