sample	rho_d	rho_e	rho_w	rho_b
475	0.394477	0.233005	0.144521	0.112887
