sample	rho_d	rho_e	rho_w	rho_b
892	0.00706846	0.164226	0.255256	0.0810708
