sample	rho_d	rho_e	rho_w	rho_b
3	0.226743	0.228693	0.0245771	0.606815
