sample	rho_d	rho_e	rho_w	rho_b
114	0.00836459	0.253778	0.0782394	0.0955388
