sample	rho_d	rho_e	rho_w	rho_b
503	0.000459554	0.148495	0.111815	0.159849
