sample	rho_d	rho_e	rho_w	rho_b
857	0.0181123	0.199262	0.135197	0.133066
