sample	rho_d	rho_e	rho_w	rho_b
169	0.131105	0.351444	0.335388	0.102416
