sample	rho_d	rho_e	rho_w	rho_b
173	0.152039	0.26524	0.187135	0.118192
