sample	rho_d	rho_e	rho_w	rho_b
191	0.00137868	0.370661	0.0714419	0.0861298
