sample	rho_d	rho_e	rho_w	rho_b
397	0.17816	0.177676	0.107013	0.116091
