sample	rho_d	rho_e	rho_w	rho_b
359	0.254772	0.437911	0.0677902	0.13898
