sample	rho_d	rho_e	rho_w	rho_b
147	0.314026	0.347004	0.131999	0.104082
