sample	rho_d	rho_e	rho_w	rho_b
563	0.000667456	0.24705	0.109401	0.0640172
