sample	rho_d	rho_e	rho_w	rho_b
751	0.0448742	0.392222	0.156616	0.0777025
