sample	rho_d	rho_e	rho_w	rho_b
96	0.14681	0.273031	0.114689	0.206889
