sample	rho_d	rho_e	rho_w	rho_b
161	0.206086	0.32928	0.154591	0.101638
