sample	rho_d	rho_e	rho_w	rho_b
669	0.0711134	0.162214	0.083493	0.0798471
