sample	rho_d	rho_e	rho_w	rho_b
255	0.135152	0.260575	0.289932	0.122671
