sample	rho_d	rho_e	rho_w	rho_b
996	0.0224706	0.187054	0.0845794	0.0861201
