sample	rho_d	rho_e	rho_w	rho_b
831	0.233231	0.160056	0.0401376	0.242849
