sample	rho_d	rho_e	rho_w	rho_b
4	0.345228	0.24344	0.295134	0.0462662
