sample	rho_d	rho_e	rho_w	rho_b
69	0.0488773	0.191021	0.211609	0.127664
