sample	rho_d	rho_e	rho_w	rho_b
347	0.353736	0.261323	0.0962571	0.0812301
