sample	rho_d	rho_e	rho_w	rho_b
272	0.00636814	0.263676	0.495576	0.128721
