sample	rho_d	rho_e	rho_w	rho_b
565	0.0816069	0.270881	0.228685	0.338817
