sample	rho_d	rho_e	rho_w	rho_b
2	0.0361258	0.271073	0.0784457	0.165603
