sample	rho_d	rho_e	rho_w	rho_b
98	0.00181782	0.185946	0.204366	0.114
