sample	rho_d	rho_e	rho_w	rho_b
465	0.00823181	0.234358	0.122147	0.236062
