sample	rho_d	rho_e	rho_w	rho_b
371	0.222985	0.473426	0.222213	0.153588
