sample	rho_d	rho_e	rho_w	rho_b
6	0.27554	0.153288	0.0157783	0.153684
