sample	rho_d	rho_e	rho_w	rho_b
27	0.106584	0.292337	0.106995	0.119077
