sample	rho_d	rho_e	rho_w	rho_b
215	2.16512e-05	0.263335	0.320819	0.10403
