sample	rho_d	rho_e	rho_w	rho_b
23	0.21363	0.126214	0.219153	0.143826
