sample	rho_d	rho_e	rho_w	rho_b
223	0.31532	0.134816	0.0864834	0.210197
