sample	rho_d	rho_e	rho_w	rho_b
130	0.0177325	0.4351	0.194161	0.153916
