sample	rho_d	rho_e	rho_w	rho_b
270	0.0766653	0.136902	0.13275	0.212059
