sample	rho_d	rho_e	rho_w	rho_b
877	0.233187	0.36238	0.323462	0.0245721
