sample	rho_d	rho_e	rho_w	rho_b
733	0.0110804	0.200583	0.0839522	0.150019
