sample	rho_d	rho_e	rho_w	rho_b
125	0.0131869	0.267848	0.0698644	0.0740702
