sample	rho_d	rho_e	rho_w	rho_b
155	0.00848524	0.344753	0.11965	0.0952386
