sample	rho_d	rho_e	rho_w	rho_b
199	0.000140731	0.269943	0.0501202	0.0708934
