sample	rho_d	rho_e	rho_w	rho_b
93	0.00873911	0.291199	0.0905816	0.114778
