sample	rho_d	rho_e	rho_w	rho_b
126	0.0399444	0.196961	0.125726	0.0426818
