sample	rho_d	rho_e	rho_w	rho_b
353	0.00363076	0.140623	0.0679894	0.0849802
