sample	rho_d	rho_e	rho_w	rho_b
248	0.23374	0.204825	0.183766	0.100591
