sample	rho_d	rho_e	rho_w	rho_b
512	0.156993	0.363384	0.182587	0.156343
