sample	rho_d	rho_e	rho_w	rho_b
40	0.266922	0.241258	0.165271	0.0658458
