sample	rho_d	rho_e	rho_w	rho_b
522	0.0415491	0.236893	0.227062	0.118184
