sample	rho_d	rho_e	rho_w	rho_b
366	0.138813	0.252856	0.0749837	0.11461
