sample	rho_d	rho_e	rho_w	rho_b
528	0.0323281	0.296973	0.256547	0.321889
