sample	rho_d	rho_e	rho_w	rho_b
704	0.0333698	0.163722	0.0953093	0.146999
