sample	rho_d	rho_e	rho_w	rho_b
657	0.029571	0.173502	0.119781	0.0968502
