sample	rho_d	rho_e	rho_w	rho_b
879	0.00639093	0.153378	0.0491137	0.16976
