sample	rho_d	rho_e	rho_w	rho_b
61	0.00249835	0.310431	0.0978606	0.0666331
