sample	rho_d	rho_e	rho_w	rho_b
304	0.141083	0.206265	0.114596	0.221797
