sample	rho_d	rho_e	rho_w	rho_b
446	0.00120229	0.363434	0.084239	0.161379
