sample	rho_d	rho_e	rho_w	rho_b
357	0.13814	0.202089	0.0837913	0.144351
