sample	rho_d	rho_e	rho_w	rho_b
43	0.190707	0.221387	0.0456125	0.300968
