sample	rho_d	rho_e	rho_w	rho_b
760	0.0706061	0.181264	0.0857144	0.157651
