sample	rho_d	rho_e	rho_w	rho_b
929	0.00239593	0.281857	0.0877706	0.0927272
