sample	rho_d	rho_e	rho_w	rho_b
702	0.00248115	0.150881	0.055705	0.0938355
