sample	rho_d	rho_e	rho_w	rho_b
334	0.301898	0.127182	0.139812	0.0407302
