sample	rho_d	rho_e	rho_w	rho_b
560	0.00179533	0.160175	0.199723	0.150821
