sample	rho_d	rho_e	rho_w	rho_b
208	0.16192	0.410061	0.0979187	0.326846
