sample	rho_d	rho_e	rho_w	rho_b
899	0.00716508	0.16149	0.331334	0.084167
