sample	rho_d	rho_e	rho_w	rho_b
986	0.0734254	0.24932	0.282701	0.0790347
