sample	rho_d	rho_e	rho_w	rho_b
301	0.0454825	0.0886893	0.126176	0.0466504
