sample	rho_d	rho_e	rho_w	rho_b
747	0.00809388	0.356218	0.131477	0.203793
