sample	rho_d	rho_e	rho_w	rho_b
365	0.136772	0.247743	0.0811014	0.0566154
