sample	rho_d	rho_e	rho_w	rho_b
324	0.229992	0.252226	0.247645	0.0239508
