sample	rho_d	rho_e	rho_w	rho_b
1000	0.000486903	0.365802	0.141167	0.104981
