sample	rho_d	rho_e	rho_w	rho_b
174	0.00121568	0.102005	0.193011	0.165054
