sample	rho_d	rho_e	rho_w	rho_b
16	0.40268	0.28481	0.0512131	0.0679813
