sample	rho_d	rho_e	rho_w	rho_b
15	0.0796674	0.138786	0.180559	0.117479
