sample	rho_d	rho_e	rho_w	rho_b
286	0.221931	0.123283	0.249822	0.286462
