sample	rho_d	rho_e	rho_w	rho_b
2	0.116881	0.206538	0.0719875	0.447927
