sample	rho_d	rho_e	rho_w	rho_b
55	0.0145854	0.263882	0.144713	0.132123
