sample	rho_d	rho_e	rho_w	rho_b
956	0.00972352	0.306797	0.344518	0.0597135
