sample	rho_d	rho_e	rho_w	rho_b
15	0.346894	0.212059	0.107145	0.0942436
