sample	rho_d	rho_e	rho_w	rho_b
207	0.203985	0.204006	0.169776	0.263513
