sample	rho_d	rho_e	rho_w	rho_b
10	0.345672	0.209174	0.0634214	0.160496
