sample	rho_d	rho_e	rho_w	rho_b
873	0.039907	0.232249	0.256098	0.126269
