sample	rho_d	rho_e	rho_w	rho_b
4	0.382439	0.154364	0.263026	0.0438841
