sample	rho_d	rho_e	rho_w	rho_b
272	0.150315	0.27709	0.0666312	0.0741438
