sample	rho_d	rho_e	rho_w	rho_b
303	0.406162	0.222662	0.302873	0.1662
