sample	rho_d	rho_e	rho_w	rho_b
7	0.120826	0.126412	0.648288	0.786479
