sample	rho_d	rho_e	rho_w	rho_b
239	0.0308771	0.311923	0.511155	0.0517406
