sample	rho_d	rho_e	rho_w	rho_b
45	0.00836176	0.188087	0.252525	0.347536
