sample	rho_d	rho_e	rho_w	rho_b
395	0.0436869	0.305295	0.0742016	0.407276
