sample	rho_d	rho_e	rho_w	rho_b
908	0.00990676	0.294898	0.0448569	0.329724
