sample	rho_d	rho_e	rho_w	rho_b
239	0.298948	0.181902	0.164408	0.174766
