sample	rho_d	rho_e	rho_w	rho_b
204	0.254047	0.197544	0.0496339	0.198491
