sample	rho_d	rho_e	rho_w	rho_b
572	0.0067823	0.134455	0.148521	0.141933
