sample	rho_d	rho_e	rho_w	rho_b
784	0.0459074	0.160782	0.304615	0.0932091
