sample	rho_d	rho_e	rho_w	rho_b
176	0.0035086	0.199079	0.310369	0.184201
