sample	rho_d	rho_e	rho_w	rho_b
872	0.0291866	0.272436	0.0384853	0.0383411
