sample	rho_d	rho_e	rho_w	rho_b
588	0.0151314	0.303701	0.051366	0.391392
