sample	rho_d	rho_e	rho_w	rho_b
540	0.000597819	0.143493	0.114048	0.417749
