sample	rho_d	rho_e	rho_w	rho_b
178	0.164668	0.217263	0.0762639	0.132703
