sample	rho_d	rho_e	rho_w	rho_b
360	0.00652348	0.183234	0.182909	0.0507022
