sample	rho_d	rho_e	rho_w	rho_b
180	0.180076	0.159944	0.126125	0.0923254
