sample	rho_d	rho_e	rho_w	rho_b
130	0.403194	0.247134	0.186263	0.0790971
