sample	rho_d	rho_e	rho_w	rho_b
38	0.00094364	0.301513	0.0918057	0.0826977
