sample	rho_d	rho_e	rho_w	rho_b
920	8.43548e-05	0.329014	0.114435	0.35559
