sample	rho_d	rho_e	rho_w	rho_b
264	0.433873	0.300354	0.217422	0.0800465
