sample	sigma_d	sigma_e	sigma_w	sigma_b
617	0.495399	-0.0852177	-0.0148499	-0.559678
