sample	sigma_d	sigma_e	sigma_w	sigma_b
67	1.61184	0.983692	0.942149	-1.04652
