sample	sigma_d	sigma_e	sigma_w	sigma_b
262	-0.787323	-0.53514	0.773708	0.169
