sample	sigma_d	sigma_e	sigma_w	sigma_b
594	0.166182	0.747619	-0.0735958	0.0140254
