sample	sigma_d	sigma_e	sigma_w	sigma_b
290	-1.45426	-0.760938	0.971627	1.45531
