sample	sigma_d	sigma_e	sigma_w	sigma_b
641	1.00268	-0.623113	-0.0825935	0.994267
