sample	sigma_d	sigma_e	sigma_w	sigma_b
76	0.645848	0.143513	0.146196	-0.681411
