sample	sigma_d	sigma_e	sigma_w	sigma_b
374	-0.40568	-0.369546	0.495175	0.822548
