sample	sigma_d	sigma_e	sigma_w	sigma_b
76	0.186269	1.2427	-0.524396	0.0761792
