sample	sigma_d	sigma_e	sigma_w	sigma_b
93	1.58067	-0.080122	0.781634	0.700234
