sample	sigma_d	sigma_e	sigma_w	sigma_b
260	-0.858977	-0.50807	1.41373	0.401887
