sample	sigma_d	sigma_e	sigma_w	sigma_b
392	-1.26837	-0.0311569	-1.26749	-1.26953
