sample	sigma_d	sigma_e	sigma_w	sigma_b
688	0.251262	-1.50316	0.0297713	0.633535
