sample	sigma_d	sigma_e	sigma_w	sigma_b
122	-0.806877	1.27089	0.87626	-1.31229
