sample	sigma_d	sigma_e	sigma_w	sigma_b
77	0.0715521	-0.629071	1.46076	-0.465496
