sample	sigma_d	sigma_e	sigma_w	sigma_b
255	-2.06008	-0.172948	-0.235653	-0.835616
