sample	sigma_d	sigma_e	sigma_w	sigma_b
893	0.125009	1.75866	-0.0309276	-1.11147
