sample	sigma_d	sigma_e	sigma_w	sigma_b
362	2.27671	0.761283	-0.05866	-0.181371
