sample	sigma_d	sigma_e	sigma_w	sigma_b
185	1.35276	-2.77537	0.656289	1.4416
