sample	sigma_d	sigma_e	sigma_w	sigma_b
137	1.39381	0.465107	-0.80952	0.461897
