sample	sigma_d	sigma_e	sigma_w	sigma_b
274	0.416388	-0.17867	0.747355	0.602927
