sample	sigma_d	sigma_e	sigma_w	sigma_b
698	-1.60417	1.23359	-0.425379	0.997602
