sample	sigma_d	sigma_e	sigma_w	sigma_b
338	-0.225175	1.11093	1.30616	1.18598
