sample	sigma_d	sigma_e	sigma_w	sigma_b
351	0.0102973	-0.56661	-0.833783	0.507712
