sample	sigma_d	sigma_e	sigma_w	sigma_b
336	0.968385	0.485058	1.43812	1.74958
