sample	sigma_d	sigma_e	sigma_w	sigma_b
486	2.0467	0.470066	-2.83288	0.0662817
