sample	sigma_d	sigma_e	sigma_w	sigma_b
83	0.432306	0.911205	0.672053	-0.7318
