sample	sigma_d	sigma_e	sigma_w	sigma_b
147	-1.1597	0.567014	0.0199225	1.04425
