sample	sigma_d	sigma_e	sigma_w	sigma_b
722	0.458509	1.29128	0.0400488	-0.334031
