sample	sigma_d	sigma_e	sigma_w	sigma_b
182	-0.0555401	0.879667	-0.10076	0.757795
