sample	sigma_d	sigma_e	sigma_w	sigma_b
785	0.250241	-0.350653	0.316361	-0.356753
