sample	sigma_d	sigma_e	sigma_w	sigma_b
13	0.519191	0.551075	1.6094	1.52676
