sample	sigma_d	sigma_e	sigma_w	sigma_b
955	-1.11778	-0.0171026	-0.780099	-0.0777862
