sample	sigma_d	sigma_e	sigma_w	sigma_b
261	2.5662	0.222413	-1.14891	1.01235
