sample	sigma_d	sigma_e	sigma_w	sigma_b
811	-1.58995	0.0466091	0.62194	-0.790616
