sample	sigma_d	sigma_e	sigma_w	sigma_b
571	-1.82764	0.17381	1.30804	0.318643
