sample	sigma_d	sigma_e	sigma_w	sigma_b
19	-0.153139	-0.489242	0.828522	-0.413677
