sample	sigma_d	sigma_e	sigma_w	sigma_b
659	1.05829	0.204837	0.683368	1.56427
