sample	sigma_d	sigma_e	sigma_w	sigma_b
766	-0.253443	-1.4867	0.705673	-1.15389
