sample	sigma_d	sigma_e	sigma_w	sigma_b
479	-1.43332	1.23729	-1.83123	-0.492527
