sample	sigma_d	sigma_e	sigma_w	sigma_b
61	-0.22394	-0.110423	1.01442	-0.319755
