sample	sigma_d	sigma_e	sigma_w	sigma_b
586	-0.410444	-0.0308897	-1.42954	-0.764575
