sample	sigma_d	sigma_e	sigma_w	sigma_b
337	-0.210575	-0.134096	1.96116	-0.142511
