sample	sigma_d	sigma_e	sigma_w	sigma_b
195	0.309384	0.0945509	-1.70802	0.922996
