sample	sigma_d	sigma_e	sigma_w	sigma_b
84	0.0778068	-0.377907	-0.786082	-1.42563
