sample	sigma_d	sigma_e	sigma_w	sigma_b
369	-0.627121	2.2308	-0.511015	-2.26335
