sample	sigma_d	sigma_e	sigma_w	sigma_b
642	0.49697	0.644745	0.174558	-2.23963
