sample	sigma_d	sigma_e	sigma_w	sigma_b
107	0.229352	-0.778678	0.316138	-1.13383
