sample	sigma_d	sigma_e	sigma_w	sigma_b
242	-1.04971	-0.128298	-0.133655	-0.866952
