sample	sigma_d	sigma_e	sigma_w	sigma_b
809	-0.790962	0.762022	-1.50846	1.42741
