sample	sigma_d	sigma_e	sigma_w	sigma_b
689	-0.680753	1.26645	0.000219641	-1.81056
