sample	sigma_d	sigma_e	sigma_w	sigma_b
63	-0.742985	-0.230176	1.31858	0.464444
