sample	sigma_d	sigma_e	sigma_w	sigma_b
466	-0.364634	0.111193	0.258654	0.855366
