sample	sigma_d	sigma_e	sigma_w	sigma_b
464	-0.456808	-1.00799	-0.668533	1.13232
