sample	sigma_d	sigma_e	sigma_w	sigma_b
558	-0.792785	-1.16113	0.192939	-0.811767
