sample	sigma_d	sigma_e	sigma_w	sigma_b
8	-0.315558	1.33927	-0.427074	1.49616
