sample	sigma_d	sigma_e	sigma_w	sigma_b
458	0.603596	0.013138	0.354202	0.722891
