sample	sigma_d	sigma_e	sigma_w	sigma_b
220	0.641666	0.207917	0.16671	-0.165451
