sample	sigma_d	sigma_e	sigma_w	sigma_b
67	0.691335	-1.53743	-0.299874	-0.672368
