sample	sigma_d	sigma_e	sigma_w	sigma_b
311	0.102654	1.4906	-0.861409	0.0934916
