sample	sigma_d	sigma_e	sigma_w	sigma_b
449	0.627263	1.69144	-0.558421	0.854747
