sample	sigma_d	sigma_e	sigma_w	sigma_b
258	-1.27921	0.346762	-0.553404	-1.35021
