sample	sigma_d	sigma_e	sigma_w	sigma_b
246	1.74923	0.224294	-1.10784	0.779531
