sample	sigma_d	sigma_e	sigma_w	sigma_b
353	-0.781969	-0.721598	-1.47725	0.725485
