sample	sigma_d	sigma_e	sigma_w	sigma_b
945	-0.86564	1.32836	-1.42761	0.146665
