sample	sigma_d	sigma_e	sigma_w	sigma_b
266	0.207957	0.503587	1.64599	0.898674
