sample	sigma_d	sigma_e	sigma_w	sigma_b
569	-0.236817	-0.96035	-3.41153	-0.920093
