sample	sigma_d	sigma_e	sigma_w	sigma_b
339	-0.438285	-1.47818	-0.190132	-1.45242
