sample	sigma_d	sigma_e	sigma_w	sigma_b
86	0.823017	0.706442	-0.891635	1.5274
