sample	sigma_d	sigma_e	sigma_w	sigma_b
241	1.57007	0.553501	0.933966	-0.654051
