sample	sigma_d	sigma_e	sigma_w	sigma_b
140	-0.733592	0.188537	-1.06292	-0.275064
