sample	sigma_d	sigma_e	sigma_w	sigma_b
221	0.691076	-0.0546911	2.05829	0.9069
