sample	sigma_d	sigma_e	sigma_w	sigma_b
820	1.33566	1.21811	-1.2841	0.439152
