sample	sigma_d	sigma_e	sigma_w	sigma_b
901	1.24069	0.462617	-1.505	0.255473
