sample	sigma_d	sigma_e	sigma_w	sigma_b
5	1.06595	-0.796332	0.718081	-0.801028
