sample	sigma_d	sigma_e	sigma_w	sigma_b
283	1.09043	0.918761	1.32241	-0.422859
