sample	sigma_d	sigma_e	sigma_w	sigma_b
244	0.732177	-0.321048	-1.26595	-0.673302
