sample	sigma_d	sigma_e	sigma_w	sigma_b
35	-0.995026	-1.60452	0.124164	0.553909
