sample	sigma_d	sigma_e	sigma_w	sigma_b
489	0.0784818	-0.166271	-0.899116	0.620924
