sample	sigma_d	sigma_e	sigma_w	sigma_b
795	-0.0634675	-1.25124	-0.769705	0.376043
