sample	sigma_d	sigma_e	sigma_w	sigma_b
46	-0.70246	1.42899	0.278383	-0.742612
