sample	sigma_d	sigma_e	sigma_w	sigma_b
815	0.611748	0.130091	-2.22415	-0.176049
