sample	sigma_d	sigma_e	sigma_w	sigma_b
768	1.58001	-0.960074	0.365939	-0.337493
