sample	sigma_d	sigma_e	sigma_w	sigma_b
897	-0.645875	-0.453813	-1.08772	0.289466
