sample	sigma_d	sigma_e	sigma_w	sigma_b
392	-0.750961	1.6853	1.36021	0.634267
