sample	sigma_d	sigma_e	sigma_w	sigma_b
886	0.718059	1.52045	-0.221052	0.930322
