sample	sigma_d	sigma_e	sigma_w	sigma_b
741	1.63977	1.77849	-0.304647	0.639125
