sample	sigma_d	sigma_e	sigma_w	sigma_b
233	-0.0388602	0.0467901	1.50128	-1.28439
