sample	sigma_d	sigma_e	sigma_w	sigma_b
927	0.00742498	0.373923	-0.266407	-0.984859
