sample	sigma_d	sigma_e	sigma_w	sigma_b
403	1.2265	-0.591238	0.375401	0.0286148
