sample	sigma_d	sigma_e	sigma_w	sigma_b
511	0.0558356	0.27845	0.813805	0.198774
