sample	sigma_d	sigma_e	sigma_w	sigma_b
789	0.921661	0.354336	-0.295297	-0.838408
