sample	sigma_d	sigma_e	sigma_w	sigma_b
185	0.343266	1.31273	1.31233	1.30932
