sample	sigma_d	sigma_e	sigma_w	sigma_b
294	0.897114	1.63588	-0.0289444	-1.27272
