sample	sigma_d	sigma_e	sigma_w	sigma_b
226	-0.299018	-0.441197	0.983807	1.00253
