sample	sigma_d	sigma_e	sigma_w	sigma_b
182	-0.147868	0.17369	-0.179874	-0.324763
