sample	sigma_d	sigma_e	sigma_w	sigma_b
190	0.862203	0.712676	1.30925	1.00815
