sample	sigma_d	sigma_e	sigma_w	sigma_b
501	1.99557	0.0390426	0.639218	1.2895
