sample	sigma_d	sigma_e	sigma_w	sigma_b
327	-1.5336	-0.661983	-0.785767	-2.01149
