sample	sigma_d	sigma_e	sigma_w	sigma_b
302	-1.58334	0.590297	-0.629635	-0.0549691
