sample	sigma_d	sigma_e	sigma_w	sigma_b
692	0.479719	0.632095	0.815239	-2.74089
