sample	sigma_d	sigma_e	sigma_w	sigma_b
702	0.225921	0.388368	-0.408244	-1.15447
