sample	sigma_d	sigma_e	sigma_w	sigma_b
192	1.08139	-0.552386	-0.543378	2.07746
