sample	sigma_d	sigma_e	sigma_w	sigma_b
908	-0.277828	1.33384	-0.074474	-0.00812061
