sample	sigma_d	sigma_e	sigma_w	sigma_b
153	0.444253	-1.2463	2.68662	2.22233
