sample	sigma_d	sigma_e	sigma_w	sigma_b
663	-0.231646	-0.254374	0.558484	0.611346
