sample	sigma_d	sigma_e	sigma_w	sigma_b
852	0.946925	0.172982	0.0477103	-0.272881
