sample	sigma_d	sigma_e	sigma_w	sigma_b
1	-0.331912	1.98874	0.881298	1.73023
