sample	sigma_d	sigma_e	sigma_w	sigma_b
627	-0.204222	0.666923	1.34971	-0.196965
