sample	sigma_d	sigma_e	sigma_w	sigma_b
252	0.330629	0.78984	1.78544	-0.656532
