sample	sigma_d	sigma_e	sigma_w	sigma_b
346	1.73354	-0.11749	1.99061	-0.912577
