sample	sigma_d	sigma_e	sigma_w	sigma_b
373	0.118288	1.72611	0.619408	-1.24951
