sample	sigma_d	sigma_e	sigma_w	sigma_b
138	0.748256	-1.04328	0.830614	-0.180787
