sample	sigma_d	sigma_e	sigma_w	sigma_b
892	-0.565262	0.687182	-0.0127607	-2.07739
