sample	sigma_d	sigma_e	sigma_w	sigma_b
427	0.133096	-1.46795	0.374142	-0.341733
