sample	sigma_d	sigma_e	sigma_w	sigma_b
265	0.670101	1.85052	-0.286514	0.105378
