sample	sigma_d	sigma_e	sigma_w	sigma_b
398	2.0983	-0.0248331	-0.929985	-0.00344617
