sample	sigma_d	sigma_e	sigma_w	sigma_b
390	-0.272542	1.14444	-0.802024	-0.576434
