sample	sigma_d	sigma_e	sigma_w	sigma_b
725	1.56425	-0.372915	1.36291	-0.433848
