sample	sigma_d	sigma_e	sigma_w	sigma_b
136	-0.921079	0.761733	-0.347825	-0.852306
