sample	sigma_d	sigma_e	sigma_w	sigma_b
38	0.837689	-0.775454	0.753975	0.561667
