sample	sigma_d	sigma_e	sigma_w	sigma_b
186	-0.638839	-1.04293	-1.42446	-1.04262
