sample	sigma_d	sigma_e	sigma_w	sigma_b
114	0.129141	1.63684	0.045006	0.125452
