sample	sigma_d	sigma_e	sigma_w	sigma_b
198	1.42649	1.32406	-1.24656	0.277762
