sample	sigma_d	sigma_e	sigma_w	sigma_b
265	-0.759796	0.802702	0.363366	-0.529457
