sample	sigma_d	sigma_e	sigma_w	sigma_b
618	-0.598121	-0.527672	-0.502417	0.241507
