sample	sigma_d	sigma_e	sigma_w	sigma_b
949	0.479103	-0.897037	1.06419	0.637007
