sample	sigma_d	sigma_e	sigma_w	sigma_b
375	0.489617	0.0604615	-0.530104	-0.644045
