sample	sigma_d	sigma_e	sigma_w	sigma_b
271	-1.30843	1.09778	-0.231771	-0.413722
