sample	sigma_d	sigma_e	sigma_w	sigma_b
430	-0.392682	-0.674834	0.279524	0.668881
