sample	sigma_d	sigma_e	sigma_w	sigma_b
957	-0.261891	-1.09091	-1.89175	0.296098
