sample	sigma_d	sigma_e	sigma_w	sigma_b
371	-1.00363	1.27059	0.683575	-0.0201529
