sample	sigma_d	sigma_e	sigma_w	sigma_b
434	0.922531	-1.31376	0.465365	0.985587
