sample	sigma_d	sigma_e	sigma_w	sigma_b
267	-0.192544	-0.164795	-0.833916	0.350294
