sample	sigma_d	sigma_e	sigma_w	sigma_b
636	1.90348	-0.09159	-0.257325	1.55518
