sample	sigma_d	sigma_e	sigma_w	sigma_b
903	0.98495	-0.583951	-0.121948	-1.27648
