sample	sigma_d	sigma_e	sigma_w	sigma_b
542	-0.458871	0.830518	0.324132	-0.279624
