sample	sigma_d	sigma_e	sigma_w	sigma_b
473	0.359673	0.47021	-0.361361	-0.176478
