sample	sigma_d	sigma_e	sigma_w	sigma_b
197	-0.155744	-0.0657149	-0.0558502	-0.831239
