sample	sigma_d	sigma_e	sigma_w	sigma_b
524	-1.1717	-0.281132	2.61289	0.956911
