sample	sigma_d	sigma_e	sigma_w	sigma_b
442	2.66021	-0.177125	-0.946322	0.283574
