sample	sigma_d	sigma_e	sigma_w	sigma_b
45	1.95007	-0.600347	0.837057	-1.89441
