sample	sigma_d	sigma_e	sigma_w	sigma_b
735	2.18899	-0.368826	1.43758	1.53785
