sample	sigma_d	sigma_e	sigma_w	sigma_b
367	-1.80372	1.29472	-1.12394	-0.339726
