sample	sigma_d	sigma_e	sigma_w	sigma_b
209	1.30432	-0.279194	-0.406678	-1.40559
