sample	sigma_d	sigma_e	sigma_w	sigma_b
895	-0.55719	0.526158	-1.47806	0.506218
