sample	sigma_d	sigma_e	sigma_w	sigma_b
724	0.0555539	-1.05324	0.978935	0.901979
