sample	sigma_d	sigma_e	sigma_w	sigma_b
353	0.485274	0.833931	0.481219	-1.06174
