sample	feature	sigma_d	sigma_e	sigma_w	sigma_b
9999	1	0.46725	0.708696	1.60582	-0.157284
9999	1	0.25673	1.2249	2.45032	2.24723
