sample	sigma_d	sigma_e	sigma_w	sigma_b
598	0.647215	-0.535718	-0.04946	-0.752696
