sample	sigma_d	sigma_e	sigma_w	sigma_b
664	0.347449	-0.931466	1.76589	-0.15396
