sample	sigma_d	sigma_e	sigma_w	sigma_b
187	1.64222	1.30087	0.117816	0.143079
