sample	sigma_d	sigma_e	sigma_w	sigma_b
365	-1.33266	0.117217	-1.53998	1.27275
