sample	sigma_d	sigma_e	sigma_w	sigma_b
657	0.646835	-1.69035	0.995512	1.2775
