sample	sigma_d	sigma_e	sigma_w	sigma_b
968	-0.23334	-1.16852	1.55975	-0.0257684
