sample	sigma_d	sigma_e	sigma_w	sigma_b
448	-0.869615	0.935167	-1.07385	0.747333
