sample	sigma_d	sigma_e	sigma_w	sigma_b
541	2.15515	0.0151546	0.764195	-1.13176
