sample	sigma_d	sigma_e	sigma_w	sigma_b
132	-0.653048	-0.422729	-0.996859	0.0643123
