sample	sigma_d	sigma_e	sigma_w	sigma_b
205	-1.83666	0.105806	1.57106	-0.473624
