sample	sigma_d	sigma_e	sigma_w	sigma_b
193	-1.57462	-1.25164	1.56006	0.268141
