sample	sigma_d	sigma_e	sigma_w	sigma_b
106	0.48277	0.74472	-0.695797	-1.05493
