sample	sigma_d	sigma_e	sigma_w	sigma_b
367	-0.380778	0.047002	-1.02329	-0.0998162
