sample	sigma_d	sigma_e	sigma_w	sigma_b
101	-1.05715	-0.492651	0.0211664	0.813192
