sample	sigma_d	sigma_e	sigma_w	sigma_b
902	0.216179	0.523664	0.0715944	-1.13357
