sample	sigma_d	sigma_e	sigma_w	sigma_b
736	-0.369163	-0.155045	-1.09429	-0.160906
