sample	sigma_d	sigma_e	sigma_w	sigma_b
210	0.886108	0.328458	-1.71512	1.49099
