sample	sigma_d	sigma_e	sigma_w	sigma_b
861	-0.0174671	-0.114124	-0.658501	-2.91281
