sample	sigma_d	sigma_e	sigma_w	sigma_b
319	0.016598	0.500179	-2.32416	-1.22975
