sample	sigma_d	sigma_e	sigma_w	sigma_b
144	-0.224039	-0.78282	0.869418	-2.06399
