sample	sigma_d	sigma_e	sigma_w	sigma_b
394	0.645215	-0.37487	0.273886	-0.157254
