sample	sigma_d	sigma_e	sigma_w	sigma_b
102	0.454641	1.08881	0.405382	0.906916
