sample	sigma_d	sigma_e	sigma_w	sigma_b
142	-0.0337053	-0.601327	-0.169634	-1.12125
