sample	sigma_d	sigma_e	sigma_w	sigma_b
12	-2.02873	0.980404	-0.982913	-0.146462
