sample	sigma_d	sigma_e	sigma_w	sigma_b
184	-1.10915	1.42077	0.890592	0.2187
