sample	sigma_d	sigma_e	sigma_w	sigma_b
334	0.0929939	-0.321228	-0.495605	1.01727
