sample	sigma_d	sigma_e	sigma_w	sigma_b
632	1.51263	-0.491842	0.777067	0.649658
