sample	sigma_d	sigma_e	sigma_w	sigma_b
978	0.505647	0.655418	-1.70348	0.0806436
