sample	sigma_d	sigma_e	sigma_w	sigma_b
72	-0.813857	-0.77261	1.44462	-0.314266
