sample	sigma_d	sigma_e	sigma_w	sigma_b
366	-0.228889	-0.627821	1.94564	1.51439
