sample	sigma_d	sigma_e	sigma_w	sigma_b
690	0.166015	2.09361	0.487766	-1.50586
