sample	sigma_d	sigma_e	sigma_w	sigma_b
382	0.181205	-0.980541	-0.0273615	0.560784
