sample	sigma_d	sigma_e	sigma_w	sigma_b
151	-0.62985	-0.985674	-0.642066	1.23638
