sample	sigma_d	sigma_e	sigma_w	sigma_b
433	2.72952	-0.173922	0.913634	-0.094185
