sample	sigma_d	sigma_e	sigma_w	sigma_b
308	0.530003	-1.11848	-1.28145	-0.244103
