sample	sigma_d	sigma_e	sigma_w	sigma_b
583	0.318141	0.725622	-0.92393	0.845787
