sample	sigma_d	sigma_e	sigma_w	sigma_b
838	-0.782096	-0.55603	-1.02291	-0.286275
