sample	sigma_d	sigma_e	sigma_w	sigma_b
887	-0.833829	0.0180091	0.741099	-1.50086
