sample	sigma_d	sigma_e	sigma_w	sigma_b
106	-0.0320668	-0.0444058	-0.948398	0.293667
