sample	sigma_d	sigma_e	sigma_w	sigma_b
10	-0.7461	-0.00464461	-0.872054	0.691626
