sample	sigma_d	sigma_e	sigma_w	sigma_b
235	-0.0547392	2.11013	-0.585267	-1.39418
