sample	sigma_d	sigma_e	sigma_w	sigma_b
767	1.15667	-0.264541	0.680158	-0.402894
