sample	sigma_d	sigma_e	sigma_w	sigma_b
619	0.0324799	1.03971	0.369582	0.839891
