sample	sigma_d	sigma_e	sigma_w	sigma_b
703	0.244526	1.51287	-0.0659261	-1.65795
