sample	sigma_d	sigma_e	sigma_w	sigma_b
214	1.03283	-0.235971	1.67824	0.628868
