sample	sigma_d	sigma_e	sigma_w	sigma_b
315	-0.474675	0.969498	0.364264	-0.496041
