sample	sigma_d	sigma_e	sigma_w	sigma_b
778	0.206553	0.61302	1.36758	-0.821284
