sample	sigma_d	sigma_e	sigma_w	sigma_b
639	-1.49114	-1.98129	-0.192236	0.222367
