sample	sigma_d	sigma_e	sigma_w	sigma_b
219	-0.113169	-0.729963	-1.68722	1.31807
