sample	sigma_d	sigma_e	sigma_w	sigma_b
172	-0.853511	-1.29191	0.366095	0.390907
