sample	sigma_d	sigma_e	sigma_w	sigma_b
10	2.12186	-0.868714	-0.958173	-0.0693692
