sample	sigma_d	sigma_e	sigma_w	sigma_b
53	0.456806	1.16857	-0.510354	1.21064
