sample	sigma_d	sigma_e	sigma_w	sigma_b
621	1.02777	1.18578	1.11279	0.400766
