sample	sigma_d	sigma_e	sigma_w	sigma_b
173	-0.537127	-2.15039	1.71028	1.48652
