sample	sigma_d	sigma_e	sigma_w	sigma_b
104	0.711014	-0.303379	-0.821915	-0.24222
