sample	sigma_d	sigma_e	sigma_w	sigma_b
18	0.601497	-1.69596	0.0218135	-0.269498
