sample	sigma_d	sigma_e	sigma_w	sigma_b
993	-0.712906	-0.947548	0.327841	-0.708618
