sample	sigma_d	sigma_e	sigma_w	sigma_b
204	1.4206	-0.831668	0.388863	-0.129621
