sample	sigma_d	sigma_e	sigma_w	sigma_b
847	0.0973936	1.25979	0.844101	0.734336
