sample	sigma_d	sigma_e	sigma_w	sigma_b
253	-1.71601	0.0612429	-0.86713	-1.07974
