sample	sigma_d	sigma_e	sigma_w	sigma_b
942	-0.379426	-0.532323	0.514165	-0.321344
