sample	sigma_d	sigma_e	sigma_w	sigma_b
134	-0.554144	2.11456	1.42498	-0.189357
