sample	sigma_d	sigma_e	sigma_w	sigma_b
526	1.03879	-0.562409	-0.0502194	0.0414666
