sample	sigma_d	sigma_e	sigma_w	sigma_b
48	-0.0467978	-0.311204	0.989329	-0.634232
