sample	sigma_d	sigma_e	sigma_w	sigma_b
158	-0.777555	0.724795	-0.8576	1.25466
