sample	sigma_d	sigma_e	sigma_w	sigma_b
102	-1.62602	-0.420305	-1.05845	0.127963
