sample	sigma_d	sigma_e	sigma_w	sigma_b
439	1.7519	-0.467387	-0.140574	-0.219459
