sample	sigma_d	sigma_e	sigma_w	sigma_b
422	-0.764027	-1.08608	0.0492266	-0.877319
