sample	sigma_d	sigma_e	sigma_w	sigma_b
740	0.457326	1.25456	-0.704361	-0.0848553
