sample	sigma_d	sigma_e	sigma_w	sigma_b
349	0.454555	0.0647844	-2.03596	0.766584
