sample	sigma_d	sigma_e	sigma_w	sigma_b
366	0.314645	1.10353	-0.197443	-0.258387
