sample	sigma_d	sigma_e	sigma_w	sigma_b
224	-2.82196	-1.95075	-0.0302264	-0.555543
