sample	sigma_d	sigma_e	sigma_w	sigma_b
212	-0.619288	-0.238608	0.0166729	1.08907
