sample	sigma_d	sigma_e	sigma_w	sigma_b
338	2.25841	-1.04503	1.33648	1.37201
