sample	sigma_d	sigma_e	sigma_w	sigma_b
416	-1.07629	-0.322883	1.48885	-0.679446
