sample	sigma_d	sigma_e	sigma_w	sigma_b
184	-0.132181	-1.65533	0.00157989	-0.201132
