sample	sigma_d	sigma_e	sigma_w	sigma_b
457	0.440019	1.18243	-0.314051	-0.606655
