sample	sigma_d	sigma_e	sigma_w	sigma_b
517	0.348906	0.67698	1.03258	1.12711
