sample	sigma_d	sigma_e	sigma_w	sigma_b
386	1.89471	-0.442398	0.608143	0.900088
