sample	sigma_d	sigma_e	sigma_w	sigma_b
983	-0.258256	-1.1046	0.219773	-0.524543
