sample	sigma_d	sigma_e	sigma_w	sigma_b
306	0.894747	0.128691	-0.973744	-1.75224
