sample	sigma_d	sigma_e	sigma_w	sigma_b
717	1.0259	-0.746647	-0.170968	-0.0924711
