sample	sigma_d	sigma_e	sigma_w	sigma_b
915	-0.785004	-2.95674	-0.352969	0.530808
