sample	sigma_d	sigma_e	sigma_w	sigma_b
679	0.878363	-1.14425	-0.63946	1.26302
