sample	sigma_d	sigma_e	sigma_w	sigma_b
218	-0.660775	-0.945878	-0.0621064	0.553825
