sample	sigma_d	sigma_e	sigma_w	sigma_b
333	-2.04281	0.172728	0.964128	1.2761
