sample	sigma_d	sigma_e	sigma_w	sigma_b
284	-0.27308	0.363856	-0.265935	-1.54915
