sample	sigma_d	sigma_e	sigma_w	sigma_b
867	-0.946021	-0.427248	0.665748	1.13012
