sample	sigma_d	sigma_e	sigma_w	sigma_b
299	0.894488	1.44867	1.99598	-0.0930575
