sample	sigma_d	sigma_e	sigma_w	sigma_b
358	-0.917171	-0.54681	0.784835	-0.962167
