sample	sigma_d	sigma_e	sigma_w	sigma_b
610	-1.8204	-0.0790842	0.533476	-0.653016
