sample	sigma_d	sigma_e	sigma_w	sigma_b
25	1.00525	0.110908	-0.119493	-0.741386
