sample	sigma_d	sigma_e	sigma_w	sigma_b
112	1.45855	-1.39525	-0.0445906	0.527484
