sample	sigma_d	sigma_e	sigma_w	sigma_b
173	-1.14378	0.723139	0.0972372	1.48446
