sample	sigma_d	sigma_e	sigma_w	sigma_b
900	0.841383	-0.584018	1.49309	1.10772
