sample	sigma_d	sigma_e	sigma_w	sigma_b
574	1.07921	0.0512188	-1.68667	1.09871
