sample	sigma_d	sigma_e	sigma_w	sigma_b
839	1.86142	1.30187	-0.539579	-0.20518
