sample	sigma_d	sigma_e	sigma_w	sigma_b
239	0.52334	0.133694	0.284197	-2.29203
