sample	sigma_d	sigma_e	sigma_w	sigma_b
649	0.879319	-0.17953	-0.320744	-1.08581
