sample	sigma_d	sigma_e	sigma_w	sigma_b
287	-0.172819	0.487462	-0.625286	-0.0377392
