sample	sigma_d	sigma_e	sigma_w	sigma_b
18	-0.612709	-2.81997	-0.336584	-0.371037
