sample	sigma_d	sigma_e	sigma_w	sigma_b
304	1.75166	0.527577	-0.141147	1.66453
