sample	sigma_d	sigma_e	sigma_w	sigma_b
862	-0.529193	0.00825637	1.61745	-0.0195085
