sample	sigma_d	sigma_e	sigma_w	sigma_b
660	0.781408	1.14055	1.06816	-0.453235
