sample	sigma_d	sigma_e	sigma_w	sigma_b
606	0.456294	0.254491	1.83511	0.39438
