sample	sigma_d	sigma_e	sigma_w	sigma_b
760	-0.13024	0.852509	-1.42405	0.613702
