sample	sigma_d	sigma_e	sigma_w	sigma_b
841	-0.661948	-0.785901	1.35819	-0.719334
