sample	sigma_d	sigma_e	sigma_w	sigma_b
807	0.941558	-0.130019	-0.958175	-0.992553
