sample	sigma_d	sigma_e	sigma_w	sigma_b
812	0.836949	-0.415543	-1.02527	-0.839769
