sample	sigma_d	sigma_e	sigma_w	sigma_b
471	1.11605	0.921689	0.87882	0.286448
