sample	sigma_d	sigma_e	sigma_w	sigma_b
762	-0.287477	0.273021	-0.875298	0.627076
