sample	sigma_d	sigma_e	sigma_w	sigma_b
674	-1.24419	0.183638	0.908013	-1.79546
