sample	sigma_d	sigma_e	sigma_w	sigma_b
23	-1.30369	-1.02268	-0.230463	-0.639916
