sample	sigma_d	sigma_e	sigma_w	sigma_b
74	-0.35842	0.577094	0.819508	0.393364
