sample	sigma_d	sigma_e	sigma_w	sigma_b
829	-0.703971	0.218545	-0.57749	-0.727998
