sample	sigma_d	sigma_e	sigma_w	sigma_b
510	1.17724	0.00080375	-0.60854	0.329157
