sample	sigma_d	sigma_e	sigma_w	sigma_b
494	0.28226	-2.14565	2.2513	0.377204
