sample	sigma_d	sigma_e	sigma_w	sigma_b
65	0.433648	0.0540802	-0.847305	-0.298358
