sample	sigma_d	sigma_e	sigma_w	sigma_b
872	0.133916	-0.229286	0.912923	0.11265
