sample	sigma_d	sigma_e	sigma_w	sigma_b
199	0.828779	0.0478479	-0.478074	-2.40117
