sample	sigma_d	sigma_e	sigma_w	sigma_b
475	1.22074	-1.14836	-1.06943	0.918431
