sample	sigma_d	sigma_e	sigma_w	sigma_b
512	1.00157	0.526236	0.183462	-0.198094
