sample	sigma_d	sigma_e	sigma_w	sigma_b
41	0.904629	0.399959	2.17529	-0.51573
