sample	sigma_d	sigma_e	sigma_w	sigma_b
845	0.431326	-2.61095	-0.914152	-0.809522
