sample	sigma_d	sigma_e	sigma_w	sigma_b
348	0.790224	-0.215175	0.969865	0.20618
