sample	sigma_d	sigma_e	sigma_w	sigma_b
189	0.820899	-0.285753	0.63229	0.746473
