sample	sigma_d	sigma_e	sigma_w	sigma_b
591	2.84211	-0.523429	-0.622608	0.48153
