sample	sigma_d	sigma_e	sigma_w	sigma_b
835	1.45358	0.754585	0.491544	2.01404
