sample	sigma_d	sigma_e	sigma_w	sigma_b
854	-1.07529	-1.65616	0.993633	-1.36187
