sample	sigma_d	sigma_e	sigma_w	sigma_b
535	0.633614	-0.605208	-0.373668	-0.907195
