sample	sigma_d	sigma_e	sigma_w	sigma_b
547	0.704146	-0.789217	1.33423	-0.438223
