sample	sigma_d	sigma_e	sigma_w	sigma_b
216	-0.085375	-0.796878	-0.158041	1.57864
