sample	sigma_d	sigma_e	sigma_w	sigma_b
129	-0.784453	0.754954	1.22105	-1.75233
