sample	sigma_d	sigma_e	sigma_w	sigma_b
824	1.03223	-0.774718	-0.894591	-0.428765
