sample	sigma_d	sigma_e	sigma_w	sigma_b
880	1.37342	0.62195	0.428338	-0.351289
