sample	sigma_d	sigma_e	sigma_w	sigma_b
108	-0.978561	-0.558804	0.143025	-0.706444
