sample	sigma_d	sigma_e	sigma_w	sigma_b
297	0.486655	-1.0681	0.27399	-0.275074
