sample	sigma_d	sigma_e	sigma_w	sigma_b
343	-1.23231	1.00119	1.05621	0.421464
