sample	sigma_d	sigma_e	sigma_w	sigma_b
388	1.25158	3.6149	-1.03407	0.509938
