sample	sigma_d	sigma_e	sigma_w	sigma_b
74	-0.470351	1.00852	0.00143775	0.869511
