sample	sigma_d	sigma_e	sigma_w	sigma_b
226	-0.838989	0.720953	-1.91259	-1.35807
