sample	sigma_d	sigma_e	sigma_w	sigma_b
328	-0.513058	-0.189915	-0.201965	1.27804
