sample	sigma_d	sigma_e	sigma_w	sigma_b
22	-0.0766793	0.842891	0.454652	0.712176
