sample	sigma_d	sigma_e	sigma_w	sigma_b
87	0.676854	0.0753055	0.143543	0.641189
