sample	sigma_d	sigma_e	sigma_w	sigma_b
344	1.09222	0.762715	-1.06458	0.170701
