sample	sigma_d	sigma_e	sigma_w	sigma_b
240	-0.903678	-0.449916	0.764606	-1.15237
