sample	sigma_d	sigma_e	sigma_w	sigma_b
370	-0.992015	0.697777	0.334223	-0.90326
