sample	sigma_d	sigma_e	sigma_w	sigma_b
518	-1.59079	1.10702	-0.6083	0.385263
