sample	sigma_d	sigma_e	sigma_w	sigma_b
488	1.0663	1.46894	-0.417916	-0.0615298
