sample	sigma_d	sigma_e	sigma_w	sigma_b
691	0.339897	-0.58027	1.96211	-1.43278
