sample	sigma_d	sigma_e	sigma_w	sigma_b
357	1.43664	-1.06198	0.237957	1.146
