sample	sigma_d	sigma_e	sigma_w	sigma_b
203	0.440751	0.601282	-0.807397	0.292047
