sample	sigma_d	sigma_e	sigma_w	sigma_b
952	-0.0437581	0.730075	1.00982	-0.783943
