sample	sigma_d	sigma_e	sigma_w	sigma_b
81	0.774181	1.0527	-0.351689	1.36245
