sample	sigma_d	sigma_e	sigma_w	sigma_b
345	1.45337	-1.23811	0.56475	1.03466
