sample	sigma_d	sigma_e	sigma_w	sigma_b
342	-0.551374	-0.981437	-1.13721	0.311719
