sample	sigma_d	sigma_e	sigma_w	sigma_b
752	0.0713567	-0.162108	-1.06189	0.22818
