sample	sigma_d	sigma_e	sigma_w	sigma_b
213	-1.02482	-0.965755	0.543063	-1.15978
