sample	sigma_d	sigma_e	sigma_w	sigma_b
143	0.856381	0.632881	1.23649	-1.62485
