sample	sigma_d	sigma_e	sigma_w	sigma_b
60	1.00846	0.595072	1.08083	1.20651
