sample	sigma_d	sigma_e	sigma_w	sigma_b
321	-0.296275	-0.845527	1.36771	-1.88616
