sample	sigma_d	sigma_e	sigma_w	sigma_b
647	-1.58396	-0.732913	-0.389666	-1.51021
