sample	sigma_d	sigma_e	sigma_w	sigma_b
149	0.408263	0.12227	0.630027	-0.387615
