sample	sigma_d	sigma_e	sigma_w	sigma_b
787	-0.897723	-0.338634	-0.957385	-1.0631
