sample	sigma_d	sigma_e	sigma_w	sigma_b
381	0.262275	-1.05417	-0.222361	-0.617191
