sample	sigma_d	sigma_e	sigma_w	sigma_b
814	0.84737	-0.474143	1.70575	0.842626
