sample	sigma_d	sigma_e	sigma_w	sigma_b
164	0.624024	-0.643993	-0.689455	0.212239
