sample	sigma_d	sigma_e	sigma_w	sigma_b
182	0.638812	-0.19521	-1.12054	0.687031
