sample	sigma_d	sigma_e	sigma_w	sigma_b
80	2.01968	0.278444	-0.71989	1.05018
