sample	sigma_d	sigma_e	sigma_w	sigma_b
646	1.36821	1.19722	-0.197141	1.41639
