sample	sigma_d	sigma_e	sigma_w	sigma_b
32	-0.358606	2.00294	0.388833	-0.713192
