sample	sigma_d	sigma_e	sigma_w	sigma_b
257	0.618679	0.456332	-0.825241	0.330257
