sample	sigma_d	sigma_e	sigma_w	sigma_b
753	0.192135	1.04335	0.64984	-0.767724
