sample	sigma_d	sigma_e	sigma_w	sigma_b
578	0.733976	1.01634	0.217234	0.881628
