sample	sigma_d	sigma_e	sigma_w	sigma_b
126	-0.283688	-0.345449	-0.850923	-1.45532
