sample	sigma_d	sigma_e	sigma_w	sigma_b
120	-1.08325	0.153832	1.05626	2.51298
