sample	sigma_d	sigma_e	sigma_w	sigma_b
3	-0.757752	0.811979	-0.666402	2.76923
