sample	sigma_d	sigma_e	sigma_w	sigma_b
341	-0.89184	0.112925	0.922563	0.172972
