sample	sigma_d	sigma_e	sigma_w	sigma_b
694	0.048771	0.349066	0.390173	0.3968
