sample	sigma_d	sigma_e	sigma_w	sigma_b
780	0.832485	0.530521	-0.925579	-0.639739
