sample	sigma_d	sigma_e	sigma_w	sigma_b
94	0.909364	1.41801	0.430666	-1.88537
