sample	sigma_d	sigma_e	sigma_w	sigma_b
359	-0.573761	-1.13923	1.01485	-0.468219
