sample	sigma_d	sigma_e	sigma_w	sigma_b
49	-0.249924	0.810684	0.269791	-1.14448
