sample	sigma_d	sigma_e	sigma_w	sigma_b
470	1.48443	-1.6201	-0.883807	-0.894628
