sample	sigma_d	sigma_e	sigma_w	sigma_b
273	-0.211519	0.189914	2.78747	0.614405
