sample	sigma_d	sigma_e	sigma_w	sigma_b
221	-1.10047	-0.0763635	0.186852	0.860405
