sample	sigma_d	sigma_e	sigma_w	sigma_b
754	1.15462	0.886937	-0.336832	1.50562
