sample	sigma_d	sigma_e	sigma_w	sigma_b
217	-0.668589	-0.549893	-0.813946	1.7297
