sample	sigma_d	sigma_e	sigma_w	sigma_b
138	0.700876	0.418566	-0.596452	1.19987
