sample	sigma_d	sigma_e	sigma_w	sigma_b
966	0.889402	-0.327501	0.476186	-0.600945
