sample	sigma_d	sigma_e	sigma_w	sigma_b
150	0.5173	-0.164953	-0.806613	0.519099
