sample	sigma_d	sigma_e	sigma_w	sigma_b
275	1.6641	-0.17145	-0.497881	0.828981
