sample	sigma_d	sigma_e	sigma_w	sigma_b
250	-0.105564	0.625236	-0.795216	-0.268066
