sample	sigma_d	sigma_e	sigma_w	sigma_b
272	-0.475333	-1.06896	-0.38728	-0.545219
