sample	sigma_d	sigma_e	sigma_w	sigma_b
11	0.346825	-0.569543	0.551114	-1.1324
