sample	sigma_d	sigma_e	sigma_w	sigma_b
453	-0.0881507	-1.29412	-0.141183	0.582907
