sample	sigma_d	sigma_e	sigma_w	sigma_b
292	2.12037	1.43399	0.300829	0.915293
