sample	sigma_d	sigma_e	sigma_w	sigma_b
842	-1.31284	1.20387	0.269671	-2.09718
