sample	sigma_d	sigma_e	sigma_w	sigma_b
232	1.09925	1.24412	-0.414532	-0.379625
