sample	sigma_d	sigma_e	sigma_w	sigma_b
426	0.373644	0.191093	0.965764	-1.05298
