sample	sigma_d	sigma_e	sigma_w	sigma_b
746	0.349382	-0.28263	-0.90282	0.065633
