sample	sigma_d	sigma_e	sigma_w	sigma_b
283	0.0548687	0.646421	-0.481751	-1.18678
