sample	sigma_d	sigma_e	sigma_w	sigma_b
612	-0.236685	2.19073	0.16862	-0.957413
