sample	sigma_d	sigma_e	sigma_w	sigma_b
238	-0.0617521	-0.568671	-0.138938	0.0965283
