sample	sigma_d	sigma_e	sigma_w	sigma_b
792	0.774115	-0.242814	-0.67144	0.876141
