sample	sigma_d	sigma_e	sigma_w	sigma_b
105	-0.246818	0.910579	0.384543	1.70788
