sample	sigma_d	sigma_e	sigma_w	sigma_b
846	1.2039	0.674515	2.40937	-1.62443
