sample	sigma_d	sigma_e	sigma_w	sigma_b
119	0.660156	-0.200672	0.339864	1.31813
