sample	sigma_d	sigma_e	sigma_w	sigma_b
946	-0.414102	-0.702008	0.224031	-0.05317
