sample	sigma_d	sigma_e	sigma_w	sigma_b
327	0.229981	0.200992	1.60787	-1.72739
