sample	sigma_d	sigma_e	sigma_w	sigma_b
280	-0.69213	0.732191	-0.0757976	-0.293145
