sample	sigma_d	sigma_e	sigma_w	sigma_b
459	-1.39719	-0.409159	-1.05434	-0.462074
