sample	sigma_d	sigma_e	sigma_w	sigma_b
234	-0.0184975	-0.614359	0.110577	0.0802494
