sample	sigma_d	sigma_e	sigma_w	sigma_b
697	1.21794	0.27411	-0.343118	-2.10267
