sample	sigma_d	sigma_e	sigma_w	sigma_b
684	-0.880501	0.676476	1.1688	-0.456057
