sample	sigma_d	sigma_e	sigma_w	sigma_b
821	-0.638888	-1.01237	0.448465	0.22777
