sample	sigma_d	sigma_e	sigma_w	sigma_b
937	0.809903	0.0746782	1.47381	-0.276272
