sample	sigma_d	sigma_e	sigma_w	sigma_b
592	1.48255	0.951824	0.326757	-0.426775
