sample	sigma_d	sigma_e	sigma_w	sigma_b
146	0.301314	0.717811	-0.187563	1.34635
