sample	sigma_d	sigma_e	sigma_w	sigma_b
329	-1.22634	1.56246	-0.282964	-0.538755
