sample	sigma_d	sigma_e	sigma_w	sigma_b
831	-0.748499	0.565349	0.789023	1.31598
