sample	sigma_d	sigma_e	sigma_w	sigma_b
29	0.120399	-0.962122	-0.970402	2.37835
