sample	sigma_d	sigma_e	sigma_w	sigma_b
241	0.515737	-0.429035	0.921823	-0.314366
