sample	sigma_d	sigma_e	sigma_w	sigma_b
141	-0.555963	-0.31813	0.0336512	1.0185
