sample	sigma_d	sigma_e	sigma_w	sigma_b
579	0.697642	0.479293	-0.0364424	0.269555
