sample	sigma_d	sigma_e	sigma_w	sigma_b
395	-0.306767	0.5598	0.376773	1.50771
