sample	sigma_d	sigma_e	sigma_w	sigma_b
164	-1.12415	-0.552403	0.223023	0.549265
