sample	sigma_d	sigma_e	sigma_w	sigma_b
268	-0.210444	-1.03028	-0.51861	-0.433788
