sample	sigma_d	sigma_e	sigma_w	sigma_b
793	-0.338177	-0.156252	0.72633	1.2262
