sample	sigma_d	sigma_e	sigma_w	sigma_b
864	-0.0222671	1.1846	1.42917	-0.386103
