sample	sigma_d	sigma_e	sigma_w	sigma_b
324	-2.18002	-0.0687485	1.20514	2.22079
