sample	sigma_d	sigma_e	sigma_w	sigma_b
75	1.70856	-0.328708	-0.198856	0.36442
