sample	sigma_d	sigma_e	sigma_w	sigma_b
4	1.86812	1.60249	0.188929	-1.30922
