sample	sigma_d	sigma_e	sigma_w	sigma_b
352	0.521608	-0.115662	-0.0215713	1.97381
