sample	sigma_d	sigma_e	sigma_w	sigma_b
546	1.40884	0.671747	1.03789	1.01778
