sample	sigma_d	sigma_e	sigma_w	sigma_b
844	1.61455	1.29428	0.408656	0.845081
