sample	sigma_d	sigma_e	sigma_w	sigma_b
857	-2.35953	-0.181848	0.302125	-0.199757
