sample	sigma_d	sigma_e	sigma_w	sigma_b
64	1.31659	1.62836	1.03711	-1.93242
