sample	sigma_d	sigma_e	sigma_w	sigma_b
407	1.14222	0.141372	1.28029	-0.986766
