sample	sigma_d	sigma_e	sigma_w	sigma_b
317	1.04738	0.9175	1.67081	-0.999001
