sample	sigma_d	sigma_e	sigma_w	sigma_b
979	1.16786	-0.129449	0.702125	-1.35286
