sample	sigma_d	sigma_e	sigma_w	sigma_b
605	-0.281853	2.24806	0.790326	0.720786
