sample	sigma_d	sigma_e	sigma_w	sigma_b
577	1.00057	-0.105663	0.220819	-0.493454
