sample	sigma_d	sigma_e	sigma_w	sigma_b
244	0.934836	-0.186304	-0.212905	0.373172
