sample	sigma_d	sigma_e	sigma_w	sigma_b
142	-0.244137	-0.986809	1.17573	0.457033
