sample	sigma_d	sigma_e	sigma_w	sigma_b
916	-0.654797	-0.822025	0.120059	1.30275
