sample	sigma_d	sigma_e	sigma_w	sigma_b
871	0.938032	-0.0960932	0.170167	0.33482
