sample	sigma_d	sigma_e	sigma_w	sigma_b
302	1.42032	0.13032	-0.288317	0.0379974
