sample	sigma_d	sigma_e	sigma_w	sigma_b
813	-1.00805	-0.960867	-1.39853	-0.519852
