sample	sigma_d	sigma_e	sigma_w	sigma_b
822	-0.534358	0.524202	-0.11956	-0.229027
