sample	sigma_d	sigma_e	sigma_w	sigma_b
911	-0.113794	0.309567	0.712437	1.91949
