sample	sigma_d	sigma_e	sigma_w	sigma_b
165	-0.328926	-0.651905	-0.0392643	1.1147
