sample	sigma_d	sigma_e	sigma_w	sigma_b
114	0.307414	-0.492079	-1.31733	-0.309048
