sample	sigma_d	sigma_e	sigma_w	sigma_b
116	1.16173	0.0127647	-0.0726134	0.542349
