sample	sigma_d	sigma_e	sigma_w	sigma_b
906	1.53332	0.568303	0.401129	0.857441
