sample	sigma_d	sigma_e	sigma_w	sigma_b
40	1.74382	0.680865	-0.746272	2.20224
