sample	sigma_d	sigma_e	sigma_w	sigma_b
343	0.24266	1.03289	1.49578	0.890105
