sample	sigma_d	sigma_e	sigma_w	sigma_b
133	-1.84605	-0.317117	0.579266	0.831332
