sample	sigma_d	sigma_e	sigma_w	sigma_b
650	1.10264	0.29906	0.208128	0.747522
