sample	sigma_d	sigma_e	sigma_w	sigma_b
503	0.911794	1.38371	-0.462417	1.21769
