sample	sigma_d	sigma_e	sigma_w	sigma_b
410	0.144976	0.422926	0.573372	-0.127354
