sample	sigma_d	sigma_e	sigma_w	sigma_b
381	-1.63609	-1.90284	-0.891849	-1.87739
