sample	sigma_d	sigma_e	sigma_w	sigma_b
90	1.25347	-0.0182844	0.396633	-1.11193
