sample	sigma_d	sigma_e	sigma_w	sigma_b
225	0.907995	-0.43138	0.578059	1.47776
