sample	sigma_d	sigma_e	sigma_w	sigma_b
197	0.375386	0.700206	0.302642	0.842622
