sample	sigma_d	sigma_e	sigma_w	sigma_b
348	-0.790356	-0.136936	-0.830804	1.57522
