sample	sigma_d	sigma_e	sigma_w	sigma_b
61	0.246956	0.116986	-4.03055	0.0595755
