sample	sigma_d	sigma_e	sigma_w	sigma_b
91	-0.972403	-1.12289	0.432773	-0.502591
