sample	sigma_d	sigma_e	sigma_w	sigma_b
285	-0.851998	1.55802	1.19321	0.134973
