sample	sigma_d	sigma_e	sigma_w	sigma_b
69	-0.774595	0.390699	-1.00389	0.437438
