sample	sigma_d	sigma_e	sigma_w	sigma_b
269	-0.675787	-2.36066	-0.577203	-0.0909995
