sample	sigma_d	sigma_e	sigma_w	sigma_b
567	0.983486	0.308288	0.00559475	-0.238567
