sample	sigma_d	sigma_e	sigma_w	sigma_b
365	-0.806899	-1.41737	0.298239	0.0306034
