sample	sigma_d	sigma_e	sigma_w	sigma_b
714	-0.773688	-0.103706	0.238789	0.632156
