sample	sigma_d	sigma_e	sigma_w	sigma_b
231	0.341415	-0.57257	-0.0806843	1.06106
