sample	sigma_d	sigma_e	sigma_w	sigma_b
750	0.611791	1.45582	0.60498	-1.09839
