sample	sigma_d	sigma_e	sigma_w	sigma_b
303	0.0443127	-0.874419	1.02346	-1.0946
