sample	sigma_d	sigma_e	sigma_w	sigma_b
106	-0.0921959	0.768818	0.532252	-0.655493
