sample	sigma_d	sigma_e	sigma_w	sigma_b
62	0.0463543	-3.10046	-0.165472	1.63591
