sample	sigma_d	sigma_e	sigma_w	sigma_b
726	1.90217	-0.288317	-0.399422	0.511911
