sample	sigma_d	sigma_e	sigma_w	sigma_b
437	-0.221897	1.75977	-1.98893	0.790309
