sample	sigma_d	sigma_e	sigma_w	sigma_b
873	0.224713	0.644816	0.228441	-0.0363113
