sample	sigma_d	sigma_e	sigma_w	sigma_b
247	-1.2084	-0.134543	0.0803329	0.254792
