sample	sigma_d	sigma_e	sigma_w	sigma_b
238	1.03884	-0.176114	1.20356	-1.1015
