sample	sigma_d	sigma_e	sigma_w	sigma_b
160	-0.0901598	1.0367	1.5059	-0.0668812
