sample	sigma_d	sigma_e	sigma_w	sigma_b
65	-1.05955	-0.0619159	-0.16848	-1.18896
