sample	sigma_d	sigma_e	sigma_w	sigma_b
758	0.366986	-0.814298	1.21268	-0.5112
