sample	sigma_d	sigma_e	sigma_w	sigma_b
259	0.753251	0.872577	0.342583	-1.02423
