sample	sigma_d	sigma_e	sigma_w	sigma_b
121	1.02681	-1.14436	0.398964	-1.03694
