sample	sigma_d	sigma_e	sigma_w	sigma_b
481	-0.653688	0.744234	-1.7785	-0.230934
