sample	sigma_d	sigma_e	sigma_w	sigma_b
732	0.195603	0.655395	1.24424	2.0302
