sample	sigma_d	sigma_e	sigma_w	sigma_b
275	0.583093	0.794896	0.0313723	0.767107
