sample	sigma_d	sigma_e	sigma_w	sigma_b
21	0.996828	0.654729	0.826451	-1.23382
