sample	sigma_d	sigma_e	sigma_w	sigma_b
974	-0.720973	-1.32817	0.712415	-1.11878
