sample	sigma_d	sigma_e	sigma_w	sigma_b
509	-0.642429	0.337156	0.230824	-1.22898
