sample	sigma_d	sigma_e	sigma_w	sigma_b
101	-0.851339	-1.892	-0.441174	0.607001
