sample	sigma_d	sigma_e	sigma_w	sigma_b
318	-0.857196	0.730559	0.253504	1.62862
