sample	sigma_d	sigma_e	sigma_w	sigma_b
12	-0.183537	0.580396	-0.380821	1.76161
