sample	sigma_d	sigma_e	sigma_w	sigma_b
219	-0.546401	0.934781	0.257026	0.973234
