sample	sigma_d	sigma_e	sigma_w	sigma_b
631	1.4873	2.28903	-0.510848	1.63537
