sample	sigma_d	sigma_e	sigma_w	sigma_b
611	0.198618	0.00289896	0.678196	0.424928
