sample	sigma_d	sigma_e	sigma_w	sigma_b
560	-0.581983	-0.558238	1.8428	0.225876
