sample	sigma_d	sigma_e	sigma_w	sigma_b
59	0.446811	-1.25496	0.480169	-0.989688
