sample	sigma_d	sigma_e	sigma_w	sigma_b
881	-1.36738	0.654371	0.213947	-0.512102
