sample	sigma_d	sigma_e	sigma_w	sigma_b
423	1.10587	-1.0389	-2.45338	-0.00858514
