sample	sigma_d	sigma_e	sigma_w	sigma_b
721	0.215168	1.74332	-0.112008	-0.0498139
