sample	sigma_d	sigma_e	sigma_w	sigma_b
42	1.22192	0.869636	1.58856	-0.187125
