sample	sigma_d	sigma_e	sigma_w	sigma_b
15	0.338001	0.34783	1.10687	0.337426
