sample	sigma_d	sigma_e	sigma_w	sigma_b
356	-1.64484	-0.0864097	1.23643	0.827309
