sample	sigma_d	sigma_e	sigma_w	sigma_b
47	0.388735	0.461674	0.808811	1.00216
