sample	sigma_d	sigma_e	sigma_w	sigma_b
330	-1.41317	-0.582017	-0.0105264	-0.825699
