sample	sigma_d	sigma_e	sigma_w	sigma_b
288	0.959992	1.78289	1.51896	-1.60544
