sample	sigma_d	sigma_e	sigma_w	sigma_b
417	-0.64828	-0.331962	-0.783181	-1.62345
