sample	sigma_d	sigma_e	sigma_w	sigma_b
163	-1.11564	-1.30933	-0.298866	0.727245
