sample	sigma_d	sigma_e	sigma_w	sigma_b
672	-0.703779	0.873547	-1.09268	0.793897
