sample	sigma_d	sigma_e	sigma_w	sigma_b
482	-2.04271	-0.689457	0.3879	-0.715598
