sample	sigma_d	sigma_e	sigma_w	sigma_b
314	-0.526894	0.473436	0.880265	-0.36552
