sample	sigma_d	sigma_e	sigma_w	sigma_b
355	-0.764823	-0.252509	-0.169071	-0.340154
