sample	sigma_d	sigma_e	sigma_w	sigma_b
756	0.579688	-0.44832	0.748603	0.288054
