sample	sigma_d	sigma_e	sigma_w	sigma_b
749	2.66078	2.13325	-1.15522	-0.361952
