sample	sigma_d	sigma_e	sigma_w	sigma_b
951	-0.195276	0.592537	-0.487436	2.38765
