sample	sigma_d	sigma_e	sigma_w	sigma_b
451	0.749013	0.116174	-1.1359	-2.55223
