sample	sigma_d	sigma_e	sigma_w	sigma_b
705	1.49511	-1.76072	-0.284315	-0.279129
