sample	sigma_d	sigma_e	sigma_w	sigma_b
271	0.961042	2.4489	-2.08954	2.03811
