sample	sigma_d	sigma_e	sigma_w	sigma_b
52	0.423569	-0.378154	1.1298	0.259319
