sample	sigma_d	sigma_e	sigma_w	sigma_b
199	-0.213017	-1.37106	-0.240052	0.4589
