sample	sigma_d	sigma_e	sigma_w	sigma_b
108	0.275746	0.0114675	1.84727	-0.262867
