sample	sigma_d	sigma_e	sigma_w	sigma_b
393	-0.394301	0.40641	0.430343	1.05369
