sample	sigma_d	sigma_e	sigma_w	sigma_b
256	0.83528	-0.0105454	0.249475	-1.7056
