sample	sigma_d	sigma_e	sigma_w	sigma_b
443	0.457959	0.774107	-1.26419	0.752977
