sample	sigma_d	sigma_e	sigma_w	sigma_b
638	1.41349	-0.160034	-0.0734022	0.8431
