sample	sigma_d	sigma_e	sigma_w	sigma_b
33	0.81861	1.9571	0.759791	-0.505842
