sample	sigma_d	sigma_e	sigma_w	sigma_b
855	-0.761609	0.737908	1.25619	-0.677618
