sample	sigma_d	sigma_e	sigma_w	sigma_b
289	1.87129	-0.53591	-0.533919	1.80661
