sample	sigma_d	sigma_e	sigma_w	sigma_b
100	-0.255825	0.0352271	-2.31133	-0.218244
