sample	sigma_d	sigma_e	sigma_w	sigma_b
832	0.523655	-0.483144	-0.418894	1.1604
