sample	sigma_d	sigma_e	sigma_w	sigma_b
999	-0.0270868	0.35032	0.141489	-0.186062
