sample	sigma_d	sigma_e	sigma_w	sigma_b
572	-1.03673	-0.410369	1.17101	1.36758
