sample	sigma_d	sigma_e	sigma_w	sigma_b
51	-0.243754	0.316777	-0.102217	0.976258
