sample	sigma_d	sigma_e	sigma_w	sigma_b
492	-0.387233	-0.903942	1.16916	-0.153515
