sample	sigma_d	sigma_e	sigma_w	sigma_b
66	-0.243169	-0.817758	0.444773	0.820038
