sample	sigma_d	sigma_e	sigma_w	sigma_b
7	-0.0954376	0.343897	-0.557633	0.916587
