sample	sigma_d	sigma_e	sigma_w	sigma_b
825	0.510708	-0.570553	-1.38517	-0.175131
