sample	sigma_d	sigma_e	sigma_w	sigma_b
60	0.230977	-1.46821	-0.475698	1.04182
