sample	sigma_d	sigma_e	sigma_w	sigma_b
507	0.751351	0.819934	1.36841	-0.91387
