sample	sigma_d	sigma_e	sigma_w	sigma_b
415	0.170619	0.523237	-0.915208	0.414522
