sample	sigma_d	sigma_e	sigma_w	sigma_b
293	0.583545	-0.960626	-1.21908	-1.03951
