sample	sigma_d	sigma_e	sigma_w	sigma_b
468	-1.16332	0.472615	-0.0563114	0.688641
