sample	sigma_d	sigma_e	sigma_w	sigma_b
9	0.19589	0.72831	-0.842937	-0.174532
