sample	sigma_d	sigma_e	sigma_w	sigma_b
953	-0.250118	0.303352	1.52019	0.888547
