sample	sigma_d	sigma_e	sigma_w	sigma_b
840	-1.12051	0.520622	0.489802	0.425822
