sample	sigma_d	sigma_e	sigma_w	sigma_b
910	-0.393725	0.347697	0.227415	-0.595844
