sample	sigma_d	sigma_e	sigma_w	sigma_b
450	2.26145	-2.21502	1.13552	-0.297114
