sample	sigma_d	sigma_e	sigma_w	sigma_b
683	0.378936	0.61874	-0.661736	0.609201
