sample	sigma_d	sigma_e	sigma_w	sigma_b
216	-0.996075	-0.396236	-0.656686	0.85059
