sample	sigma_d	sigma_e	sigma_w	sigma_b
121	0.204512	0.683218	-0.459935	0.217302
