sample	sigma_d	sigma_e	sigma_w	sigma_b
110	0.123229	-1.28273	0.460762	1.03707
