sample	sigma_d	sigma_e	sigma_w	sigma_b
68	-0.598559	-1.10649	0.092532	-0.616857
