sample	sigma_d	sigma_e	sigma_w	sigma_b
72	1.01917	-1.60916	1.58281	0.488898
