sample	sigma_d	sigma_e	sigma_w	sigma_b
281	-0.38159	0.0499307	1.84445	-0.999573
