sample	sigma_d	sigma_e	sigma_w	sigma_b
42	-0.102465	1.05057	-0.991241	-0.060031
