sample	sigma_d	sigma_e	sigma_w	sigma_b
175	2.15584	1.41973	1.07694	0.259563
