sample	sigma_d	sigma_e	sigma_w	sigma_b
769	0.329132	0.210716	-0.0436617	-1.18928
