sample	sigma_d	sigma_e	sigma_w	sigma_b
200	-0.00869922	-0.537311	-1.50643	1.8048
