sample	sigma_d	sigma_e	sigma_w	sigma_b
836	0.621904	-0.895396	0.967273	0.664562
