sample	sigma_d	sigma_e	sigma_w	sigma_b
676	-0.729094	-0.198951	0.837568	0.351198
