sample	sigma_d	sigma_e	sigma_w	sigma_b
771	-0.373158	-1.12802	0.159536	1.38864
