sample	sigma_d	sigma_e	sigma_w	sigma_b
149	2.52711	0.757269	-0.711154	-0.156282
