sample	sigma_d	sigma_e	sigma_w	sigma_b
680	-0.5702	0.835266	-0.643106	0.176708
