sample	sigma_d	sigma_e	sigma_w	sigma_b
837	0.261225	-0.421805	0.865201	-0.346173
