sample	sigma_d	sigma_e	sigma_w	sigma_b
538	0.249737	1.28676	0.709029	-0.597957
