sample	sigma_d	sigma_e	sigma_w	sigma_b
101	2.83597	0.584108	0.357773	-0.518693
