sample	sigma_d	sigma_e	sigma_w	sigma_b
181	-1.23389	0.224131	-1.06105	0.442901
