sample	sigma_d	sigma_e	sigma_w	sigma_b
34	-0.389012	-0.169847	-0.819077	-1.85602
