sample	sigma_d	sigma_e	sigma_w	sigma_b
798	-0.527108	-0.47494	-0.53031	1.15473
