sample	sigma_d	sigma_e	sigma_w	sigma_b
975	1.29498	0.360363	-0.611113	-0.749706
