sample	sigma_d	sigma_e	sigma_w	sigma_b
496	2.16597	-1.48422	-0.106534	1.71031
