sample	sigma_d	sigma_e	sigma_w	sigma_b
984	0.105566	0.311632	-1.39693	1.45693
