sample	sigma_d	sigma_e	sigma_w	sigma_b
80	0.139313	0.6051	-1.56423	0.432869
