sample	sigma_d	sigma_e	sigma_w	sigma_b
185	-0.718954	0.615561	-0.946573	0.357446
