sample	sigma_d	sigma_e	sigma_w	sigma_b
73	1.1074	-0.575004	1.90039	1.82877
