sample	sigma_d	sigma_e	sigma_w	sigma_b
105	-0.0691494	-1.23429	-0.544359	-0.0541766
