sample	sigma_d	sigma_e	sigma_w	sigma_b
178	-1.1846	-0.163707	0.160833	0.0709932
