sample	sigma_d	sigma_e	sigma_w	sigma_b
291	0.36651	0.619189	-0.222984	0.254406
