sample	sigma_d	sigma_e	sigma_w	sigma_b
254	2.69548	1.39188	-0.496067	-1.23883
