sample	sigma_d	sigma_e	sigma_w	sigma_b
322	1.26074	0.40428	-0.43154	0.698655
