sample	sigma_d	sigma_e	sigma_w	sigma_b
298	-1.11937	0.141121	0.867356	0.249939
