sample	sigma_d	sigma_e	sigma_w	sigma_b
174	2.19192	-0.535845	-0.665546	-2.4213
