sample	sigma_d	sigma_e	sigma_w	sigma_b
628	1.95829	-0.589145	0.173612	-0.727057
