sample	sigma_d	sigma_e	sigma_w	sigma_b
313	-0.516192	-1.25866	-0.332852	-0.367623
