sample	sigma_d	sigma_e	sigma_w	sigma_b
134	1.18227	-0.328933	1.00277	-0.668741
