sample	sigma_d	sigma_e	sigma_w	sigma_b
267	1.56565	0.978509	-0.18016	0.0225405
