sample	sigma_d	sigma_e	sigma_w	sigma_b
589	-0.774259	1.28819	-0.356589	0.795684
