sample	sigma_d	sigma_e	sigma_w	sigma_b
898	0.875717	-1.46716	0.861389	0.852337
