sample	sigma_d	sigma_e	sigma_w	sigma_b
297	-0.0807879	0.00685312	0.431122	0.222454
