sample	sigma_d	sigma_e	sigma_w	sigma_b
337	-1.79765	-0.639876	2.32636	-0.954955
