sample	sigma_d	sigma_e	sigma_w	sigma_b
462	0.873729	-1.42107	-1.27518	0.306288
