sample	sigma_d	sigma_e	sigma_w	sigma_b
189	-1.44743	1.50303	1.05079	-0.341516
