sample	sigma_d	sigma_e	sigma_w	sigma_b
355	0.630716	0.177809	0.0215615	-0.526171
