sample	sigma_d	sigma_e	sigma_w	sigma_b
107	-0.284172	-0.242107	0.131809	-0.842673
