sample	sigma_d	sigma_e	sigma_w	sigma_b
252	1.27312	-0.382646	0.23174	-0.149937
