sample	sigma_d	sigma_e	sigma_w	sigma_b
666	-0.609173	-0.420617	-0.800231	0.923749
