sample	sigma_d	sigma_e	sigma_w	sigma_b
601	-0.524248	-0.487174	1.60647	-1.0335
