sample	sigma_d	sigma_e	sigma_w	sigma_b
964	0.180048	-0.858933	0.608582	1.96558
