sample	sigma_d	sigma_e	sigma_w	sigma_b
582	-0.189521	0.822008	1.17813	1.17421
