sample	sigma_d	sigma_e	sigma_w	sigma_b
940	0.00442483	-0.268742	-1.47974	-1.19011
