sample	sigma_d	sigma_e	sigma_w	sigma_b
976	0.10487	0.31171	-2.36951	0.570355
