sample	sigma_d	sigma_e	sigma_w	sigma_b
704	0.303977	-0.966793	1.28819	-2.00392
