sample	sigma_d	sigma_e	sigma_w	sigma_b
677	-0.489531	-0.475152	-1.01702	1.01127
