sample	sigma_d	sigma_e	sigma_w	sigma_b
214	1.95711	0.580763	0.167238	1.40166
