sample	sigma_d	sigma_e	sigma_w	sigma_b
986	-0.954372	-0.243847	0.512689	1.88708
