sample	sigma_d	sigma_e	sigma_w	sigma_b
576	2.5848	1.85504	0.704886	-0.857484
