sample	sigma_d	sigma_e	sigma_w	sigma_b
89	-2.44506	0.836802	-0.875907	0.255679
