sample	sigma_d	sigma_e	sigma_w	sigma_b
312	-0.641819	-1.20615	-1.79533	-0.469329
