sample	sigma_d	sigma_e	sigma_w	sigma_b
751	-1.00069	0.530422	-0.245474	0.680294
