sample	sigma_d	sigma_e	sigma_w	sigma_b
379	-0.620733	-0.420188	-1.48628	1.67741
