sample	sigma_d	sigma_e	sigma_w	sigma_b
483	1.86673	-1.61817	-0.345398	0.346596
