sample	sigma_d	sigma_e	sigma_w	sigma_b
352	0.594832	-0.736921	0.310434	-0.651668
