sample	sigma_d	sigma_e	sigma_w	sigma_b
597	-0.409019	-0.980871	0.738765	1.38658
