sample	sigma_d	sigma_e	sigma_w	sigma_b
424	2.16653	-0.993896	-1.54627	0.818416
