sample	sigma_d	sigma_e	sigma_w	sigma_b
165	0.318077	1.24253	-0.267662	1.02067
