sample	sigma_d	sigma_e	sigma_w	sigma_b
539	-0.128557	0.188097	-1.10698	0.759095
