sample	sigma_d	sigma_e	sigma_w	sigma_b
980	0.222053	0.731187	0.25955	-0.833328
