sample	sigma_d	sigma_e	sigma_w	sigma_b
9999	0.25673	1.2249	2.45032	2.24723
