sample	sigma_d	sigma_e	sigma_w	sigma_b
713	-0.875505	1.43502	0.377554	-0.971311
