sample	sigma_d	sigma_e	sigma_w	sigma_b
515	-0.860031	0.342136	0.638338	1.28742
