sample	sigma_d	sigma_e	sigma_w	sigma_b
145	-0.72987	1.43827	-0.148719	0.612999
