sample	sigma_d	sigma_e	sigma_w	sigma_b
26	1.00004	1.08826	0.318482	-0.955498
