sample	sigma_d	sigma_e	sigma_w	sigma_b
404	0.689587	-0.571868	-0.905566	1.34955
