sample	sigma_d	sigma_e	sigma_w	sigma_b
728	0.185231	0.414447	-1.31055	-0.0862943
