sample	sigma_d	sigma_e	sigma_w	sigma_b
673	0.136679	-1.1948	2.20386	2.42746
