sample	sigma_d	sigma_e	sigma_w	sigma_b
142	0.519615	-0.0441541	0.681111	-0.066164
