sample	sigma_d	sigma_e	sigma_w	sigma_b
389	0.947643	-0.664842	-0.688302	1.44175
