sample	sigma_d	sigma_e	sigma_w	sigma_b
235	-1.41935	0.215928	0.168277	-1.43324
