sample	sigma_d	sigma_e	sigma_w	sigma_b
198	0.829764	0.281362	0.0993597	1.95676
