sample	sigma_d	sigma_e	sigma_w	sigma_b
922	-0.295701	1.0293	-0.217045	2.21978
