sample	sigma_d	sigma_e	sigma_w	sigma_b
853	-2.59113	0.747923	-1.63596	-0.910522
