sample	sigma_d	sigma_e	sigma_w	sigma_b
548	0.7214	-2.1966	0.91869	0.564554
