sample	sigma_d	sigma_e	sigma_w	sigma_b
551	-1.3656	0.119836	-2.15631	-0.583862
