sample	sigma_d	sigma_e	sigma_w	sigma_b
428	0.608849	0.846519	0.773714	-0.434663
