sample	sigma_d	sigma_e	sigma_w	sigma_b
88	1.1857	0.902105	2.12777	0.302715
