sample	sigma_d	sigma_e	sigma_w	sigma_b
761	-0.285727	-0.122456	1.56972	0.476532
