sample	sigma_d	sigma_e	sigma_w	sigma_b
499	-0.121779	-0.9478	-1.17558	0.388539
