sample	sigma_d	sigma_e	sigma_w	sigma_b
604	0.777368	1.62339	-0.930681	-0.297803
