sample	sigma_d	sigma_e	sigma_w	sigma_b
644	0.359025	2.35525	-1.58492	-0.828969
