sample	sigma_d	sigma_e	sigma_w	sigma_b
131	-1.29464	1.44027	-0.17639	-0.760882
