sample	sigma_d	sigma_e	sigma_w	sigma_b
247	0.632357	-1.53476	-0.963146	-0.165909
