sample	sigma_d	sigma_e	sigma_w	sigma_b
305	0.415093	0.950446	1.34549	0.170918
