sample	sigma_d	sigma_e	sigma_w	sigma_b
907	1.33644	0.979377	-0.832214	1.19155
