sample	sigma_d	sigma_e	sigma_w	sigma_b
130	-1.11331	0.989292	0.344338	1.18425
