sample	sigma_d	sigma_e	sigma_w	sigma_b
553	-0.155269	-0.957163	-1.48066	-0.752267
