sample	sigma_d	sigma_e	sigma_w	sigma_b
856	0.802827	0.506989	0.732132	0.583883
