sample	sigma_d	sigma_e	sigma_w	sigma_b
63	0.956952	-0.567337	0.525767	-0.786603
