sample	sigma_d	sigma_e	sigma_w	sigma_b
20	0.935053	0.448629	0.101487	0.267196
