sample	sigma_d	sigma_e	sigma_w	sigma_b
78	0.728564	0.419803	-0.607094	0.15833
