sample	sigma_d	sigma_e	sigma_w	sigma_b
257	1.17262	0.796261	-0.131767	0.293923
