sample	sigma_d	sigma_e	sigma_w	sigma_b
808	-0.144111	-1.71137	0.879359	-0.0787279
