sample	sigma_d	sigma_e	sigma_w	sigma_b
111	-0.928732	-0.523425	1.12978	-0.755162
