sample	sigma_d	sigma_e	sigma_w	sigma_b
361	-0.331494	0.423341	-1.75774	-0.639348
