sample	sigma_d	sigma_e	sigma_w	sigma_b
228	-0.270056	-0.775632	0.313447	-0.365068
