sample	sigma_d	sigma_e	sigma_w	sigma_b
1000	1.04977	-0.14686	-0.139747	-0.278693
