sample	sigma_d	sigma_e	sigma_w	sigma_b
264	0.567466	-0.197632	-0.613792	-0.873063
