sample	sigma_d	sigma_e	sigma_w	sigma_b
625	-0.468366	0.374774	0.101001	-1.29919
