sample	sigma_d	sigma_e	sigma_w	sigma_b
91	-0.262439	0.598481	-0.499826	0.300951
