sample	sigma_d	sigma_e	sigma_w	sigma_b
455	0.902015	-0.366261	-0.636804	0.750529
