sample	sigma_d	sigma_e	sigma_w	sigma_b
136	-0.454826	-0.330416	0.453594	-1.05692
