sample	sigma_d	sigma_e	sigma_w	sigma_b
288	-2.0616	-0.771094	-0.590436	0.260513
