sample	sigma_d	sigma_e	sigma_w	sigma_b
38	0.581936	-0.111158	0.252353	0.473939
