sample	sigma_d	sigma_e	sigma_w	sigma_b
843	1.27145	0.210558	-0.746259	1.22237
