sample	sigma_d	sigma_e	sigma_w	sigma_b
764	2.39953	0.415702	1.73421	-1.33801
