sample	sigma_d	sigma_e	sigma_w	sigma_b
622	1.4077	1.01641	0.171499	0.257546
