sample	sigma_d	sigma_e	sigma_w	sigma_b
308	-0.125475	0.857385	-1.52533	-0.146437
