sample	sigma_d	sigma_e	sigma_w	sigma_b
536	0.803744	0.0614073	2.06588	-0.919576
