sample	sigma_d	sigma_e	sigma_w	sigma_b
183	0.552896	-0.307498	2.30324	0.240336
