sample	sigma_d	sigma_e	sigma_w	sigma_b
399	-0.428455	-1.17483	-0.428969	-0.0128161
