sample	sigma_d	sigma_e	sigma_w	sigma_b
959	-1.15549	0.679032	0.189712	0.328238
