sample	sigma_d	sigma_e	sigma_w	sigma_b
44	-0.243826	0.713993	-1.11412	-1.37982
