sample	sigma_d	sigma_e	sigma_w	sigma_b
156	0.634875	-2.0489	-0.558609	0.210273
