sample	sigma_d	sigma_e	sigma_w	sigma_b
81	-0.310263	1.03576	0.19612	-0.117187
