sample	sigma_d	sigma_e	sigma_w	sigma_b
165	-0.506553	-0.249224	0.0859875	-0.550698
