sample	sigma_d	sigma_e	sigma_w	sigma_b
826	1.12005	-0.503078	0.371788	0.0527024
