sample	sigma_d	sigma_e	sigma_w	sigma_b
706	2.47803	0.326604	-1.49967	-0.306224
