sample	sigma_d	sigma_e	sigma_w	sigma_b
686	-0.604214	-1.38159	-0.434971	1.79382
