sample	sigma_d	sigma_e	sigma_w	sigma_b
397	-0.420204	-0.369607	-0.855299	-1.18787
