sample	sigma_d	sigma_e	sigma_w	sigma_b
59	0.411437	-0.187833	1.73788	0.225735
