sample	sigma_d	sigma_e	sigma_w	sigma_b
411	-0.787319	-0.439695	0.0244914	-0.43959
