sample	sigma_d	sigma_e	sigma_w	sigma_b
139	-1.36714	-0.651636	-0.158432	0.0163224
