sample	sigma_d	sigma_e	sigma_w	sigma_b
573	1.15947	-0.115877	-0.53992	-0.418848
