sample	sigma_d	sigma_e	sigma_w	sigma_b
255	0.28708	-1.18556	-0.163697	-0.643189
