sample	sigma_d	sigma_e	sigma_w	sigma_b
584	-0.22846	-0.674941	-0.391559	0.341261
