sample	sigma_d	sigma_e	sigma_w	sigma_b
169	-0.395553	-0.345016	0.228194	1.81156
