sample	sigma_d	sigma_e	sigma_w	sigma_b
304	-0.430948	1.22157	-0.061167	1.31212
