sample	sigma_d	sigma_e	sigma_w	sigma_b
985	-0.367271	0.54113	1.21104	-0.333915
