sample	sigma_d	sigma_e	sigma_w	sigma_b
899	-2.25977	-0.497798	-0.130578	-0.932112
