sample	sigma_d	sigma_e	sigma_w	sigma_b
279	-0.671393	-2.63601	0.135643	-0.852967
