sample	sigma_d	sigma_e	sigma_w	sigma_b
85	0.811918	3.16925	-0.192772	1.24987
