sample	sigma_d	sigma_e	sigma_w	sigma_b
461	0.935694	-0.0624506	-0.532096	0.808094
