sample	sigma_d	sigma_e	sigma_w	sigma_b
554	1.19098	0.900445	-1.37057	-1.2801
