sample	sigma_d	sigma_e	sigma_w	sigma_b
977	0.364384	0.202203	0.146381	-0.488356
