sample	sigma_d	sigma_e	sigma_w	sigma_b
146	1.94569	1.47306	1.02408	0.342524
