sample	sigma_d	sigma_e	sigma_w	sigma_b
788	-0.738495	-0.61942	-1.06147	-0.415111
