sample	sigma_d	sigma_e	sigma_w	sigma_b
206	-1.02058	0.704563	-0.205012	1.07637
