sample	sigma_d	sigma_e	sigma_w	sigma_b
759	0.483701	-0.847212	-2.11784	-1.52639
