sample	sigma_d	sigma_e	sigma_w	sigma_b
253	0.127742	1.02753	1.70274	-1.16717
