sample	sigma_d	sigma_e	sigma_w	sigma_b
78	-0.347017	0.98179	-0.872202	-0.0124171
