sample	sigma_d	sigma_e	sigma_w	sigma_b
794	0.145328	1.46087	-0.896936	-1.01667
