sample	sigma_d	sigma_e	sigma_w	sigma_b
931	-0.350633	-1.70611	0.944263	-1.88758
