sample	sigma_d	sigma_e	sigma_w	sigma_b
828	2.04181	-0.704154	-0.818972	0.790543
