sample	sigma_d	sigma_e	sigma_w	sigma_b
250	-0.381511	-0.800965	-1.01505	-1.13023
