sample	sigma_d	sigma_e	sigma_w	sigma_b
456	-0.253352	-0.653184	-0.610286	-1.04295
