sample	sigma_d	sigma_e	sigma_w	sigma_b
223	0.585974	0.58631	0.352925	0.321198
