sample	sigma_d	sigma_e	sigma_w	sigma_b
990	-0.257831	0.497166	0.576364	-0.168924
