sample	sigma_d	sigma_e	sigma_w	sigma_b
879	2.14585	0.0286617	-0.459881	-0.839071
