sample	sigma_d	sigma_e	sigma_w	sigma_b
682	1.68081	1.15841	0.539046	-0.0630521
