sample	sigma_d	sigma_e	sigma_w	sigma_b
295	-1.41104	-0.759784	0.947803	-0.786483
