sample	sigma_d	sigma_e	sigma_w	sigma_b
708	0.0216757	0.412025	0.313738	0.465259
