sample	sigma_d	sigma_e	sigma_w	sigma_b
819	0.358092	0.728395	-1.52535	-0.601555
