sample	sigma_d	sigma_e	sigma_w	sigma_b
418	0.011438	1.42664	-0.9164	0.754046
