sample	sigma_d	sigma_e	sigma_w	sigma_b
730	-1.07163	0.285418	-0.251644	1.18434
