sample	sigma_d	sigma_e	sigma_w	sigma_b
412	-0.11099	0.284695	-0.404378	-0.17919
