sample	sigma_d	sigma_e	sigma_w	sigma_b
711	-0.474043	-0.4959	-1.13907	-0.949377
