sample	sigma_d	sigma_e	sigma_w	sigma_b
963	-0.884514	0.535671	0.935223	1.13907
