sample	sigma_d	sigma_e	sigma_w	sigma_b
295	0.527362	-1.41948	-2.12567	0.828984
