sample	sigma_d	sigma_e	sigma_w	sigma_b
834	0.103818	0.532655	0.714043	0.233294
