sample	sigma_d	sigma_e	sigma_w	sigma_b
878	-1.09181	1.55513	-0.157398	-0.802359
