sample	sigma_d	sigma_e	sigma_w	sigma_b
885	2.71631	-1.38307	0.387115	0.226136
