sample	sigma_d	sigma_e	sigma_w	sigma_b
987	1.436	0.822016	-0.111882	0.174904
