sample	sigma_d	sigma_e	sigma_w	sigma_b
615	0.505058	0.208865	1.0876	-0.935433
