sample	sigma_d	sigma_e	sigma_w	sigma_b
215	2.78496	0.678177	-0.732865	0.247895
