sample	sigma_d	sigma_e	sigma_w	sigma_b
321	0.176329	-0.0181268	-0.620649	-0.811188
