sample	sigma_d	sigma_e	sigma_w	sigma_b
9	0.0061852	1.44684	-0.462054	0.145417
