sample	sigma_d	sigma_e	sigma_w	sigma_b
191	-0.0422394	1.1829	-0.948483	0.871529
