sample	sigma_d	sigma_e	sigma_w	sigma_b
739	-0.0810135	-0.270004	-1.37698	-0.914707
