sample	sigma_d	sigma_e	sigma_w	sigma_b
669	1.11465	-0.78668	-0.0213941	-0.557565
