sample	sigma_d	sigma_e	sigma_w	sigma_b
12	1.86884	-0.168091	-0.312065	-0.86716
