sample	sigma_d	sigma_e	sigma_w	sigma_b
655	-0.528797	1.12498	0.374324	0.0680715
