sample	sigma_d	sigma_e	sigma_w	sigma_b
154	2.2402	0.754997	0.817401	0.450255
