sample	sigma_d	sigma_e	sigma_w	sigma_b
56	0.975118	-0.870837	0.416844	-1.08643
