sample	sigma_d	sigma_e	sigma_w	sigma_b
925	0.335309	-0.199321	-0.434159	1.24771
