sample	sigma_d	sigma_e	sigma_w	sigma_b
346	1.87978	0.120677	0.302291	-0.376274
