sample	sigma_d	sigma_e	sigma_w	sigma_b
120	0.466557	-1.15232	-0.814524	0.162619
