sample	sigma_d	sigma_e	sigma_w	sigma_b
743	0.897019	1.358	1.0361	-0.0790976
