sample	sigma_d	sigma_e	sigma_w	sigma_b
514	1.20108	1.04843	-1.12219	1.10703
