sample	sigma_d	sigma_e	sigma_w	sigma_b
191	-1.32803	-0.180918	0.347251	0.764217
