sample	sigma_d	sigma_e	sigma_w	sigma_b
123	0.615058	-1.80168	0.913819	-1.22303
