sample	sigma_d	sigma_e	sigma_w	sigma_b
575	-1.35219	-0.766584	0.0399226	-0.346408
