sample	sigma_d	sigma_e	sigma_w	sigma_b
988	-1.40115	-0.682997	-0.233968	-0.794744
