sample	sigma_d	sigma_e	sigma_w	sigma_b
383	2.04461	-0.499893	-0.185788	-1.20547
