sample	sigma_d	sigma_e	sigma_w	sigma_b
716	-1.59956	0.323635	-0.30417	0.692909
