sample	sigma_d	sigma_e	sigma_w	sigma_b
22	0.667449	1.75082	1.85449	0.37568
