sample	sigma_d	sigma_e	sigma_w	sigma_b
818	-0.118235	1.03704	-1.91332	1.0619
