sample	sigma_d	sigma_e	sigma_w	sigma_b
432	0.970042	0.0681356	-0.318395	-0.514429
