sample	sigma_d	sigma_e	sigma_w	sigma_b
402	0.550216	-0.496164	-0.248083	-0.734702
