sample	sigma_d	sigma_e	sigma_w	sigma_b
397	-0.557188	0.241258	2.11958	0.46684
