sample	sigma_d	sigma_e	sigma_w	sigma_b
243	0.349609	-0.383582	1.12778	1.06934
