sample	sigma_d	sigma_e	sigma_w	sigma_b
260	0.715875	0.333977	-0.38177	0.825061
