sample	sigma_d	sigma_e	sigma_w	sigma_b
158	0.413756	-0.946459	2.09492	-0.0180329
