sample	sigma_d	sigma_e	sigma_w	sigma_b
73	-0.421774	1.64067	0.708172	0.294332
