sample	sigma_d	sigma_e	sigma_w	sigma_b
623	0.937496	0.617432	0.357598	-0.669709
