sample	sigma_d	sigma_e	sigma_w	sigma_b
429	-0.215602	-0.79499	-0.945196	-0.689627
