sample	sigma_d	sigma_e	sigma_w	sigma_b
585	-0.096987	0.223529	0.746679	0.245871
