sample	sigma_d	sigma_e	sigma_w	sigma_b
742	-0.44392	1.02387	-0.83791	-0.404193
