sample	sigma_d	sigma_e	sigma_w	sigma_b
438	-0.119338	0.917546	0.112592	-2.08747
