sample	sigma_d	sigma_e	sigma_w	sigma_b
389	-1.6352	0.712402	0.441644	0.791743
