sample	sigma_d	sigma_e	sigma_w	sigma_b
521	-0.529986	0.528616	-0.175504	2.02028
