sample	sigma_d	sigma_e	sigma_w	sigma_b
287	3.20551	2.05347	-0.433448	0.171114
