sample	sigma_d	sigma_e	sigma_w	sigma_b
938	0.224428	1.76831	-0.273268	0.672814
