sample	sigma_d	sigma_e	sigma_w	sigma_b
396	-0.823373	1.27349	0.317084	-0.987004
