sample	sigma_d	sigma_e	sigma_w	sigma_b
132	-1.00386	0.371426	-0.683807	-1.37831
