sample	sigma_d	sigma_e	sigma_w	sigma_b
772	0.819941	-2.77204	0.780059	0.432946
