sample	sigma_d	sigma_e	sigma_w	sigma_b
359	-0.282462	0.754342	-0.706762	-1.83885
