sample	sigma_d	sigma_e	sigma_w	sigma_b
254	0.623428	0.104866	-2.06056	-0.74593
