sample	sigma_d	sigma_e	sigma_w	sigma_b
110	0.979247	-0.12603	-0.746649	-1.9697
