sample	sigma_d	sigma_e	sigma_w	sigma_b
168	-0.817653	-0.793979	0.748089	-1.01064
