sample	sigma_d	sigma_e	sigma_w	sigma_b
540	0.506406	1.49016	-0.515251	-0.563952
