sample	sigma_d	sigma_e	sigma_w	sigma_b
858	1.20141	-0.509254	-0.72602	0.166852
