sample	sigma_d	sigma_e	sigma_w	sigma_b
446	0.74136	1.43332	-0.353092	0.288081
