sample	sigma_d	sigma_e	sigma_w	sigma_b
624	0.350744	0.304095	-1.10682	-1.58552
