sample	sigma_d	sigma_e	sigma_w	sigma_b
356	1.98899	-0.724873	0.123556	1.45982
