sample	sigma_d	sigma_e	sigma_w	sigma_b
123	0.628536	0.666323	0.812718	-0.0686124
