sample	sigma_d	sigma_e	sigma_w	sigma_b
159	-1.73152	0.579003	1.24872	0.624384
