sample	sigma_d	sigma_e	sigma_w	sigma_b
797	0.496391	-0.0610048	-0.958441	-0.839054
