sample	sigma_d	sigma_e	sigma_w	sigma_b
513	-0.00494226	-0.809955	-0.168289	-0.862675
