sample	sigma_d	sigma_e	sigma_w	sigma_b
41	0.818085	-0.114691	-0.899075	0.111585
