sample	sigma_d	sigma_e	sigma_w	sigma_b
369	-0.429712	1.15897	-1.34435	-1.52434
