sample	sigma_d	sigma_e	sigma_w	sigma_b
875	2.23519	0.834614	2.30123	-0.514082
