sample	sigma_d	sigma_e	sigma_w	sigma_b
368	-1.53498	0.324834	-0.58898	-0.760881
