sample	sigma_d	sigma_e	sigma_w	sigma_b
150	0.696751	-0.179119	-0.703225	1.36805
