sample	sigma_d	sigma_e	sigma_w	sigma_b
325	0.137107	-0.873235	-1.15321	1.09534
