sample	sigma_d	sigma_e	sigma_w	sigma_b
227	-1.32456	-0.89581	-2.05738	0.271804
