sample	sigma_d	sigma_e	sigma_w	sigma_b
731	0.425167	0.0695491	0.551273	-0.716404
