sample	sigma_d	sigma_e	sigma_w	sigma_b
608	-0.673255	-0.773176	-0.743377	0.864745
