sample	sigma_d	sigma_e	sigma_w	sigma_b
7	-0.691528	0.377959	-0.345656	-1.69473
