sample	sigma_d	sigma_e	sigma_w	sigma_b
581	1.28135	0.705485	1.04066	-0.159803
