sample	sigma_d	sigma_e	sigma_w	sigma_b
364	-0.940191	-0.274441	0.366165	0.621762
