sample	sigma_d	sigma_e	sigma_w	sigma_b
817	-1.71155	0.861126	0.73423	1.02348
