sample	sigma_d	sigma_e	sigma_w	sigma_b
994	0.331576	-0.738554	-1.01624	-0.299822
