sample	sigma_d	sigma_e	sigma_w	sigma_b
222	-1.47594	0.427968	1.26714	0.0607965
