sample	sigma_d	sigma_e	sigma_w	sigma_b
377	-0.358735	2.31047	-2.12305	0.557289
