sample	sigma_d	sigma_e	sigma_w	sigma_b
230	-0.339966	-0.232564	-0.264718	-0.929771
