sample	sigma_d	sigma_e	sigma_w	sigma_b
141	-0.229905	-1.79447	-0.0116042	1.02863
