sample	sigma_d	sigma_e	sigma_w	sigma_b
803	0.472986	-0.0723041	-0.107205	-1.06762
