sample	sigma_d	sigma_e	sigma_w	sigma_b
208	0.333954	-1.08093	0.477377	-0.427757
