sample	sigma_d	sigma_e	sigma_w	sigma_b
124	0.318567	1.8888	2.27859	-1.41658
