sample	sigma_d	sigma_e	sigma_w	sigma_b
550	-0.031178	-1.56709	-0.404934	1.6515
