sample	sigma_d	sigma_e	sigma_w	sigma_b
580	0.36209	0.361962	0.621905	0.402479
