sample	sigma_d	sigma_e	sigma_w	sigma_b
26	1.10731	-1.87498	0.334171	-0.176035
