sample	sigma_d	sigma_e	sigma_w	sigma_b
251	0.391135	-0.817881	-0.17635	1.32945
