sample	sigma_d	sigma_e	sigma_w	sigma_b
465	0.534442	-0.07058	-0.49362	-0.374812
