sample	sigma_d	sigma_e	sigma_w	sigma_b
948	0.441871	-2.16925	-0.78209	-0.990057
