sample	sigma_d	sigma_e	sigma_w	sigma_b
70	-1.23075	-1.46939	-0.539903	0.357907
