sample	sigma_d	sigma_e	sigma_w	sigma_b
188	2.48383	-0.674525	1.47702	-0.784595
