sample	sigma_d	sigma_e	sigma_w	sigma_b
274	0.630647	-1.39442	-0.441155	-2.35206
