sample	sigma_d	sigma_e	sigma_w	sigma_b
860	-1.4423	1.30711	0.468149	-0.372308
