sample	sigma_d	sigma_e	sigma_w	sigma_b
529	-1.78028	-0.526426	-1.58475	-0.136911
