sample	sigma_d	sigma_e	sigma_w	sigma_b
124	0.831637	-0.00523152	-0.156268	1.34527
