sample	sigma_d	sigma_e	sigma_w	sigma_b
498	0.66763	1.49134	-0.178636	-1.96655
