sample	sigma_d	sigma_e	sigma_w	sigma_b
164	1.49267	-1.48323	-0.536075	-0.537016
