sample	sigma_d	sigma_e	sigma_w	sigma_b
229	-0.855759	-1.16633	-0.81146	0.572536
