sample	sigma_d	sigma_e	sigma_w	sigma_b
643	1.87926	0.506332	0.977999	0.409525
