sample	sigma_d	sigma_e	sigma_w	sigma_b
991	-0.167168	-0.912919	0.185751	0.465618
