sample	sigma_d	sigma_e	sigma_w	sigma_b
920	-0.521501	-1.92945	1.15065	-0.947813
