sample	sigma_d	sigma_e	sigma_w	sigma_b
859	0.111557	1.56655	-1.28198	-1.27012
