sample	sigma_d	sigma_e	sigma_w	sigma_b
926	-2.75653	0.440897	0.637301	-0.912802
