sample	sigma_d	sigma_e	sigma_w	sigma_b
92	-0.671871	1.24255	-0.246285	-0.433829
