sample	sigma_d	sigma_e	sigma_w	sigma_b
236	-0.170455	0.346484	0.523632	1.32747
