sample	sigma_d	sigma_e	sigma_w	sigma_b
982	0.295149	-0.212995	-0.381978	0.62077
