sample	sigma_d	sigma_e	sigma_w	sigma_b
385	0.452087	-0.703755	0.168217	2.11464
