sample	sigma_d	sigma_e	sigma_w	sigma_b
31	-0.0955262	0.558353	-0.603906	-0.360037
