sample	sigma_d	sigma_e	sigma_w	sigma_b
170	-0.152118	0.820409	-1.60737	-0.317139
