sample	sigma_d	sigma_e	sigma_w	sigma_b
896	-1.32008	-1.24908	0.233615	0.120837
