sample	sigma_d	sigma_e	sigma_w	sigma_b
363	-0.103031	-0.472153	1.02855	-0.81443
