sample	sigma_d	sigma_e	sigma_w	sigma_b
603	1.17838	-0.986509	2.14746	-1.22734
