sample	sigma_d	sigma_e	sigma_w	sigma_b
280	0.144515	-0.610645	2.99699	1.05333
