sample	sigma_d	sigma_e	sigma_w	sigma_b
866	1.60628	-0.035251	-0.917518	-0.805992
