sample	sigma_d	sigma_e	sigma_w	sigma_b
386	-1.48663	0.0552968	0.289983	-0.940358
