sample	sigma_d	sigma_e	sigma_w	sigma_b
765	-0.0907753	-0.0705965	0.568777	-0.409483
