sample	sigma_d	sigma_e	sigma_w	sigma_b
996	-0.0388969	-0.865225	-0.919665	-1.11234
