sample	sigma_d	sigma_e	sigma_w	sigma_b
658	-0.60135	0.264668	0.150964	0.215685
