sample	sigma_d	sigma_e	sigma_w	sigma_b
148	-1.19337	0.37026	-0.427844	0.310158
