sample	sigma_d	sigma_e	sigma_w	sigma_b
401	-1.78769	-0.373823	-1.39368	2.35864
