sample	sigma_d	sigma_e	sigma_w	sigma_b
43	-0.00833836	-0.849648	-0.663464	1.01952
