sample	sigma_d	sigma_e	sigma_w	sigma_b
924	1.35174	0.767407	-2.29908	-0.632781
