sample	sigma_d	sigma_e	sigma_w	sigma_b
300	-1.48264	0.225402	-1.05731	-1.00878
