sample	sigma_d	sigma_e	sigma_w	sigma_b
5	0.0996439	-0.556287	-0.888725	-1.48056
