sample	sigma_d	sigma_e	sigma_w	sigma_b
292	0.795647	1.25033	1.56231	2.68491
