sample	sigma_d	sigma_e	sigma_w	sigma_b
905	1.46636	0.0522321	-0.601901	-2.07738
