sample	sigma_d	sigma_e	sigma_w	sigma_b
207	-1.31218	-1.38601	0.906704	-1.91869
