sample	sigma_d	sigma_e	sigma_w	sigma_b
998	-0.798357	1.55038	1.28442	-0.60581
