sample	sigma_d	sigma_e	sigma_w	sigma_b
505	-0.78954	-0.248397	-0.424267	-0.302685
