sample	sigma_d	sigma_e	sigma_w	sigma_b
55	0.27697	-1.64944	1.7674	0.233593
