sample	sigma_d	sigma_e	sigma_w	sigma_b
179	-0.850154	-0.341725	-0.489091	-0.290265
