sample	sigma_d	sigma_e	sigma_w	sigma_b
757	-1.01506	-1.98981	-1.22212	-0.950958
