sample	sigma_d	sigma_e	sigma_w	sigma_b
111	0.669181	-1.26736	-0.757653	-0.317831
