sample	sigma_d	sigma_e	sigma_w	sigma_b
630	3.12998	-1.22884	-0.608035	-0.0977582
