sample	sigma_d	sigma_e	sigma_w	sigma_b
196	-0.902334	1.36407	-1.72233	-1.52483
