sample	sigma_d	sigma_e	sigma_w	sigma_b
170	2.11835	-0.640707	0.715683	0.719099
