sample	sigma_d	sigma_e	sigma_w	sigma_b
763	-0.772493	1.34291	0.827949	-1.02708
