sample	sigma_d	sigma_e	sigma_w	sigma_b
559	-1.884	-0.309745	0.430647	1.50147
