sample	sigma_d	sigma_e	sigma_w	sigma_b
506	0.0804263	0.807168	0.792378	-1.02574
