sample	sigma_d	sigma_e	sigma_w	sigma_b
667	1.2668	0.628817	0.39725	1.45406
