sample	sigma_d	sigma_e	sigma_w	sigma_b
445	1.04219	0.192109	-0.904628	1.10788
