sample	sigma_d	sigma_e	sigma_w	sigma_b
712	-1.18359	0.317995	0.230532	0.321118
