sample	sigma_d	sigma_e	sigma_w	sigma_b
593	0.749806	-0.519935	0.172456	-1.63367
