sample	sigma_d	sigma_e	sigma_w	sigma_b
395	-0.132127	1.31655	-0.0324263	-1.10813
