sample	sigma_d	sigma_e	sigma_w	sigma_b
262	2.24613	1.04187	1.05862	1.42224
