sample	sigma_d	sigma_e	sigma_w	sigma_b
936	0.45703	-0.835273	1.18241	-1.40333
