sample	sigma_d	sigma_e	sigma_w	sigma_b
588	0.566985	1.11687	2.56122	1.59527
