sample	sigma_d	sigma_e	sigma_w	sigma_b
334	0.318883	0.357421	1.13977	-1.32585
