sample	sigma_d	sigma_e	sigma_w	sigma_b
500	0.286196	0.444234	-0.110554	1.32006
