sample	sigma_d	sigma_e	sigma_w	sigma_b
171	1.28341	-0.0305979	-1.67211	0.521377
