sample	sigma_d	sigma_e	sigma_w	sigma_b
268	0.000305822	-0.0318296	-0.679169	-0.508524
