sample	sigma_d	sigma_e	sigma_w	sigma_b
259	0.810512	0.386754	0.422603	-0.13002
