sample	sigma_d	sigma_e	sigma_w	sigma_b
390	0.273634	-1.38748	-0.959776	1.84146
