sample	sigma_d	sigma_e	sigma_w	sigma_b
333	0.248493	-1.40008	0.751531	0.246951
