sample	sigma_d	sigma_e	sigma_w	sigma_b
525	1.37144	-0.771156	-1.33968	-0.0149991
