sample	sigma_d	sigma_e	sigma_w	sigma_b
309	0.324961	-0.409511	0.612461	1.86588
