sample	sigma_d	sigma_e	sigma_w	sigma_b
270	1.09583	0.0333407	-0.668763	-0.417295
