sample	sigma_d	sigma_e	sigma_w	sigma_b
218	0.517707	0.334993	-1.09752	0.357602
