sample	sigma_d	sigma_e	sigma_w	sigma_b
25	0.393989	-1.5696	-0.518166	-0.473356
