sample	sigma_d	sigma_e	sigma_w	sigma_b
561	-0.19047	0.165507	-1.5423	0.162076
