sample	sigma_d	sigma_e	sigma_w	sigma_b
971	-0.0618551	0.908557	0.766569	-2.53559
