sample	sigma_d	sigma_e	sigma_w	sigma_b
92	-1.44553	0.252977	0.117728	1.50708
