sample	sigma_d	sigma_e	sigma_w	sigma_b
563	1.35691	0.906617	0.535	-1.44961
