sample	sigma_d	sigma_e	sigma_w	sigma_b
981	-2.24831	1.71848	0.307933	0.46918
