sample	sigma_d	sigma_e	sigma_w	sigma_b
441	0.931773	-0.59453	-1.03191	0.597405
