sample	sigma_d	sigma_e	sigma_w	sigma_b
384	-0.367513	-0.950045	-0.443199	0.337497
