sample	sigma_d	sigma_e	sigma_w	sigma_b
599	0.465346	-1.65148	2.22801	0.563806
