sample	sigma_d	sigma_e	sigma_w	sigma_b
944	0.513242	0.406531	0.302087	0.916867
