sample	sigma_d	sigma_e	sigma_w	sigma_b
278	-0.0229303	-0.24861	1.36591	-0.821257
