sample	sigma_d	sigma_e	sigma_w	sigma_b
801	2.39906	-0.928563	-2.37362	-0.57668
