sample	sigma_d	sigma_e	sigma_w	sigma_b
169	-0.744069	0.250103	0.00813109	0.925473
