sample	sigma_d	sigma_e	sigma_w	sigma_b
28	3.11194	0.626779	1.69178	0.472484
