sample	sigma_d	sigma_e	sigma_w	sigma_b
565	-0.16327	1.06541	-0.0742616	1.62242
