sample	sigma_d	sigma_e	sigma_w	sigma_b
487	1.1103	0.506028	0.466831	-2.70235
