sample	sigma_d	sigma_e	sigma_w	sigma_b
784	1.26171	1.09903	0.58704	0.321416
