sample	sigma_d	sigma_e	sigma_w	sigma_b
652	0.32781	-0.439935	1.86968	0.733887
