sample	sigma_d	sigma_e	sigma_w	sigma_b
929	0.522353	-0.720246	-0.975982	-0.184805
