sample	sigma_d	sigma_e	sigma_w	sigma_b
478	0.528656	1.26106	0.344865	0.258277
