sample	sigma_d	sigma_e	sigma_w	sigma_b
718	0.428082	-0.609999	0.0686712	0.366066
