sample	sigma_d	sigma_e	sigma_w	sigma_b
710	1.0537	0.710009	1.05993	-0.675518
