sample	sigma_d	sigma_e	sigma_w	sigma_b
744	-0.260913	1.3365	0.131117	2.00222
