sample	sigma_d	sigma_e	sigma_w	sigma_b
161	0.04987	0.641554	1.37145	0.218898
