sample	sigma_d	sigma_e	sigma_w	sigma_b
520	2.07602	-0.119523	0.021474	1.9288
