sample	sigma_d	sigma_e	sigma_w	sigma_b
894	0.0441167	0.35141	0.748217	0.281043
