sample	sigma_d	sigma_e	sigma_w	sigma_b
932	1.31113	0.294201	-0.152404	-2.10864
