sample	sigma_d	sigma_e	sigma_w	sigma_b
719	0.622702	1.18741	1.39263	-0.142228
