sample	sigma_d	sigma_e	sigma_w	sigma_b
923	-0.995012	-0.176534	-0.598054	-0.58409
