sample	sigma_d	sigma_e	sigma_w	sigma_b
734	1.4552	-1.03882	-0.34925	-0.0486375
