sample	sigma_d	sigma_e	sigma_w	sigma_b
557	-1.63226	-0.359091	0.65501	-1.14848
