sample	sigma_d	sigma_e	sigma_w	sigma_b
533	-0.673451	-1.08206	-0.276102	1.12719
