sample	sigma_d	sigma_e	sigma_w	sigma_b
77	-1.35846	0.298192	-0.25182	0.289913
