sample	sigma_d	sigma_e	sigma_w	sigma_b
904	-0.59117	1.33903	0.166862	1.75256
