sample	sigma_d	sigma_e	sigma_w	sigma_b
202	0.888353	-0.04958	-1.79079	-0.966827
