sample	sigma_d	sigma_e	sigma_w	sigma_b
71	-0.145953	0.951784	0.0159141	0.239729
