sample	sigma_d	sigma_e	sigma_w	sigma_b
399	0.520838	0.218558	-0.11154	-0.0250749
