sample	sigma_d	sigma_e	sigma_w	sigma_b
311	-0.463909	1.49106	-0.362414	2.26283
