sample	sigma_d	sigma_e	sigma_w	sigma_b
95	-0.752136	0.453708	-0.27846	-0.970909
