sample	sigma_d	sigma_e	sigma_w	sigma_b
791	0.827396	0.421388	-0.798251	-1.73433
