sample	sigma_d	sigma_e	sigma_w	sigma_b
545	-0.0309772	0.119531	0.449062	1.46745
