sample	sigma_d	sigma_e	sigma_w	sigma_b
329	-1.30728	-0.259604	-1.14475	-0.78677
