sample	sigma_d	sigma_e	sigma_w	sigma_b
310	-0.68299	-0.517005	2.01095	0.166973
