sample	sigma_d	sigma_e	sigma_w	sigma_b
303	0.947363	-1.63284	1.50658	1.60424
