sample	sigma_d	sigma_e	sigma_w	sigma_b
566	-0.518319	0.465897	-0.468373	2.07933
