sample	sigma_d	sigma_e	sigma_w	sigma_b
317	0.928711	-0.107782	-1.22475	0.120228
