sample	sigma_d	sigma_e	sigma_w	sigma_b
360	2.23831	-1.42632	-1.56605	-0.585406
