sample	sigma_d	sigma_e	sigma_w	sigma_b
24	0.612011	-1.75613	-0.357223	0.00771587
