sample	sigma_d	sigma_e	sigma_w	sigma_b
95	-0.656357	1.96535	-1.48971	-0.701608
