sample	sigma_d	sigma_e	sigma_w	sigma_b
264	-0.19301	-0.740914	-1.91556	1.45556
