sample	sigma_d	sigma_e	sigma_w	sigma_b
414	-2.21948	-0.548802	1.03371	-0.159247
