sample	sigma_d	sigma_e	sigma_w	sigma_b
347	0.874643	1.0026	0.361556	-0.774286
