sample	sigma_d	sigma_e	sigma_w	sigma_b
37	1.74334	0.604941	-1.72431	1.00397
