sample	sigma_d	sigma_e	sigma_w	sigma_b
24	-0.264326	0.14649	0.826546	-0.00791583
