sample	sigma_d	sigma_e	sigma_w	sigma_b
962	0.350368	0.338604	-0.691745	0.142466
