sample	sigma_d	sigma_e	sigma_w	sigma_b
370	1.28277	0.569665	-0.161571	0.575729
