sample	sigma_d	sigma_e	sigma_w	sigma_b
36	-0.424245	1.55387	0.661035	-0.0505329
