sample	sigma_d	sigma_e	sigma_w	sigma_b
155	0.431739	0.294264	-0.25608	0.940337
