sample	sigma_d	sigma_e	sigma_w	sigma_b
748	-0.463888	0.379897	-1.06525	-0.492656
