sample	sigma_d	sigma_e	sigma_w	sigma_b
9	-1.97184	-0.246278	-0.400384	0.394312
