sample	sigma_d	sigma_e	sigma_w	sigma_b
100	1.97785	-0.634818	0.893434	-0.177968
