sample	sigma_d	sigma_e	sigma_w	sigma_b
562	-0.011018	-0.211701	-0.995831	-0.509954
