sample	sigma_d	sigma_e	sigma_w	sigma_b
634	-1.19955	0.412011	0.731178	0.440415
