sample	sigma_d	sigma_e	sigma_w	sigma_b
934	0.623438	0.838999	0.306517	-0.187169
