sample	sigma_d	sigma_e	sigma_w	sigma_b
530	-0.308977	0.580477	1.12005	-0.674093
