sample	feature	sigma_d	sigma_e	sigma_w	sigma_b
117	1	1.43605	-0.634481	0.164741	-0.0233572
