sample	sigma_d	sigma_e	sigma_w	sigma_b
277	-0.480669	-0.566542	1.06352	0.438699
