sample	sigma_d	sigma_e	sigma_w	sigma_b
882	-0.15433	-0.649245	2.32875	0.203416
