sample	sigma_d	sigma_e	sigma_w	sigma_b
99	1.19892	1.27821	0.548743	-0.527947
