sample	sigma_d	sigma_e	sigma_w	sigma_b
323	0.0703951	-0.0401801	-0.378184	0.00774955
