sample	sigma_d	sigma_e	sigma_w	sigma_b
596	-0.594844	-1.20342	1.21953	1.00447
