sample	sigma_d	sigma_e	sigma_w	sigma_b
431	0.173127	-2.57477	0.408858	-0.738051
