sample	sigma_d	sigma_e	sigma_w	sigma_b
27	-0.685217	-0.232701	-0.304943	-1.50471
