sample	sigma_d	sigma_e	sigma_w	sigma_b
10	0.170041	0.413384	1.41974	-0.618309
