sample	sigma_d	sigma_e	sigma_w	sigma_b
590	-0.328886	-0.907593	1.74685	1.3279
