sample	sigma_d	sigma_e	sigma_w	sigma_b
467	-0.480075	-0.918119	-0.329801	-1.14306
