sample	sigma_d	sigma_e	sigma_w	sigma_b
460	0.571413	1.3796	0.0179291	1.92956
