sample	sigma_d	sigma_e	sigma_w	sigma_b
568	0.377223	1.69749	0.0457403	-1.48826
