sample	sigma_d	sigma_e	sigma_w	sigma_b
570	0.163313	-1.74057	-1.27613	-0.533329
