sample	sigma_d	sigma_e	sigma_w	sigma_b
176	0.566952	0.691528	1.23539	0.388873
