sample	sigma_d	sigma_e	sigma_w	sigma_b
191	1.09879	0.442665	-0.420439	-0.666405
