sample	sigma_d	sigma_e	sigma_w	sigma_b
23	2.06665	0.736486	0.567094	-0.305739
