sample	sigma_d	sigma_e	sigma_w	sigma_b
286	0.374255	-1.27754	0.769928	1.02486
