sample	sigma_d	sigma_e	sigma_w	sigma_b
376	-1.66483	0.4573	0.895409	-1.01688
