sample	sigma_d	sigma_e	sigma_w	sigma_b
800	1.71034	0.283919	0.498031	0.530176
