sample	sigma_d	sigma_e	sigma_w	sigma_b
635	-0.766499	0.0847836	-0.686401	0.421363
