sample	sigma_d	sigma_e	sigma_w	sigma_b
700	-1.09472	-0.686016	-0.857529	0.857724
