sample	sigma_d	sigma_e	sigma_w	sigma_b
372	-0.717896	-0.454282	-1.13587	0.444246
