sample	sigma_d	sigma_e	sigma_w	sigma_b
39	-0.165627	0.560383	-0.463841	1.58121
