sample	sigma_d	sigma_e	sigma_w	sigma_b
648	0.300489	-0.256148	1.41723	-1.022
