sample	sigma_d	sigma_e	sigma_w	sigma_b
870	0.208126	-0.571544	1.34037	-0.0942141
