sample	sigma_d	sigma_e	sigma_w	sigma_b
309	1.17983	0.0685546	0.839277	-0.999169
