sample	sigma_d	sigma_e	sigma_w	sigma_b
277	-1.09698	-0.821186	-0.956755	0.551334
