sample	sigma_d	sigma_e	sigma_w	sigma_b
177	1.48961	-0.564393	1.80745	0.532125
