sample	sigma_d	sigma_e	sigma_w	sigma_b
128	0.00641752	-0.044564	1.15082	-1.47664
