sample	sigma_d	sigma_e	sigma_w	sigma_b
31	-0.473817	1.22617	-0.588174	-0.704988
