sample	sigma_d	sigma_e	sigma_w	sigma_b
98	-0.218337	-0.206975	-0.267628	-0.16016
