sample	sigma_d	sigma_e	sigma_w	sigma_b
96	-0.12915	0.285392	0.68947	-0.0679501
