sample	sigma_d	sigma_e	sigma_w	sigma_b
480	0.622346	0.271061	-0.545094	1.48045
