sample	sigma_d	sigma_e	sigma_w	sigma_b
613	0.0336111	0.493624	-0.361868	2.07129
