sample	sigma_d	sigma_e	sigma_w	sigma_b
477	1.48421	0.492638	-2.00284	1.1119
