sample	sigma_d	sigma_e	sigma_w	sigma_b
440	0.417125	-0.185848	-1.66142	-1.54663
