sample	sigma_d	sigma_e	sigma_w	sigma_b
779	-0.19556	0.863639	0.0766389	-0.107226
