sample	sigma_d	sigma_e	sigma_w	sigma_b
774	0.869655	-0.336253	-0.571506	-0.556312
