sample	sigma_d	sigma_e	sigma_w	sigma_b
662	-0.33127	0.152696	-0.951079	-1.68193
