sample	sigma_d	sigma_e	sigma_w	sigma_b
208	0.446794	0.118125	-0.07528	0.95876
