sample	sigma_d	sigma_e	sigma_w	sigma_b
157	-0.344261	1.73463	-0.25489	0.521792
