sample	sigma_d	sigma_e	sigma_w	sigma_b
849	0.148714	0.103703	0.897866	0.394659
