sample	sigma_d	sigma_e	sigma_w	sigma_b
205	0.557676	-0.0709231	0.339469	-0.271874
