sample	sigma_d	sigma_e	sigma_w	sigma_b
958	0.296152	1.1869	0.31522	-1.06076
