sample	sigma_d	sigma_e	sigma_w	sigma_b
661	0.765111	0.00544355	-1.19371	0.473116
