sample	sigma_d	sigma_e	sigma_w	sigma_b
87	-0.305538	-1.32156	0.542089	1.93607
