sample	sigma_d	sigma_e	sigma_w	sigma_b
380	-0.411949	0.627985	0.0788077	-0.933201
