sample	sigma_d	sigma_e	sigma_w	sigma_b
305	-0.14868	2.53573	-0.626511	-2.56858
