sample	sigma_d	sigma_e	sigma_w	sigma_b
371	0.193632	0.704387	-1.36475	1.15102
