sample	sigma_d	sigma_e	sigma_w	sigma_b
723	-0.495318	-1.88321	-0.933432	-0.124651
