sample	sigma_d	sigma_e	sigma_w	sigma_b
773	0.315049	-0.154788	-0.541035	-0.75184
