sample	sigma_d	sigma_e	sigma_w	sigma_b
239	0.424698	-0.722897	-1.56443	-1.8746
