sample	sigma_d	sigma_e	sigma_w	sigma_b
137	0.00955356	-0.25454	-0.891704	1.02538
