sample	sigma_d	sigma_e	sigma_w	sigma_b
833	-0.598604	0.359974	0.640338	-0.915467
