sample	sigma_d	sigma_e	sigma_w	sigma_b
156	-1.26122	0.0477089	-1.17726	-1.4214
