sample	sigma_d	sigma_e	sigma_w	sigma_b
637	-1.10089	-0.787417	-2.05627	0.607639
