sample	sigma_d	sigma_e	sigma_w	sigma_b
82	-0.441845	-1.21252	1.27876	0.696215
