sample	sigma_d	sigma_e	sigma_w	sigma_b
97	-0.676484	-1.17003	-1.74618	0.330079
