sample	sigma_d	sigma_e	sigma_w	sigma_b
204	0.201744	1.20155	1.05501	-0.315854
