sample	sigma_d	sigma_e	sigma_w	sigma_b
326	1.55994	0.368069	-2.84602	0.203346
