sample	sigma_d	sigma_e	sigma_w	sigma_b
419	-1.01851	0.0714352	-0.7462	1.23426
