sample	sigma_d	sigma_e	sigma_w	sigma_b
420	-0.961222	0.0960994	2.15732	-0.783949
