sample	sigma_d	sigma_e	sigma_w	sigma_b
210	-0.0750003	0.614934	-0.223323	-0.672494
