sample	sigma_d	sigma_e	sigma_w	sigma_b
103	-1.60135	0.450208	-0.559947	-0.868652
