sample	sigma_d	sigma_e	sigma_w	sigma_b
715	-0.966005	-0.498141	-0.0976075	0.977264
