sample	sigma_d	sigma_e	sigma_w	sigma_b
339	-0.66021	0.539783	0.875652	2.49887
