sample	sigma_d	sigma_e	sigma_w	sigma_b
222	-0.119409	-1.45144	-0.397627	-0.398733
