sample	sigma_d	sigma_e	sigma_w	sigma_b
293	0.97716	-0.11175	1.82371	-1.26284
