sample	sigma_d	sigma_e	sigma_w	sigma_b
207	1.20299	1.08524	0.776367	0.192294
