sample	sigma_d	sigma_e	sigma_w	sigma_b
360	1.03468	-0.856109	1.06208	-0.783586
