sample	sigma_d	sigma_e	sigma_w	sigma_b
671	-0.535845	-0.372981	-2.68192	0.429808
