sample	sigma_d	sigma_e	sigma_w	sigma_b
11	0.24324	0.666144	0.365022	-1.7323
