sample	sigma_d	sigma_e	sigma_w	sigma_b
175	-0.359407	0.834067	0.635589	1.35462
