sample	sigma_d	sigma_e	sigma_w	sigma_b
531	-0.473125	-1.715	0.375219	0.285086
