sample	sigma_d	sigma_e	sigma_w	sigma_b
914	-0.891923	1.04895	1.25514	0.386889
