sample	sigma_d	sigma_e	sigma_w	sigma_b
626	1.06405	-0.821346	-1.84319	-3.44916
