sample	sigma_d	sigma_e	sigma_w	sigma_b
172	0.344867	-0.952473	1.07847	1.57505
