sample	sigma_d	sigma_e	sigma_w	sigma_b
532	1.15518	0.596054	-0.224291	0.893871
