sample	sigma_d	sigma_e	sigma_w	sigma_b
301	-0.773416	-1.44211	0.880459	-1.84967
