sample	sigma_d	sigma_e	sigma_w	sigma_b
249	-0.596615	-0.64583	0.203191	-0.948322
