sample	sigma_d	sigma_e	sigma_w	sigma_b
152	0.237127	-0.22123	0.712158	0.326343
