sample	sigma_d	sigma_e	sigma_w	sigma_b
72	0.735188	0.95148	1.03953	-0.485806
