sample	sigma_d	sigma_e	sigma_w	sigma_b
349	0.916909	-0.407566	-1.291	-0.307964
