sample	sigma_d	sigma_e	sigma_w	sigma_b
242	0.050905	-0.0903373	-0.532186	-0.760988
