sample	sigma_d	sigma_e	sigma_w	sigma_b
296	0.936836	-0.332997	-0.152347	-0.283068
