sample	sigma_d	sigma_e	sigma_w	sigma_b
930	0.318616	1.60787	0.147371	-0.0159965
