sample	sigma_d	sigma_e	sigma_w	sigma_b
733	0.584566	-1.01859	-0.606843	-0.545025
