sample	sigma_d	sigma_e	sigma_w	sigma_b
869	-0.417313	-1.00511	0.49976	-1.06071
