sample	sigma_d	sigma_e	sigma_w	sigma_b
469	0.110153	-0.49352	-0.698474	0.589985
