sample	sigma_d	sigma_e	sigma_w	sigma_b
950	0.0845989	0.0677532	1.60315	-0.86907
