sample	sigma_d	sigma_e	sigma_w	sigma_b
665	-0.161759	-0.353196	2.10418	2.08236
