sample	sigma_d	sigma_e	sigma_w	sigma_b
629	-0.906598	0.166629	-0.91406	-1.47407
