sample	sigma_d	sigma_e	sigma_w	sigma_b
681	0.4193	0.412373	-0.332556	0.703647
