sample	sigma_d	sigma_e	sigma_w	sigma_b
272	1.27702	-0.763044	0.422418	-0.738591
