sample	sigma_d	sigma_e	sigma_w	sigma_b
119	-0.272323	0.913344	-0.846136	-0.160418
