sample	sigma_d	sigma_e	sigma_w	sigma_b
377	1.19997	1.6024	-1.74872	1.30553
