sample	sigma_d	sigma_e	sigma_w	sigma_b
54	-1.30958	-1.59283	-0.25422	-0.0113047
