sample	sigma_d	sigma_e	sigma_w	sigma_b
396	0.370476	-0.2489	0.174542	-0.608236
