sample	sigma_d	sigma_e	sigma_w	sigma_b
668	-0.100296	0.00487639	0.333968	-0.627945
