sample	sigma_d	sigma_e	sigma_w	sigma_b
799	0.6636	-1.15902	-0.269209	0.437722
