sample	sigma_d	sigma_e	sigma_w	sigma_b
340	-0.0625255	-1.71167	-1.31447	-0.205363
