sample	sigma_d	sigma_e	sigma_w	sigma_b
653	-0.360381	-1.02651	2.05332	-0.995927
