sample	sigma_d	sigma_e	sigma_w	sigma_b
519	-1.52087	1.12262	0.241942	1.71181
