sample	sigma_d	sigma_e	sigma_w	sigma_b
970	1.19688	0.285361	-0.44949	0.932042
