sample	sigma_d	sigma_e	sigma_w	sigma_b
502	-0.572183	1.55814	-1.33705	-0.947605
