sample	sigma_d	sigma_e	sigma_w	sigma_b
695	-0.120041	-1.09114	-0.70876	0.207215
