sample	sigma_d	sigma_e	sigma_w	sigma_b
729	0.324634	-1.29456	0.15209	-0.720336
