sample	sigma_d	sigma_e	sigma_w	sigma_b
491	0.330882	0.392805	-0.701092	-0.925075
