sample	sigma_d	sigma_e	sigma_w	sigma_b
405	0.424581	0.510432	0.550229	-0.0714357
