sample	sigma_d	sigma_e	sigma_w	sigma_b
70	0.21097	-1.00267	0.817274	-0.395932
