sample	sigma_d	sigma_e	sigma_w	sigma_b
61	0.848105	-0.449392	0.983631	-1.17776
