sample	sigma_d	sigma_e	sigma_w	sigma_b
935	-1.12636	-1.00746	-0.466534	0.348344
