sample	sigma_d	sigma_e	sigma_w	sigma_b
851	-0.14271	0.919498	0.410624	-0.0673919
