sample	sigma_d	sigma_e	sigma_w	sigma_b
823	0.0705317	-0.984533	-0.146817	0.283386
