sample	sigma_d	sigma_e	sigma_w	sigma_b
543	-0.413778	-0.42332	-0.336666	-0.0908502
