sample	sigma_d	sigma_e	sigma_w	sigma_b
100	-0.470735	0.885213	-1.15584	0.186565
