sample	sigma_d	sigma_e	sigma_w	sigma_b
335	0.78255	-0.37557	-0.387637	1.60582
