sample	sigma_d	sigma_e	sigma_w	sigma_b
965	-0.629499	1.38355	1.05469	-0.0889901
