sample	sigma_d	sigma_e	sigma_w	sigma_b
320	0.493108	-0.548468	1.49188	-0.684727
