sample	sigma_d	sigma_e	sigma_w	sigma_b
877	0.0406752	0.0675695	-0.751692	-0.0463742
