sample	sigma_d	sigma_e	sigma_w	sigma_b
454	0.918227	0.449262	-0.518763	-0.564574
