sample	sigma_d	sigma_e	sigma_w	sigma_b
495	-0.651165	-0.758597	-1.46657	-0.302633
