sample	sigma_d	sigma_e	sigma_w	sigma_b
474	-0.00543548	-1.08779	-1.02513	-0.123121
