sample	sigma_d	sigma_e	sigma_w	sigma_b
23	0.540328	-1.32162	-1.35843	0.46884
