sample	sigma_d	sigma_e	sigma_w	sigma_b
223	-0.181994	-0.0608478	0.463014	-0.188791
