sample	sigma_d	sigma_e	sigma_w	sigma_b
972	0.200243	-0.957769	-0.95839	-1.51078
