sample	sigma_d	sigma_e	sigma_w	sigma_b
331	-0.0880031	0.942408	0.353059	-0.295052
