sample	sigma_d	sigma_e	sigma_w	sigma_b
125	0.382691	1.09276	2.38761	-0.208734
