sample	sigma_d	sigma_e	sigma_w	sigma_b
600	2.19622	0.619295	1.4738	0.277294
