sample	sigma_d	sigma_e	sigma_w	sigma_b
194	-0.084	0.807506	0.708575	-2.19355
