sample	sigma_d	sigma_e	sigma_w	sigma_b
463	0.351645	-0.418822	-0.16565	-0.345391
