sample	sigma_d	sigma_e	sigma_w	sigma_b
883	-0.32725	0.728972	-0.398312	-0.840086
