sample	sigma_d	sigma_e	sigma_w	sigma_b
131	1.19371	1.34212	-1.39096	-0.623107
