sample	sigma_d	sigma_e	sigma_w	sigma_b
685	-1.4789	0.831078	-0.465135	-0.328474
