sample	sigma_d	sigma_e	sigma_w	sigma_b
917	-0.216309	-1.69229	-1.4439	-0.158948
