sample	sigma_d	sigma_e	sigma_w	sigma_b
282	-0.794927	-0.518133	0.605499	1.71991
