sample	sigma_d	sigma_e	sigma_w	sigma_b
159	-0.646484	-0.621915	-0.31832	1.35869
