sample	sigma_d	sigma_e	sigma_w	sigma_b
806	0.407162	-0.766115	-1.44968	0.379169
