sample	sigma_d	sigma_e	sigma_w	sigma_b
318	0.754529	-0.447962	0.401218	0.403682
