sample	feature	sigma_d	sigma_e	sigma_w	sigma_b
101	1	2.83597	0.584108	0.357773	-0.518693
101	1	-0.851339	-1.892	-0.441174	0.607001
