sample	sigma_d	sigma_e	sigma_w	sigma_b
595	-1.56981	0.668724	0.273241	-0.0621808
