sample	sigma_d	sigma_e	sigma_w	sigma_b
890	0.451488	0.808086	-0.560116	-0.626025
