sample	sigma_d	sigma_e	sigma_w	sigma_b
755	-0.428642	0.630358	1.64047	0.508238
