sample	sigma_d	sigma_e	sigma_w	sigma_b
633	-0.335907	-0.598684	0.45817	-0.463265
