sample	sigma_d	sigma_e	sigma_w	sigma_b
198	1.60562	-0.968306	-1.70833	-3.55805
