sample	sigma_d	sigma_e	sigma_w	sigma_b
954	0.934387	0.53274	-0.582712	0.821003
