sample	sigma_d	sigma_e	sigma_w	sigma_b
202	0.628751	0.295406	0.815386	0.108897
