sample	sigma_d	sigma_e	sigma_w	sigma_b
876	1.77335	-1.70085	1.29972	-0.437138
