sample	sigma_d	sigma_e	sigma_w	sigma_b
777	0.412996	-0.962003	0.174515	-1.62015
