sample	sigma_d	sigma_e	sigma_w	sigma_b
36	0.216068	-0.592387	-0.878821	-0.339898
