sample	sigma_d	sigma_e	sigma_w	sigma_b
989	-1.75531	0.0527699	-0.259125	-0.517201
