sample	sigma_d	sigma_e	sigma_w	sigma_b
528	0.891574	1.07781	0.507052	-0.906594
