sample	sigma_d	sigma_e	sigma_w	sigma_b
620	0.619425	-0.977323	-1.81152	0.186646
