sample	sigma_d	sigma_e	sigma_w	sigma_b
995	-0.013673	2.49309	0.359877	0.45038
