sample	sigma_d	sigma_e	sigma_w	sigma_b
707	0.654114	-1.66239	-0.47805	-1.08607
