sample	sigma_d	sigma_e	sigma_w	sigma_b
435	0.788687	-2.4921	-2.24749	-0.185855
