sample	sigma_d	sigma_e	sigma_w	sigma_b
609	-1.49855	-0.286704	0.864777	0.0529006
