sample	sigma_d	sigma_e	sigma_w	sigma_b
49	0.0351295	-0.0380174	-1.28622	0.532563
