sample	sigma_d	sigma_e	sigma_w	sigma_b
66	-0.378004	-0.405701	-1.31068	-1.16015
