sample	sigma_d	sigma_e	sigma_w	sigma_b
508	-0.939887	1.36339	-0.315046	-0.421864
