sample	sigma_d	sigma_e	sigma_w	sigma_b
490	0.609253	-0.119762	1.43931	-0.407889
