sample	sigma_d	sigma_e	sigma_w	sigma_b
237	-1.14972	-0.922639	-0.187305	-0.114307
