sample	sigma_d	sigma_e	sigma_w	sigma_b
939	0.192757	1.60036	-1.22193	-0.970138
