sample	sigma_d	sigma_e	sigma_w	sigma_b
358	-0.944829	2.40162	-0.707568	0.229016
