sample	sigma_d	sigma_e	sigma_w	sigma_b
139	1.04721	-0.236436	1.36655	-1.14263
