sample	sigma_d	sigma_e	sigma_w	sigma_b
919	-0.593242	0.609885	-2.16611	0.0904666
