sample	sigma_d	sigma_e	sigma_w	sigma_b
737	1.2597	-0.591069	-1.75356	-0.397909
