sample	sigma_d	sigma_e	sigma_w	sigma_b
378	-0.383162	-0.559511	1.40375	-0.04773
