sample	sigma_d	sigma_e	sigma_w	sigma_b
11	-1.38177	0.338812	-0.911408	-1.54575
