sample	sigma_d	sigma_e	sigma_w	sigma_b
802	1.87319	-1.63861	0.166583	-1.03362
