sample	sigma_d	sigma_e	sigma_w	sigma_b
781	-0.884056	0.280103	1.76337	-0.836241
