sample	sigma_d	sigma_e	sigma_w	sigma_b
675	1.30503	0.274684	-0.301261	-1.34425
