sample	sigma_d	sigma_e	sigma_w	sigma_b
933	-1.41241	-2.84377	1.1693	0.114841
