sample	sigma_d	sigma_e	sigma_w	sigma_b
484	0.576159	-0.182216	-0.825237	0.12845
