sample	sigma_d	sigma_e	sigma_w	sigma_b
607	0.958247	0.324166	0.524827	-0.364121
