sample	sigma_d	sigma_e	sigma_w	sigma_b
398	-0.131093	0.05984	1.10149	-0.202186
