sample	sigma_d	sigma_e	sigma_w	sigma_b
552	0.49711	-1.18783	-0.0395656	-0.205361
