sample	sigma_d	sigma_e	sigma_w	sigma_b
394	-2.26013	-2.5106	0.575604	0.23518
