sample	sigma_d	sigma_e	sigma_w	sigma_b
192	-0.422864	-0.385635	0.661831	-0.0950237
