sample	sigma_d	sigma_e	sigma_w	sigma_b
284	-1.6235	-0.683284	0.489489	-0.313893
