sample	sigma_d	sigma_e	sigma_w	sigma_b
93	1.37708	0.843763	-1.02837	-1.10438
