sample	sigma_d	sigma_e	sigma_w	sigma_b
602	-1.50784	0.487998	1.2058	-0.771153
