sample	sigma_d	sigma_e	sigma_w	sigma_b
326	-0.596026	0.554305	0.939987	0.130996
