sample	sigma_d	sigma_e	sigma_w	sigma_b
889	-0.739471	0.558157	0.997698	0.546883
