sample	sigma_d	sigma_e	sigma_w	sigma_b
400	0.558298	-0.925921	1.18951	-1.23244
