sample	sigma_d	sigma_e	sigma_w	sigma_b
943	0.695098	-0.339438	-0.0312257	0.728339
