sample	sigma_d	sigma_e	sigma_w	sigma_b
827	1.28167	-0.743549	-0.341073	0.965874
