sample	sigma_d	sigma_e	sigma_w	sigma_b
211	-0.434988	0.586404	0.0473043	0.137826
