sample	sigma_d	sigma_e	sigma_w	sigma_b
167	0.221806	-1.20491	0.071846	-2.58173
