sample	sigma_d	sigma_e	sigma_w	sigma_b
1	-0.331912	-0.0112608	2.8813	1.73023
