sample	sigma_d	sigma_e	sigma_w	sigma_b
960	-0.153429	0.0804085	-0.307823	0.660427
