sample	sigma_d	sigma_e	sigma_w	sigma_b
174	1.25188	0.556341	2.67023	-0.953165
