sample	sigma_d	sigma_e	sigma_w	sigma_b
249	-0.459748	0.635907	0.147888	0.597326
