sample	sigma_d	sigma_e	sigma_w	sigma_b
805	-0.101342	-1.09201	-1.11834	0.580397
