sample	sigma_d	sigma_e	sigma_w	sigma_b
152	-0.111628	-0.740078	1.1961	1.40677
