sample	sigma_d	sigma_e	sigma_w	sigma_b
384	-1.74127	0.689695	-0.382201	0.864535
