sample	sigma_d	sigma_e	sigma_w	sigma_b
775	1.09248	-0.734191	0.813434	-1.5177
