sample	sigma_d	sigma_e	sigma_w	sigma_b
527	-0.147476	0.579916	-0.48878	-0.0167261
