sample	sigma_d	sigma_e	sigma_w	sigma_b
387	-0.979952	0.612817	0.141416	1.05009
