sample	sigma_d	sigma_e	sigma_w	sigma_b
421	-0.973188	0.0119148	-0.380162	-0.151099
