sample	sigma_d	sigma_e	sigma_w	sigma_b
693	0.473571	-1.47685	0.137211	-1.0477
