sample	sigma_d	sigma_e	sigma_w	sigma_b
413	-1.66136	-0.528467	0.569749	-1.65045
