sample	sigma_d	sigma_e	sigma_w	sigma_b
865	1.18589	0.000851647	0.0741645	0.0793693
