sample	sigma_d	sigma_e	sigma_w	sigma_b
285	0.191253	-1.00103	-0.980664	2.28493
