sample	sigma_d	sigma_e	sigma_w	sigma_b
57	0.54742	0.750467	-0.0472145	-1.11447
