sample	sigma_d	sigma_e	sigma_w	sigma_b
291	-0.217535	-0.968564	0.954517	-1.8095
