sample	sigma_d	sigma_e	sigma_w	sigma_b
175	0.216702	0.413733	0.546995	0.0990026
