sample	sigma_d	sigma_e	sigma_w	sigma_b
248	1.00992	-2.75276	1.33787	0.0320389
