sample	sigma_d	sigma_e	sigma_w	sigma_b
556	-0.33221	-0.706684	-1.3187	-0.292361
