sample	sigma_d	sigma_e	sigma_w	sigma_b
564	-0.629483	-0.770506	-1.8669	0.413289
