sample	sigma_d	sigma_e	sigma_w	sigma_b
91	0.0994842	0.351104	0.663041	-0.499269
