sample	sigma_d	sigma_e	sigma_w	sigma_b
124	-0.936789	1.44023	-1.80211	0.331341
