sample	sigma_d	sigma_e	sigma_w	sigma_b
738	-0.217478	-0.89245	0.564421	-2.67596
