sample	sigma_d	sigma_e	sigma_w	sigma_b
537	-0.442392	0.580254	-0.0449595	0.965062
