sample	sigma_d	sigma_e	sigma_w	sigma_b
918	0.417023	0.273975	0.194915	-0.461852
