sample	sigma_d	sigma_e	sigma_w	sigma_b
523	0.0744043	-0.0935342	1.13117	-0.221705
