sample	sigma_d	sigma_e	sigma_w	sigma_b
123	1.08581	-0.566087	0.729758	1.73974
