sample	replicate	trs
1	1	((nd13:2.3370817448463113,(nd39:0.9996657153260085,nd40:0.9996657153260085)nd26:1.337416029520304)nd4:0.9420371691855718,(((nd29:1.404931856000311,((nd55:0.42942699522235733,nd58:0.42942699522235733)nd51:0.03913756752099762,nd52:0.46856456274335495)nd30:0.9363672932569561)nd16:1.3735444424371013,(nd37:1.7348452310098827,((nd53:0.4346474947231676,nd59:0.43464749472316755)nd47:0.27771568106036426,nd48:0.7123631757835319)nd42:1.0224820552263507)nd12:1.0436310674275295)nd9:0.23693813645799155,((nd46:1.7523767755382313,((nd35:1.0988104655941748,nd36:1.0988104655941748)nd27:0.3338337513806248,nd49:1.4326442169747997)nd22:0.3197325585634316)nd17:0.2639306513044974,nd18:2.0163074268427286)nd8:0.999107008052675)nd2:0.26370447913648004)root:0.0;
