sample	replicate	trs
1	1	((nd1:24.372194584299873[&state=6],(((nd7:3.7062907457654637[&state=0],(((((nd61:1.0604539814562932[&state=0],nd62:1.0604539814562932[&state=10]):0.7193530156645341[&state=0],nd56:1.7798069971208277[&state=7]):6.27486863796287[&state=7],((nd65:0.5322985358754113[&state=0],nd66:0.5322985358754113[&state=0]):6.7098834909495935[&state=0],(((nd43:3.5213974117163254[&state=0],(nd53:1.8076723202234228[&state=0],nd54:1.8076723202234228[&state=0]):1.7137250914929023[&state=0]):0.1694345548096325[&state=0],nd42:3.6908319665259572[&state=19]):1.7776567213521284[&state=8],nd38:5.468488687878084[&state=8]):1.7736933389469196[&state=0]):0.812493608258692[&state=0]):5.12891949142983[&state=0],(((((nd67:0.24445310698766792[&state=2],nd68:0.24445310698766792[&state=9]):2.5977398107886853[&state=9],nd50:2.8421929177763534[&state=7]):0.17123434815737246[&state=7],nd48:3.013427265933726[&state=0]):2.499430602415447[&state=7],(nd59:1.6584336809596087[&state=0],(nd63:0.5508743074480045[&state=7],nd64:0.5508743074480045[&state=0]):1.1075593735116043[&state=7]):3.8544241873895637[&state=0]):0.7229292083234307[&state=0],nd34:0.17451901489521887[&state=0]):6.947808049840923[&state=0]):6.332519904810555[&state=0],(nd15:0.6504006541974605[&state=0],nd16:5.19661776671011[&state=0]):5.9550392241856365[&state=0]):1.9611432918559277[&state=0]):0.4557461822501783[&state=0],(nd13:15.75820949404435[&state=6],(nd23:11.693330590524496[&state=6],(((nd51:2.5188015933468706[&state=23],nd52:2.5188015933468706[&state=6]):4.064391793768767[&state=6],nd32:6.583193387115635[&state=6]):0.07568750202508057[&state=6],nd30:0.2957993004629319[&state=6]):5.034449701383775[&state=6]):6.734971337094969[&state=6]):3.5047025778107272[&state=6]):1.0319905382399706[&state=22],(((nd45:3.1071306409937964[&state=6],(nd57:1.7397590241367649[&state=6],nd58:1.7397590241367649[&state=6]):1.3673716168570316[&state=6]):10.043821806298283[&state=6],(nd21:8.043515671787127[&state=6],(nd39:3.7935463798054414[&state=6],nd40:3.7935463798054414[&state=6]):8.732138199794033[&state=6]):0.6252678676926041[&state=6]):6.783356560523314[&state=6],nd10:4.488046712905353[&state=6]):3.0306860358547674[&state=6]):1.4071995406297153[&state=22]):0.03290541570012778[&state=22]):0.0[&state=22];
