sample	replicate	trs
1	1	((((nd5:2.8806802435358474[&state=6],((((nd31:0.12557378707490152[&state=6],nd32:0.12557378707490152[&state=6]):0.609851084398327[&state=6],nd24:0.7354248714732285[&state=6]):1.1726259523303568[&state=6],(nd13:0.5751729318582376[&state=6],((nd33:0.043109511754076506[&state=6],nd34:0.043109511754076506[&state=6]):1.1154606243746636[&state=6],nd18:0.6729642535481297[&state=6]):0.33237973161318957[&state=6]):0.4171009560616556[&state=6]):0.5884730664538834[&state=6],(nd21:0.8473713068221986[&state=6],nd22:0.6227156255393569[&state=6]):1.6491525834352698[&state=6]):0.38415635327837877[&state=6]):0.2417044677948658[&state=6],((nd19:1.0885562951160939[&state=6],(nd29:0.2263036172322037[&state=6],nd30:0.2263036172322037[&state=6]):0.8622526778838902[&state=6]):0.5716595106971307[&state=6],((nd37:0.012226089739109366[&state=6],nd38:0.012226089739109366[&state=6]):0.014592234290311062[&state=6],nd36:0.02681832402942043[&state=6]):1.6333974817838044[&state=6]):1.4621689055174887[&state=6]):0.24361379497752517[&state=6],(nd15:0.4472571497758711[&state=6],(nd25:0.7233749522769579[&state=6],(nd27:0.36741048624411693[&state=6],nd28:0.36741048624411693[&state=6]):0.35596446603284104[&state=6]):0.6028654751286222[&state=6]):2.039758078902658[&state=6]):1.4868214936917625[&state=6]):0.0[&state=23];
