sample	replicate	trs
1	1	(((nd53:0.6776240197152593[&state=6],nd54:0.6776240197152593[&state=53])nd38:8.36005182414889[&state=6],(((nd61:0.18681834471850017[&state=6],nd62:0.18681834471850017[&state=6])nd49:0.6613609580347546[&state=6],(nd65:0.006655383520279466[&state=6],nd66:0.006655383520279466[&state=6])nd50:0.8415239192329752[&state=6])nd39:1.3069784137774432[&state=6],(nd55:0.4990349890386758[&state=6],((nd63:0.14046799126315535[&state=3],nd64:0.14046799126315535[&state=3])nd57:0.27910486354230435[&state=3],nd58:0.4195728548054597[&state=3])nd56:0.07946213423321616[&state=3])nd40:1.656122727492022[&state=25])nd31:6.8825181273334515[&state=6])nd5:4.571275704077851[&state=6],((nd45:1.2679991567849158[&state=6],nd46:1.2679991567849158[&state=6])nd43:6.869986631245734[&state=6],(((nd59:0.21770606283930963[&state=6],nd60:0.21770606283930963[&state=0])nd47:0.9181540627425895[&state=22],(nd51:0.8380690406142117[&state=6],nd52:0.8380690406142117[&state=6])nd48:0.2977910849676874[&state=6])nd41:0.5771568479236094[&state=6],nd42:1.7130169735055087[&state=6])nd36:6.424968814525141[&state=6])nd17:5.470965759911352[&state=6])nd3:0.0[&state=6];
