sample	replicate	trs
1	1	(((((nd361:1.7562637508268404,nd363:1.7562637508268404)nd349:0.25692604926978263,nd350:2.013189800096623)nd322:9.668454526116893,(((nd401:0.32913090582014626,(nd403:0.3191647110355228,nd404:0.3191647110355228)nd402:0.009966194784623409)nd395:0.20130810246965425,nd396:0.5304390082898005)nd335:1.8291860502847574,nd391:2.3596250585745575)nd312:9.322019267638954)nd38:1.2868276088371986,((nd351:1.9326663640382278,(nd407:0.21650182881975719,nd408:0.21650182881975719)nd369:1.7161645352184711)nd326:4.045730562738566,((nd287:4.7548707932442404,(((nd413:0.040622983859887746,nd414:0.040622983859887746)nd333:2.319390523147621,(((nd397:0.4392672532957481,nd398:0.4392672532957481)nd389:0.328299427625973,(nd405:0.2759529993557336,nd406:0.2759529993557336)nd390:0.4916136815659875)nd357:1.0420524814795349,nd358:1.8096191624012556)nd334:0.5503943446062524)nd327:0.5315448990095266,(nd368:2.2359563415886408,(nd371:1.4298245564018344,nd372:1.4298245564018344)nd340:0.8061317851868065)nd328:0.6556020644283942)nd288:1.8633123872272057)nd283:0.4513466575578897,nd294:5.20621745080213)nd261:0.7721794759746636)nd221:6.990075008273918)nd16:2.7843920033368232,(((nd373:1.333634666155525,(nd409:0.20875755921843311,nd410:0.20875755921843311)nd374:1.124877106937092)nd341:8.338075477156922,(nd329:2.4815015510489213,((nd375:1.1239844012907623,(nd385:0.8523138835798293,nd386:0.8523138835798293)nd376:0.2716705177109327)nd359:0.6818340463268324,nd360:1.8058184476175942)nd355:0.6756831034313264)nd290:7.1902085922635255)nd39:5.63018854817612,(nd394:11.604188182379687,((nd380:5.557342411538937,(nd411:0.09768873689377641,nd412:0.09768873689377641)nd303:5.4596536746451605)nd200:4.970267554553967,((nd387:0.8156228554189316,nd388:0.8156228554189316)nd353:1.0505489123110494,nd400:1.866171767729981)nd297:8.661438198362923)nd72:1.0765782162867814)nd32:3.697710509108883)nd8:0.4509652468989691)nd2:0.0;
