sample	replicate	trs
1	1	((((nd5:8.084746895619627[&state=48],((((nd27:0.901013930889342[&state=50],(nd41:0.16571731839260814[&state=80],nd42:0.16571731839260814[&state=0]):0.7352966124967337[&state=80]):0.36031472901534867[&state=104],nd24:1.2613286599046922[&state=104]):0.5603858859628656[&state=28],(nd43:0.0834871653360413[&state=2],nd44:0.0834871653360413[&state=104]):1.738227380531517[&state=63]):0.07524104907133435[&state=1],(nd25:1.109387001265405[&state=104],nd26:1.109387001265405[&state=78]):0.7875685936734862[&state=29]):6.187791300680738[&state=29]):1.051387922218499[&state=0],(((nd29:0.7642712548067246[&state=79],nd30:0.7642712548067246[&state=7]):1.4357919199782205[&state=49],nd14:2.2000631747849457[&state=78]):5.196198999848289[&state=28],(nd31:0.7020065850969407[&state=23],nd32:0.7020065850969407[&state=80]):6.694255589536292[&state=104]):1.739872643204892[&state=0]):0.4428814307168103[&state=0],(nd7:8.061013768528536[&state=104],((((nd35:0.5387326506637536[&state=104],nd36:0.5387326506637536[&state=29]):0.9460980402711626[&state=81],((nd39:0.29642739978918986[&state=78],nd40:0.29642739978918986[&state=3]):0.023126112892397122[&state=11],nd38:0.3195535126815871[&state=52]):1.1652771782533298[&state=52]):0.6674062007485981[&state=31],((nd45:0.023577375122297305[&state=28],nd46:0.023577375122297305[&state=50]):0.5899495013192908[&state=104],nd34:0.613526876441588[&state=53]):1.5387100152419266[&state=48]):1.7610844918524169[&state=28],nd12:3.9133213835359286[&state=48]):4.147692384992608[&state=7]):1.5180024800264003[&state=22]):1.4775837514450487[&state=22]):0.0[&state=22];
