sample	replicate	trs
1	1	(((((((nd51:0.03727164849373127[&state=2],nd52:0.03727164849373127[&state=22]):0.6944159263490899[&state=49],(nd29:0.5245889044630437[&state=104],(nd53:0.023893317836028966[&state=6],nd54:0.023893317836028966[&state=104]):0.500695586627015[&state=104]):0.20709867037977744[&state=63]):0.08225568996375719[&state=104],(nd39:0.32243854069723804[&state=12],nd40:0.32243854069723804[&state=1]):0.49150472410934043[&state=9]):0.1010812266499725[&state=78],(nd37:0.3226801707175328[&state=31],(nd41:0.14628041647662318[&state=81],nd42:0.14628041647662318[&state=80]):0.17639975424090948[&state=80]):0.5923443207390187[&state=81]):1.9676356527634262[&state=104],((nd25:0.6160840468752073[&state=78],nd26:0.6160840468752073[&state=79]):1.5286569083676549[&state=78],((((nd31:0.5062647889208751[&state=81],nd32:0.5062647889208751[&state=104]):0.293535815759924[&state=50],(nd33:0.4158998654076122[&state=24],((nd55:0.023371327145846048[&state=1],nd56:0.023371327145846048[&state=24]):0.12192887124209259[&state=50],nd44:0.14530019838793864[&state=0]):0.2705996670196734[&state=48]):0.38390073927318674[&state=104]):0.5585173308700494[&state=78],(nd17:0.8769512542367184[&state=50],(nd35:0.33414621239826126[&state=25],((nd49:0.040878775512223506[&state=1],nd50:0.040878775512223506[&state=3]):0.052754337356970694[&state=11],nd46:0.09363311286919418[&state=24]):0.24051309952906694[&state=81]):0.5428050418384576[&state=81]):0.4813666813141297[&state=23]):0.6535376385117224[&state=28],(((nd27:0.5348775644832151[&state=104],(nd47:0.08452048221258543[&state=30],nd48:0.08452048221258543[&state=1]):0.4503570822706298[&state=63]):0.5162962489064378[&state=104],nd14:0.014727718386786742[&state=3]):0.6513507715844578[&state=63],nd10:1.7025245849741113[&state=28]):0.3093309890884595[&state=31]):0.13288538118029203[&state=28]):0.7379191889771145[&state=28]):0.6448153227285298[&state=7],nd2:0.03251300621976849[&state=2]):6.248544533051474[&state=8]):0.0[&state=22];
