sample	replicate	trs
1	1	((((nd21:0.23395234154989641[&state=6],nd22:0.23395234154989641[&state=6])nd13:0.271874969234758[&state=6],nd14:0.5058273107846543[&state=6])nd3:0.46922820002722476[&state=6],((nd9:0.7051946542786821[&state=6],nd10:0.7051946542786821[&state=6])nd5:0.08841927636457794[&state=6],nd6:0.79361393064326[&state=6])nd4:0.18144158016861897[&state=6])nd1:0.7132950983628504[&state=6],(((nd23:0.12244211758710793[&state=7],nd24:0.12244211758710793[&state=0])nd11:0.5131317519604031[&state=0],((nd27:0.04493829215849954[&state=6],nd28:0.04493829215849954[&state=1])nd17:0.2768196351690876[&state=23],nd18:0.3217579273275871[&state=7])nd15:0.31381594221992387[&state=1])nd7:0.13761077316375347[&state=7],((nd25:0.0713298856817454[&state=0],nd26:0.0713298856817454[&state=1])nd19:0.21170826503419737[&state=7],(nd29:0.01622692604020983[&state=1],nd30:0.01622692604020983[&state=1])nd20:0.266811224675733[&state=1])nd8:0.4901464919953217[&state=7])nd2:0.915165966463465[&state=7])root:0.0[&state=6];
