sample	replicate	trs
1	1	((nd1:2.3225136841967107[&state=6],(nd3:0.995618804630799[&state=6],(nd5:1.8335292184202163[&state=0],(nd7:1.1792734063608084[&state=6],(((nd33:0.9013113474007438[&state=1],nd34:0.9013113474007438[&state=80]):1.904511526903919[&state=28],(nd21:2.0626115263014477[&state=104],((((nd47:0.042357637246549264[&state=78],nd48:0.042357637246549264[&state=0]):0.41264323797503755[&state=79],nd38:0.45500087522158666[&state=104]):1.134306049141069[&state=79],nd26:1.5893069243626565[&state=78]):0.43570346182143743[&state=63],nd24:2.025010386184091[&state=28]):0.03760114011735785[&state=104]):0.7432113480032119[&state=81]):1.444786883103255[&state=78],((((nd35:0.7604573612044248[&state=78],nd36:0.7604573612044248[&state=48]):0.7086640155132572[&state=78],nd28:1.4691213767176838[&state=63]):2.3084233372128775[&state=8],((nd29:1.3519117306940558[&state=28],(nd41:0.33668193066070834[&state=81],nd42:0.33668193066070834[&state=104]):1.0152298000333457[&state=49]):1.2239754405493248[&state=79],(((nd39:0.416577172715245[&state=31],(nd45:0.17938875548166358[&state=80],nd46:0.17938875548166358[&state=50]):0.2371884172335816[&state=28]):0.5862513189071522[&state=78],(nd43:0.318823196343696[&state=104],nd44:0.318823196343696[&state=52]):0.6840052952787009[&state=78]):1.3668663316327976[&state=78],nd20:0.09418910635192491[&state=2]):0.20619234798818356[&state=28]):1.2016575426871832[&state=28]):0.16754618152351747[&state=28],nd12:3.945090895454086[&state=104]):0.30551886195383876[&state=7]):1.6610229888688526[&state=48]):2.254840153837627[&state=22]):0.7093646678173915[&state=0]):2.721513615207312[&state=22]):0.528748816860938[&state=6]):0.0[&state=23];
