sample	replicate	trs
1	1	(((((((nd37:0.4599099056845633[&state=6],nd38:0.4599099056845633[&state=6]):1.0681706718420791[&state=6],nd36:1.5280805775266424[&state=6]):1.3479844645899144[&state=6],nd28:2.876065042116557[&state=6]):1.986981510693843[&state=6],nd16:4.863046552810399[&state=6]):8.041339226167299[&state=6],(((((nd23:3.1228548310072943[&state=6],nd24:3.1228548310072943[&state=6]):0.49023350390901776[&state=6],(nd21:3.14179176188663[&state=6],(nd33:1.9606848104204797[&state=6],nd34:1.4749245554100356[&state=6]):1.3532627300373028[&state=6]):0.29914079445852976[&state=6]):2.6198581688759988[&state=6],nd12:0.8316590428433652[&state=6]):2.3074614717552406[&state=6],nd8:6.202695429613452[&state=6]):1.5429198915533373[&state=6],(nd13:6.134353287951701[&state=6],((nd29:2.350371784414963[&state=6],nd30:2.350371784414963[&state=6]):0.5647112434247252[&state=6],nd26:2.915083027839689[&state=6]):3.2192702601120122[&state=6]):3.9489745791491893[&state=6]):2.8210579118768093[&state=6]):7.1243456331328225[&state=6],((nd19:3.3757590098773305[&state=6],nd20:1.4789600655759259[&state=6]):3.7941552913571606[&state=6],(nd31:2.057702208362626[&state=6],(nd39:0.4195389368232749[&state=6],nd40:0.4195389368232749[&state=6]):1.6381632715393513[&state=6]):5.112212092871864[&state=6]):12.85881711087603[&state=6]):1.1486685878894747[&state=6]):0.0[&state=22];
