sample	replicate	trs
1	1	(((nd73:4.549041948427585[&state=6],(nd81:0.6806228980723927[&state=6],nd82:0.6806228980723927[&state=6])nd72:3.868419050355191[&state=6])nd11:10.880723156595845[&state=6],((((nd63:5.5306393463982015[&state=6],nd64:5.5306393463982015[&state=6])nd61:0.16387993525060174[&state=6],nd68:5.694519281648804[&state=6])nd59:0.35649038756278484[&state=6],nd60:6.051009669211587[&state=6])nd55:5.562462187369556[&state=6],((nd83:0.5836429004440892[&state=6],(nd85:0.5187362991390114[&state=6],nd86:0.5187362991390114[&state=6])nd84:0.06490660130507774[&state=6])nd65:4.879560075479499[&state=6],nd66:5.463202975923588[&state=6])nd50:6.150268880657556[&state=6])nd22:3.8162932484422845[&state=6])nd3:6.03008325269893[&state=6],(((nd13:14.853623328805721[&state=0],(nd45:9.008002675601515[&state=0],(nd79:1.8309336562703171[&state=0],nd80:1.8309336562703171[&state=0])nd46:7.177069019331201[&state=0])nd43:5.845620653204207[&state=0])nd7:1.8325589789302388[&state=0],(nd57:13.481612961901455[&state=0],(nd76:12.38293595499903[&state=0],nd39:12.38293595499903[&state=0])nd20:1.0986770069024248[&state=0])nd10:3.204569345834508[&state=0])nd5:0.2148222146830958[&state=0],(nd77:2.049963170468046[&state=0],nd78:2.049963170468046[&state=0])nd48:14.851041351951013[&state=0])nd2:4.558843835303297[&state=0])root:0.0[&state=22];
