sample	replicate	trs
1	1	(((((((nd49:1.146459125777124[&state=6],nd50:1.146459125777124[&state=25]):0.338164777213761[&state=6],nd48:1.484623902990885[&state=6]):0.655863250090737[&state=6],nd40:0.5587104700457114[&state=6]):4.439440593004763[&state=6],((nd25:2.8223925848014435[&state=6],nd26:0.37507204439821834[&state=6]):0.23863595511183736[&state=6],(nd41:1.7023871341097792[&state=56],(nd51:0.8315686617088087[&state=26],nd52:0.8315686617088087[&state=87]):0.8708184724009709[&state=25]):4.028219403082537[&state=81]):0.849321208894067[&state=6]):6.080177634766734[&state=6],((((((nd53:0.3125112561650728[&state=6],nd54:0.3125112561650728[&state=6]):1.3765932427963923[&state=6],nd44:0.27412340217869524[&state=6]):1.2612337693307232[&state=6],nd38:2.950338268292189[&state=26]):0.28884559630181195[&state=6],nd34:3.2391838645940005[&state=6]):2.9436173167681368[&state=6],(nd19:0.26466879347079125[&state=6],(nd27:1.15284029313016[&state=6],nd28:0.4137966135719139[&state=6]):0.5813271593914531[&state=6]):0.11946968713528047[&state=6]):5.915588846297005[&state=6],nd6:3.963164947775367[&state=6]):0.5617153531939755[&state=6]):2.1796507305159647[&state=6],((((nd21:5.7477715214917735[&state=23],(((nd45:1.5629204631087725[&state=108],nd46:1.5629204631087725[&state=2]):1.9709794453844012[&state=50],(nd35:3.107399110199756[&state=6],nd36:0.2127850411446915[&state=6]):0.4265007982934179[&state=6]):0.8337073943998854[&state=6],nd30:0.5006200197148795[&state=6]):1.3801642185987126[&state=6]):0.807842571173459[&state=6],nd16:0.3477139454545708[&state=6]):1.8568989674552157[&state=6],nd12:1.0798497424598699[&state=6]):3.6254250392347096[&state=6],(nd9:10.518621720065674[&state=3],nd10:2.691256020421027[&state=6]):1.5193163792894808[&state=6]):2.801818012013926[&state=6]):1.7609438886309141[&state=6]):0.0[&state=23];
