sample	replicate	trs
1	1	(((((nd53:0.13102720332016213,nd54:0.13102720332016213)nd41:0.11867329834483227,(nd57:0.08587832441109361,nd58:0.08587832441109361)nd42:0.16382217725390075)nd31:0.12477455472482632,nd32:0.37447505638982065)nd23:0.17205701992218383,nd24:0.5465320763120043)nd1:4.915936548891761,((((nd59:0.062054582863852105,nd60:0.062054582863852105)nd27:0.3517580083776114,(nd51:0.18077948025827828,nd52:0.18077948025827828)nd30:0.23303311098318524)nd11:0.5770996557855991,(nd49:0.19224589337509906,nd50:0.19224589337509906)nd12:0.7986663536519637)nd3:3.4642778689280704,(((((nd33:0.3538679329800276,nd34:0.3538679329800276)nd25:0.15566695610425968,(nd47:0.2105887716803397,nd48:0.2105887716803397)nd26:0.29894611740394766)nd15:0.3681056929489124,nd16:0.8776405820332)nd9:0.18879616753640735,((nd55:0.10544483760445612,(nd61:0.03326961494927685,nd62:0.03326961494927685)nd56:0.07217522265517927)nd13:0.8279557639340869,(nd37:0.3381142714615169,nd38:0.3381142714615169)nd14:0.5952863300770259)nd10:0.13303614803106417)nd5:3.1273855927776433,((nd17:0.8494437773915695,(nd45:0.21428900481972404,nd46:0.21428900481972404)nd18:0.6351547725718456)nd7:0.8264404027567341,((nd39:0.2943923552239498,(nd43:0.23935607073347412,nd44:0.23935607073347412)nd40:0.05503628449047567)nd21:0.5187055412123724,(nd63:0.03260793751672961,nd64:0.03260793751672961)nd35:0.7804899589195924)nd8:0.8627862837119814)nd6:2.5179381621989467)nd4:0.26136777360788305)nd2:1.0072785092486312)root:0.0;
