sample	replicate	trs
1	1	(((((nd47:1.3720322267425826[&state=9],nd48:1.3720322267425826[&state=1]):14.253005298810564[&state=31],((nd35:1.5761003981684518[&state=1],nd36:1.1590831464886155[&state=1]):8.143423631400665[&state=1],(((nd53:0.5065195848444672[&state=15],nd54:0.5065195848444672[&state=12]):3.780878326418316[&state=12],(nd39:3.3025206939608296[&state=1],nd40:1.6395154221562613[&state=1]):0.9848772173019535[&state=7]):1.725158589980535[&state=7],nd32:6.012556501243319[&state=29]):7.311406093159225[&state=1]):2.301074931150607[&state=7]):2.279538541542331[&state=0],(nd17:1.3295709748807012[&state=1],(nd25:10.61599264755844[&state=6],nd26:5.722057330057918[&state=6]):2.5600551751679594[&state=6]):4.728528244369085[&state=48]):3.251915111051493[&state=0],(((nd21:11.158981672560657[&state=0],nd22:4.40731551167201[&state=6]):3.883126478764718[&state=22],((((nd45:1.6780252805282176[&state=8],((nd51:0.5864236221181844[&state=0],nd52:0.5864236221181844[&state=13]):0.21199609406434886[&state=0],nd50:0.7984197161825332[&state=10]):0.8796055643456844[&state=0]):0.7853743666992787[&state=8],nd42:0.028882899635370846[&state=2]):7.88840187182758[&state=78],nd28:0.6794102611453547[&state=1]):2.5442645468392584[&state=7],nd20:2.9702147598924755[&state=0]):2.146042085431035[&state=7]):3.227108998275934[&state=0],(((((nd55:0.15385881251094546[&state=6],nd56:0.15385881251094546[&state=1]):5.458928875541169[&state=23],nd34:5.612787688052114[&state=1]):5.219571918129653[&state=1],nd24:1.9816158344077413[&state=1]):4.8612939850300005[&state=1],nd10:3.943844113777928[&state=0]):1.490088622056347[&state=0],(nd29:3.621246407642282[&state=6],(nd43:1.740432953638071[&state=6],nd44:1.740432953638071[&state=6]):4.386455326479797[&state=6]):11.056853933150245[&state=6]):1.0854749363331888[&state=22]):2.8872740285456717[&state=0]):0.6989088218530322[&state=0]):0.0[&state=22];
