sample	replicate	trs
1	1	((nd20:1.931812883810346[&state=6],((nd39:0.7503617077072461[&state=6],(nd43:0.20133073573205812[&state=1],nd44:0.20133073573205812[&state=6])nd40:0.5490309719751879[&state=23])nd37:0.00156476441855051[&state=25],nd38:0.7519264721257967[&state=6])nd18:1.1798864116845493[&state=25])nd3:3.598853560190726[&state=6],(((nd23:1.6197128602083422[&state=6],(nd31:1.1049553909874201[&state=6],nd32:1.1049553909874201[&state=6])nd24:0.5147574692209219[&state=6])nd14:1.4342709695237783[&state=6],((nd41:0.37799216603624414[&state=6],nd42:0.37799216603624414[&state=6])nd35:0.5303139353188684[&state=6],nd36:0.9083061013551125[&state=1])nd10:2.145677728377008[&state=23])nd5:1.0029032921904169[&state=6],((nd45:0.17864955874435076[&state=1],nd46:0.17864955874435076[&state=6])nd27:1.4986242022843121[&state=23],(nd33:1.1795346003891272[&state=6],(nd47:0.043481064928530544[&state=48],nd48:0.043481064928530544[&state=6])nd30:1.1360535354605972[&state=48])nd26:0.4977391606395355[&state=24])nd6:2.379613360893874[&state=24])nd2:1.4737793220785345[&state=6])root:0.0[&state=6];
