sample	replicate	trs
1	1	((((((nd29:0.6016687275761708[&state=6],nd30:0.6016687275761708[&state=6])nd23:0.9605636151698573[&state=6],nd24:1.562232342746028[&state=6])nd13:0.793315838266976[&state=6],nd14:2.3555481810130035[&state=6])nd5:2.2740198940922705[&state=6],nd6:4.629568075105275[&state=6])nd3:2.397115606505345[&state=6],(((nd17:1.970443459578201[&state=63],((nd21:1.8027439825861815[&state=2],(nd25:0.9007730018444492[&state=12],nd26:0.9007730018444492[&state=9])nd22:0.9019709807417319[&state=31])nd19:0.024768304233073288[&state=2],(nd27:0.7784104186531668[&state=31],nd28:0.7784104186531668[&state=7])nd20:1.0491018681660877[&state=63])nd18:0.14293117275894696[&state=8])nd11:0.8329269258051626[&state=7],nd12:2.803370385383363[&state=6])nd9:0.4408050017873919[&state=23],nd10:3.2441753871707557[&state=8])nd4:3.7825082944398636[&state=48])nd1:0.5160315272377691[&state=6],(nd15:2.0667981701714457[&state=6],nd16:2.0667981701714457[&state=6])nd7:5.4759170386769425[&state=6])root:0.0[&state=6];
