sample	replicate	trs
1	1	((((nd33:0.7813449452714955[&state=0],(((nd47:0.06696446037012298[&state=23],nd48:0.06696446037012298[&state=10]):0.10551198449883416[&state=79],nd46:0.17247644486895714[&state=2]):0.3112646793441657[&state=104],nd40:0.4837411242131228[&state=53]):0.2976038210583722[&state=104]):6.5508907481572[&state=28],((nd35:0.7482475342211151[&state=6],nd36:0.7482475342211151[&state=0]):5.650219820713548[&state=67],((nd43:0.2033429773644632[&state=0],nd44:0.2033429773644632[&state=3]):5.458508720931983[&state=29],((nd19:2.0586888514117363[&state=53],nd20:2.0586888514117363[&state=49]):2.519577197089383[&state=0],(((nd29:1.2155476870770803[&state=52],nd30:1.2155476870770803[&state=23]):2.180795833616131[&state=29],(((nd37:0.629116161805842[&state=78],(nd41:0.35215343347977557[&state=0],nd42:0.35215343347977557[&state=7]):0.27696272832606605[&state=0]):0.6531281702246979[&state=104],nd28:1.2822443320305388[&state=8]):0.21533235255412977[&state=0],nd24:1.4975766845846687[&state=106]):1.8987668361085424[&state=7]):0.9073845817053255[&state=7],(nd13:4.054560921325504[&state=49],nd14:1.136070254080493[&state=0]):0.24916718107303154[&state=7]):0.27453794610258264[&state=7]):1.083585649795323[&state=7]):0.7366156566382192[&state=7]):0.9337683384940325[&state=7]):0.5054068998035497[&state=0],((nd25:1.366751025225495[&state=104],nd26:1.366751025225495[&state=105]):1.7088560955830037[&state=28],(nd21:1.9410138832755435[&state=3],(nd31:1.0382112191318675[&state=0],nd32:1.0382112191318675[&state=0]):0.9028026641436772[&state=0]):1.1345932375329548[&state=7]):4.762035472423745[&state=28]):6.070657406767751[&state=0]):0.0[&state=22];
