sample	replicate	trs
1	1	((((nd11:0.16154611475484779,(((nd55:2.1418479007854367,(nd57:1.9992601740245668,nd58:1.9992601740245668)nd56:0.14258772676087)nd43:5.130184129687698,((nd59:1.965658064439405,nd60:1.4358351769247524)nd45:4.349004774364211,(nd47:5.904813069150395,nd48:5.953208810494833)nd46:0.36145402830878376)nd44:0.9573691916695186)nd33:1.8795976395690774,(((nd67:1.1192643812821923,nd68:1.1192643812821923)nd65:0.13722831827304566,(nd69:0.021795617813911372,nd70:0.021795617813911372)nd66:1.2346970817413265)nd51:2.34312731418088,nd52:3.599620013736118)nd34:5.552009656306095)nd12:5.658546449475036)nd7:3.753646431717547,((((nd39:2.9136876056166585,(nd41:4.2138049740597046,nd42:7.272640646681805)nd40:0.6155736333416318)nd27:3.389526048223438,nd28:11.277740328246882)nd25:0.5400731460733782,(((nd53:1.9747014684005482,(nd63:1.7021907390240796,nd64:1.7021907390240796)nd54:1.0887997200504607)nd49:1.0478990192864384,(nd61:1.7526769814378065,nd62:1.7526769814378065)nd50:2.0862124969231717)nd35:5.166956227788141,nd36:0.15548166736224348)nd26:2.811967768171135)nd13:2.2000698889717323,nd14:12.13692167670996)nd8:4.545939187942809)nd1:5.8393831331608474,(((((nd23:12.03294933487986,nd24:12.03294933487986)nd19:0.8507709149268968,(nd31:7.336629364393398,nd32:1.3146753380751504)nd20:2.790485598366805)nd17:0.5117394314291206,(nd21:2.766696405207621,((nd37:2.184289132774149,nd38:5.477080936953226)nd29:2.3817101718461973,nd30:10.42816623209671)nd22:1.6921187925863714)nd18:1.2751746565527922)nd9:2.872983966440661,(nd15:1.5442934771582033,nd16:8.085984008041986)nd10:2.5242716453416025)nd3:8.109805707189043,(nd5:0.6309521266816182,nd6:5.38383613714546)nd4:0.18326422572231646)nd2:0.024956329530067264)root:0.27969431560435876)origin:0.0;
