sample	replicate	trs
1	1	((((nd40:5.884614596528311[&state=11],((nd78:1.2156101474134235[&state=5],(nd104:0.22397558253954647[&state=2],nd105:0.22397558253954647[&state=4])nd79:0.9916345648738769[&state=14])nd60:1.5699879985225507[&state=18],(nd100:0.3023902585190032[&state=0],nd101:0.3023902585190032[&state=0])nd61:2.48320788741697[&state=0])nd41:3.0990164505923388[&state=16])nd22:3.912999839422275[&state=16],((nd62:2.703649562688662[&state=5],(nd90:0.49551964907606133[&state=3],((nd110:0.09290801684164558[&state=1],nd111:0.09290801684164558[&state=5])nd96:0.2607178578208021[&state=17],nd97:0.3536258746624476[&state=4])nd91:0.14189377441361373[&state=38])nd63:2.2081299136126007[&state=54])nd36:3.518484082921318[&state=5],nd95:6.22213364560998[&state=2])nd24:3.5754807903406074[&state=5])nd6:0.9280639695120743[&state=5],(nd52:7.485963105960537[&state=29],nd45:7.485963105960536[&state=5])nd12:3.239715299502124[&state=16])nd2:1.4727698352063132[&state=16],((((nd88:0.5029899816621607[&state=15],nd89:0.5029899816621607[&state=1])nd32:6.922910433892246[&state=10],(nd66:2.2646307010305815[&state=5],(nd74:1.3073469786919798[&state=4],(nd98:0.35310858537068834[&state=35],nd99:0.35310858537068834[&state=45])nd75:0.9542383933212912[&state=61])nd67:0.9572837223386021[&state=11])nd47:5.161269714523829[&state=17])nd26:0.6387639957650043[&state=16],nd27:8.064664411319413[&state=0])nd21:1.5156909456005967[&state=16],(((nd72:1.3508520181303814[&state=33],((nd106:0.15417636544759064[&state=3],nd107:0.15417636544759064[&state=56])nd84:0.7447408257329519[&state=56],nd85:0.8989171911805425[&state=30])nd73:0.45193482694983844[&state=43])nd54:2.4992069693736405[&state=41],((nd108:0.10530758943200824[&state=49],nd109:0.10530758943200824[&state=15])nd82:0.8605924585635458[&state=61],nd83:0.9659000479955541[&state=40])nd68:2.884158939508467[&state=61])nd49:4.073735787682008[&state=21],((nd92:0.4430594998523054[&state=4],nd93:0.4430594998523054[&state=15])nd81:5.676898847248581[&state=15],(nd102:0.25631624783057816[&state=6],nd103:0.25631624783057816[&state=30])nd39:5.863642099270307[&state=41])nd35:1.8038364280851427[&state=16])nd17:1.6565605817339824[&state=16])nd5:2.6180928837489628[&state=16])root:0.0[&state=16];
