sample	replicate	trs
1	1	((nd5:3.06447188597825,((((nd35:0.7829311795105003,nd36:0.7829311795105003)nd13:0.7829903844949597,nd18:1.56592156400546)nd11:0.20244383213727113,(nd25:1.0898054080080064,((nd39:0.28398820521691404,nd40:0.28398820521691404)nd33:0.5429179015098636,nd34:0.8269061067267776)nd26:0.2628993012812286)nd16:0.6785599881347247)nd7:0.9706828922134867,((nd21:1.170139806640794,((nd41:0.2748378076900982,(nd49:0.06752506641195444,nd50:0.06752506641195444)nd42:0.20731274127814375)nd37:0.3413775884237956,nd38:0.6162153961138939)nd23:0.5539244105269)nd19:0.03333206319746153,(((nd47:0.08490564914541777,nd48:0.08490564914541777)nd31:0.7735968213250124,nd32:0.8585024704704302)nd27:0.11645782666594198,(nd29:0.9086774316200816,nd30:0.9086774316200816)nd28:0.06628286551629066)nd20:0.22851157270188296)nd8:1.5355764185179626)nd6:0.3254235976220322)nd3:0.48775603280311614,((nd43:0.24799177487270313,nd44:0.24799177487270313)nd9:2.1674574992806352,(nd45:0.2122857374470363,(nd51:0.02955594606211087,nd52:0.02955594606211087)nd46:0.18272979138492543)nd10:2.203163536706302)nd4:1.1367786446280275)nd1:0.0;
