sample	replicate	trs
1	1	(((((nd41:0.36445588605543155[&state=3],nd42:0.36445588605543155[&state=81]):13.285016197496313[&state=53],((nd11:3.345927543932466[&state=0],((nd43:0.22935849718368578[&state=35],nd44:0.22935849718368578[&state=5]):8.567425814751779[&state=101],((nd29:1.5603065457825875[&state=37],((nd45:0.1341379231426684[&state=95],nd46:0.1341379231426684[&state=1]):1.1133998112158123[&state=95],nd36:1.247537734358481[&state=104]):0.31276881142410673[&state=78]):1.0246565874893898[&state=78],nd26:0.9734821795430632[&state=2]):6.211821178663489[&state=28]):0.1936655350904567[&state=7]):0.7512503064874567[&state=7],(nd33:1.4251954044412838[&state=19],nd34:1.4251954044412838[&state=38]):8.316504749072095[&state=32]):3.907771930038359[&state=7]):1.634680967182977[&state=0],((((nd21:5.390446578343422[&state=0],nd22:5.390446578343422[&state=52]):2.561135634223194[&state=7],(nd31:1.5523462757028146[&state=8],nd32:1.5523462757028146[&state=81]):6.3992359368638025[&state=8]):0.38054089158494636[&state=0],(nd19:7.104549639922328[&state=64],nd20:7.104549639922328[&state=0]):1.2275734642292349[&state=0]):2.084823793445621[&state=7],((nd39:0.6303440970447358[&state=17],nd40:0.6303440970447358[&state=0]):4.23511818031058[&state=22],(nd27:0.1885553166857479[&state=2],(nd37:0.8263794075883005[&state=2],nd38:0.8263794075883005[&state=0]):1.3257891937134[&state=8]):2.7132936760536124[&state=8]):5.55148462024187[&state=0]):4.867206153137531[&state=0]):6.616026316850064[&state=0],nd2:0.524661977828763[&state=6]):0.3914206324152147[&state=22]):0.0[&state=22];
