sample	replicate	trs
1	1	((((nd5:1.3970972909988169[&state=23],(nd9:1.3277481683446566[&state=0],nd10:1.3277481683446566[&state=48]):0.06934912265416003[&state=0]):0.2765024246295142[&state=7],(nd7:0.5977518028976126[&state=0],((nd25:0.34977758521618335[&state=7],nd26:0.34977758521618335[&state=0]):0.33395401943973935[&state=0],nd20:0.6837316046559225[&state=7]):0.6958108338337167[&state=7]):0.2940572771386915[&state=0]):0.2448679761466982[&state=7],((nd15:0.878724922792004[&state=7],nd16:0.878724922792004[&state=23]):0.4187516545294091[&state=23],((nd17:0.7090607992823694[&state=22],nd18:0.7090607992823694[&state=22]):0.31601128603465994[&state=48],(((nd29:0.06796749266108568[&state=1],nd30:0.06796749266108568[&state=1]):0.3769810277661393[&state=1],nd24:0.444948520427225[&state=1]):0.19584312947900992[&state=1],(nd27:0.22055562346462476[&state=1],nd28:0.22055562346462476[&state=23]):0.4202360264416102[&state=1]):0.3842804354107946[&state=1]):0.27240449200438377[&state=7]):0.6209911144536159[&state=48]):1.18538230822497[&state=48]):0.0[&state=23];
