sample	replicate	trs
1	1	((nd9:1.3519425540785441[&state=6],nd10:1.3519425540785441[&state=6])nd1:0.6301267013250237[&state=6],((((((nd63:0.07682215163484807[&state=0],nd64:0.07682215163484807[&state=0])nd51:0.09535478443940018[&state=0],nd52:0.17217693607424825[&state=7])nd29:0.19505355394983132[&state=0],(nd45:0.21527617135523322[&state=0],((nd67:0.04557018563114498[&state=0],nd68:0.04557018563114498[&state=0])nd61:0.08715573599156656[&state=0],nd62:0.13272592162271155[&state=0])nd46:0.0825502497325217[&state=0])nd30:0.1519543186688463[&state=0])nd11:0.5771068729799369[&state=0],(nd27:0.3861548474175969[&state=1],(nd31:0.3404495343688201[&state=1],(nd43:0.22333721043769258[&state=1],((nd69:0.04166454295777461[&state=7],nd70:0.04166454295777461[&state=1])nd53:0.12432858956098113[&state=7],nd54:0.16599313251875575[&state=0])nd44:0.05734407791893689[&state=7])nd32:0.11711232393112753[&state=7])nd28:0.045705313048776786[&state=7])nd12:0.5581825155864195[&state=7])nd7:0.5386226627922558[&state=0],((((((nd55:0.15448627869493492[&state=0],nd56:0.15448627869493492[&state=0])nd23:0.2714060968609225[&state=0],(((nd65:0.04828884463773312[&state=7],nd66:0.04828884463773312[&state=0])nd37:0.27854958272784813[&state=7],(nd41:0.2563575793507924[&state=0],nd42:0.2563575793507924[&state=0])nd38:0.07048084801478884[&state=0])nd35:0.007947375866489848[&state=7],nd36:0.334785803232071[&state=0])nd24:0.09110657232378623[&state=7])nd21:0.12331685952858837[&state=7],(nd49:0.2026514855189153[&state=1],nd50:0.2026514855189153[&state=0])nd22:0.3465577495655305[&state=7])nd19:0.01810693306912266[&state=1],nd20:0.5673161681535684[&state=1])nd17:0.2986900987635012[&state=7],(((nd59:0.13276103650756652[&state=1],nd60:0.13276103650756652[&state=1])nd57:0.009862384021114425[&state=1],nd58:0.14262342052868093[&state=7])nd39:0.12828368341619314[&state=1],nd40:0.27090710394487405[&state=7])nd18:0.5950991629721955[&state=7])nd13:0.04849990628377747[&state=0],((nd47:0.20925400820829773[&state=0],nd48:0.20925400820829773[&state=0])nd33:0.12858759438663045[&state=0],nd34:0.3378416025949281[&state=0])nd15:0.5766645706059188[&state=0])nd8:0.5684538525954251[&state=0])nd3:0.44252058210392575[&state=22],(nd25:0.39780233358252165[&state=6],nd26:0.39780233358252165[&state=6])nd6:1.5276782743176764[&state=6])nd2:0.056588647503369324[&state=6])root:0.0[&state=6];
