sample	replicate	trs
1	1	(nd1:26.34239242709892,(((nd21:9.680823686432625,(nd43:0.3488749459302627,nd44:0.3488749459302627)nd22:9.331948740502362)nd13:7.749623681343879,(((nd39:2.8346355526127125,(nd41:1.066245132234744,nd42:1.066245132234744)nd40:1.7683904203779683)nd37:0.9700731814660941,nd38:3.8047087340788064)nd24:10.16923714886793,(nd27:9.118680576965012,(nd45:0.1820323070715324,nd46:0.1820323070715324)nd28:8.93664826989348)nd16:4.855265305981724)nd14:3.4565014848297677)nd7:7.466490803316393,((nd19:9.691879988502198,((nd31:6.857543097134511,((nd35:5.391144449060696,nd36:5.391144449060696)nd33:0.05939434494875734,nd34:5.450538794009453)nd32:1.407004303125058)nd25:2.535815946484538,nd26:9.393359043619048)nd20:0.29852094488314906)nd5:14.262647483258323,((nd29:7.48443716962073,nd30:7.48443716962073)nd18:12.911519083139478,nd10:20.39595625276021)nd6:3.558571219000312)nd4:0.9424106993323758)nd2:1.445454256006022)root:0.0;
