sample	replicate	trs
1	1	(((((nd7:3.285084674728372,(nd11:4.1257403275209485,(nd17:2.5227876476114686,((nd33:3.1567030499483546,nd34:3.1567030499483546)nd23:4.567948806764493,((nd29:6.183271295957791,nd30:3.0258972505469184)nd25:1.2408251541613373,(nd27:0.042696105240220626,nd28:2.072557999390617)nd26:0.6172692101482259)nd24:0.30055540659371704)nd18:3.579084367990306)nd12:2.3104407214961613)nd8:0.6257145330169214)nd5:0.33899186392844605,((nd13:2.0190061593706914,(nd19:2.4296301072163224,((((nd75:0.3003745475661811,(nd83:0.009764293379940414,nd84:0.009764293379940414)nd76:0.2906102541862407)nd71:0.36036950692835057,nd72:0.6607440544945318)nd59:0.5551934509977365,(nd65:0.7441316386561355,nd66:0.5248745983680172)nd60:0.4718058668361328)nd47:0.39308180455007347,(nd49:1.603391615666968,((nd79:0.2161436617702396,nd80:0.2161436617702396)nd77:0.01493519428380119,(nd81:0.11413698498513632,nd82:0.11413698498513632)nd78:0.1169418710689045)nd50:1.3723127596129272)nd48:0.005627694375373759)nd20:7.523980784822532)nd14:2.6111252173927983)nd9:1.9392116949556566,(nd15:3.3750144124460637,((nd67:0.6915337562227403,(nd85:0.007837324540543644,nd86:0.007837324540543644)nd68:0.6836964316821966)nd21:7.440443737948139,(((((nd57:1.2195090991800785,nd58:1.2195090991800785)nd55:0.0003463839104637659,(nd73:0.5791406547885302,nd74:0.5791406547885302)nd56:0.6407148283020122)nd45:0.47447276339469907,nd46:1.6943282464852416)nd37:1.1380697275650595,((nd41:1.8008446437390182,((nd61:0.9505341638379324,(nd63:0.7726769086002314,(nd69:0.6881633758747299,nd70:0.5062786417359566)nd64:0.08451353272550154)nd62:0.17785725523770102)nd51:0.5288430626210798,(nd53:1.2567534334029253,nd54:1.2567534334029253)nd52:0.2226237930560867)nd42:0.32146741728000594)nd39:0.20914974488676202,(nd43:1.7068056498333726,nd44:0.993534059379741)nd40:0.30318873879240754)nd38:0.8224035854245206)nd31:0.6500557987188895,(nd35:0.8698664610244965,nd36:3.0256081137308515)nd32:0.45684565903833896)nd22:4.64952372140169)nd16:3.359363400541845)nd10:2.191996112500604)nd6:0.8955463359313529)nd3:0.5150089486656779,nd4:2.7805095185669497)nd1:4.362153542698269,nd2:8.851590653776475)root:1.0959541654913751)origin:0.0;
