sample	replicate	trs
1	1	((((nd5:2.1999706109758694[&state=1],((nd25:5.10202009300474[&state=1],nd26:0.13056840325916966[&state=1]):4.362603957730928[&state=1],((nd21:1.2335603119462875[&state=1],((((((((nd59:0.45915119878970223[&state=33],nd60:0.45915119878970223[&state=0]):0.37282849132385654[&state=7],nd58:0.20337031832286614[&state=0]):0.65021969051763[&state=0],(nd49:1.433130944215359[&state=0],(nd65:0.05810420467439904[&state=3],nd66:0.05810420467439904[&state=10]):1.3750267395409599[&state=10]):0.04906843641582959[&state=0]):1.3651242885133152[&state=0],(nd45:1.6136102637139098[&state=6],((nd61:0.2688836865246593[&state=3],(nd63:0.14796378537344435[&state=1],nd64:0.14796378537344435[&state=11]):0.12091990115121495[&state=42]):0.8123191968160336[&state=11],nd54:1.081202883340693[&state=6]):0.5324073803732169[&state=23]):1.2337134054305943[&state=23]):0.5187437997796729[&state=1],nd40:3.3660674689241774[&state=9]):1.2941306916022013[&state=1],nd34:0.6463334254771269[&state=1]):0.6190359516067521[&state=7],nd30:1.3985943997487658[&state=0]):2.253587394880404[&state=7],((nd35:4.629396167365848[&state=0],nd36:4.629396167365848[&state=0]):0.6318651296578379[&state=0],(nd43:1.3185989538234055[&state=0],(nd55:0.8468020443734491[&state=7],nd56:0.8468020443734491[&state=11]):1.3042649506254878[&state=1]):3.110194302024748[&state=7]):2.27156020998985[&state=7]):0.4508150406386803[&state=1]):1.6786625003737903[&state=1],(((nd37:1.5129238971094379[&state=1],(nd51:1.4083696575985014[&state=1],nd52:1.4083696575985014[&state=0]):2.127680782475934[&state=28]):5.8641562422325135[&state=9],(nd19:0.4786863388472058[&state=1],(nd27:2.7204105997459633[&state=1],nd28:0.5066898929282342[&state=1]):2.1308622256655316[&state=1]):0.8304679781771488[&state=1]):0.08432207051286314[&state=1],nd16:4.018298254584323[&state=1]):0.17777029520619136[&state=1]):1.8014704501275147[&state=1]):1.2764895983474893[&state=1]):1.4298349727343471[&state=1],(nd9:1.1264174213125857[&state=1],(nd11:2.1710075481131814[&state=1],nd12:0.5354938107825042[&state=1]):0.41114518560309016[&state=1]):2.877633984555809[&state=1]):2.5244406918025737[&state=1],nd2:0.4624841798481006[&state=1]):3.9487652389620798[&state=7]):0.0[&state=22];
