sample	replicate	trs
1	1	(nd1:3.60052899277737[&state=52],(nd3:2.268139054625718[&state=24],((((nd17:0.5226675174074453[&state=26],nd18:0.5226675174074453[&state=13])nd11:0.1547894799594062[&state=4],(((nd23:0.2673047884695716[&state=4],(nd25:0.26559577180492844[&state=4],nd26:0.26559577180492844[&state=4])nd24:0.0017090166646431268[&state=4])nd15:0.2623666065341277[&state=4],(((nd27:0.25424222721373724[&state=4],nd28:0.25424222721373724[&state=4])nd21:0.1984854476903201[&state=16],nd22:0.4527276749040573[&state=4])nd19:0.06068380793292733[&state=4],nd20:0.5134114828369847[&state=4])nd16:0.016259912166714716[&state=4])nd13:0.1315758510516983[&state=4],(nd29:0.16303561061140912[&state=4],nd30:0.16303561061140912[&state=4])nd14:0.49821163544398855[&state=4])nd12:0.016209751311453868[&state=4])nd9:0.20814943172753614[&state=4],nd10:0.8856064290943876[&state=26])nd5:0.10317934453768027[&state=54],(nd7:0.9694506779948554[&state=4],(nd31:0.14131430346401877[&state=26],nd32:0.14131430346401877[&state=4])nd8:0.8281363745308367[&state=26])nd6:0.019335095637212488[&state=4])nd4:1.2793532809936496[&state=26])nd2:1.332389938151652[&state=6])root:0.0[&state=6];
