sample	replicate	trs
1	1	((nd1:4.6180464550002345,(((nd7:1.7694121048331586,(nd35:1.2312309262191756,nd36:2.833481625486942)nd8:12.120320166746959)nd5:1.386709502955688,(((nd17:5.961829955393465,((nd27:2.3417116590930367,((nd45:0.8112613734196976,nd46:0.8112613734196976)nd43:0.2839000733074122,nd44:1.0951614467271098)nd28:2.9403215383202945)nd23:0.8097525711699036,((nd47:0.3707293292701952,nd48:0.3707293292701952)nd29:3.39655306078158,nd30:3.7672823900517756)nd24:1.0779531661655324)nd18:3.677128538765297)nd13:1.3262687221488476,(nd15:0.35722292362417635,(nd25:0.3045631498934318,nd26:3.9578855829759503)nd16:5.179364390498169)nd14:0.5330253431858804)nd9:2.514270426869904,((nd33:3.185794537780305,nd34:3.185794537780305)nd19:3.3891518317561613,nd20:6.574946369536468)nd10:5.787956874464891)nd6:3.9776080511882377)nd3:0.4233125748344303,(nd11:9.956429004011742,(nd21:5.603643754648159,((nd39:1.728311938543084,(nd41:1.5465840521287162,nd42:1.5465840521287162)nd40:0.1817278864143679)nd31:1.6939205971011422,(nd37:2.456377219710122,nd38:2.456377219710122)nd32:0.9658553159341042)nd22:2.1814112190039303)nd12:4.352785249363585)nd4:6.8073948660122845)nd2:1.348320171793904)root:1.390155958182073)origin:0.0;
