sample	replicate	trs
1	1	(((((nd41:1.239576712501576[&state=6],(nd43:1.1199109476365954[&state=6],nd44:1.1199109476365954[&state=6]):0.11966576486498082[&state=6]):0.3336465743375203[&state=6],((nd57:0.2181102364272326[&state=6],nd58:0.2181102364272326[&state=6]):1.1030387671285906[&state=6],nd40:1.321149003555823[&state=6]):0.25207428328327336[&state=6]):2.063862239008734[&state=6],(nd47:0.895497553975645[&state=6],nd48:0.38869988512622317[&state=6]):2.7415879718721854[&state=6]):2.1708316927216247[&state=6],((nd5:1.9777215968738344[&state=6],(nd9:3.3049753131152264[&state=6],(nd21:3.8019458678012295[&state=6],(((nd49:0.7207431510236307[&state=6],nd50:0.7207431510236307[&state=6]):1.1115580830342824[&state=6],((nd45:0.8918586736280372[&state=6],(nd53:0.5879031091014573[&state=6],(nd55:0.30334249872877256[&state=6],nd56:0.30334249872877256[&state=6]):0.28456061037268476[&state=6]):0.41432411579059125[&state=6]):0.7834227385424202[&state=6],nd36:1.7856499634344687[&state=6]):0.0466512706234442[&state=6]):1.3165168472210647[&state=6],nd26:3.148818081278977[&state=6]):0.6531277865222516[&state=6]):1.3929803164366212[&state=6]):0.34886056907637836[&state=6]):0.08601912642284201[&state=6],((nd17:0.1037394017945507[&state=6],(nd27:1.3835843830369177[&state=6],nd28:0.8682652530152218[&state=6]):1.6847568390496654[&state=6]):0.6558289149223553[&state=6],((nd15:4.928808560618688[&state=0],nd16:2.5679774246744556[&state=0]):0.2445727765932593[&state=0],((nd19:4.510671808016068[&state=6],nd20:4.510671808016068[&state=6]):0.5516977720109618[&state=6],(nd29:3.0085148396328774[&state=1],(nd31:0.45836471561278747[&state=0],((nd59:0.11163558381470365[&state=0],nd60:0.11163558381470365[&state=0]):0.4967920076727145[&state=0],nd52:0.6084275914874181[&state=8]):1.841225537181118[&state=7]):0.5588617109643416[&state=0]):2.0538547403941516[&state=0]):0.11101175718491763[&state=22]):0.2711415379888608[&state=22]):0.18528300453626323[&state=22]):0.17811133883238414[&state=22]):0.6927527814305449[&state=22]):0.0[&state=22];
