sample	replicate	trs
1	1	((((((nd37:0.03907041262317124[&state=2],nd38:0.03907041262317124[&state=0]):0.7111676785197439[&state=8],nd32:0.7502380911429153[&state=1]):2.410523833967684[&state=7],nd10:3.1607619251105983[&state=80]):5.029497347988911[&state=1],((nd15:2.609817259116822[&state=28],(nd17:2.05355978511008[&state=7],(nd25:1.259813735077823[&state=78],(nd33:0.4164578402511512[&state=0],nd34:0.4164578402511512[&state=28]):0.8433558948266716[&state=0]):0.793746050032256[&state=0]):0.556257474006742[&state=28]):2.951083595298177[&state=7],((nd21:1.2673854624666165[&state=1],nd22:1.2673854624666165[&state=1]):2.538933219505513[&state=63],(((nd19:1.8777481167019754[&state=63],nd20:1.8777481167019754[&state=78]):0.7710595284659336[&state=63],(nd27:1.2380036950303919[&state=104],(nd35:0.21665384435958515[&state=7],nd36:0.21665384435958515[&state=63]):1.0213498506708072[&state=28]):1.410803950137516[&state=63]):0.2295265809906683[&state=2],(nd23:1.2606130583298278[&state=78],(nd29:1.0680618557391108[&state=78],(nd39:0.016665561584934242[&state=7],nd40:0.016665561584934242[&state=2]):1.0513962941541766[&state=28]):0.19255120259071717[&state=12]):1.6177211678287489[&state=28]):0.9279844558135529[&state=28]):1.7545821724428685[&state=7]):2.629358418684511[&state=0]):2.279166726466898[&state=0],nd2:4.560464508577526[&state=6]):0.20527400043359173[&state=22]):0.0[&state=22];
