sample	replicate	trs
1	1	(((nd14:0.09300434294367413,((nd44:2.8721944305599996,(nd52:0.2378924354424255,(nd68:1.1936790881765946,nd69:0.8915306893846493)nd53:1.23623334963393)nd45:0.4422819927494751)nd26:1.6271404992024534,nd27:3.935085598424369)nd15:1.0570296054868908)nd2:1.3127166005239916,((nd6:5.441936829602766,((((nd76:0.1654761270563952,nd77:0.1654761270563952)nd28:3.902794538878099,nd29:1.7802066034484687)nd12:1.5835915457395104,(((nd34:2.3569215070329697,((nd70:0.7231580213584025,nd71:1.14878022974171)nd66:0.10233429622780774,nd67:1.2511145259695178)nd35:2.21799283339148)nd20:1.6525552686871532,((nd48:0.6715851431477502,nd49:2.7997623814872936)nd46:0.018948820926849647,nd47:1.794253097092728)nd21:2.3029514256340065)nd16:0.2898353727632281,((nd60:1.7660385168458148,nd61:1.7660385168458148)nd32:1.907211074726467,(((nd40:0.2576727482269648,nd41:3.2565736929201146)nd38:0.12215985695067536,(nd42:1.8945378880914223,(nd54:2.408534965944551,nd55:1.2443613903357031)nd43:0.6121678684320725)nd39:0.3580307154941661)nd36:0.060669921839280425,nd37:3.4394034717100705)nd33:0.2338461198622111)nd17:1.738248409239097)nd13:0.24036421086262677)nd8:0.7249937934728503,(nd50:2.7577731353846633,(((nd72:0.684044574580706,nd73:0.684044574580706)nd64:0.6885695894163544,nd65:0.6857306022625438)nd58:0.4112308582834835,(nd62:1.7280067021331622,nd63:1.7280067021331622)nd59:0.05583832014738163)nd51:0.9739281131041201)nd9:3.6190828697621917)nd7:0.2160638171759168)nd4:0.08927988371016371,(nd10:2.253683197720154,((nd24:4.37848628557312,nd25:4.984321657515972)nd18:0.26828113529433656,((nd56:1.7016990262724598,nd57:1.0453529149785648)nd22:2.868031961633632,((nd74:0.49051951709139713,nd75:0.49051951709139713)nd30:3.2935922499528436,nd31:0.1318400018522385)nd23:1.2499185253107958)nd19:0.2185725004552708)nd11:0.8581370968158479)nd5:0.5714598164067803)nd3:0.18688142974039987)root:1.268178864226657)origin:0.0;
