sample	replicate	trs
1	1	((((nd7:1.7585538998933048,(nd11:0.5734253784717319,(((nd27:0.2839310256114122,nd28:0.2839310256114122)nd19:0.17816019527962562,nd20:0.4620912208910379)nd13:0.3769600922259102,nd14:0.8390513131169481)nd12:0.04812329751588006)nd8:0.8713792892604769)nd3:2.288802189679555,(((nd15:0.779266045603628,nd16:0.779266045603628)nd9:0.7150885251735836,(nd25:0.35553707969914156,nd26:0.35553707969914156)nd10:1.13881749107807)nd5:1.848746018064449,(nd17:0.5511828686149167,nd18:0.5511828686149167)nd6:2.7919177202267424)nd4:0.7042555007311996)nd1:0.5982716345548154,(nd21:0.41373189863873955,((nd29:0.05585430580395738,nd30:0.05585430580395738)nd23:0.33959419183335926,nd24:0.39544849763731665)nd22:0.01828340100142289)nd2:4.231895825488935)root:0.07684227587232693)origin:0.0;
