sample	replicate	trs
1	1	((((((nd16:7.952923809299737[&state=0],(nd18:7.24191641226715[&state=0],((nd28:2.5391494559820766[&state=0],(nd38:0.41573059572365223[&state=0],nd39:0.41573059572365223[&state=0]):2.1234188602584245[&state=0]):4.505064635658457[&state=0],(nd36:1.1705837863444315[&state=0],nd37:1.1705837863444315[&state=0]):5.8736303052961025[&state=0]):0.1977023206266155[&state=0]):0.7110073970325868[&state=0]):1.8939931336683333[&state=0],nd13:1.6691768908191602[&state=0]):2.8774091567869604[&state=0],((nd14:8.397447209703323[&state=0],nd15:8.397447209703323[&state=0]):4.036406473859844[&state=0],(nd24:5.0899131626228975[&state=0],(nd26:4.059677481670328[&state=0],(((nd34:1.4872780327261435[&state=0],nd35:1.4872780327261435[&state=0]):0.1872546068762256[&state=0],nd33:1.674532639602369[&state=0]):0.09994129300533791[&state=0],nd31:1.7744739326077066[&state=0]):2.2852035490626204[&state=0]):1.0302356809525697[&state=0]):7.343940520940269[&state=16]):0.29047241619186415[&state=0]):0.35045503615109413[&state=16],((nd22:5.473273235895824[&state=5],nd23:1.070907256243871[&state=5]):4.508578869807086[&state=5],nd11:7.648404314901786[&state=5]):3.092929030203215[&state=5]):0.880444468503125[&state=16],nd3:11.519946125279874[&state=5]):0.2366743955907543[&state=16]):0.0[&state=16];
