sample	replicate	trs
1	1	(((((nd49:0.07257871397157911[&state=57],nd50:0.07257871397157911[&state=79]):4.532029177338755[&state=106],(((nd25:1.4826432977863255[&state=107],((nd53:0.011031388503801023[&state=6],nd54:0.011031388503801023[&state=65]):0.8217955244208672[&state=106],nd32:0.23987539042054437[&state=1]):0.6498163848616585[&state=120]):0.39625525765769315[&state=63],nd20:1.8788985554440192[&state=107]):0.008296030401529429[&state=30],(((nd51:0.06001215979065905[&state=67],nd52:0.06001215979065905[&state=87]):0.561700918333333[&state=108],(nd39:0.5514213724594591[&state=107],nd40:0.5514213724594591[&state=11]):0.07029170566453323[&state=120]):0.6129675479831742[&state=108],nd28:1.2346806261071654[&state=107]):0.6525139597383831[&state=28]):2.7174133054647864[&state=63]):5.13519573559037[&state=7],nd4:9.739803626900711[&state=120]):3.5168778812945107[&state=22],((nd13:2.3897266317949826[&state=108],(nd35:0.6403848379805525[&state=87],nd36:0.6403848379805525[&state=106]):1.7493417938144293[&state=57]):7.199898600945641[&state=6],((((nd55:0.010845592138131441[&state=67],nd56:0.010845592138131441[&state=6]):0.5346886324588214[&state=108],nd42:0.5455342245969528[&state=15]):0.10425573668744911[&state=108],nd34:0.6497899612844018[&state=120]):6.688072296978694[&state=108],(((nd21:1.7363045550653888[&state=120],nd22:1.7363045550653888[&state=0]):0.6133223165503116[&state=63],((nd47:0.09310150807027397[&state=1],nd48:0.09310150807027397[&state=3]):1.4506344729832965[&state=11],(nd43:0.36904061159160007[&state=87],nd44:0.36904061159160007[&state=11]):1.1746953694619706[&state=108]):0.8058908905621298[&state=63]):2.5679256854658057[&state=28],((nd45:0.3529123738609345[&state=81],nd46:0.3529123738609345[&state=0]):0.7806031664095657[&state=104],nd30:1.1335155402704997[&state=67]):3.7840370168110073[&state=31]):2.4203097011815924[&state=7]):2.251762974477522[&state=22]):3.6670562754545957[&state=6]):0.09411849180478062[&state=6]):0.0[&state=23];
