sample	replicate	trs
1	1	((((((((nd46:0.007166852497939982[&state=0],nd47:0.007166852497939982[&state=0]):2.0754652263306483[&state=0],(nd30:1.4729586480387935[&state=0],nd31:1.4729586480387935[&state=0]):0.6096734307897949[&state=0]):0.08625212114644702[&state=0],nd21:0.6349145924492898[&state=0]):0.5854097997938461[&state=0],(((nd42:0.05964970903301372[&state=0],nd43:0.05964970903301372[&state=0]):0.5514104508068007[&state=0],(nd44:0.010175331490045073[&state=0],nd45:0.010175331490045073[&state=0]):0.6008848283497694[&state=0]):0.03782176612343345[&state=0],(nd36:0.41546450394946954[&state=0],nd37:0.41546450394946954[&state=0]):0.23341742201377835[&state=0]):2.1054120738056334[&state=0]):0.4852963339872061[&state=0],nd15:1.086736186453108[&state=0]):1.0055639604334[&state=0],(((nd28:1.7100055609879536[&state=0],nd29:1.4815858841406755[&state=0]):0.841156574922351[&state=0],(nd24:1.9231422776283258[&state=0],nd25:1.0999430377798092[&state=0]):0.6280198582819787[&state=0]):0.8158797981753829[&state=0],nd13:0.22120982774507048[&state=0]):0.8781123601038[&state=0]):2.51049582857576[&state=0],(((nd10:0.34392045536443683[&state=0],((nd40:0.3164689054925751[&state=0],nd41:0.3164689054925751[&state=0]):1.4709177126448312[&state=0],nd27:1.2281680002845445[&state=0]):1.6718981041266836[&state=0]):0.6767182672355186[&state=0],(nd38:0.31076728449334323[&state=0],nd39:0.3378576856925326[&state=0]):3.7981453038070763[&state=0]):1.8654585171429128[&state=0],nd5:0.988382243895792[&state=0]):0.7541886161227269[&state=0]):3.1924698772347484[&state=0]):0.0[&state=16];
