sample	replicate	trs
1	1	((nd1:2.146384567977859,(((nd13:0.3353886738228684,((((nd37:0.22888328214413703,nd38:0.22888328214413703)nd33:0.07654679800140911,(nd43:0.15312882508057898,nd44:0.15312882508057898)nd34:0.15230125506496717)nd27:0.14346045546492875,(nd31:0.21794754395291832,nd32:0.368018396959938)nd28:0.08087213865053688)nd15:0.8190472720946719,(nd41:0.18947444026571583,nd42:0.18947444026571583)nd16:1.0784633674394308)nd14:0.0837750019569645)nd11:0.2883998370672223,(((nd35:0.3035293623183599,nd36:0.3035293623183599)nd23:0.2891119068596549,nd24:0.5926412691780147)nd17:0.5064929120607626,((nd25:0.4857809946721696,(nd29:0.3699935464234615,nd30:0.3699935464234615)nd26:0.11578744824870815)nd19:0.21840963460805993,(nd39:0.19582395010686424,nd40:0.19582395010686424)nd20:0.5083666791733654)nd18:0.3949435519585479)nd12:0.5409784654905561)nd3:0.4661544099906574,((nd9:1.6603057172547167,nd10:0.05004710182120807)nd5:0.2817903669146029,(nd7:1.8138206938105228,(nd21:0.5132413304524611,nd22:0.6140871430933466)nd8:1.1997335507171767)nd6:0.1282753903587967)nd4:0.16417097255067098)nd2:0.04011751125786786)root:0.1336854320221405)origin:0.0;
