sample	replicate	trs
1	1	(nd14:4.692480770901348[&state=6],(((nd17:2.12979255799891[&state=28],(nd27:0.3281474433646991[&state=2],nd28:0.3281474433646991[&state=50])nd18:1.8016451146342105[&state=50])nd5:1.536088570863047[&state=48],(nd9:3.4624644801839723[&state=78],nd10:3.4624644801839723[&state=28])nd6:0.20341664867798398[&state=0])nd3:0.9041233030821787[&state=0],(((nd23:0.72592104410701[&state=78],((nd29:0.11388521300429107[&state=0],nd30:0.11388521300429107[&state=9])nd25:0.25375218807148914[&state=7],(nd31:0.07230368603296805[&state=9],nd32:0.07230368603296805[&state=9])nd26:0.29533371504281214[&state=9])nd24:0.3582836430312299[&state=28])nd11:2.600836562017612[&state=7],nd12:3.3267576061246222[&state=8])nd7:0.15145548615078017[&state=0],(nd15:2.1989675189066955[&state=6],(nd19:1.6121122693833285[&state=1],(nd21:1.4340012628471286[&state=9],nd22:1.4340012628471286[&state=28])nd20:0.1781110065361999[&state=7])nd16:0.5868552495233663[&state=7])nd8:1.279245573368708[&state=48])nd4:1.0917913396687322[&state=0])nd2:0.12247633895721295[&state=0])root:0.0[&state=22];
