sample	replicate	trs
1	1	((nd1:0.6809358342738118[&state=0],((nd37:0.681791561397009[&state=12],nd38:0.681791561397009[&state=9]):6.734971750434862[&state=78],(((nd33:0.8947516048986168[&state=0],(nd41:0.1878901691378233[&state=3],nd42:0.35721142296320907[&state=52]):0.5375401819354081[&state=11]):2.3237116348048925[&state=7],((nd43:0.05606247657496277[&state=3],nd44:0.2544266710768294[&state=78]):1.8694320085679015[&state=79],(nd25:1.7941629953131093[&state=23],nd26:1.7941629953131093[&state=0]):0.3296956843316214[&state=9]):1.0946045600587775[&state=7]):4.103264179811492[&state=8],(((nd13:4.270560637988982[&state=2],((nd19:2.272129194165525[&state=104],nd20:2.272129194165525[&state=31]):0.114171232138321[&state=0],(((nd35:0.8803326924093227[&state=63],nd36:0.8803326924093227[&state=7]):0.9062847220020909[&state=7],nd28:0.47913697572394087[&state=1]):0.4572896152512286[&state=1],(nd29:1.3708379458553182[&state=10],((nd49:0.011917725257791289[&state=3],nd50:0.011917725257791289[&state=1]):0.6173092608655564[&state=11],nd40:0.6292269861233477[&state=53]):0.7416109597319708[&state=48]):0.8730690838073246[&state=79]):0.14239339664120232[&state=7]):1.8842602116851366[&state=7]):1.0442058263202856[&state=23],(nd11:2.227241140608002[&state=0],((nd47:0.017372261028812883[&state=0],nd48:0.017372261028812883[&state=49]):1.279152599910818[&state=22],(nd45:0.12823922548515368[&state=48],nd46:0.12823922548515368[&state=8]):1.168285635454477[&state=78]):3.8848735227949227[&state=8]):0.1333680805747137[&state=7]):1.4693371799198764[&state=7],nd8:6.7841036442291385[&state=78]):0.5376237752858561[&state=1]):0.09503589231687427[&state=1]):1.3919555608456038[&state=7]):8.800981127322508[&state=0]):0.0[&state=22];
