sample	replicate	trs
1	1	(((nd42:3.883828269436686[&state=2],((nd55:1.4560570610896821[&state=0],((nd91:0.0675027726439703[&state=0],nd92:0.0675027726439703[&state=1])nd75:0.6374064687203711[&state=7],(nd89:0.1706746480642598[&state=1],nd90:0.1706746480642598[&state=31])nd76:0.5342345933000816[&state=14])nd56:0.7511478197253402[&state=7])nd49:0.24405500339664163[&state=0],((nd63:1.020742750473142[&state=37],((nd87:0.19898791980973102[&state=2],nd88:0.19898791980973102[&state=31])nd67:0.5850991274277304[&state=12],nd68:0.7840870472374615[&state=1])nd64:0.2366557032356805[&state=9])nd53:0.5066634684721412[&state=31],nd54:1.5274062189452842[&state=9])nd50:0.17270584554103988[&state=9])nd26:2.1837162049503647[&state=28])nd19:3.705505255982601[&state=7],(nd43:2.2207115166730933[&state=12],((nd65:0.7963530109172114[&state=35],nd66:0.7963530109172114[&state=0])nd57:0.5713766702148706[&state=0],(nd73:0.7159892073411454[&state=1],(nd81:0.4518640402214727[&state=4],(nd85:0.24845909724086002[&state=0],nd86:0.24845909724086002[&state=0])nd82:0.20340494298061262[&state=0])nd74:0.2641251671196727[&state=13])nd58:0.651740473790937[&state=32])nd44:0.852981835541012[&state=7])nd37:5.368622008746195[&state=8])nd18:1.7625370799167697[&state=7],(((((nd93:0.014685165857547793[&state=1],nd94:0.014685165857547793[&state=1])nd45:1.7159798162730804[&state=1],(nd77:0.5693179452569845[&state=9],nd78:0.5693179452569845[&state=1])nd46:1.1613470368736432[&state=1])nd33:1.75176643599942[&state=1],((nd79:0.5531291272388977[&state=4],nd80:0.5531291272388977[&state=28])nd51:0.992769479139195[&state=28],((nd95:0.005933510175688397[&state=5],nd96:0.005933510175688397[&state=1])nd61:1.0433006338977473[&state=18],nd62:1.0492341440734356[&state=9])nd52:0.4966644623046563[&state=9])nd34:1.9365328117519554[&state=28])nd29:0.16412089205936958[&state=1],(nd47:1.7235565169654714[&state=9],(nd83:1.1617386112587482[&state=12],(nd69:0.7649829983216423[&state=3],(nd71:0.7371849129827397[&state=1],nd72:0.7371849129827397[&state=14])nd70:0.027798085338902725[&state=1])nd60:0.3967556129371059[&state=11])nd48:0.5618179057067223[&state=11])nd30:1.9229957932239459[&state=81])nd23:0.9306374830155001[&state=1],(nd39:2.5969377825527267[&state=2],nd40:2.5969377825527267[&state=0])nd24:1.9802520106521884[&state=0])nd16:4.774680812131141[&state=7])nd14:0.0[&state=1];
