sample	replicate	trs
1	1	(((((((nd31:2.176946006412607[&state=126],(nd33:1.9062897003134542[&state=126],(nd39:0.815193217585305[&state=102],nd40:0.815193217585305[&state=103]):1.0910964827281484[&state=126]):0.27065630609915337[&state=108]):1.9050729076306903[&state=104],(nd35:1.5088038334970224[&state=119],nd36:1.5088038334970224[&state=71]):2.5732150805462752[&state=120]):1.8754216695546062[&state=78],(nd43:0.4976928875541698[&state=6],(nd45:0.16802568926739994[&state=101],nd46:0.16802568926739994[&state=107]):0.32966719828676994[&state=126]):5.45974769604373[&state=125]):8.906225713893388[&state=48],(((((nd37:0.8802102122160277[&state=125],nd38:0.8802102122160277[&state=126]):5.736862526502966[&state=126],(nd29:3.0416947044989313[&state=126],nd30:3.0416947044989313[&state=111]):3.5753780342200643[&state=79]):1.7390599000878164[&state=23],nd18:8.356132638806821[&state=99]):0.38879163149913143[&state=48],(nd19:7.2773752094745365[&state=119],(nd25:5.663747245773399[&state=126],nd26:5.663747245773399[&state=119]):1.6136279637011386[&state=49]):1.4675490608314012[&state=7]):1.9630247710344253[&state=1],nd14:0.6607559575055548[&state=6]):4.1557172561509255[&state=48]):2.644317087898771[&state=7],(((nd41:0.708222893868996[&state=123],nd42:0.708222893868996[&state=126]):10.901718076326407[&state=126],nd12:2.1710119996514097[&state=1]):2.720754115827373[&state=48],(nd9:3.995722042507591[&state=6],nd10:0.8587468099489897[&state=6]):1.5549440509382821[&state=48]):3.177288299367268[&state=48]):2.321190266497936[&state=48],nd2:0.10186992729341363[&state=0]):0.2459263481119723[&state=22]):0.0[&state=22];
