sample	replicate	trs
1	1	((nd65:1.7722004904319195[&state=6],nd66:1.7722004904319195[&state=6])nd7:14.787837756646525[&state=6],((nd56:9.755688671365045[&state=6],((((((nd84:0.7214104310038059[&state=1],nd82:0.7214104310038059[&state=0])nd79:0.1084392803545703[&state=7],nd80:0.829849711358376[&state=0])nd58:2.211804733323866[&state=0],nd71:3.0416544446822424[&state=6])nd45:1.0816291743728614[&state=22],(nd75:0.9467310361529656[&state=6],nd77:0.9467310361529657[&state=6])nd46:3.1765525829021386[&state=6])nd43:0.07668060867596421[&state=6],nd63:4.199964227731068[&state=6])nd37:1.3259237311953038[&state=6],nd69:5.525887958926372[&state=6])nd21:4.229800712438671[&state=6])nd18:0.5964485638372802[&state=6],((nd67:1.7659819763987104[&state=6],(nd73:1.0805025571523243[&state=4],(nd85:0.5621891407465802[&state=4],nd86:0.5621891407465802[&state=16])nd74:0.5183134164057441[&state=57])nd68:0.6854794192463861[&state=26])nd41:3.3118543238923057[&state=6],nd50:5.0778363002910165[&state=6])nd39:5.274300934911307[&state=6])nd12:6.207901011876125[&state=6])nd3:0.0[&state=6];
