sample	replicate	trs
1	1	(((nd74:4.970370473888156[&state=6],nd89:4.970370473888155[&state=6])nd41:2.033397320135269[&state=6],((nd79:1.2622289058216594[&state=6],nd80:1.2622289058216594[&state=2])nd77:0.3506187313063268[&state=24],(nd81:1.2616707260321967[&state=6],(nd87:0.9430996316712057[&state=6],nd88:0.9430996316712057[&state=6])nd82:0.3185710943609911[&state=6])nd78:0.35117691109578913[&state=6])nd42:5.390920156895439[&state=24])nd34:11.525517215504028[&state=6],(((nd91:0.06498567294864455[&state=6],nd92:0.06498567294864455[&state=6])nd70:4.216186835276925[&state=6],nd62:4.281172508225569[&state=1])nd20:10.219372023080007[&state=6],((nd67:3.4235883714830155[&state=6],(nd83:1.2536575719649958[&state=6],(nd85:0.9913465189923878[&state=6],nd86:0.9913465189923878[&state=6])nd84:0.2623110529726079[&state=6])nd68:2.16993079951802[&state=6])nd66:2.715114293195477[&state=6],nd46:6.138702664678492[&state=6])nd29:8.361841866627083[&state=6])nd4:4.028740478221877[&state=6])root:0.0[&state=6];
