sample	replicate	trs
1	1	((nd23:18.997880136320692,(((nd115:3.635376938652679,(nd113:0.18381801955681076,(nd117:0.08820926641709842,nd118:0.08820926641709842)nd114:0.09560875313971236)nd104:3.4515589190958686)nd65:0.5905378757259869,((((nd119:0.07226752179327087,nd120:0.07226752179327087)nd89:1.7028342787409432,(nd91:1.5737115021835077,nd92:1.5737115021835077)nd90:0.20139029835070632)nd87:0.03105911882906863,((nd99:1.390780528416693,nd100:1.390780528416693)nd95:0.12346370145143173,((nd111:0.3808998513222477,nd112:0.3808998513222477)nd101:0.9055218217382318,nd102:1.2864216730604796)nd94:0.22782255680764518)nd88:0.29191668949515803)nd81:0.13143979913318496,(((nd109:0.7499794268745162,nd110:0.7499794268745162)nd107:1.0598069630157387,nd86:1.8097863898902549)nd83:0.05734971734399641,(nd105:1.2353168659440596,nd106:1.2353168659440596)nd84:0.6318192412901918)nd82:0.07046461126221626)nd79:2.2883140958821997)nd45:3.8683792345770116,(nd97:1.4164425820907613,nd98:1.4164425820907613)nd55:6.677851466864916)nd37:10.90358608736502)nd1:0.05982873843424262,((nd75:3.056254631861131,(nd77:2.9264684998202273,nd78:2.9264684998202273)nd76:0.1297861320409042)nd60:8.796818891841777,nd49:11.85307352370291)nd17:7.204635351052031)root:0.0;
