sample	replicate	trs
1	1	((((((nd33:1.4192873829505976,nd34:1.4192873829505976)nd23:1.8281929409030377,nd24:3.247480323853636)nd21:0.29256203644977036,nd22:0.943702035426474)nd9:6.847114554992426,((nd39:0.08394800473953117,nd40:0.08394800473953117)nd13:7.588659991372656,(nd31:1.0356766505785202,nd32:2.2229140964573553)nd14:5.44969389965483)nd10:2.7145489191836436)nd1:5.872279561617606,((((nd17:0.8008645510796611,(nd37:0.42935989076180725,nd38:0.42935989076180725)nd18:5.505467004565216)nd15:1.4460482247102675,(nd19:5.096634920783088,((nd35:1.328737096287325,nd36:1.328737096287325)nd27:1.528265864676873,nd28:2.8570029609641976)nd20:2.2396319598188907)nd16:2.2842401992542016)nd5:6.655031924829065,nd6:1.0793382016171909)nd3:0.5750596609771315,(((nd25:2.9742447501907288,nd26:2.9742447501907288)nd11:5.210446282646436,(nd29:0.7086581564711775,nd30:2.3027894247308796)nd12:5.881901608106283)nd7:3.2675057587107146,nd8:6.068723432230004)nd4:3.158769914295607)nd2:1.6484697710699499)root:3.018663523086547)origin:0.0;
