sample	replicate	trs
1	1	((((nd33:1.2914440987847415,((nd65:0.03381829774149818,nd66:0.03381829774149818)nd59:0.17034134240531815,nd60:0.20415964014681634)nd34:1.0872844586379249)nd25:0.9368214685478226,((nd57:0.2298046080321177,nd58:0.2298046080321177)nd43:0.5124856790733021,((nd61:0.0674001004413801,nd62:0.0674001004413801)nd51:0.38924649875386247,nd52:0.45664659919524264)nd44:0.28564368791017675)nd26:1.4859752802271435)nd23:1.4755372392504578,((nd45:0.7250091155386156,(nd47:0.6234726618749898,(nd55:0.3812793463120886,nd56:0.3812793463120886)nd48:0.24219331556290127)nd46:0.10153645366362564)nd27:1.3625198273394914,(nd37:1.2073005698334538,(((nd63:0.04481555044395232,nd64:0.04481555044395232)nd49:0.5242760477757582,nd50:0.5690915982197106)nd39:0.40418157679034156,nd40:0.9732731750100518)nd38:0.23402739482340135)nd32:0.8802283730446538)nd24:1.6162738637049143)nd13:7.032287579040895,(((nd41:0.7482728741374951,nd42:0.7482728741374951)nd21:3.912265529715334,nd29:4.660538403852829)nd19:5.12492361660996,(nd54:1.256517106260647,nd36:1.2565171062606473)nd16:8.52894491420214)nd4:0.9506283651611269)nd1:0.0;
