sample	replicate	trs
1	1	((nd1:26.34239242709892[&state=0],((((nd21:9.680823686432625[&state=6],(nd43:0.3488749459302627[&state=6],nd44:0.3488749459302627[&state=6]):9.331948740502362[&state=6]):7.749623681343879[&state=6],((nd23:6.26281753434277[&state=6],((nd39:2.8346355526127125[&state=6],(nd41:1.066245132234744[&state=6],nd42:1.066245132234744[&state=6]):1.7683904203779683[&state=6]):0.9700731814660941[&state=6],nd38:3.8047087340788064[&state=6]):5.656562692333996[&state=6]):4.512674456533935[&state=6],(nd27:9.118680576965012[&state=6],(nd45:0.1820323070715324[&state=6],nd46:0.1820323070715324[&state=6]):8.93664826989348[&state=6]):4.855265305981724[&state=6]):3.4565014848297677[&state=6]):4.948960104107072[&state=6],(nd11:1.0979092519643212[&state=6],nd12:9.517427912053606[&state=6]):4.845666316135825[&state=6]):2.517530699209321[&state=6],((nd19:9.691879988502198[&state=6],((nd31:6.857543097134511[&state=6],((nd35:5.391144449060696[&state=6],nd36:5.391144449060696[&state=6]):0.05939434494875734[&state=6],nd34:5.450538794009453[&state=6]):1.407004303125058[&state=6]):2.535815946484538[&state=6],nd26:9.393359043619048[&state=6]):0.29852094488314906[&state=6]):14.262647483258323[&state=6],((nd17:6.473460233401851[&state=6],(nd29:7.48443716962073[&state=6],nd30:7.48443716962073[&state=6]):4.742356143141191[&state=6]):8.169162939998287[&state=6],nd10:20.39595625276021[&state=6]):3.558571219000312[&state=6]):0.9424106993323758[&state=6]):1.445454256006022[&state=6]):0.39830757290107865[&state=22]):0.0[&state=22];
