sample	replicate	trs
1	1	((((nd19:2.111228655464254,nd20:2.111228655464254)nd17:0.34514184215707605,((nd47:0.3464147808202572,nd48:0.3464147808202572)nd27:0.7311777939353242,(nd31:0.967185977865348,nd32:0.967185977865348)nd28:0.1104065968902333)nd18:1.3787779228657484)nd13:1.098332974290765,(((((nd41:0.44013222681837166,nd42:0.44013222681837166)nd37:0.33943070801167435,nd38:0.7795629348300456)nd35:0.05024883994297689,(nd39:0.5283062908075801,(nd51:0.18788046309811898,nd52:0.18788046309811898)nd40:0.34042582770946117)nd36:0.301505483965443)nd25:0.27333643607353214,(nd29:1.058647179855693,nd30:1.058647179855693)nd26:0.04450103099086216)nd15:2.010050612768446,(nd23:1.2912453038474083,(nd45:0.3765322479264216,nd46:0.3765322479264216)nd24:0.9147130559209881)nd16:1.821953519767591)nd14:0.441504648297093)nd6:7.757434098946231,((nd9:5.746293603174848,nd10:5.746293603174848)nd7:1.0677608354177914,((((nd49:0.25324109276403417,nd50:0.25324109276403417)nd33:0.5974168772781192,nd34:0.850657970042153)nd21:0.561878750936015,nd22:1.4125367209781663)nd11:4.127335542178282,(nd43:0.4307736435276635,nd44:0.4307736435276635)nd12:5.109098619628783)nd8:1.2741821754361926)nd4:4.498083132265684)root:0.0;
