sample	replicate	trs
1	1	(((nd16:1.2671735623569094[&state=6],(nd25:0.722809801862178[&state=6],(nd35:0.09358681928565614[&state=6],nd36:0.09358681928565614[&state=6])nd26:0.6292229825765219[&state=6])nd12:0.5443637604947312[&state=6])nd3:0.44923829254635894[&state=6],((nd31:0.23925962368882864[&state=6],nd32:0.23925962368882864[&state=6])nd5:1.4583081367431983[&state=6],((nd13:1.2534357479088676[&state=6],((nd33:0.16053921956943928[&state=6],nd34:0.16053921956943928[&state=6])nd17:0.6486182523229881[&state=6],nd18:0.8091574718924274[&state=6])nd14:0.44427827601644004[&state=6])nd7:0.3007148379914049[&state=6],(nd21:0.7376761628540627[&state=6],nd22:0.7376761628540627[&state=6])nd8:0.8164744230462097[&state=6])nd6:0.14341717453175454[&state=6])nd4:0.01884409447124137[&state=6])nd1:0.2211867138511334[&state=6],((nd19:0.7393821651955058[&state=6],(nd23:0.7368247712548417[&state=6],nd24:0.7368247712548417[&state=6])nd20:0.0025573939406640916[&state=6])nd9:0.6144958849484486[&state=6],(nd27:0.6624892848918806[&state=6],(nd29:0.3808908312450957[&state=6],nd30:0.3808908312450957[&state=6])nd28:0.28159845364678493[&state=6])nd10:0.6913887652520737[&state=6])nd2:0.5837205186104473[&state=6])root:0.0[&state=6];
