sample	replicate	trs
1	1	(((((nd22:1.3503876307519846[&state=5],(nd26:0.774963991033765[&state=11],(nd30:0.2339076144107565[&state=2],(nd32:0.17096263031941986[&state=32],nd33:0.17096263031941986[&state=10])nd31:0.06294498409133671[&state=49])nd27:0.5410563766230088[&state=49])nd23:0.5754236397182195[&state=19])nd12:1.2859357388101256[&state=47],(nd24:1.2838879909582905[&state=35],nd25:1.2838879909582905[&state=5])nd13:1.35243537860382[&state=57])nd8:5.830679959372728[&state=21],((nd20:1.5205268273188128[&state=29],nd21:1.5205268273188128[&state=2])nd10:5.397383065303537[&state=33],(nd16:2.4471124650151377[&state=54],nd17:2.4471124650151377[&state=52])nd11:4.470797427607213[&state=6])nd9:1.5490934363124869[&state=16])nd4:3.9315682562259617[&state=16],(nd14:2.497284334834397[&state=27],(nd18:2.3509413502193683[&state=24],(nd28:0.7640005488545835[&state=55],nd29:0.7640005488545835[&state=18])nd19:1.586940801364784[&state=33])nd15:0.14634298461502881[&state=18])nd5:9.901287250326403[&state=33])nd2:1.2003107695878183[&state=0],nd6:13.59888235474862[&state=0])root:0.0[&state=16];
