sample	replicate	trs
1	1	(((nd35:4.439530599611839,(nd65:0.07208262510771726,nd66:0.07208262510771726)nd36:4.367447974504122)nd27:10.686640966143203,((((nd49:2.490318611265822,(nd55:1.9567116350513265,nd56:1.9567116350513265)nd50:0.5336069762144956)nd39:1.832036344895392,(nd61:0.637996681498546,nd62:0.637996681498546)nd44:3.6843582746626677)nd15:6.992595035354592,nd54:11.314949991515807)nd11:0.9880477488430445,(nd29:7.157884700259564,nd47:7.157884700259565)nd21:5.145113040099282)nd6:2.8231738253961938)nd3:1.1853131691677892,(nd52:6.505165883898916,(nd46:3.941983871908498,(((nd63:0.24558985589060162,nd64:0.24558985589060162)nd59:0.9265498069715904,nd60:1.1721396628621918)nd57:0.129778570279247,nd58:1.3019182331414387)nd42:2.6400656387670587)nd34:2.5631820119904183)nd10:9.806318851023917)nd1:0.0;
