sample	replicate	trs
1	1	(((nd9:1.3961739579482488,(nd13:1.017126149479973,nd14:1.017126149479973)nd10:0.3790478084682763)nd5:0.10823357978842138,(nd39:0.2610892577042174,((nd51:0.026520952188431052,nd52:0.026520952188431052)nd41:0.21846175146808222,nd42:0.24498270365651328)nd40:0.01610655404770415)nd15:1.2433182800324534)nd1:0.4682506343297287,(((nd44:0.4927571429155643,(nd47:0.06526946943506845,nd48:0.06526946943506845)nd34:0.42748767348049577)nd21:0.2506687397536397,nd22:0.7434258826692037)nd3:0.8314897577134798,((nd23:0.7132811147876024,((nd49:0.06517617798648846,nd50:0.06517617798648846)nd37:0.2585635539141798,nd38:0.3237397319006682)nd24:0.38954138288693424)nd7:0.7417258412678956,((nd27:0.5690431824038471,(nd31:0.5003367712216431,(nd53:0.0016885128012990177,nd54:0.0016885128012990177)nd32:0.4986482584203441)nd28:0.06870641118220402)nd18:0.7246990323517077,((nd45:0.13177489408464474,nd46:0.13177489408464474)nd25:0.5123569753019392,nd36:0.6441318693865841)nd19:0.6496103453689708)nd8:0.16126474129994342)nd4:0.11990868432718564)nd2:0.3977425316837155)root:0.0;
