sample	replicate	trs
1	1	(((((((nd11:8.379145337047213[&state=6],(((nd37:0.3946518359833804[&state=6],nd38:0.3946518359833804[&state=6]):1.5636940781986914[&state=6],nd30:1.9583459141820718[&state=6]):4.632671831435379[&state=6],nd16:6.591017745617451[&state=6]):1.7881275914297603[&state=6]):2.3183601595499463[&state=6],((nd19:1.323002062602444[&state=6],((nd39:0.07432776146435477[&state=6],nd40:0.07432776146435477[&state=6]):4.611344170405272[&state=6],nd24:2.8403091799560043[&state=6]):0.6672581482739552[&state=6]):1.25052135288681[&state=6],(nd27:1.507103937679199[&state=6],nd28:2.4504194936398567[&state=6]):4.1530319393905355[&state=6]):4.094054063566765[&state=6]):0.13462667915867899[&state=6],nd8:10.83213217575584[&state=6]):1.5160143741346497[&state=6],(((nd35:1.3600780308202685[&state=6],nd36:1.3600780308202685[&state=6]):3.15446077507374[&state=6],nd26:4.514538805894009[&state=6]):0.9412988898958322[&state=6],(nd31:1.945167488841507[&state=6],nd32:1.945167488841507[&state=6]):3.5106702069483338[&state=6]):6.892308854100644[&state=6]):1.0762056630209078[&state=6],nd4:0.4982714689945631[&state=6]):3.860724869893179[&state=6],(nd21:1.5535501382227108[&state=6],(nd33:1.6952153437101556[&state=6],nd34:1.6952153437101556[&state=6]):3.568831001722317[&state=6]):12.021030737372104[&state=6]):3.821822917195427[&state=6]):0.0[&state=22];
