sample	replicate	trs
1	1	((((nd11:1.2150500219516713,(nd23:2.505853278400103,nd24:0.03809016193129943)nd12:6.344392762041601)nd3:2.742113444833066,nd4:1.3965002087806992)nd1:3.1317303018528313,(((((((nd25:0.4255640985873177,((((nd37:1.9033163961298458,(((((nd79:0.12647938218492716,nd80:0.12647938218492716)nd77:0.14141687352549925,nd78:0.2678962557104264)nd65:0.8077587718263538,nd66:1.0756550275367802)nd45:2.5548350525982846,nd46:0.8823135196137292)nd39:1.4652972197231418,(nd49:0.5637333312308923,nd50:3.456286203889737)nd40:1.63950109596847)nd38:0.6884980147777168)nd31:1.0546012796284028,((nd41:2.98195535763107,(nd69:0.5968745446487291,((nd73:0.48795495701006175,nd74:0.48795495701006175)nd71:0.021479536123520288,nd72:0.5094344931335821)nd70:0.087440051515147)nd42:4.182575718158652)nd35:1.3673233500330617,nd36:2.568761198430366)nd32:0.6921129814238833)nd29:0.6323807977819079,((((nd81:0.04251786753170467,nd82:0.04251786753170467)nd75:0.2685979067923413,nd76:0.31111577432404597)nd53:2.933651159506327,nd54:3.2447669338303737)nd47:0.2597449991521691,(nd51:3.3361502092415676,nd52:3.3361502092415676)nd48:0.16836172374097594)nd30:3.966755459063691)nd27:1.7507106956129002,((nd57:2.4401232706735994,(nd59:2.149556475210427,(nd61:2.135728697736375,(nd63:0.26063643485442917,nd64:1.366458288061471)nd62:0.033964887940707775)nd60:0.013827777474051672)nd58:0.2905667954631724)nd33:3.9091382232490717,(nd43:1.6674876011576136,(nd55:2.67007374346757,(nd67:1.0218964948194869,nd68:1.0218964948194869)nd56:1.648177248648082)nd44:1.510719890514902)nd34:2.1684678599402)nd28:2.872716593736463)nd26:1.5841476062944686)nd21:0.28781035881267353,nd22:1.2335740692945203)nd19:0.17127256254090495,nd20:3.0970356846994687)nd13:4.398314894771707,((nd17:0.056163475633341405,nd18:1.1314409374206469)nd15:2.0231227348896375,nd16:0.5874445094986452)nd14:0.32673978760569033)nd9:2.0539278220751145,nd10:0.9800442142518448)nd7:0.849444701972996,nd8:5.24357809934924)nd5:0.40897127887563084,nd6:1.751006082907067)nd2:4.098341621988045)root:0.60249106500933)origin:0.0;
