sample	replicate	trs
1	1	((((((nd19:2.6677989346182236[&state=104],(nd27:0.49781027403802464[&state=107],(nd31:0.20641017214992993[&state=53],nd32:0.20641017214992993[&state=79])nd28:0.29140010188809473[&state=104])nd20:2.1699886605801977[&state=81])nd15:1.373530813730992[&state=6],(nd33:0.19430277332726664[&state=25],nd34:0.19430277332726664[&state=104])nd16:3.84702697502195[&state=104])nd9:1.4573219358453442[&state=22],(nd17:3.394039480640718[&state=78],(nd23:1.735856564208338[&state=104],nd24:1.735856564208338[&state=104])nd21:1.6581829164323771[&state=78])nd10:2.104612203553844[&state=6])nd7:0.1910105779282888[&state=6],(nd11:5.21909487319009[&state=53],nd13:5.219094873190088[&state=120])nd8:0.47056738893276306[&state=6])nd5:0.4174524311373287[&state=6],nd6:6.107114693260182[&state=79])nd3:1.6736430915928768[&state=6],(nd25:1.7104138455252822[&state=78],(nd29:0.37946429631132866[&state=81],nd30:0.37946429631132866[&state=50])nd26:1.3309495492139538[&state=50])nd2:6.07034393932777[&state=6])root:0.0[&state=6];
