sample	replicate	trs
1	1	((((nd19:0.8752280783402746,(nd25:0.5251290779219814,nd26:0.5251290779219814)nd20:0.35009900041829356)nd15:0.1734403196485943,nd16:1.0486683979888693)nd1:2.554252883535798,(((((nd51:0.093506762664768,nd52:0.093506762664768)nd11:1.323315626047984,(nd27:0.5025217606403801,(nd45:0.15282431121215825,nd46:0.15282431121215825)nd28:0.34969744942822195)nd12:0.9143006280723704)nd9:0.04284044566528153,(((nd21:0.7378424111675177,((nd49:0.09788333815769883,(nd59:0.04025952211399044,nd60:0.04025952211399044)nd50:0.057623816043708385)nd43:0.05677019915649602,nd44:0.15465353731419487)nd22:0.5831888738533229)nd17:0.2793822087990375,(nd39:0.17866406337883775,nd40:0.17866406337883775)nd18:0.8385605565877176)nd13:0.12600664935935993,((((nd37:0.23812400040881557,nd38:0.23812400040881557)nd33:0.0938397326458584,(nd57:0.043888675111907034,nd58:0.043888675111907034)nd34:0.2880750579427667)nd29:0.1509306790909081,(nd47:0.12099045283334214,nd48:0.12099045283334214)nd30:0.36190395931224006)nd23:0.08833418450709112,(nd31:0.38838453898744313,(nd41:0.17771621977862093,nd42:0.17771621977862093)nd32:0.21066831920882223)nd24:0.18284405766523015)nd14:0.5720026726732418)nd10:0.31643156505211684)nd5:1.4518920893918985,((nd53:0.06364844963286255,nd54:0.06364844963286255)nd7:2.1589801548609446,((nd55:0.05350747691891313,nd56:0.05350747691891313)nd35:0.25299079000244956,nd36:0.3064982669213627)nd8:1.9161303375724454)nd6:0.6889263192761232)nd3:0.18336504152649902,nd4:0.3933538119954547)nd2:0.5080013162282374)root:4.356618718475329)origin:0.0;
