sample	replicate	trs
1	1	(((nd182:4.468984574411262,nd199:4.46898457441126)nd74:6.723988107877348,nd91:11.192972682288609)nd5:1.971897448479979,(nd152:12.513130169218078,(((((nd185:4.989522601882525,nd191:4.989522601882524)nd129:3.3918998207671622,(((nd219:0.041498475414158985,nd220:0.041498475414158985)nd197:2.201104152092958,(nd217:0.08196840022766909,nd218:0.08196840022766909)nd198:2.160634227279448)nd193:0.22019582126981274,nd194:2.4627984487769305)nd138:5.918623973872758)nd39:1.4318566694093142,(nd209:0.5784142167262123,nd210:0.5784142167262123)nd195:9.234864875332786)nd25:0.1335416040963553,((nd213:0.41689558818464023,nd214:0.41689558818464023)nd116:7.322880726236983,(nd211:0.5501134622456152,(nd215:0.08702506964458484,nd216:0.08702506964458484)nd212:0.4630883926010303)nd169:7.189662852176008)nd63:2.2070443817337333)nd20:0.5714669985082893,((nd205:1.4517424012873583,nd206:1.4517424012873583)nd203:0.11341581311173726,(nd207:1.001672983726267,nd208:1.001672983726267)nd204:0.5634852306728285)nd190:8.953129480264549)nd8:1.9948424745544315)nd6:0.6517399615505108)nd2:0.0;
