sample	replicate	trs
1	1	(((nd54:0.7489424553266598,(nd56:0.6236804284932016,nd57:0.6236804284932016)nd55:0.1252620268334581)nd6:8.490409801504022,((((nd60:0.1560483751513314,nd61:0.1560483751513314)nd45:2.952217277661716,(nd48:1.424709562926,nd49:1.424709562926)nd42:1.6835560898870474)nd21:3.877025885736705,nd26:6.985291538549752)nd12:0.07731193455819375,(((nd58:0.4201643935111358,nd59:0.4201643935111358)nd50:0.6499006380917336,nd51:1.0700650316028693)nd46:0.3632866022341311,(nd52:0.9705942400273068,nd53:0.9705942400273068)nd47:0.4627573938096937)nd41:5.629251839270945)nd7:2.1767487837227355)nd4:0.5372944535732302,(nd37:7.7023874643355965,(nd30:3.3547136509343596,nd31:3.3547136509343596)nd22:4.3476738134012365)nd3:2.0742592460683147)root:0.0;
