sample	replicate	trs
1	1	((((nd32:0.9214228924040162,nd33:0.9214228924040162)nd10:6.436608941994441,((nd30:0.9644388701053298,(nd34:0.8206034966098162,nd35:0.8206034966098162)nd31:0.14383537349551356)nd16:3.282498391750444,(nd24:3.393475816237756,nd25:3.393475816237756)nd17:0.8534614456180176)nd11:3.1110945725426853)nd8:0.14819613140867316,(((((nd36:0.29044727761442846,nd37:0.29044727761442846)nd22:3.2967356998402275,(nd26:2.0606515775827097,nd27:2.0606515775827097)nd23:1.5265313998719459)nd20:0.04179637450191517,nd21:3.6289793519565716)nd18:0.11459259578214104,nd19:3.7435719477387126)nd14:3.0566672171210043,((nd38:0.058714858508177814,nd39:0.058714858508177814)nd28:1.5739796270297317,nd29:1.6326944855379095)nd15:5.167544679321806)nd9:0.7059888009474157)nd6:5.623967877433149,nd3:13.130195843240283)root:0.0;
