sample	replicate	trs
1	1	((((nd13:0.6051717830675923,nd14:0.6051717830675923)nd3:6.485820258239894,(((nd27:0.13342832325100223,nd28:0.13342832325100223)nd15:0.43410290129047896,((nd29:0.1099362597398496,nd30:0.1099362597398496)nd23:0.26001330804454076,nd24:0.36994956778439037)nd16:0.1975816567570908)nd5:4.310992784561593,nd6:3.7179234905021317)nd4:2.212468032204412)nd1:0.054364231201608486,(nd7:3.4900496774069545,((((nd21:0.3816079731331193,nd22:0.3816079731331193)nd19:0.06026051400778803,nd20:0.4418684871409073)nd11:0.32500348542540203,(nd17:0.48844079560172743,nd18:0.48844079560172743)nd12:0.2784311769645819)nd9:0.02579289805005337,((nd31:0.06255589759052804,nd32:0.06255589759052804)nd25:0.07630248554626261,nd26:0.13885838313679066)nd10:0.653806487479572)nd8:2.697384806790592)nd2:3.655306595102141)root:1.650833727490908)origin:0.0;
