sample	replicate	trs
1	1	((((((nd41:0.6301495682889864[&state=0],nd42:0.6301495682889864[&state=0])nd39:0.177919025148524[&state=0],nd40:0.8080685934375105[&state=0])nd33:1.4009345267415945[&state=0],nd34:2.209003120179105[&state=0])nd21:1.0727857581734275[&state=0],nd22:3.2817888783525326[&state=0])nd9:0.9347161617701043[&state=0],(((nd29:2.7206544594278292[&state=0],nd30:2.7206544594278292[&state=0])nd23:0.5565186195313223[&state=0],nd28:3.2771730789591516[&state=0])nd17:0.47306311479068847[&state=0],(nd19:3.381651597880721[&state=0],(nd36:2.5583564932745637[&state=0],nd32:2.5583564932745633[&state=0])nd20:0.8232951046061578[&state=0])nd12:0.3685845958691186[&state=0])nd10:0.46626884637279703[&state=0])nd7:0.7473809112856877[&state=0],(nd25:3.5894615819230236[&state=0],(nd37:1.5889883182048368[&state=0],(nd43:0.47380629966614135[&state=0],nd44:0.47380629966614135[&state=0])nd38:1.1151820185386956[&state=0])nd16:2.0004732637181863[&state=0])nd8:1.3744243694853013[&state=0])nd1:0.0[&state=0];
