sample	replicate	trs
1	1	((((nd90:0.6173849540792276,(nd92:0.5915864776735336,(nd96:0.2707694445605756,nd97:0.2707694445605756)nd93:0.3208170331129579)nd91:0.025798476405694035)nd80:2.119331790657325,nd53:2.736716744736553)nd51:1.4956115138007449,(nd83:3.2923158979196216,((nd86:0.6782769454495698,nd89:0.6782769454495698)nd76:1.2372751901697796,(nd94:0.4464056930662393,nd95:0.4464056930662393)nd71:1.4691464425531102)nd45:1.376763762300272)nd36:0.940012360617676)nd28:2.667407252626295,((nd79:1.366152363367774,((nd100:0.12391314292664161,nd101:0.12391314292664161)nd99:1.2323252684247223,nd75:1.356238411351364)nd73:0.009913952016409858)nd59:3.3023633468672653,(nd46:3.1144485987120256,nd47:3.1144485987120256)nd33:1.554067111523015)nd22:2.2312198009285527)nd7:0.0;
