sample	replicate	trs
1	1	(((nd17:3.828485650587892[&state=120],nd18:3.828485650587892[&state=87])nd15:0.6640901172938466[&state=7],(nd55:0.6668288329393243[&state=108],(nd67:0.14460199368211177[&state=0],(nd71:0.048640788299901976[&state=1],(nd75:0.016168477800955088[&state=30],nd76:0.016168477800955088[&state=55])nd72:0.03247231049894689[&state=120])nd68:0.09596120538220979[&state=120])nd56:0.5222268392572124[&state=107])nd19:3.825746934942415[&state=87])nd13:7.754068141988777[&state=0],((((((nd53:0.7929310202961593[&state=66],nd54:0.7929310202961593[&state=120])nd51:0.02434979571983309[&state=0],nd52:0.8172808160159923[&state=87])nd44:1.0428381525616461[&state=98],(((nd37:1.3508792057543273[&state=67],((nd69:0.08883507259322028[&state=1],nd70:0.08883507259322028[&state=120])nd39:1.151731588887815[&state=120],(((nd61:0.4040561414979744[&state=65],nd62:0.4040561414979744[&state=86])nd49:0.5356751144821438[&state=52],nd50:0.9397312559801185[&state=84])nd41:0.2972520899787878[&state=87],((((nd73:0.042135283958523874[&state=31],nd74:0.042135283958523874[&state=1])nd63:0.29378440359166735[&state=1],(nd65:0.2798285810515256[&state=86],nd66:0.2798285810515256[&state=105])nd64:0.056091106498665624[&state=82])nd59:0.11352233178898481[&state=13],nd60:0.44944201933917627[&state=120])nd45:0.6953269853002918[&state=66],nd46:1.1447690046394678[&state=86])nd42:0.092214341319439[&state=0])nd40:0.0035833155221284465[&state=0])nd38:0.11031254427329228[&state=0])nd35:0.01652281290971258[&state=0],nd36:1.36740201866404[&state=87])nd33:0.024131821297468662[&state=0],nd34:1.3915338399615087[&state=87])nd32:0.46858512861613066[&state=63])nd29:0.029528712740074733[&state=0],nd30:1.8896476813177145[&state=120])nd21:0.5753531783935983[&state=7],((nd57:0.6516194557614039[&state=108],nd58:0.6516194557614039[&state=108])nd23:1.680377474091916[&state=64],(nd47:1.0678148182478704[&state=107],nd48:1.0678148182478704[&state=120])nd24:1.26418211160545[&state=104])nd22:0.13300392985799245[&state=9])nd11:2.544466352104597[&state=28],(nd25:2.303546658452078[&state=107],nd27:2.303546658452078[&state=107])nd12:2.7059205533638315[&state=6])nd8:7.237176698054606[&state=6])root:0.0[&state=22];
