sample	replicate	trs
1	1	(((nd20:4.250270512838939,(nd46:4.033033756985729,(nd56:0.34507843823955175,nd57:0.34507843823955175)nd25:3.687955318746177)nd21:0.21723675585321067)nd16:0.17397690330870053,(nd60:0.06911017247503964,nd61:0.06911017247503964)nd18:4.3551372436725995)nd8:0.6392277251902141,((nd36:4.7439117718513,(((nd48:0.7290986860818274,nd49:0.7290986860818274)nd32:1.9837506234219764,((nd58:0.2458354138184318,nd59:0.2458354138184318)nd38:1.4812317854157733,nd39:1.727067199234205)nd33:0.9857821102695989)nd28:0.7723881959153456,((nd50:0.41409900631468444,nd52:0.41409900631468444)nd44:0.7070274127889419,nd45:1.1211264191036263)nd27:2.3641110863155235)nd15:1.2586742664321506)nd12:0.1012305583757116,nd54:4.845142330227012)nd11:0.21833281111084266)nd7:0.0;
