sample	replicate	trs
1	1	((((nd15:1.1813899690035456,(((nd25:0.4991529559170776,(nd29:0.20331631052183424,nd30:0.20331631052183424)nd26:0.29583664539524335)nd23:0.32458514238232494,nd24:0.8237380982994024)nd19:0.044169594971754864,((nd35:0.0898711458781399,nd36:0.0898711458781399)nd27:0.3352544506544476,(nd31:0.2021410530112304,nd32:0.2021410530112304)nd28:0.22298454352135708)nd20:0.4427820967385699)nd16:0.3134822757323882)nd3:12.5542784670514,((nd9:0.7508431642351473,((nd17:1.1753064136435887,nd18:1.1753064136435887)nd11:0.14156458478230466,(((nd33:0.1570974761367072,nd34:0.1570974761367072)nd21:0.6995910820385716,nd22:0.8566885581752787)nd13:0.3963409265521327,nd14:1.2530294847274117)nd12:0.06384151369848166)nd10:2.816036940118366)nd7:4.491928460821152,nd8:2.525806238278209)nd4:5.110832036689535)nd1:4.028873093774336,(nd5:2.7877433799092293,nd6:1.818331842873607)nd2:6.301832720944472)root:0.04035847017072403)origin:0.0;
