sample	replicate	trs
1	1	(((nd3:0.07245138664149282,(((nd11:1.080030112457465,((nd27:0.04603108425649471,nd28:0.04603108425649471)nd19:0.4383226018760272,((nd23:0.25206679419538075,nd24:0.25206679419538075)nd21:0.18845271007784006,nd22:0.4405195042732208)nd20:0.04383418185930109)nd12:0.5956764263249433)nd7:1.4838540013286643,nd8:1.7019617214477347)nd5:2.351489908945467,(nd9:2.311648719953093,(nd13:1.0612852250664697,((nd17:0.9305828641157652,(nd31:0.008414441112416769,nd32:0.008414441112416769)nd18:0.9221684230033483)nd15:0.07294376491963,((nd29:0.03674827089835448,nd30:0.03674827089835448)nd25:0.07289745362972035,nd26:0.10964572452807483)nd16:0.8938809045073205)nd14:0.05775859603107471)nd10:1.2503634948866238)nd6:2.6037253027785026)nd4:3.5224596898449203)nd1:1.3931205240235458,nd2:9.830954236600064)root:0.26434576339993576)origin:0.0;
