sample	replicate	trs
1	1	((((((nd37:0.5917187364016768[&state=7],(nd41:0.5233299456342115[&state=0],nd42:0.5233299456342115[&state=0])nd38:0.06838879076746529[&state=0])nd29:3.0713800304288195[&state=0],(((nd39:0.5572555379378156[&state=1],nd40:0.5572555379378156[&state=1])nd31:0.8684640191647028[&state=1],nd32:1.4257195571025183[&state=1])nd25:0.11922164225129477[&state=1],nd26:1.5449411993538131[&state=7])nd16:2.118157567476683[&state=1])nd13:0.15036363930251376[&state=22],(nd19:2.791800728672499[&state=0],nd20:2.791800728672499[&state=0])nd14:1.0216616774605103[&state=0])nd11:0.6853425943785619[&state=22],((nd27:1.5380120991888035[&state=9],nd47:1.5380120991888035[&state=2])nd17:1.9805394831767738[&state=8],nd18:3.518551582365577[&state=0])nd12:0.9802534181459945[&state=0])nd9:0.5124900180694326[&state=22],(nd33:1.2284737712486538[&state=6],(nd43:0.4864579790479956[&state=6],nd44:0.4864579790479956[&state=6])nd34:0.742015792200658[&state=6])nd10:3.782821247332351[&state=6])nd5:1.2272254345893918[&state=6],(((nd45:0.38547705738530647[&state=6],nd46:0.38547705738530647[&state=6])nd23:1.1910041353326632[&state=6],(nd35:1.0057637074362513[&state=6],nd36:1.0057637074362513[&state=6])nd24:0.5707174852817187[&state=6])nd21:0.5228084566721375[&state=6],nd22:2.099289649390107[&state=6])nd8:4.139230803780289[&state=6])nd3:0.0[&state=6];
