sample	replicate	trs
1	1	(((((nd139:0.4424477553128403,nd140:0.4424477553128403)nd93:1.7708206738713115,(((nd159:0.06918360721648427,nd160:0.06918360721648427)nd127:0.7311799593578379,(nd131:0.6171587336733436,nd132:0.6171587336733436)nd128:0.18320483290097833)nd118:1.235324054950069,nd111:2.035687621524392)nd94:0.17758080765976134)nd77:3.63278761310288,(((nd137:0.5181453054388787,nd138:0.5181453054388787)nd87:2.391581686509856,((nd133:0.6138549114528745,nd134:0.6138549114528745)nd114:0.9244368052097014,(nd129:0.6633168428733881,(nd143:0.39454243058862687,nd144:0.39454243058862687)nd130:0.2687744122847612)nd108:0.8749748737891879)nd74:1.371435275286159)nd54:2.5463710728393165,nd62:5.456098064788052)nd36:0.38995797749898187)nd33:0.261766793974822,(((((nd148:1.247605719016691,nd116:1.2476057190166914)nd103:1.3576160372337,((nd141:0.419208221601211,(nd151:0.30661978224906916,(nd155:0.11280798726714028,nd156:0.11280798726714028)nd152:0.1938117949819289)nd142:0.11258843935214191)nd122:0.7887798693459191,nd123:1.2079880909471303)nd86:1.3972336653032613)nd79:0.124739270859067,(nd145:0.38551910693198865,nd146:0.38551910693198865)nd135:2.344441920177469)nd71:0.5379892757787341,(nd149:0.3446965332861215,nd153:0.3446965332861215)nd125:2.923253769602071)nd69:0.0024128077674724553,((nd157:0.08847491491610451,nd158:0.08847491491610451)nd99:1.857436206543472,nd100:1.9459111214595766)nd70:1.3244519891960893)nd38:2.83745972560619)nd12:4.645431695479532,nd75:10.753254531741387)nd1:0.0;
