sample	replicate	trs
1	1	(((nd55:0.9424822970324094,nd63:0.9424822970324094)nd34:4.454568431682386,(((nd49:1.1005614045771392,(nd61:0.531703799782175,nd62:0.531703799782175)nd50:0.5688576047949644)nd35:0.8975830358873091,((((nd71:0.02465849474108713,nd72:0.02465849474108713)nd69:0.013055012860693287,nd70:0.03771350760178042)nd57:0.7447974390404845,nd58:0.7825109466422648)nd47:0.40137271382610323,nd48:1.1838836604683678)nd36:0.8142607799960805)nd30:3.395112724259631,(((nd45:1.2378820914489697,nd68:1.2378820914489699)nd41:0.14059917444748365,nd53:1.3784812658964531)nd39:0.181625451185217,(nd59:0.5540153811054231,nd60:0.5540153811054231)nd40:1.0060913359762471)nd28:3.833150447642409)nd18:0.0037935639907154765)nd9:3.4001234580678776,((nd43:1.2775534407049434,nd51:1.2775534407049431)nd31:2.073435286332037,(nd37:1.7197793055889832,nd38:1.7197793055889832)nd32:1.6312094214479969)nd22:5.446185459745693)root:0.0;
