sample	replicate	trs
1	1	((nd13:2.3370817448463113[&state=0],(nd39:0.9996657153260085[&state=6],nd40:0.9996657153260085[&state=6])nd26:1.337416029520304[&state=48])nd4:0.9420371691855718[&state=6],(((nd29:1.404931856000311[&state=6],((nd55:0.42942699522235733[&state=6],nd58:0.42942699522235733[&state=6])nd51:0.03913756752099762[&state=6],nd52:0.46856456274335495[&state=6])nd30:0.9363672932569561[&state=6])nd16:1.3735444424371013[&state=6],(nd37:1.7348452310098827[&state=6],((nd53:0.4346474947231676[&state=6],nd59:0.43464749472316755[&state=6])nd47:0.27771568106036426[&state=6],nd48:0.7123631757835319[&state=6])nd42:1.0224820552263507[&state=6])nd12:1.0436310674275295[&state=6])nd9:0.23693813645799155[&state=6],((nd46:1.7523767755382313[&state=6],((nd35:1.0988104655941748[&state=6],nd36:1.0988104655941748[&state=6])nd27:0.3338337513806248[&state=6],nd49:1.4326442169747997[&state=6])nd22:0.3197325585634316[&state=6])nd17:0.2639306513044974[&state=6],nd18:2.0163074268427286[&state=6])nd8:0.999107008052675[&state=6])nd2:0.26370447913648004[&state=6])root:0.0[&state=6];
