sample	replicate	trs
1	1	(((((nd54:0.7489424553266598[&state=0],(nd56:0.6236804284932016[&state=0],nd57:0.6236804284932016[&state=0]):0.1252620268334581[&state=0]):8.490409801504022[&state=0],((((nd28:0.5408747708753114[&state=0],nd29:3.373543704284277[&state=0]):1.2615510725592671[&state=0],((nd44:0.7114388149894576[&state=0],(nd60:0.1560483751513314[&state=0],nd61:0.1560483751513314[&state=0]):1.7465688799724743[&state=0]):1.2056483976892416[&state=0],((nd48:1.424709562926[&state=0],nd49:1.424709562926[&state=0]):0.6920513520057563[&state=0],nd43:0.5587688195776817[&state=0]):0.9915047378812911[&state=0]):2.171874241705819[&state=0]):1.7051516440308856[&state=0],(nd24:2.3899347544256813[&state=0],(nd26:4.618280951297173[&state=0],(nd34:0.6871224854896784[&state=0],nd35:0.30642440454026165[&state=0]):1.732322305305186[&state=0]):0.5236193048515653[&state=0]):1.8433912824010132[&state=0]):0.07731193455819375[&state=0],(((nd40:1.3671336141092922[&state=0],(((nd58:0.4201643935111358[&state=0],nd59:0.4201643935111358[&state=0]):0.6499006380917336[&state=0],nd51:1.0700650316028693[&state=0]):0.3632866022341311[&state=0],(nd52:0.9705942400273068[&state=0],nd53:0.9705942400273068[&state=0]):0.4627573938096937[&state=0]):0.7978606662265563[&state=0]):0.07207369581767853[&state=0],nd39:0.7676448801260796[&state=0]):3.7979090903272104[&state=0],(nd18:1.7844112935224015[&state=0],nd19:0.16893854585109877[&state=0]):0.627874552992193[&state=0]):0.9614083868995003[&state=0]):2.1767487837227355[&state=0]):0.4556154063469369[&state=0],nd5:2.8172288925967655[&state=0]):0.08167904722629331[&state=0],((nd36:1.9207381569909878[&state=5],nd37:2.707625265398346[&state=5]):4.99476219893725[&state=5],(nd10:6.205476964520578[&state=5],((nd30:3.3547136509343596[&state=5],nd31:3.3547136509343596[&state=5]):1.9167071126311035[&state=5],nd23:0.7714574823296664[&state=5]):1.8053786222844108[&state=5]):0.6255880784857223[&state=5]):2.0742592460683147[&state=16]):0.17147328959608985[&state=16]):0.0[&state=16];
