sample	replicate	trs
1	1	(((nd13:6.323199525428281[&state=103],(nd23:1.3242334537482672[&state=77],nd24:1.3242334537482672[&state=72])nd14:4.9989660716800195[&state=108])nd7:0.5911342349738367[&state=7],((nd27:0.8830437712135277[&state=1],nd28:0.8830437712135277[&state=67])nd9:5.863788924472465[&state=100],nd10:6.746832695685988[&state=103])nd8:0.16750106471613066[&state=7])nd6:6.390432175295372[&state=7],(nd22:10.929079190027338[&state=43],(((nd19:1.5822006202477044[&state=100],((nd31:0.09250834039959638[&state=2],nd32:0.09250834039959638[&state=102])nd25:1.1850273986215387[&state=102],(nd29:0.31282574107709044[&state=103],nd30:0.31282574107709044[&state=0])nd26:0.9647099979440442[&state=102])nd20:0.30466488122657037[&state=1])nd17:0.179217015770052[&state=120],nd18:1.7614176360177562[&state=125])nd11:4.684323027785876[&state=64],(nd15:4.0315774984647685[&state=119],nd16:4.0315774984647685[&state=118])nd12:2.4141631653388638[&state=9])nd4:4.483338526223715[&state=0])nd2:2.3756867456701483[&state=7])root:0.0[&state=7];
