sample	replicate	trs
1	1	((((nd27:0.031120034343886133[&state=3],nd28:0.031120034343886133[&state=3]):2.116226388440884[&state=3],(nd7:1.478513456455683[&state=2],(((nd21:0.25897317513399376[&state=2],nd22:0.25897317513399376[&state=2]):0.08408167919712449[&state=2],nd20:0.34305485433111826[&state=5]):0.5256305141444594[&state=19],(nd13:0.8140984578933456[&state=8],(nd23:0.2161322577286954[&state=5],nd24:0.2161322577286954[&state=98]):0.5979662001646501[&state=119]):0.05458691058223205[&state=37]):0.6098280879801055[&state=37]):0.6688329663290874[&state=12]):1.1250309403241097[&state=3],((nd15:0.7306862454736421[&state=3],(nd17:0.6178571461632459[&state=2],(nd25:0.17677518262948808[&state=3],nd26:0.17677518262948808[&state=5]):0.44108196353375784[&state=42]):0.11282909931039614[&state=43]):1.0444657374860855[&state=43],(nd9:1.3744268219044227[&state=3],nd10:1.3744268219044227[&state=3]):0.40072516105530503[&state=3]):1.4972253801491524[&state=3]):0.42926263689111943[&state=3]):0.0[&state=3];
