sample	replicate	trs
1	1	((((nd5:6.61354175765404,nd6:4.151700978237913)nd3:1.360838854690866,((nd13:5.364187760173404,((nd29:5.859649519421184,(nd47:2.0677481029653224,nd48:1.7058627295293711)nd30:3.791901416455862)nd19:5.991135437948885,nd20:4.264473647825659)nd14:4.425751363947727)nd9:1.8487330623218288,((nd15:3.4121017271940053,((((nd35:4.55840745888888,((nd55:1.0376132046730726,((nd61:0.4721670878316608,(nd63:0.39884134366170276,nd64:0.39884134366170276)nd62:0.07332574416995802)nd57:0.4123562727555725,nd58:0.8845233605872334)nd56:0.15308984408583914)nd43:1.4850539649522676,nd44:0.14235361218964349)nd36:2.035740289263539)nd31:1.151175002366734,((nd51:1.5229562296000052,nd52:0.7925961866243187)nd45:0.5516307258939914,(nd49:1.936150096149946,((nd65:0.39545571069601715,nd66:0.39545571069601715)nd59:0.34363886233529733,nd60:0.7390945730313145)nd50:1.1970555231186317)nd46:0.4315171389808831)nd32:3.3419152261247844)nd27:0.22896696193680105,nd28:3.6972488082594483)nd25:2.237501588908587,nd26:0.6915199023097487)nd16:6.664921542497583)nd11:1.9864646693693682,(nd33:5.347667580691438,((nd41:2.648860107220371,(nd53:1.4056840139961326,nd54:0.039806443390038214)nd42:1.2431760932242377)nd37:1.8624509258990956,nd38:4.511311033119466)nd34:0.8363565475719716)nd12:11.479769643276516)nd10:1.2978321596716724)nd4:6.5666956963798775)nd1:0.9823259936018826,(nd7:6.362954189786078,(((nd23:8.725984893109736,(nd39:3.8451229452996056,nd40:3.8451229452996056)nd24:4.88086194781013)nd21:0.14420712396832183,nd22:1.4998368101473192)nd17:5.349705622538934,nd18:12.13924626520295)nd8:7.720315237312679)nd2:3.7340781966917165)root:0.6195089263786178)origin:0.0;
