sample	replicate	trs
1	1	(((nd25:1.3902816680958978,(((nd51:0.2903603044527508,(nd55:0.09627456190079428,nd56:0.09627456190079428)nd52:0.19408574255195646)nd41:0.4103286793987431,nd42:0.7006889838514939)nd35:0.24104543790214075,nd36:0.9417344217536346)nd26:0.44854724634226323)nd5:2.6327097216386193,((nd9:3.2147478189221235,(((nd29:1.243096043341619,nd30:1.243096043341619)nd15:0.9164289946546516,(nd21:1.920052464755544,((nd49:0.32692543639378074,nd50:0.32692543639378074)nd27:1.0112349835670842,nd28:1.3381604199608648)nd22:0.5818920447946797)nd16:0.23947257324072532)nd11:0.742482607069197,((nd47:0.365526665304653,nd48:0.365526665304653)nd31:0.8621070395125056,(nd57:0.0043296620595429484,nd58:0.0043296620595429484)nd32:1.2233040427576158)nd12:1.6743739402483082)nd10:0.3127401738566575)nd7:0.35939501408856334,(((nd39:0.8391116786143766,nd40:0.8391116786143766)nd33:0.23280472726226897,nd34:1.0719164058766453)nd19:0.9747248433419256,nd20:2.04664124921857)nd8:1.527501583792117)nd6:0.4488485567238291)nd1:4.154249005316661,((((nd43:0.6002714104720125,(nd45:0.48393087278226044,nd46:0.48393087278226044)nd44:0.11634053768975199)nd17:1.5482247680260053,nd18:2.1484961784980174)nd13:0.474498494921851,nd14:2.622994673419867)nd3:3.78631983377528,(((nd53:0.12347660763295576,nd54:0.12347660763295576)nd37:0.7647115913482275,nd38:0.8881881989811833)nd23:0.9006580306699135,nd24:1.788846229651096)nd4:4.620468277544051)nd2:1.7679258878560287)root:0.0;
