sample	replicate	trs
1	1	(((nd3:2.130777617000046,(nd5:2.83972461511819,nd6:0.20627174260371814)nd4:0.03380656109957874)nd1:2.586388145267507,(nd7:2.914536706833878,(((nd13:0.2201536605761336,((nd17:0.8122159782345295,(((nd31:0.3939070598674147,(nd41:1.1329748398428496,nd42:2.359612817067401)nd32:1.2326349010673041)nd25:0.2915805513019812,((nd55:1.4560570610896821,((nd91:0.0675027726439703,nd92:0.0675027726439703)nd75:0.6374064687203711,(nd89:0.1706746480642598,nd90:0.1706746480642598)nd76:0.5342345933000816)nd56:0.7511478197253402)nd49:0.24405500339664163,((nd63:1.020742750473142,((nd87:0.19898791980973102,nd88:0.19898791980973102)nd67:0.5850991274277304,nd68:0.7840870472374615)nd64:0.2366557032356805)nd53:0.5066634684721412,nd54:1.5274062189452842)nd50:0.17270584554103988)nd26:2.1837162049503647)nd19:3.705505255982601,(nd21:0.6820497437258207,(nd27:1.9334143824714987,(((nd43:2.2207115166730933,((nd65:0.7963530109172114,nd66:0.7963530109172114)nd57:0.5713766702148706,(nd73:0.7159892073411454,(nd81:0.4518640402214727,(nd85:0.24845909724086002,nd86:0.24845909724086002)nd82:0.20340494298061262)nd74:0.2641251671196727)nd58:0.651740473790937)nd44:0.852981835541012)nd37:0.9660391523636505,nd38:2.524658916283144)nd35:0.1537343617621811,nd36:0.0016145467655459564)nd28:0.47160997200786703)nd22:1.7047786868829105)nd20:2.072459835729586)nd18:0.7297832420021879)nd15:1.0327538379145818,(((((nd93:0.014685165857547793,nd94:0.014685165857547793)nd45:1.7159798162730804,(nd77:0.5693179452569845,nd78:0.5693179452569845)nd46:1.1613470368736432)nd33:1.75176643599942,((nd79:0.5531291272388977,nd80:0.5531291272388977)nd51:0.992769479139195,((nd95:0.005933510175688397,nd96:0.005933510175688397)nd61:1.0433006338977473,nd62:1.0492341440734356)nd52:0.4966644623046563)nd34:1.9365328117519554)nd29:0.16412089205936958,(nd47:1.7235565169654714,((nd83:0.36550987081063147,nd84:0.20571735783007514)nd59:0.7962287404481168,(nd69:0.7649829983216423,(nd71:0.7371849129827397,nd72:0.7371849129827397)nd70:0.027798085338902725)nd60:0.3967556129371059)nd48:0.5618179057067223)nd30:1.9229957932239459)nd23:0.9306374830155001,(nd39:2.5969377825527267,nd40:2.5969377825527267)nd24:1.9802520106521884)nd16:4.774680812131141)nd14:1.4720467063317888)nd11:2.5731103351851763,nd12:4.889200362430596)nd9:2.7111344681915965,nd10:2.376791844278994)nd8:0.5005979110087415)nd2:5.468311521772447)root:3.896428452174175)origin:0.0;
