sample	replicate	trs
1	1	((((nd24:6.7438755205686345,nd25:6.7438755205686345)nd16:1.068599814577079,((nd43:5.131927358348765,nd31:5.131927358348764)nd20:1.9771051850743881,(nd44:0.6020971632025759,(nd46:0.29404881840068264,nd47:0.29404881840068264)nd45:0.30804834480189325)nd21:6.506935380220577)nd17:0.7034427917225613)nd12:4.13037590323353,((nd32:4.783150045347651,(nd38:2.885511077328558,nd39:2.885511077328558)nd33:1.8976389680190935)nd18:2.5363068708311376,(nd26:6.177232907998291,(nd37:3.977302539203617,nd35:3.9773025392036176)nd27:2.199930368794673)nd19:1.1422240081804982)nd13:4.623394322200454)nd10:0.4773405990492623,(nd22:6.918023819496771,(nd28:5.561673195563003,nd29:5.561673195563003)nd23:1.3563506239337677)nd14:5.5021680179317345)nd9:0.0;
