sample	replicate	trs
1	1	(((nd6:0.497416148476848[&state=0],(nd8:1.4122244814945442[&state=0],((((nd24:6.7438755205686345[&state=0],nd25:6.7438755205686345[&state=0]):1.068599814577079[&state=0],(((nd42:2.027164214666277[&state=0],nd43:2.491990541499434[&state=0]):2.6399368168493305[&state=0],nd31:5.131927358348764[&state=0]):1.9771051850743881[&state=0],(nd44:0.6020971632025759[&state=0],(nd46:0.29404881840068264[&state=0],nd47:0.29404881840068264[&state=0]):0.30804834480189325[&state=0]):6.506935380220577[&state=0]):0.7034427917225613[&state=0]):4.13037590323353[&state=0],((nd32:4.783150045347651[&state=0],(nd38:2.885511077328558[&state=0],nd39:2.885511077328558[&state=0]):1.8976389680190935[&state=0]):2.5363068708311376[&state=0],(nd26:6.177232907998291[&state=0],(((nd40:2.29265826252791[&state=0],nd41:0.6325205436022499[&state=0]):0.5695039601579817[&state=0],nd37:3.1656995175502525[&state=0]):0.8116030216533647[&state=0],nd35:3.9773025392036176[&state=0]):2.199930368794673[&state=0]):1.1422240081804982[&state=0]):4.623394322200454[&state=0]):0.4773405990492623[&state=0],((nd22:6.918023819496771[&state=0],(nd28:5.561673195563003[&state=0],nd29:5.561673195563003[&state=0]):1.3563506239337677[&state=0]):2.314968375670792[&state=0],nd15:0.0895913954253508[&state=0]):3.1871996422609423[&state=0]):0.6313312001961638[&state=0]):5.843675675986852[&state=0]):1.5643012652928003[&state=16],(nd4:7.519909023453225[&state=5],nd5:10.258921214092265[&state=5]):0.8686098741168577[&state=5]):5.577800021095671[&state=16]):0.0[&state=16];
