sample	replicate	trs
1	1	(nd7:19.91272790306453,(nd13:1.6791854576472196,((nd28:1.4006362143064572,(nd54:1.3347917594976773,((nd59:1.1386634711677737,(nd67:0.9461755789949458,(nd76:0.23463372831077706,nd74:0.2346337283107771)nd68:0.7115418506841688)nd61:0.19248789217282755)nd57:0.04011026344093752,nd70:1.178773734608711)nd30:0.15601802488896602)nd24:0.06584445480877994)nd21:0.03263930015760975,(((nd71:0.5885689252375602,nd72:0.5885689252375602)nd52:0.679033217820647,(nd49:1.2356678019673217,nd50:1.2356678019673217)nd44:0.03193434109088555)nd41:0.05597929148901209,(nd47:1.2395316444687567,((nd77:0.05835920278039873,nd78:0.05835920278039873)nd63:1.0526390465012299,(nd65:0.9643831902712567,nd66:0.9643831902712567)nd64:0.1466150590103717)nd48:0.12853339518712786)nd46:0.0840497900784627)nd22:0.10969407991684753)nd17:0.24590994318315285)nd10:18.233542445417314)root:0.0;
