sample	replicate	trs
1	1	((nd2:0.22809038957702388[&state=0],((((nd28:0.6475783547484188[&state=5],nd29:1.9789968114195362[&state=5]):4.329740334784402[&state=5],(((nd52:1.2783862579252596[&state=5],(nd58:0.765487456158511[&state=5],nd59:0.765487456158511[&state=5]):0.5128988017667484[&state=5]):0.1654240351809567[&state=5],nd51:1.2576752958174862[&state=5]):4.665590134234563[&state=5],nd17:0.5454806310344187[&state=5]):1.3869021397883445[&state=5]):1.5489923369948162[&state=5],((nd18:5.227769860608863[&state=5],(nd30:0.04845249773633095[&state=5],(nd32:0.0906660278347376[&state=5],((nd36:1.073150515938168[&state=5],(((nd56:1.0861827287647592[&state=5],nd57:0.5371373020730421[&state=5]):0.18318124767605698[&state=5],(nd62:0.6187465068224447[&state=5],((nd68:0.05936983167179333[&state=5],nd69:0.05936983167179333[&state=5]):0.26763050232375585[&state=5],nd67:0.3270003339955492[&state=5]):0.2917461728268955[&state=5]):0.6506174696183713[&state=5]):0.3103412659096797[&state=5],(((nd64:0.44228749652338617[&state=5],nd65:0.44228749652338617[&state=5]):0.25591660665403543[&state=5],nd61:0.6982041031774217[&state=5]):0.7940828799132251[&state=5],nd47:0.8521073728973871[&state=5]):0.08741825925984903[&state=5]):0.7052757952738907[&state=5]):0.1458442089322975[&state=5],(nd44:1.5501943323621408[&state=5],nd45:1.5501943323621408[&state=5]):0.8806309141945435[&state=5]):0.0038735443603899696[&state=5]):0.07295839125185796[&state=5]):2.720112678439931[&state=5]):3.345114743104776[&state=5],((((nd48:1.45005640177228[&state=5],nd49:1.45005640177228[&state=5]):0.13917511177009867[&state=5],nd41:1.5892315135423787[&state=5]):3.119460076854389[&state=5],nd21:2.549800468859295[&state=5]):2.778312368904755[&state=5],nd13:2.143175989464284[&state=5]):1.0858806444121165[&state=5]):0.4724103004102994[&state=5]):1.8940637136389764[&state=5],((nd38:1.4188263785265895[&state=5],nd39:0.32654250834835136[&state=5]):4.389619890130189[&state=5],(nd22:1.197928075136539[&state=5],((nd26:0.08149288405361335[&state=5],nd27:1.9477607000108899[&state=5]):0.9948511437911526[&state=5],nd25:2.494612484863646[&state=5]):0.09246984813631835[&state=5]):1.9792549274709461[&state=5]):4.3804542932305885[&state=5]):0.7315276183454728[&state=5]):2.8841137638916168[&state=16]):0.0[&state=16];
