sample	replicate	trs
1	1	(((((((nd37:0.4662110142837768[&state=6],(nd41:0.3341990884347387[&state=6],nd42:0.3341990884347387[&state=6])nd38:0.13201192584903812[&state=6])nd23:0.9733224881340089[&state=6],((nd43:0.29413856356136203[&state=2],nd44:0.29413856356136203[&state=9])nd25:1.0448721515532662[&state=9],(nd27:1.2799480803414793[&state=2],nd28:1.2799480803414793[&state=30])nd26:0.05906263477314924[&state=2])nd24:0.1005227873031577[&state=2])nd13:0.6355872486726662[&state=24],((nd31:0.8481062933983207[&state=6],nd32:0.8481062933983207[&state=6])nd21:0.816089695475241[&state=6],nd22:1.6641959888735616[&state=6])nd14:0.4109247622168904[&state=6])nd7:0.9221511594531178[&state=6],(nd15:1.9309059274224971[&state=6],((nd39:0.37620438557788416[&state=6],nd40:0.37620438557788416[&state=6])nd35:0.35389182377561124[&state=6],((nd49:0.01787229925874771[&state=22],nd50:0.01787229925874771[&state=6])nd45:0.12881730647465067[&state=22],nd46:0.1466896057333984[&state=6])nd36:0.583406603620097[&state=6])nd18:1.2008097180690014[&state=6])nd8:1.066365983121073[&state=6])nd5:0.6180568578144696[&state=6],(nd47:0.14103658725438195[&state=6],nd48:0.14103658725438195[&state=6])nd6:3.474292181103657[&state=6])nd3:1.042012273621602[&state=6],nd33:4.657341041979642[&state=0])nd1:0.7820912051975738[&state=6],nd10:5.439432247177215[&state=6])root:0.0[&state=6];
