sample	replicate	trs
1	1	((nd1:4.752286579903146[&state=87],(((nd23:0.5385734432803113[&state=105],nd24:0.5385734432803113[&state=9]):2.3888652823537715[&state=98],(((nd27:0.3414865147301174[&state=25],nd28:0.3414865147301174[&state=79]):1.4475863657523684[&state=106],((nd25:0.4871814520532445[&state=7],(nd29:0.1655851813184535[&state=0],nd30:0.1655851813184535[&state=0]):0.321596270734791[&state=0]):0.4385892720012772[&state=0],nd20:0.9257707240545215[&state=0]):0.8633021564279643[&state=0]):0.08572554157115406[&state=0],nd12:1.87479842205364[&state=36]):1.0526403035804421[&state=0]):0.9953240378313546[&state=0],(nd5:3.3762777166323943[&state=57],(nd9:2.6981605913146467[&state=0],((nd17:0.9509943461748024[&state=0],(nd21:0.7463270160784045[&state=0],nd22:0.7463270160784045[&state=0]):0.20466733009639798[&state=7]):0.05263057763417853[&state=7],nd16:1.0036249238089807[&state=0]):1.6945356675056653[&state=7]):0.6781171253177474[&state=28]):0.5464850468330433[&state=28]):0.8295238164377096[&state=7]):4.288433420096853[&state=7]):0.0[&state=22];
