sample	replicate	trs
1	1	(((nd11:4.707870904444688,(((nd23:1.714407341854149,nd24:1.714407341854149)nd19:0.3864600705855456,nd20:2.1008674124396944)nd15:0.6131686846382626,nd16:2.7140360970779587)nd12:1.99383480736673)nd6:3.381562348225364,(((nd25:0.9176004297643925,nd26:0.9176004297643925)nd17:1.7071205285876314,(nd21:2.020787269330906,(nd27:0.803990948443783,nd28:0.803990948443783)nd22:1.2167963208871238)nd18:0.6039336890211173)nd13:0.9542261956287605,nd14:3.5789471539807853)nd4:4.510486098689268)nd1:1.5755518770219845,((nd31:0.1151430897369751,nd32:0.1151430897369751)nd7:6.236053542593515,((nd29:0.47463401055323795,nd30:0.47463401055323795)nd9:5.270396985507058,nd10:5.745030996060295)nd8:0.606165636270193)nd2:3.3137884973615503)root:0.0;
