sample	replicate	trs
1	1	(nd15:17.17138091515833,((((nd37:0.0880490539615516,nd38:0.0880490539615516)nd13:7.462679301133862,((nd19:2.2193829407088534,nd20:2.2193829407088534)nd17:0.5050858143576231,(nd27:0.9641105264804782,nd28:0.9641105264804782)nd18:1.7603582285859942)nd14:4.826259600028936)nd9:4.4150848131248885,((((nd31:0.6530849751123382,nd32:0.6530849751123382)nd23:1.4340843438866973,(nd33:0.5061166187687409,nd34:0.5061166187687409)nd24:1.5810527002302959)nd21:0.12325511454645874,(nd29:0.6816175197152186,nd30:0.6816175197152186)nd22:1.5288069138302764)nd11:8.198927136710251,(nd35:0.2145175371109145,nd36:0.2145175371109145)nd12:10.194834033144842)nd10:1.5564615979645466)nd7:1.2743980458703694,(nd25:1.624380420512346,nd26:1.624380420512346)nd8:11.615830793578322)nd6:3.9311697010676565)nd4:0.0;
