sample	replicate	trs
1	1	((((nd9:1.3961739579482488[&state=0],(nd13:1.017126149479973[&state=7],nd14:1.017126149479973[&state=6]):0.3790478084682763[&state=0]):0.10823357978842138[&state=7],((nd39:0.2610892577042174[&state=0],((nd51:0.026520952188431052[&state=0],nd52:0.026520952188431052[&state=0]):0.21846175146808222[&state=0],nd42:0.24498270365651328[&state=0]):0.01610655404770415[&state=0]):0.733876117753572[&state=0],nd16:0.22651899409360327[&state=1]):0.5094421622788814[&state=1]):0.4682506343297287[&state=7],((((nd43:0.0598565715120291[&state=6],nd44:0.16998628008911423[&state=6]):0.32277086282645[&state=6],(nd47:0.06526946943506845[&state=6],nd48:0.06526946943506845[&state=6]):0.42748767348049577[&state=6]):0.2506687397536397[&state=6],nd22:0.7434258826692037[&state=1]):0.8314897577134798[&state=23],((nd23:0.7132811147876024[&state=7],((nd49:0.06517617798648846[&state=7],nd50:0.06517617798648846[&state=1]):0.2585635539141798[&state=7],nd38:0.3237397319006682[&state=0]):0.38954138288693424[&state=7]):0.7417258412678956[&state=7],((nd17:0.015300188005279906[&state=0],(nd27:0.5690431824038471[&state=0],(nd31:0.5003367712216431[&state=7],(nd53:0.0016885128012990177[&state=7],nd54:0.0016885128012990177[&state=0]):0.4986482584203441[&state=7]):0.06870641118220402[&state=0]):0.3662266009978344[&state=0]):0.3584724313538733[&state=0],(((nd45:0.13177489408464474[&state=6],nd46:0.13177489408464474[&state=1]):0.5123569753019392[&state=7],(nd29:0.362981651590356[&state=1],(nd35:0.38054066595609437[&state=0],nd36:0.43414620336731335[&state=1]):0.09857121774821338[&state=0]):0.11141444827105723[&state=0]):0.22337177509644046[&state=7],nd20:0.27745085859661817[&state=1]):0.42623857027253037[&state=48]):0.16126474129994342[&state=0]):0.11990868432718564[&state=7]):0.3977425316837155[&state=48]):0.26648182793360103[&state=22]):0.0[&state=25];
