sample	replicate	trs
1	1	(((((nd41:1.239576712501576,(nd43:1.1199109476365954,nd44:1.1199109476365954)nd42:0.11966576486498082)nd37:0.3336465743375203,((nd57:0.2181102364272326,nd58:0.2181102364272326)nd39:1.1030387671285906,nd40:1.321149003555823)nd38:0.25207428328327336)nd23:2.063862239008734,(nd47:0.895497553975645,nd48:0.38869988512622317)nd24:2.7415879718721854)nd1:2.1708316927216247,((nd5:1.9777215968738344,(nd9:3.3049753131152264,(nd21:3.8019458678012295,(((nd49:0.7207431510236307,nd50:0.7207431510236307)nd33:1.1115580830342824,((nd45:0.8918586736280372,(nd53:0.5879031091014573,(nd55:0.30334249872877256,nd56:0.30334249872877256)nd54:0.28456061037268476)nd46:0.41432411579059125)nd35:0.7834227385424202,nd36:1.7856499634344687)nd34:0.0466512706234442)nd25:1.3165168472210647,nd26:3.148818081278977)nd22:0.6531277865222516)nd10:1.3929803164366212)nd6:0.34886056907637836)nd3:0.08601912642284201,((nd17:0.1037394017945507,(nd27:1.3835843830369177,nd28:0.8682652530152218)nd18:1.6847568390496654)nd7:0.6558289149223553,((nd15:4.928808560618688,nd16:2.5679774246744556)nd11:0.2445727765932593,((nd19:4.510671808016068,nd20:4.510671808016068)nd13:0.5516977720109618,(nd29:3.0085148396328774,(nd31:0.45836471561278747,((nd59:0.11163558381470365,nd60:0.11163558381470365)nd51:0.4967920076727145,nd52:0.6084275914874181)nd32:1.841225537181118)nd30:0.5588617109643416)nd14:2.0538547403941516)nd12:0.11101175718491763)nd8:0.2711415379888608)nd4:0.18528300453626323)nd2:0.17811133883238414)root:0.6927527814305449)origin:0.0;
