sample	replicate	trs
1	1	((((nd29:2.2109794328346917[&state=24],nd30:2.2109794328346917[&state=2])nd18:7.598744048231852[&state=2],((nd45:0.021869405040150093[&state=43],nd46:0.021869405040150093[&state=5])nd43:0.2531683807966381[&state=43],nd44:0.2750377858367882[&state=2])nd21:9.534685695229756[&state=43])nd3:0.2859394984989654[&state=1],(nd15:7.055217648189643[&state=47],(nd47:0.00409713413157653[&state=102],nd48:0.00409713413157653[&state=3])nd23:7.051120514058066[&state=102])nd4:3.0404453313758677[&state=7])nd1:3.5942072731164294[&state=7],((nd27:2.8024452430968125[&state=74],((nd35:1.0645880151684206[&state=1],(nd39:0.6056513565741288[&state=6],nd40:0.6056513565741288[&state=0])nd36:0.45893665859429156[&state=22])nd31:0.6499556359336771[&state=0],(((nd41:0.5393951897965439[&state=4],nd42:0.5393951897965439[&state=5])nd37:0.44846016711415615[&state=4],nd38:0.9878553569106998[&state=12])nd33:0.3269919541964638[&state=35],nd34:1.3148473111071637[&state=0])nd32:0.399696339994934[&state=10])nd28:1.087901591994715[&state=0])nd19:3.454704818076848[&state=0],nd20:6.25715006117366[&state=18])nd2:7.432720191508282[&state=7])root:0.0[&state=0];
