sample	replicate	trs
1	1	(((nd15:0.3528724114834296,(nd41:0.3096526850071238,(nd27:0.2653207309321255,(nd37:0.0817078593286263,nd38:0.0817078593286263)nd28:0.18361287160349923)nd22:0.04433195407499823)nd16:0.04321972647630594)nd14:0.1777515042668889,((nd29:0.18821308433068132,nd30:0.18821308433068132)nd23:0.08918226732691859,nd24:0.27739535165759993)nd12:0.2532285640927187)nd4:0.3687597553645725,((nd18:0.5621341799646147,((nd33:0.11281719820671718,nd34:0.11281719820671718)nd19:0.2102131265217437,nd20:0.3230303247284609)nd10:0.23910385523615388)nd5:0.049987234971537814,(nd36:0.6062122730839588,(nd39:0.13227566109980476,nd32:0.13227566109980476)nd26:0.47393661198415393)nd6:0.0059091418521938135)nd2:0.2872622561787386)root:0.0;
