sample	replicate	trs
1	1	(((nd7:9.658523535005306[&state=66],(((nd33:0.20185514416442382[&state=0],nd34:0.20185514416442382[&state=116]):5.4337086908218[&state=126],((nd29:0.26968404881111935[&state=119],nd30:0.26968404881111935[&state=102]):0.3431708302820531[&state=98],nd28:0.6128548790931724[&state=119]):5.022708955893053[&state=126]):0.18765158177359956[&state=2],nd12:0.638541968226722[&state=6]):3.8353081182454893[&state=49]):5.243085924034104[&state=7],((((nd31:0.26902948600217474[&state=103],nd32:0.26902948600217474[&state=101]):4.92734953684586[&state=117],nd16:0.37640499877046535[&state=6]):3.279881611587765[&state=6],(nd19:3.5766302038703084[&state=65],(nd21:1.7506027345991133[&state=119],(nd23:0.8153182412562449[&state=6],(nd25:0.7629886423387924[&state=101],nd26:0.7629886423387924[&state=103]):0.05232959891745256[&state=119]):0.9352844933428689[&state=125]):1.8260274692711917[&state=104]):4.899630430565485[&state=63]):1.7580723408230639[&state=23],(nd5:0.9269319581253845[&state=1],(nd17:4.939480737707617[&state=119],nd18:4.939480737707617[&state=69]):4.977439353649014[&state=28]):0.31741288390222433[&state=1]):4.667276483780556[&state=7]):4.093990540960602[&state=7]):0.0[&state=22];
