sample	replicate	trs
1	1	(((((nd38:1.522314367619719,(nd88:0.07705191165237392,nd89:0.07705191165237392)nd39:1.445262455967345)nd16:1.70434800117446,(((nd60:0.8767844444870324,nd61:0.8767844444870324)nd20:1.5504428154245418,nd47:2.427227259911574)nd18:0.4735946257317337,nd29:2.9008218856433077)nd17:0.3258404831508721)nd14:0.02664545379963469,((nd76:0.39634682813932115,nd77:0.39634682813932115)nd59:1.8244013300409638,nd85:2.220748158180285)nd15:1.0325596644135298)nd10:1.0524237108499301,(((nd44:1.478386904981264,(nd78:0.31038911565462957,nd79:0.31038911565462957)nd52:1.1679977893266347)nd43:0.23221985134563458,((nd66:0.7699854855219174,nd65:0.7699854855219174)nd34:0.8830634015211044,(nd56:1.230241367544428,((nd72:0.6965299869530825,(nd80:0.3087339713920687,nd81:0.3087339713920687)nd73:0.38779601556101395)nd70:0.06660133754937775,nd71:0.7631313245024602)nd57:0.4671100430419677)nd35:0.4228075194985939)nd33:0.05755786928387697)nd30:0.18805186411095348,nd75:1.8986586204378526)nd24:2.4070729130058925)nd6:0.8649521984060233,((nd82:0.24368567534851004,(nd86:0.08818927171673027,nd87:0.08818927171673027)nd83:0.1554964036317798)nd68:0.5219964822663792,nd69:0.7656821576148891)nd12:4.405001574234878)nd5:0.0;
