sample	replicate	trs
1	1	((((nd10:7.504296714395921,nd11:1.4469796872985068)nd4:1.407262752992903,(((nd40:1.3568038055431928,nd41:1.3568038055431928)nd8:6.291835468473512,((nd22:2.6321025282413935,nd23:3.156963799703989)nd20:0.4416480434880535,(nd24:3.04191840206261,nd25:3.04191840206261)nd21:0.5566934411294326)nd9:4.050027430824662)nd6:0.7950216613308125,((((nd34:0.5244438313010287,nd35:1.9618934746738645)nd18:2.7584700027529805,(nd28:0.2999373620587038,nd29:2.772462303403137)nd19:1.8767441586462261)nd14:0.8861999786246721,(nd30:2.6922305948186267,(nd38:1.6907748990608922,((nd46:0.1620131857904459,nd47:0.33616157543155245)nd42:0.15571657672529504,nd43:0.4918781521568475)nd39:1.1988967469040448)nd31:1.001455695757734)nd15:2.9143328612328903)nd12:0.07795575186420553,(nd16:5.083221893414958,nd17:0.9272919194701527)nd13:0.3173525104076047)nd7:2.759141727431795)nd5:0.4678985320413053)nd2:1.0264736824288487,(nd26:2.9832924806118055,(nd32:1.9707816292558198,((nd44:0.48754044151096854,nd45:0.48754044151096854)nd36:1.4716348739705356,nd37:1.9591753154815041)nd33:0.011606313774315525)nd27:1.0125108513559855)nd3:6.954740669205866)root:13.855666850182327)origin:0.0;
