sample	replicate	trs
1	1	((((nd34:6.046981386398448[&state=0],nd55:6.046981386398449[&state=0])nd21:1.2646477974805557[&state=0],(((nd59:1.078464772479306[&state=0],nd60:1.078464772479306[&state=0])nd53:1.9948426373602262[&state=0],(nd63:0.9823934449007226[&state=0],nd64:0.9823934449007226[&state=0])nd54:2.0909139649388098[&state=0])nd45:2.1913590921444857[&state=0],nd36:5.264666501984017[&state=0])nd22:2.0469626818949873[&state=0])nd17:1.7599700176149355[&state=0],((nd41:4.0293003681156545[&state=0],nd40:4.029300368115654[&state=0])nd28:2.4577532012166996[&state=0],nd44:6.487053569332353[&state=0])nd19:2.5845456321615865[&state=0])nd15:0.22408145993347237[&state=0],(nd23:7.056375164177498[&state=0],(((nd65:0.66416752815441[&state=0],nd66:0.66416752815441[&state=0])nd61:0.3427228873017387[&state=0],nd62:1.0068904154561489[&state=0])nd47:3.770271963749513[&state=0],nd38:4.777162379205662[&state=0])nd24:2.279212784971837[&state=0])nd16:2.239305497249913[&state=0])nd14:0.0[&state=0];
