sample	replicate	trs
1	1	(((nd79:1.9692812947897749,(nd62:1.5636386865730665,nd64:1.5636386865730665)nd57:0.40564260821670917)nd28:2.4222768890276534,((nd60:2.8872053670678217,(nd96:0.38360990259607175,nd97:0.38360990259607175)nd59:2.5035954644717497)nd32:1.0510798615715884,nd33:3.9382852286394097)nd29:0.453272955178018)nd16:5.1188523678338615,((((nd76:0.830446449805311,(nd92:0.4182007440450215,nd93:0.4182007440450215)nd77:0.4122457057602895)nd55:2.700707561149783,(nd98:0.09102392227610784,nd99:0.09102392227610784)nd41:3.440130088678987)nd24:4.135580027300092,(((nd86:0.5416814013777156,nd94:0.5416814013777156)nd68:0.5792496363058707,nd69:1.1209310376835866)nd52:1.1292645701516146,(((nd91:0.7457428192539793,nd81:0.7457428192539793)nd75:0.24441058792348408,((nd89:0.6665926894736283,nd85:0.6665926894736284)nd72:0.2974252567055384,nd73:0.9640179461791667)nd71:0.026135460998296674)nd66:0.14587691010527146,nd67:1.136030317282735)nd53:1.1141652905524662)nd27:5.416538430419985)nd4:0.18985508866678408,nd83:7.856589126921971)nd3:1.6538214247293188)root:0.0;
