sample	replicate	trs
1	1	(((((nd31:2.096029532974031[&state=0],nd32:0.18281285973322808[&state=0]):0.7060448599821696[&state=0],(nd27:2.6711053183401186[&state=0],(nd43:0.6812019158950897[&state=0],nd44:0.6812019158950897[&state=0]):1.9899034024450288[&state=0]):0.13096907461608157[&state=0]):4.6991496066168175[&state=0],(((nd21:3.659171481234088[&state=0],nd22:0.6198951191646099[&state=0]):2.5497110225668598[&state=0],(nd37:1.8319179840818092[&state=0],nd38:1.8319179840818092[&state=0]):4.376964519719138[&state=0]):1.2828576174670325[&state=0],((nd29:2.3911273390470225[&state=0],(nd35:1.9501973477763122[&state=0],nd36:1.9501973477763122[&state=0]):0.44092999127071025[&state=0]):2.8062543854689745[&state=0],nd20:5.1973817245159974[&state=0]):2.294358396751983[&state=0]):0.009483878305036933[&state=0]):8.05737882475217[&state=0],(nd3:3.392397269905643[&state=0],(nd5:0.4401951754362261[&state=0],((nd17:5.687969276148124[&state=0],(nd23:3.2182413975797073[&state=0],nd24:3.5468679949306474[&state=0]):2.141101281217475[&state=0]):4.546321664093276[&state=0],(nd9:2.9779548668649842[&state=1],((nd39:1.1425461542545423[&state=1],(nd41:0.9290996975629799[&state=1],nd42:0.9290996975629799[&state=1]):0.21344645669156234[&state=1]):0.9132840799317288[&state=1],nd34:2.055830234186271[&state=1]):7.042221541300209[&state=1]):1.136239164754919[&state=1]):1.8877348743469864[&state=7]):2.639730822987959[&state=0]):0.7968461867488438[&state=0]):3.0523971756748156[&state=0]):0.0[&state=22];
