sample	replicate	trs
1	1	((nd1:4.669395027027668[&state=6],((((nd9:2.8644202725891117[&state=7],(((((nd31:0.3663203825080176[&state=108],(nd33:0.2063657301604985[&state=16],((nd37:0.09084456269184266[&state=4],nd38:0.09084456269184266[&state=55]):0.08381171426526335[&state=55],nd36:0.17465627695710606[&state=16]):0.03170945320339247[&state=86]):0.15995465234751893[&state=108]):0.938589259873223[&state=120],nd22:1.3049096423812407[&state=82]):0.630291113566119[&state=63],nd18:1.722060799747323[&state=0]):0.35926220911671686[&state=28],nd14:2.294462965064077[&state=65]):0.15014732859987853[&state=9],(((nd25:0.6730199081008802[&state=25],nd26:0.6730199081008802[&state=50]):0.611993786523284[&state=29],(nd39:0.06575214241687496[&state=85],nd40:0.06575214241687496[&state=2]):1.2192615522072894[&state=107]):0.6715336521529012[&state=12],((nd29:0.5578560332164126[&state=16],nd30:0.5578560332164126[&state=87]):0.914728522193691[&state=98],(nd27:0.5978298188085079[&state=6],nd28:0.5978298188085079[&state=37]):0.8747547366015956[&state=53]):0.4839627913669613[&state=10]):0.4880629468868896[&state=63]):0.4198099789251553[&state=28]):1.9077383763992835[&state=28],nd8:4.772158648988397[&state=80]):2.159145577234158[&state=7],nd6:0.13298724688620644[&state=0]):2.6146105923255556[&state=7],nd4:1.5450241730975343[&state=6]):4.230363794641671[&state=22]):0.07462138681021895[&state=22]):0.0[&state=22];
