sample	replicate	trs
1	1	(((((((((nd57:0.028944572612975082,nd58:0.028944572612975082)nd43:0.7372053227678761,nd44:0.7207708778906566)nd29:1.1354901770224477,(nd37:1.011242390400966,nd38:1.011242390400966)nd30:0.8903976820023333)nd13:3.729523765691883,((((nd31:1.682028180087194,((nd35:1.0164612428075799,nd36:1.0164612428075799)nd33:0.3841225292970036,nd34:1.4005837721045844)nd32:0.2814444079826097)nd27:1.0844420014935003,((nd49:0.37870670108783194,nd50:0.06358835790234815)nd45:0.15000810753629368,nd46:0.5287148086241258)nd28:2.237755372956567)nd23:0.5255496298711403,nd24:1.2785762799484581)nd15:2.145718124970373,((nd47:0.21911067425181505,(nd55:0.12668478859842208,nd56:0.12668478859842208)nd48:0.28387258259399895)nd39:0.5972181300828671,nd40:0.7746101860894619)nd16:4.42996243514692)nd14:0.19342590167297521)nd9:1.1354355409120958,nd10:1.4026488363066483)nd5:7.252680063417156,(((nd51:0.24336042891459725,(nd53:0.24200570185808556,nd54:0.24200570185808556)nd52:0.0013547270565116946)nd11:6.461436481976047,nd12:0.742699199357283)nd7:5.249774356961513,(nd21:3.397862445611242,(nd25:1.7046072842942592,nd26:2.9020925578511756)nd22:0.49576988776006653)nd8:8.55670882224091)nd6:2.064708174572277)nd3:3.461812838585356,nd4:3.1958171511573235)nd1:1.0798188331685956,(nd17:0.13237921065237507,((nd41:0.8884242523480921,nd42:0.8884242523480921)nd19:3.0566061951000947,nd20:1.7584156449811679)nd18:0.6520528995716444)nd2:13.96382776715855)root:0.09068888582161311)origin:0.0;
