sample	replicate	trs
1	1	((((nd55:1.1182618381056897[&state=6],(nd59:1.019137399461123[&state=6],nd60:1.019137399461123[&state=6])nd56:0.09912443864456677[&state=6])nd25:2.771922100438254[&state=6],(nd37:2.4482129577222964[&state=6],(nd81:0.04469469756885884[&state=0],nd82:0.04469469756885884[&state=6])nd61:2.4035182601534375[&state=22])nd26:1.4419709808216468[&state=6])nd3:5.152343991398443[&state=6],(((((nd51:1.5237895184155898[&state=6],nd52:1.5237895184155898[&state=6])nd41:0.7372811228079601[&state=6],((nd77:0.17035287698228252[&state=4],nd78:0.17035287698228252[&state=4])nd69:0.28592256976694136[&state=4],(nd79:0.10014435906170994[&state=4],nd80:0.10014435906170994[&state=26])nd70:0.3561310876875139[&state=26])nd42:1.804795194474326[&state=26])nd35:0.2207114338148909[&state=6],((nd73:0.23105239458557258[&state=6],nd74:0.23105239458557258[&state=6])nd49:1.4172478669829731[&state=6],nd50:1.6483002615685456[&state=6])nd36:0.8334818134698951[&state=6])nd19:2.2313628378137995[&state=6],((nd43:2.2488544173892544[&state=6],(nd71:0.3245335297608053[&state=6],nd72:0.3245335297608053[&state=6])nd44:1.924320887628449[&state=6])nd27:1.4505464462731807[&state=6],(nd29:3.314032510394998[&state=6],nd30:3.314032510394998[&state=6])nd28:0.38536835326743824[&state=6])nd18:1.013744049189805[&state=6])nd5:3.6055723099733465[&state=6],((nd48:2.365225826857456[&state=6],(nd67:0.5853376608516786[&state=6],nd68:0.5853376608516786[&state=6])nd40:1.7798881660057773[&state=6])nd11:4.40115846397289[&state=6],(nd54:6.276293959378902[&state=6],(nd23:4.0479490150334705[&state=6],((nd57:1.0918570665713427[&state=6],nd58:1.0918570665713427[&state=24])nd31:1.490834547202054[&state=6],(((nd63:0.7644461000226848[&state=6],nd64:0.7644461000226848[&state=6])nd45:1.2469900596580035[&state=6],((nd75:0.17367680044018835[&state=6],nd76:0.17367680044018835[&state=6])nd65:0.5529461507545166[&state=6],nd66:0.726622951194705[&state=6])nd46:1.2848132084859831[&state=6])nd33:0.5575076000786937[&state=6],nd34:2.5689437597593816[&state=6])nd32:0.013747854014015105[&state=6])nd24:1.4652574012600734[&state=6])nd16:2.2283449443454324[&state=6])nd12:0.4900903314514438[&state=6])nd9:1.552332931995241[&state=6])nd4:0.7238107071167995[&state=6])nd1:1.0099859224030145[&state=6],nd8:10.052513852345399[&state=6])root:0.0[&state=6];
