sample	replicate	trs
1	1	(((((nd55:0.2303553368065295,(nd59:0.039104314408087947,nd60:0.039104314408087947)nd56:0.19125102239844155)nd53:0.10359563547893205,nd54:0.33395097228546156)nd39:1.2384826448824784,nd40:1.57243361716794)nd19:1.1554862599599318,((nd45:1.111814197345991,nd46:1.111814197345991)nd32:1.5040690544996445,nd22:2.6158832518456343)nd20:0.1120366252822372)nd9:1.505523889776633,((nd7:3.92176664581353,(((nd30:2.737277392461856,(nd35:1.8464342182115694,(nd43:1.1738286586421087,nd44:1.1738286586421087)nd36:0.6726055595694608)nd18:0.8908431742502869)nd15:0.44240407804575044,nd16:3.179681470507606)nd13:0.0321616551033659,((nd41:1.4405214328154237,nd42:1.4405214328154237)nd23:1.0990750863538554,nd27:2.5395965191692786)nd14:0.6722466064416934)nd8:0.7099235202025584)nd3:0.10282075080356148,((nd11:3.5268729485478922,((((nd51:0.5341977215331631,nd52:0.5341977215331631)nd49:0.20300674006295444,nd50:0.7372044615961176)nd33:1.4329222615317612,(nd57:0.08783830682904906,nd58:0.08783830682904906)nd34:2.0822884162988293)nd25:0.35805444814666065,nd26:2.528181171274539)nd12:0.9986917772733535)nd5:0.4828355699241338,(nd47:0.783909405849093,nd48:0.783909405849093)nd6:3.225799112622933)nd4:0.014878878145065767)nd2:0.2088563702874126)root:0.0;
