sample	replicate	trs
1	1	((nd247:3.1615020652070096[&state=12],((nd252:0.3874830255221411[&state=2],nd253:0.3874830255221411[&state=8])nd248:0.35936386615360755[&state=2],nd249:0.7468468916757489[&state=2])nd209:2.414655173531262[&state=2])nd198:14.181966545345434[&state=0],(((nd232:3.1736492277356527[&state=18],((nd229:2.979856100126353[&state=3],(nd242:2.70746207903429[&state=0],(nd244:0.9015095537385576[&state=48],nd245:0.9015095537385576[&state=3])nd217:1.805952525295732[&state=0])nd213:0.2723940210920632[&state=0])nd210:0.09534634922843041[&state=0],(nd240:0.9204095990089896[&state=2],nd241:0.9204095990089896[&state=2])nd230:2.1547928503457943[&state=7])nd207:0.09844677838086963[&state=0])nd184:7.090616191649033[&state=0],(nd222:2.5100439679843016[&state=5],(nd224:2.394467990984307[&state=19],(nd250:0.63585100583582[&state=20],nd251:0.63585100583582[&state=5])nd225:1.7586169851484874[&state=19])nd223:0.11557597699999468[&state=5])nd219:7.754221451400385[&state=5])nd106:0.4662340548618158[&state=5],(nd238:1.002646625113578[&state=5],nd239:1.002646625113578[&state=5])nd235:9.727852849132926[&state=5])nd27:6.61296913630594[&state=5])root:0.0[&state=16];
