sample	replicate	trs
1	1	(((nd9:1.4612107391750877[&state=6],((nd39:0.19562491539839652[&state=6],nd40:0.19562491539839652[&state=6]):0.9597477709959202[&state=6],(nd15:0.9976842423019948[&state=0],(nd43:0.030072121149071783[&state=6],nd44:0.030072121149071783[&state=6]):0.967612121152923[&state=6]):0.15768844409232194[&state=7]):0.3058380527807708[&state=22]):0.3279417374474797[&state=6],(((((nd37:0.22475742262862078[&state=6],nd38:0.1513196146882108[&state=6]):0.2014420038521673[&state=6],nd32:0.426199426480788[&state=1]):0.8618228162271315[&state=23],(nd27:0.5172784980088192[&state=6],nd28:0.5172784980088192[&state=6]):0.7707437446991003[&state=6]):0.3464888211857068[&state=6],(nd7:1.5189088788904523[&state=6],(((nd33:0.4184471542278909[&state=7],nd34:0.12780449738522648[&state=0]):0.4260857471383212[&state=0],nd22:0.7748613370569006[&state=0]):0.07443860664750916[&state=0],(nd19:0.579724169408551[&state=0],(((nd41:0.13778301403402363[&state=6],nd42:0.13778301403402363[&state=6]):0.31399551908104434[&state=6],nd30:0.4517785331150679[&state=6]):0.3920460599351395[&state=6],(nd25:0.46282729030107717[&state=6],nd26:0.22249225464238165[&state=6]):0.0923002098945618[&state=6]):0.06623601374918564[&state=6]):0.00891090121432824[&state=22]):0.5999373708767309[&state=22]):0.11560218500317412[&state=6]):0.07374343567735235[&state=6],(nd35:0.2258257350093534[&state=6],nd36:0.2258257350093534[&state=6]):1.4824287645616252[&state=6]):0.08089797705158865[&state=6]):0.0721075233774329[&state=6]):0.0[&state=26];
