sample	replicate	trs
1	1	((((((nd39:0.059287056318588854,nd40:0.059287056318588854)nd25:2.147163654325888,(nd37:0.78007092412386,nd38:0.78007092412386)nd26:1.4263797865206171)nd23:0.3739135457311696,nd24:2.5803642563756464)nd17:11.10251145601298,((nd35:5.895087495162835,nd20:5.895087495162835)nd13:2.835752222324291,(nd33:1.018673799428788,nd34:1.018673799428788)nd16:7.7121659180583375)nd9:4.952035994901502)nd3:4.091487214314815,(nd21:4.5086847472508635,((nd31:1.2432555580009623,nd32:1.2432555580009623)nd29:0.4127317564305673,nd30:1.6559873144315294)nd22:2.8526974328193333)nd4:13.265678179452575)nd1:1.508021081161373,((nd27:1.7701469862115686,nd28:1.7701469862115686)nd11:15.681796640511081,nd6:17.45194362672265)nd2:1.830440381142167)root:0.0;
