sample	replicate	trs
1	1	((nd20:2.437308257478134,((nd23:1.2817150668341386,nd24:1.2817150668341386)nd13:0.7784124277019772,(nd35:0.9279008675855793,(nd31:0.32131120891635306,nd32:0.32131120891635306)nd28:0.6065896586692263)nd14:1.1322266269505366)nd12:0.37718076294201847)nd1:2.085912710541251,((nd7:3.9981968674536104,(((((nd33:0.24982237781887623,nd34:0.24982237781887623)nd25:0.9315862632892328,nd26:1.1814086411081088)nd17:0.7069329094598784,nd18:1.8883415505679877)nd15:0.06699692962441767,(nd29:1.3699598921801404,nd22:1.3699598921801406)nd16:0.5853785880122644)nd9:1.1174202475267034,nd10:3.0727587277191057)nd8:0.9254381397345042)nd5:0.22780724293417967,nd6:4.226004110387791)nd3:0.2972168576315931)root:0.0;
