sample	replicate	trs
1	1	(((((nd15:10.55742132264279,(((nd51:1.1660355293189004,nd52:1.1660355293189004)nd27:6.367672499111962,nd28:7.533708028430863)nd25:0.39200641900272776,(nd37:5.637072217922717,((nd49:1.5350009987452342,nd50:1.2482755753026145)nd41:3.139648501512054,(nd45:3.7343187786273435,nd46:3.7343187786273435)nd42:0.9403307216299442)nd38:0.9624227176654289)nd26:2.2886422295108733)nd16:2.6317068752092023)nd7:3.7130982592900597,((nd21:3.4040847300452235,nd22:3.466826225057909)nd19:0.44329039200483666,(nd39:4.698504472617385,nd40:4.698504472617385)nd20:4.818341087702176)nd8:4.753674021613291)nd3:3.3576458693902747,((nd17:9.589216213719343,(nd29:0.5371637384148308,nd30:7.289572688282687)nd18:2.299643525436658)nd5:6.649802659485898,(((nd47:3.6651480801306877,nd48:1.0792220922252453)nd11:9.547422100516753,(((nd31:6.278512975238233,nd32:3.65440470402278)nd23:2.342107202474757,(nd53:0.9048685412826674,nd54:0.9048685412826674)nd24:7.715751636430321)nd13:3.1766325626471943,((nd35:5.742242103978858,(nd43:1.6861018562288768,nd44:3.8396905037492703)nd36:1.9025516002295881)nd33:0.08274316170968998,nd34:0.9299527590493275)nd14:5.972267474671637)nd12:1.4153174402872553)nd9:0.4482802513870659,nd10:13.660850432034504)nd6:2.578168441170737)nd4:1.3891465781178842)nd1:2.9974354815745365,nd2:2.1129794480052846)root:0.6084990671023344)origin:0.0;
