sample	replicate	trs
1	1	(((((nd7:1.1592027870367045[&state=6],(nd29:0.4543117246126826[&state=6],(nd37:0.048765165151820666[&state=6],nd38:0.048765165151820666[&state=6]):0.40554655946086193[&state=6]):2.0712737129374132[&state=6]):0.09277510504735999[&state=6],((nd15:1.1655352110993993[&state=6],((nd35:0.1319630272598508[&state=6],nd36:0.1319630272598508[&state=6]):0.206381314905845[&state=6],nd32:0.3383443421656958[&state=6]):0.8271908689337036[&state=6]):0.5709100712897426[&state=6],nd12:1.7364452823891423[&state=6]):0.8819152602083141[&state=6]):0.03611251325770968[&state=6],(nd23:0.9136210834996958[&state=6],nd24:0.9136210834996958[&state=6]):1.7408519723554698[&state=6]):0.21926189772665122[&state=6],(nd9:0.15491267420099286[&state=6],((nd19:1.0960000493026163[&state=6],nd20:1.0960000493026163[&state=6]):0.5645361778654087[&state=6],((nd33:0.23142312034829354[&state=6],nd34:0.23142312034829354[&state=6]):0.892118123315121[&state=6],((nd27:0.5004791284082211[&state=6],nd28:0.5004791284082211[&state=6]):0.5928039726791513[&state=6],(nd25:0.890361620692153[&state=6],nd26:0.6080237493730314[&state=6]):0.20292148039521957[&state=6]):0.030258142576042188[&state=6]):0.5369949835046105[&state=6]):0.4309836215569236[&state=6]):0.7822151048568683[&state=6]):0.12861504641818317[&state=6]):0.0[&state=25];
