sample	replicate	trs
1	1	((((((nd34:0.4278268355735385,nd35:0.4278268355735385)nd28:0.6525059577846473,(nd40:0.06789422981210987,nd41:0.06789422981210987)nd29:1.012438563546076)nd12:2.683632913858601,(nd14:3.656715428357393,nd15:3.656715428357393)nd13:0.10725027885939284)nd8:0.33548001730742,((nd24:1.3050123644098746,nd25:1.3050123644098746)nd10:2.701382006428169,nd11:4.006394370838044)nd9:0.09305135368616263)nd2:4.741992774746224,((((nd38:0.3017898277056077,nd39:0.3017898277056077)nd16:3.0871593452830877,nd17:3.388949172988695)nd6:0.7549616831963721,nd7:4.143910856185069)nd4:2.502157504060254,(((nd22:0.9810622227515864,(nd32:0.46414645545011257,nd33:0.46414645545011257)nd23:1.0729449555473012)nd20:0.9816764542243404,(nd36:0.4132596283304418,nd37:0.4132596283304418)nd21:2.105508236891313)nd18:0.44508947720500364,(nd26:1.169953899229098,((nd42:0.011478373386449714,nd43:0.011478373386449714)nd30:0.9017723754325483,nd31:0.9132507488189979)nd27:0.25670315041009983)nd19:1.7939034431976602)nd5:3.682211017818563)nd3:2.195370139025109)root:4.524061500729575)origin:0.0;
