sample	replicate	trs
1	1	((((nd39:1.1683780458581479,nd40:1.1683780458581479)nd33:0.15694577593007614,(nd43:0.8483005621874551,nd44:0.8483005621874551)nd34:0.47702325960076913)nd9:4.696385899542459,((nd31:1.41771463391299,(nd47:0.6950987374103373,nd48:0.6950987374103373)nd32:0.7226158965026528)nd11:4.593588421749173,(((nd45:0.751629869220388,nd46:0.751629869220388)nd23:2.2593419214402224,((nd29:1.5871428347225969,((nd49:0.30989524891055675,nd50:0.30989524891055675)nd37:0.9950123886822402,nd38:1.3049076375927968)nd30:0.2822351971297999)nd27:0.015838751136720123,nd28:1.6029815858593168)nd24:1.4079902048012938)nd19:1.2264173462569676,(nd41:0.8717378622042445,nd42:0.8717378622042445)nd20:3.3656512747133336)nd12:1.7739139187445843)nd10:0.010406665668521168)nd1:4.501596799225106,(nd18:5.583392476780191,(nd35:1.7221207880687275,nd26:1.7221207880687273)nd22:3.8612716887114646)nd8:4.939914043775598)root:0.0;
