sample	replicate	trs
1	1	(((nd3:6.4623736261022495,(((((nd15:2.987154859306858,nd16:2.987154859306858)nd13:0.1050317558400104,(nd23:1.552559457367357,(nd27:0.768323179446518,nd28:0.768323179446518)nd24:0.7842362779208387)nd14:1.5396271577795115)nd9:1.1197242407455306,(nd21:2.340760037772262,(nd25:0.9414131402719278,(nd35:0.4544207859538876,nd36:0.4544207859538876)nd26:0.7593174219538503)nd22:1.1270218298645243)nd10:1.871150818120137)nd7:2.3256294443664425,(nd17:2.900958769114504,((nd33:0.5219090470245589,nd34:0.5219090470245589)nd31:0.05364083971096944,(nd41:0.05246818088526131,nd42:0.05246818088526131)nd32:0.523081705850267)nd18:2.3254088823789756)nd8:3.6365815311443375)nd5:5.079493051313418,((((nd37:0.25357184636467844,(nd39:0.14970352110817148,nd40:0.14970352110817148)nd38:0.10386832525650695)nd29:0.4215875908969575,nd30:0.6751594372616359)nd19:1.9293320431883647,nd20:2.6044914804500006)nd11:1.5591336220120633,nd12:4.163625102462064)nd6:7.453408249110195)nd4:0.8664645858995462)nd1:5.5896770083849,nd2:1.5855218172277414)root:2.1703250541433023)origin:0.0;
