sample	replicate	trs
1	1	((nd43:5.445614025244866,nd44:5.445614025244866)nd35:1.0864709630768858,((nd64:3.7185942736158406,(((nd91:1.4409352803810933,((((nd115:0.13062226181664327,nd116:0.13062226181664327)nd101:0.5916443305590473,(nd105:0.36842437424019175,nd106:0.36842437424019175)nd102:0.3538422181354988)nd97:0.533043436964637,nd98:1.2553100293403279)nd93:0.06478218032342041,(nd103:0.6786226993354503,(nd107:0.21578035713099558,(nd117:0.11706705504453171,nd118:0.11706705504453171)nd108:0.09871330208646387)nd104:0.46284234220445464)nd94:0.6414695103282976)nd92:0.12084307071734551)nd77:0.8999867476972995,nd78:2.340922028078394)nd65:0.8742665681229647,nd69:3.2151885962013584)nd54:0.5034056774144828)nd37:2.724676459391387,((((nd75:2.524738264657743,(nd87:1.7449608582655631,(nd99:1.2479600905148367,(nd113:0.1821055879784777,nd114:0.1821055879784777)nd100:1.0658545025363586)nd88:0.49700076775072644)nd76:0.7797774063921792)nd74:0.9650109378409435,(nd109:0.20224398605276594,(nd119:0.06392410786839939,nd120:0.06392410786839939)nd111:0.13831987818436658)nd58:3.287505216445919)nd45:1.686598935671901,(nd81:2.1427000418532605,(nd89:1.87372090307689,nd86:1.8737209030768909)nd82:0.26897913877637)nd68:3.0336480963173265)nd39:1.2506436417819193,(nd72:4.825264237470852,(nd83:1.9637450955872853,nd84:1.9637450955872853)nd60:2.8615191418835657)nd41:1.601727542481655)nd38:0.01627895305472168)nd36:0.08881425531452174)nd34:0.0;
