sample	replicate	trs
1	1	(((nd53:0.6776240197152593,nd54:0.6776240197152593)nd38:8.36005182414889,(((nd61:0.18681834471850017,nd62:0.18681834471850017)nd49:0.6613609580347546,(nd65:0.006655383520279466,nd66:0.006655383520279466)nd50:0.8415239192329752)nd39:1.3069784137774432,(nd55:0.4990349890386758,((nd63:0.14046799126315535,nd64:0.14046799126315535)nd57:0.27910486354230435,nd58:0.4195728548054597)nd56:0.07946213423321616)nd40:1.656122727492022)nd31:6.8825181273334515)nd5:4.571275704077851,((nd45:1.2679991567849158,nd46:1.2679991567849158)nd43:6.869986631245734,(((nd59:0.21770606283930963,nd60:0.21770606283930963)nd47:0.9181540627425895,(nd51:0.8380690406142117,nd52:0.8380690406142117)nd48:0.2977910849676874)nd41:0.5771568479236094,nd42:1.7130169735055087)nd36:6.424968814525141)nd17:5.470965759911352)nd3:0.0;
