sample	replicate	trs
1	1	((nd1:0.6453404382644015[&state=6],((nd17:0.6021754496139661[&state=2],nd18:1.9240957280423259[&state=50]):4.4618680103860875[&state=28],(((nd35:0.39541695650009445[&state=30],(nd39:0.10300303415573253[&state=3],nd40:0.10300303415573253[&state=108]):0.2924139223443619[&state=108]):1.3152093226985393[&state=105],(nd33:0.43669217482162653[&state=0],nd34:0.43669217482162653[&state=28]):1.2739341043770074[&state=32]):3.442470644378975[&state=7],(((nd29:0.5964505813132264[&state=0],nd30:0.5964505813132264[&state=0]):1.7543218462202654[&state=0],((nd31:0.4851805095204418[&state=13],nd32:0.4851805095204418[&state=0]):0.317817063362194[&state=8],nd28:0.8029975728826358[&state=3]):1.5477748546508563[&state=63]):2.6038828180079485[&state=28],(((nd19:1.7287987990717002[&state=15],((nd37:0.18205232782411368[&state=2],nd38:0.18205232782411368[&state=2]):1.2109834693651387[&state=9],nd24:1.3930357971892522[&state=78]):0.3357630018824481[&state=28]):1.1581895080216282[&state=28],(nd13:2.3649516672227784[&state=55],nd14:2.3649516672227784[&state=9]):0.5220366398705489[&state=23]):0.014288178230524222[&state=1],(nd25:0.7650553885834357[&state=1],nd26:1.2574222526793646[&state=49]):1.6438542326444876[&state=23]):2.053378760217588[&state=1]):0.19844167803616838[&state=1]):1.232866814850805[&state=7]):0.020679437937765985[&state=1]):2.4065268236338184[&state=23]):0.0[&state=23];
