sample	replicate	trs
1	1	((((nd11:0.16154611475484779[&state=0],(((nd55:2.1418479007854367[&state=0],(nd57:1.9992601740245668[&state=0],nd58:1.9992601740245668[&state=0]):0.14258772676087[&state=0]):5.130184129687698[&state=0],((nd59:1.965658064439405[&state=1],nd60:1.4358351769247524[&state=1]):4.349004774364211[&state=1],(nd47:5.904813069150395[&state=0],nd48:5.953208810494833[&state=1]):0.36145402830878376[&state=7]):0.9573691916695186[&state=7]):1.8795976395690774[&state=7],(((nd67:1.1192643812821923[&state=0],nd68:1.1192643812821923[&state=15]):0.13722831827304566[&state=8],(nd69:0.021795617813911372[&state=5],nd70:0.021795617813911372[&state=2]):1.2346970817413265[&state=19]):2.34312731418088[&state=8],nd52:3.599620013736118[&state=0]):5.552009656306095[&state=0]):5.658546449475036[&state=0]):3.753646431717547[&state=0],((((nd39:2.9136876056166585[&state=6],(nd41:4.2138049740597046[&state=6],nd42:7.272640646681805[&state=6]):0.6155736333416318[&state=6]):3.389526048223438[&state=6],nd28:11.277740328246882[&state=6]):0.5400731460733782[&state=6],(((nd53:1.9747014684005482[&state=6],(nd63:1.7021907390240796[&state=4],nd64:1.7021907390240796[&state=6]):1.0887997200504607[&state=26]):1.0478990192864384[&state=6],(nd61:1.7526769814378065[&state=6],nd62:1.7526769814378065[&state=4]):2.0862124969231717[&state=26]):5.166956227788141[&state=6],nd36:0.15548166736224348[&state=6]):2.811967768171135[&state=6]):2.2000698889717323[&state=6],nd14:12.13692167670996[&state=6]):4.545939187942809[&state=6]):5.8393831331608474[&state=22],(((((nd23:12.03294933487986[&state=6],nd24:12.03294933487986[&state=6]):0.8507709149268968[&state=6],(nd31:7.336629364393398[&state=6],nd32:1.3146753380751504[&state=6]):2.790485598366805[&state=6]):0.5117394314291206[&state=6],(nd21:2.766696405207621[&state=6],((nd37:2.184289132774149[&state=6],nd38:5.477080936953226[&state=6]):2.3817101718461973[&state=6],nd30:10.42816623209671[&state=6]):1.6921187925863714[&state=6]):1.2751746565527922[&state=6]):2.872983966440661[&state=6],(nd15:1.5442934771582033[&state=6],nd16:8.085984008041986[&state=6]):2.5242716453416025[&state=6]):8.109805707189043[&state=6],(nd5:0.6309521266816182[&state=0],nd6:5.38383613714546[&state=6]):0.18326422572231646[&state=22]):0.024956329530067264[&state=22]):0.27969431560435876[&state=22]):0.0[&state=22];
