sample	replicate	trs
1	1	((nd9:2.8644202725891117[&state=7],((((nd31:0.3663203825080176[&state=108],(nd33:0.2063657301604985[&state=16],((nd37:0.09084456269184266[&state=4],nd38:0.09084456269184266[&state=55])nd35:0.08381171426526335[&state=55],nd36:0.17465627695710606[&state=16])nd34:0.03170945320339247[&state=86])nd32:0.15995465234751893[&state=108])nd21:0.938589259873223[&state=120],nd22:1.3049096423812407[&state=82])nd17:0.9895533226828359[&state=63],nd14:2.294462965064077[&state=65])nd11:0.15014732859987853[&state=9],(((nd25:0.6730199081008802[&state=25],nd26:0.6730199081008802[&state=50])nd23:0.611993786523284[&state=29],(nd39:0.06575214241687496[&state=85],nd40:0.06575214241687496[&state=2])nd24:1.2192615522072894[&state=107])nd15:0.6715336521529012[&state=12],((nd29:0.5578560332164126[&state=16],nd30:0.5578560332164126[&state=87])nd19:0.914728522193691[&state=98],(nd27:0.5978298188085079[&state=6],nd28:0.5978298188085079[&state=37])nd20:0.8747547366015956[&state=53])nd16:0.4839627913669613[&state=10])nd12:0.4880629468868896[&state=63])nd10:0.4198099789251553[&state=28])nd7:1.9077383763992835[&state=28],nd8:4.772158648988397[&state=80])nd5:0.0[&state=7];
