sample	replicate	trs
1	1	((nd1:4.250791481762027,(nd3:0.9069088113798582,((((((nd15:3.808501232562934,(((nd45:0.6649699830051463,nd46:0.6649699830051463)nd43:0.11390393678813292,nd44:0.7788739197932792)nd23:2.133860180744262,nd24:2.9127341005375413)nd16:0.8957671320253928)nd13:0.16263335777403853,(nd53:0.5303547918745243,nd54:0.5303547918745243)nd14:3.4407797984624477)nd11:0.4848098323016577,((nd27:2.350568494945079,(nd31:1.9299141366996122,nd32:0.6323171837201322)nd28:0.42065435824546693)nd17:1.4344149503509023,((nd39:1.239704783559775,(nd59:0.09029205093107284,nd60:0.09029205093107284)nd40:1.149412732628702)nd29:0.8826140905989163,(nd35:0.6974215554070553,((nd51:0.5671441525549887,(nd55:0.3398366595355394,nd56:0.3398366595355394)nd52:0.22730749301944933)nd41:0.6396189562848743,nd42:1.206763108839863)nd36:0.3207272937108112)nd30:0.5948284716080169)nd18:1.6626645711372903)nd12:0.6709609773426487)nd9:0.00392476431156242,((nd37:1.4645452386637872,(nd49:0.6069209597516485,nd50:0.6069209597516485)nd38:0.8576242789121384)nd19:2.129138881931134,((nd33:1.649401867133769,nd34:1.649401867133769)nd21:1.7980030242085452,(nd25:2.9061468839603144,((nd57:0.1920530550218754,nd58:0.1920530550218754)nd47:0.4385124847249732,nd48:0.6305655397468486)nd26:2.2755813442134656)nd22:0.5412580073820001)nd20:0.14627922925260695)nd10:0.8661850663552711)nd7:11.001508521679254,nd8:0.30422963923523993)nd5:0.5437772704474444,nd6:3.5497517396401643)nd4:0.7283587000047469)nd2:0.8606771045552394)root:0.5288092163631233)origin:0.0;
