sample	replicate	trs
1	1	(((nd3:7.768407066374626[&state=0],((((nd35:1.0818020229042202[&state=1],nd36:1.0818020229042202[&state=12]):4.233341781793002[&state=31],(nd25:4.3167436001901525[&state=6],(nd29:2.2443919945160253[&state=25],nd30:2.2443919945160253[&state=2]):2.325436370231453[&state=25]):0.745315439949744[&state=6]):6.229426889586592[&state=23],nd16:11.544570694283811[&state=82]):3.317729865678352[&state=7],(nd11:3.201080621177356[&state=6],((nd19:10.59696138625114[&state=6],nd20:2.48980548135719[&state=1]):2.654194228561271[&state=23],nd14:8.704907612429508[&state=6]):0.9188697708675606[&state=23]):0.6922751742821938[&state=23]):6.399231283282499[&state=48]):0.9794318738083226[&state=0],(((nd39:0.5564038184449057[&state=18],nd40:0.5564038184449057[&state=7]):18.972953049953666[&state=7],(nd37:0.6976318790097605[&state=7],nd38:0.6976318790097605[&state=6]):18.831724989388814[&state=48]):0.7134474504715815[&state=22],((nd27:2.286401922912935[&state=1],nd28:2.286401922912935[&state=104]):8.721609183192719[&state=28],(((nd33:1.118284826241594[&state=15],nd34:1.118284826241594[&state=1]):0.24848104364245885[&state=4],(nd41:0.30773199289509046[&state=3],nd42:0.30773199289509046[&state=23]):1.0590338769889622[&state=52]):3.736235642796353[&state=86],nd24:5.103001512680406[&state=24]):5.90500959342525[&state=6]):9.234793212764496[&state=22]):1.9981593981828376[&state=6]):1.3059362829470054[&state=22]):0.0[&state=22];
