sample	replicate	trs
1	1	(((((nd25:0.25533380990327315[&state=12],nd26:0.25533380990327315[&state=9]):1.1966042273994792[&state=31],((nd17:0.6103026395080986[&state=63],nd18:0.6103026395080986[&state=63]):0.28592714174917067[&state=63],nd16:0.8962297812572687[&state=63]):0.5557082560454827[&state=30]):0.15950996770080797[&state=28],(nd29:0.16325667901895924[&state=63],nd30:0.16325667901895924[&state=3]):1.4481913259846013[&state=63]):1.6826621689397676[&state=28],((nd5:2.530714977076303[&state=30],((nd27:0.21585406851836125[&state=29],nd28:0.21585406851836125[&state=63]):1.555718865890401[&state=63],(nd21:0.4780348643206366[&state=63],(nd23:0.39967980863728025[&state=9],nd24:0.39967980863728025[&state=63]):0.07835505568335621[&state=63]):1.2935380700881254[&state=63]):0.7591420426675416[&state=28]):0.5666968390018987[&state=7],((nd19:0.6072084772559275[&state=63],nd20:0.6072084772559275[&state=63]):0.5893200221275143[&state=104],nd14:1.1965284993834415[&state=31]):1.9008833166947599[&state=48]):0.1966983578651257[&state=48]):3.9794698260566745[&state=48]):0.0[&state=23];
