sample	replicate	trs
1	1	(((nd25:0.9777833109572065[&state=16],((nd29:0.6215421684782799[&state=56],nd30:0.6215421684782799[&state=25])nd27:0.17934116769836456[&state=6],nd28:0.8008833361766444[&state=56])nd26:0.17689997478056207[&state=86])nd7:4.336827497237759[&state=29],(nd13:4.565160193683587[&state=0],nd14:4.565160193683587[&state=1])nd8:0.7494506145113781[&state=7])nd3:3.0598283345512898[&state=7],(((nd21:1.543236724594196[&state=55],(nd35:0.2466992232048396[&state=6],nd36:0.2466992232048396[&state=108])nd22:1.2965375013893563[&state=120])nd16:3.623752251766015[&state=7],(nd19:1.5652574809369084[&state=120],((nd37:0.20209100765765825[&state=1],nd38:0.20209100765765825[&state=1])nd33:0.33317460997131926[&state=1],nd34:0.5352656176289774[&state=67])nd23:1.029991863307931[&state=98])nd17:3.6017314954233024[&state=1])nd5:0.6672345894759016[&state=7],((nd31:0.5602800612171102[&state=0],nd32:0.5602800612171102[&state=66])nd11:4.280631174218669[&state=8],nd12:4.8409112354357795[&state=106])nd6:0.9933123304003324[&state=0])nd2:2.540215576910143[&state=0])root:0.0[&state=0];
