sample	replicate	trs
1	1	(((((nd10:12.112760658112883,((((nd82:0.4788719061973,(nd92:0.14682120688240252,nd93:0.14682120688240252)nd83:0.3320506993148975)nd28:5.841481617765648,(nd30:1.0887589299006373,((nd48:1.5743723598168888,nd49:0.04346484393887856)nd32:1.455449509056881,((nd54:0.5297893432474859,(nd58:1.576481031916771,(((nd86:0.27538770905880655,nd87:0.27538770905880655)nd78:0.38910242060017786,(nd94:0.027614122361851623,nd95:0.027614122361851623)nd79:0.6368760072971329)nd72:0.3408003351237463,(nd80:0.5314447865571805,nd81:0.5314447865571805)nd73:0.4738456782255501)nd59:0.5711905671340404)nd55:0.36811187222354663)nd36:2.5183582614081104,(((((nd46:0.37807447622320467,(nd62:1.4994972338343402,nd63:1.166650585977374)nd47:1.710254711192647)nd44:0.0490842690380343,nd45:3.2588362140650218)nd42:0.46154933920580354,((nd64:1.4783690930493456,(nd70:1.1258690873181214,(nd74:1.0013660196208818,nd75:1.0013660196208818)nd71:0.12450306769723957)nd65:0.35250000573122436)nd50:1.443042825889922,(nd56:1.5530031062395218,nd57:0.4234201807995003)nd51:1.1090158502478538)nd43:0.7989736343315577)nd40:0.21974298839971718,(((nd88:0.10065217998648598,nd89:0.2710640023615384)nd84:0.025463335026870326,nd85:0.2965273373884087)nd60:1.271139726886068,nd61:1.5676670642744766)nd41:2.3724614773960657)nd38:0.05547172810050321,nd39:3.9956002697710447)nd37:0.46735089577738304)nd33:0.09980547903544419)nd31:1.2241129540883495)nd29:0.5334839252907253)nd22:4.5462962570013845,(nd24:0.3296515029939191,(nd26:6.858724090427006,nd27:5.749259275653927)nd25:3.803993318385895)nd23:0.20393237215143123)nd12:5.55236081294543,(nd16:8.023378742941569,nd17:6.908991877833271)nd13:2.894966583796107)nd11:0.15303713794664367)nd8:2.7393399519246775,nd9:0.1005947299009578)nd6:0.40905636341953777,((nd18:2.432466006087403,((((nd76:0.8812188141567894,nd77:0.8812188141567894)nd68:0.2818419498894781,nd69:0.2628874077222608)nd34:3.3216910304647116,(nd52:0.38066515570160653,(nd90:0.2098015454160681,nd91:0.2098015454160681)nd53:2.2083178727543706)nd35:2.066632376340541)nd20:7.068107749703094,(nd66:1.2784513396434667,nd67:1.2784513396434667)nd21:10.274408204570612)nd19:0.265373184860131)nd14:3.0913757923405107,nd15:1.7732939806690098)nd7:4.810835525785906)nd2:2.396928865296095,(nd4:0.4150009423003774,nd5:5.438562598601069)nd3:1.3450380963487656)root:2.626027087503277)origin:0.0;
