sample	replicate	trs
1	1	((nd13:1.160650685848349,(nd15:0.9218163661229013,(nd19:0.586433704240597,nd20:0.586433704240597)nd16:0.33538266188230414)nd14:0.23883431972544758)nd3:3.7441259194698104,((nd11:2.120980038513816,nd12:2.120980038513816)nd5:2.5880092185347716,(((nd17:0.6949941697317534,((nd29:0.0928221509410603,nd30:0.0928221509410603)nd23:0.31915974217817816,nd24:0.41198189311923855)nd18:0.28301227661251505)nd9:2.113408061806092,(nd21:0.4975867171945851,(nd27:0.19867747964381222,nd28:0.19867747964381222)nd22:0.29890923755077276)nd10:2.3108155143432607)nd7:0.46953653100436776,(nd25:0.27705631266882075,nd26:0.27705631266882075)nd8:3.0008824498733913)nd6:1.4310504945063756)nd4:0.19578734826957034)nd1:0.0;
