sample	replicate	trs
1	1	(((((nd35:0.06500167924326011[&state=2],(nd37:0.05501372127338758[&state=28],nd38:0.05501372127338758[&state=0]):0.009987957969872532[&state=28]):1.163992741336474[&state=28],((nd33:0.07196338209862632[&state=1],nd34:0.07196338209862632[&state=28]):0.7587674133808237[&state=28],(nd11:0.7793756147110518[&state=0],(nd23:0.3790387015668101[&state=28],(nd39:0.03481467296391609[&state=28],nd40:0.03481467296391609[&state=2]):0.34422402860289397[&state=28]):0.40033691314424175[&state=28]):0.05135518076839815[&state=0]):0.3982636251002839[&state=0]):0.13014976594076147[&state=0],((nd19:0.6751041352195293[&state=0],(nd25:0.36837370669041414[&state=7],nd26:0.36837370669041414[&state=7]):0.3067304285291151[&state=0]):0.07260070469467492[&state=0],((nd17:0.6968383090597238[&state=0],(nd31:0.2961053585572163[&state=0],nd32:0.2961053585572163[&state=28]):0.4007329505025074[&state=28]):0.004187204205056459[&state=1],(nd21:0.6149909686057287[&state=7],nd22:0.6149909686057287[&state=0]):0.0860345446590515[&state=0]):0.04667932664942399[&state=7]):0.611439346606291[&state=7]):0.4053761125109232[&state=0],((nd27:0.3544100051811593[&state=6],nd28:0.3544100051811593[&state=6]):0.5754326309539397[&state=6],(nd29:0.3029398591294065[&state=1],nd30:0.3029398591294065[&state=9]):0.6269027770056924[&state=1]):0.8346776628963195[&state=23]):2.4144897009685784[&state=22]):0.0[&state=24];
