sample	replicate	trs
1	1	(((((nd89:0.21678266418139142,(nd91:0.208515473244277,(nd99:0.14276124427721038,(nd101:0.04378290880615425,nd102:0.04378290880615425)nd100:0.09897833547105614)nd92:0.06575422896706659)nd90:0.008267190937114451)nd47:0.9535981649308964,nd48:1.170380829112288)nd25:0.43725655068348157,(nd69:0.5642793174506535,((nd95:0.15160417884887878,nd96:0.15160417884887878)nd73:0.3085011395223041,nd74:0.46010531837118285)nd70:0.10417399907947063)nd26:1.043358062345116)nd14:0.5760797637841177,(((((nd103:0.004596403738771126,nd104:0.004596403738771126)nd61:0.6973649965034705,nd62:0.7019614002422416)nd55:0.6926749266144114,nd38:1.3946363268566533)nd29:0.14659224323966402,(((nd63:0.688879822992299,nd64:0.688879822992299)nd59:0.1573799199759885,nd60:0.8462597429682873)nd43:0.46479993460399716,nd44:1.311059677572285)nd42:0.23016889252403264)nd24:0.2306446251915334,((((nd93:0.1565881441740774,nd94:0.1565881441740774)nd51:0.9560019003924484,(nd81:0.312663251319477,(nd85:0.22801773479328247,nd86:0.22801773479328247)nd82:0.08464551652619451)nd52:0.7999267932470491)nd39:0.27317155095105916,((nd71:0.5156774605905153,nd72:0.5156774605905153)nd53:0.5671621847504597,nd54:1.0828396453409743)nd40:0.3029219501766104)nd34:0.1626208891383779,((((nd83:0.3007689516189114,(nd87:0.2179265621646609,nd88:0.2179265621646609)nd84:0.08284238945425042)nd79:0.11200798050106756,nd80:0.4127769321199789)nd77:0.008263229495775591,nd78:0.4210401616157544)nd31:1.0579595557456924,(nd49:1.138875154041445,(nd75:0.4389703860317744,nd76:0.4389703860317744)nd50:0.6999047680096712)nd46:0.3401245633200014)nd28:0.06938276729451623)nd18:0.22349071063188763)nd12:0.4118439482920366)nd8:1.88860880602474,((((nd57:1.0693584129907765,nd58:1.0693584129907765)nd35:0.3773768192689897,nd36:1.446735232259767)nd21:0.22083550017976286,(nd65:0.6236335772221926,nd66:0.6236335772221926)nd22:1.0439371552173369)nd9:0.6682103022385113,((nd97:0.14731596926365959,nd98:0.14731596926365959)nd67:0.4562884679738885,nd68:0.6036044372375481)nd16:1.7321765974404926)nd2:1.7365449149265866)root:0.0;
