sample	replicate	trs
1	1	(((nd13:0.9744168790938827,nd14:2.85793599441562)nd1:1.8345447764857274,(((nd17:2.12979255799891,(nd27:0.3281474433646991,nd28:0.3281474433646991)nd18:1.8016451146342105)nd5:1.536088570863047,(nd9:3.4624644801839723,nd10:3.4624644801839723)nd6:0.20341664867798398)nd3:0.9041233030821787,(((nd23:0.72592104410701,((nd29:0.11388521300429107,nd30:0.11388521300429107)nd25:0.25375218807148914,(nd31:0.07230368603296805,nd32:0.07230368603296805)nd26:0.29533371504281214)nd24:0.3582836430312299)nd11:2.600836562017612,nd12:3.3267576061246222)nd7:0.15145548615078017,(nd15:2.1989675189066955,(nd19:1.6121122693833285,(nd21:1.4340012628471286,nd22:1.4340012628471286)nd20:0.1781110065361999)nd16:0.5868552495233663)nd8:1.279245573368708)nd4:1.0917913396687322)nd2:0.12247633895721295)root:0.9318992290986502)origin:0.0;
