sample	replicate	trs
1	1	(((nd3:10.426262830060319,nd4:0.5841510966884421)nd1:0.22291294717996105,(((((nd55:0.5967473860574745,(nd71:0.13291106715657694,nd72:0.13291106715657694)nd56:0.46383631890089755)nd19:3.846601306123953,((nd57:0.5768735466662676,nd58:0.5368321153486508)nd33:2.0740529552982747,((nd69:0.16061841773348545,nd70:0.16061841773348545)nd49:1.0710749799055006,(nd67:0.27758488245708135,nd68:0.27758488245708135)nd50:0.9541085151819048)nd34:1.4192331043255566)nd20:1.7924221902168866)nd9:8.771433288215752,nd10:3.3141416751743495)nd7:1.6105008933345024,(nd11:0.2785127330634808,(((nd23:3.8377011512172854,(nd27:0.20808327151273573,(nd35:1.495799460793199,((nd73:0.13189648511208193,nd74:0.13189648511208193)nd41:2.1046591142153197,(nd51:1.1468851049740934,((nd63:0.28736683992941725,nd64:0.28736683992941725)nd53:0.7219713529808479,nd54:1.0093381929102647)nd52:0.13754691206382838)nd42:1.0896704943533084)nd36:0.2928718211964469)nd28:1.0741639163001826)nd24:0.2341098143932552)nd21:0.5164468704107282,(nd61:0.46880305229172936,nd62:0.46880305229172936)nd22:3.8853449693362845)nd13:7.6778626350248995,(nd15:0.15002109575897832,((nd39:2.3745325078831305,(nd47:1.2612548740754346,nd48:1.2612548740754346)nd40:1.1132776338076962)nd31:0.5558441253234805,(nd59:0.49337728271214554,nd60:0.49337728271214554)nd32:2.4369993504944656)nd16:8.686226494031363)nd14:0.4154075294149414)nd12:0.13375074865992942)nd8:2.659521468418838)nd5:0.7751035612929599,(nd17:4.853787685819549,(((((nd65:0.28066075416615754,nd66:0.2852173770884826)nd45:1.2987198468104348,nd46:0.5226574135118754)nd37:0.944050583687978,nd38:0.13945098014033597)nd29:0.5101005294136776,nd30:3.0380883370005716)nd25:0.6657526035802218,(nd43:1.8565846229985168,nd44:1.8565846229985168)nd26:1.8472563175822783)nd18:4.360315297733865)nd6:7.536230196709983)nd2:1.6839721946095503)root:1.2377413703658)origin:0.0;
