sample	replicate	trs
1	1	((((nd33:3.5295105306091434[&state=1],(nd53:0.3398625027405104[&state=36],nd54:0.3398625027405104[&state=1])nd49:3.1896480278686328[&state=36])nd31:0.23802438296902184[&state=1],nd47:3.7675349135781655[&state=1])nd15:6.12671974483564[&state=1],(nd45:1.693405432240375[&state=2],(nd51:1.0290768462996858[&state=11],nd52:1.0290768462996858[&state=11])nd46:0.6643285859406891[&state=31])nd12:8.200849226173428[&state=31])nd5:3.684946532444416[&state=1],(((nd29:4.9427743004489235[&state=32],(((nd55:0.20086677158589186[&state=0],nd56:0.20086677158589186[&state=0])nd41:1.628365621264591[&state=0],nd42:1.8292323928504828[&state=3])nd39:0.8156199442293899[&state=10],nd40:2.6448523370798718[&state=8])nd30:2.2979219633690513[&state=0])nd25:3.7645375979363056[&state=0],nd28:8.707311898385228[&state=1])nd7:4.645878176267111[&state=7],((nd37:2.9340071098420966[&state=0],nd44:2.9340071098420966[&state=0])nd19:4.933685463664663[&state=28],nd20:7.867692573506758[&state=1])nd8:5.485497501145579[&state=0])nd6:0.22601111620588302[&state=7])nd1:0.0[&state=7];
