sample	replicate	trs
1	1	(((nd66:1.219442126273332[&state=5],((nd84:0.028562949150957112[&state=5],nd85:0.028562949150957112[&state=5])nd78:0.8519377264315809[&state=5],nd71:0.8805006755825382[&state=5])nd68:0.33894145069079373[&state=5])nd60:0.3561320433067821[&state=5],nd61:1.5755741695801142[&state=5])nd49:10.27684607882749[&state=5],(nd44:3.147412005495112[&state=5],(((((nd80:0.2872153187784642[&state=5],nd81:0.2872153187784642[&state=5])nd64:0.9907967124551467[&state=5],(nd72:0.8407846196244115[&state=5],(nd74:0.6597342352068577[&state=5],nd75:0.6597342352068577[&state=5])nd73:0.18105038441755364[&state=5])nd65:0.43722741160919937[&state=5])nd56:0.5759712601575802[&state=5],(nd58:1.84822012148394[&state=5],(nd82:0.25212671975140205[&state=5],nd83:0.25212671975140205[&state=5])nd59:1.5960934017325379[&state=5])nd57:0.005763169907251038[&state=5])nd54:0.05260053950303374[&state=5],nd55:1.906583830894225[&state=5])nd50:0.2529303283663024[&state=5],(nd76:0.35573156441733067[&state=5],nd77:0.35573156441733067[&state=5])nd62:1.8037825948431965[&state=5])nd47:0.9878978462345853[&state=5])nd30:8.705008242912491[&state=5])root:0.0[&state=16];
