sample	replicate	trs
1	1	(((((((nd33:3.5295105306091434[&state=1],((nd53:0.3398625027405104[&state=36],nd54:0.3398625027405104[&state=1]):0.7894497844460007[&state=36],nd50:0.3234323895496061[&state=1]):2.4001982434226323[&state=11]):0.23802438296902184[&state=1],((nd47:1.1803872133579156[&state=1],nd48:0.5583888381440114[&state=1]):2.3342958543014527[&state=1],nd36:1.6455040519777406[&state=1]):0.25285184591879706[&state=1]):5.078335167652525[&state=1],(nd21:1.7599426501708573[&state=1],nd22:5.585150159233399[&state=1]):0.9791253108271156[&state=1]):1.0483845771831155[&state=1],(nd45:1.693405432240375[&state=2],(nd51:1.0290768462996858[&state=11],nd52:1.0290768462996858[&state=11]):0.6643285859406891[&state=31]):8.200849226173428[&state=31]):3.684946532444416[&state=1],(((((nd29:4.9427743004489235[&state=32],(((nd55:0.20086677158589186[&state=0],nd56:0.20086677158589186[&state=0]):1.628365621264591[&state=0],nd42:1.8292323928504828[&state=3]):0.8156199442293899[&state=10],nd40:2.6448523370798718[&state=8]):2.2979219633690513[&state=0]):1.7453262875721776[&state=0],nd26:1.3163934434910036[&state=0]):0.2850776316911817[&state=0],nd24:4.524110829381129[&state=0]):1.7341336786729462[&state=0],(nd27:0.5144208092764395[&state=1],nd28:5.244899804626871[&state=1]):3.462412093758357[&state=1]):4.645878176267111[&state=7],((nd37:2.9340071098420966[&state=0],(nd43:1.1850290790033906[&state=0],nd44:1.7061287032457975[&state=0]):1.2278784065962993[&state=0]):4.933685463664663[&state=28],nd20:7.867692573506758[&state=1]):5.485497501145579[&state=0]):0.22601111620588302[&state=7]):3.281429479207396[&state=7],(nd3:0.8570382545378405[&state=0],(nd9:3.5815989222429683[&state=0],(nd13:5.920192425455269[&state=0],nd14:3.981298746115629[&state=0]):2.0075008912240917[&state=0]):1.938998659027881[&state=0]):3.1809785924997915[&state=0]):2.9572693299343715[&state=0]):0.0[&state=22];
