sample	replicate	trs
1	1	(nd15:17.17138091515833[&state=66],((((nd37:0.0880490539615516[&state=31],nd38:0.0880490539615516[&state=98])nd13:7.462679301133862[&state=98],((nd19:2.2193829407088534[&state=119],nd20:2.2193829407088534[&state=67])nd17:0.5050858143576231[&state=63],(nd27:0.9641105264804782[&state=98],nd28:0.9641105264804782[&state=98])nd18:1.7603582285859942[&state=105])nd14:4.826259600028936[&state=63])nd9:4.4150848131248885[&state=7],((((nd31:0.6530849751123382[&state=98],nd32:0.6530849751123382[&state=67])nd23:1.4340843438866973[&state=64],(nd33:0.5061166187687409[&state=63],nd34:0.5061166187687409[&state=6])nd24:1.5810527002302959[&state=120])nd21:0.12325511454645874[&state=104],(nd29:0.6816175197152186[&state=66],nd30:0.6816175197152186[&state=64])nd22:1.5288069138302764[&state=108])nd11:8.198927136710251[&state=63],(nd35:0.2145175371109145[&state=67],nd36:0.2145175371109145[&state=67])nd12:10.194834033144842[&state=98])nd10:1.5564615979645466[&state=7])nd7:1.2743980458703694[&state=7],(nd25:1.624380420512346[&state=67],nd26:1.624380420512346[&state=120])nd8:11.615830793578322[&state=104])nd6:3.9311697010676565[&state=1])nd4:0.0[&state=7];
