sample	replicate	trs
1	1	(((((nd75:0.3464949256692722[&state=0],(nd79:0.17906262777848614[&state=0],(nd87:0.0021200410935153687[&state=0],nd88:0.0021200410935153687[&state=0])nd80:0.17694258668497076[&state=0])nd76:0.16743229789078595[&state=0])nd73:0.07185666637392094[&state=0],(nd77:0.2206148919504896[&state=1],nd78:0.2206148919504896[&state=1])nd74:0.19773670009270336[&state=9])nd71:0.008064212386974747[&state=78],nd72:0.42641580443016786[&state=0])nd45:1.7500623822501933[&state=78],nd46:2.1764781866803617[&state=6])nd41:0.6566786630627511[&state=1],((nd81:0.16056551849384756[&state=0],nd82:0.16056551849384756[&state=0])nd54:2.1374108955538316[&state=0],((nd55:1.195790731360747[&state=11],(nd57:1.1731865703518245[&state=1],(nd65:0.6884254601242703[&state=1],nd66:0.6884254601242703[&state=28])nd58:0.48476111022755364[&state=9])nd56:0.02260416100892241[&state=9])nd52:0.9303918521606881[&state=9],(((nd85:0.06979413353944354[&state=1],nd86:0.06979413353944354[&state=1])nd61:0.7361403710502263[&state=1],(nd67:0.677305551976038[&state=28],nd68:0.677305551976038[&state=23])nd62:0.1286289526136316[&state=9])nd59:0.15626465265626582[&state=1],((nd69:0.4276960049172547[&state=23],nd70:0.4276960049172547[&state=51])nd63:0.30492126656871216[&state=24],(nd83:0.09710720002091558[&state=1],nd84:0.09710720002091558[&state=11])nd64:0.635510071465051[&state=52])nd60:0.22958188575996902[&state=81])nd50:1.1639834262754991[&state=11])nd44:0.171793830526244[&state=49])nd42:0.5351804356954339[&state=28])nd39:0.0[&state=7];
