sample	replicate	trs
1	1	((((nd9:2.09809322001378[&state=28],((nd35:0.15398615714585695[&state=63],nd36:0.15398615714585695[&state=1]):1.872446237241963[&state=63],nd12:2.02643239438782[&state=63]):0.07166082562596016[&state=7]):3.219195890160499[&state=7],(nd5:5.07700176827837[&state=6],((nd39:0.12886169080479715[&state=9],nd40:0.12886169080479715[&state=63]):2.0932905498253747[&state=63],(((((nd31:0.3381384721505417[&state=0],nd32:0.3381384721505417[&state=0]):0.02166990650094009[&state=0],nd30:0.35980837865148174[&state=10]):0.11299521107958084[&state=10],nd28:0.47280358973106257[&state=3]):0.8225334765962746[&state=10],nd20:1.2953370663273376[&state=6]):0.692483047642061[&state=22],(((nd33:0.32198205413003256[&state=11],nd34:0.32198205413003256[&state=63]):1.3759752728219754[&state=63],(nd21:1.1593711405812153[&state=7],((nd41:0.0990507324977489[&state=31],nd42:0.0990507324977489[&state=1]):0.8052282680374386[&state=63],nd24:0.9042790005351874[&state=9]):0.25509214004602737[&state=0]):0.5385861863707933[&state=7]):0.06213313017862905[&state=7],(nd25:0.5121955969233598[&state=28],((nd43:0.013379255426666917[&state=12],(nd45:0.012777077501017708[&state=0],nd46:0.012777077501017708[&state=7]):0.0006021779256492085[&state=7]):0.13554743132008998[&state=63],nd38:0.14892668674675688[&state=0]):0.3632689101766029[&state=7]):1.2478948602072772[&state=63]):0.22772965683876137[&state=7]):0.23433212666077324[&state=7]):2.854849527648197[&state=7]):0.24028734189591108[&state=23]):1.7418540284574657[&state=48],nd2:2.8298841367203[&state=6]):0.05643686136825645[&state=6]):0.0[&state=23];
