sample	replicate	trs
1	1	((nd1:2.4971020032328495[&state=0],((((nd9:1.4871467732576509[&state=0],((nd33:0.5060289132084608[&state=0],nd34:0.5060289132084608[&state=0]):0.6343272720404122[&state=0],nd16:1.140356185248873[&state=28]):0.346790588008778[&state=0]):0.047858284473822114[&state=0],(((nd19:0.8948528620577434[&state=0],nd20:0.8948528620577434[&state=31]):0.08174026898247781[&state=8],nd18:0.29736537148634057[&state=0]):0.2735640812590796[&state=8],((nd31:0.5411908993995316[&state=0],nd32:0.5411908993995316[&state=0]):0.15996459866918[&state=0],(nd35:0.207521745306398[&state=0],nd36:0.207521745306398[&state=7]):0.4936337527623136[&state=0]):0.5490017142305892[&state=0]):0.28484784543217223[&state=8]):0.5450197608680447[&state=0],(((nd23:0.7516318941314579[&state=0],(nd25:0.7187203372443429[&state=0],nd26:0.7187203372443429[&state=63]):0.03291155688711498[&state=0]):0.03110548359069665[&state=0],(nd29:0.6055626622281649[&state=7],nd30:0.6055626622281649[&state=0]):0.1771747154939897[&state=0]):0.5607635778501138[&state=0],(nd37:0.17837932530200862[&state=0],nd38:0.17837932530200862[&state=0]):1.1651216302702596[&state=0]):0.7365238630272495[&state=0]):1.0065684182851553[&state=0],(nd39:0.1392852039839572[&state=1],(nd41:0.10183361286301433[&state=1],nd42:0.10183361286301433[&state=1]):0.037451591120942845[&state=1]):2.9473080329007155[&state=1]):2.3656692638992203[&state=7]):1.5134874992161043[&state=0]):0.0[&state=22];
