sample	replicate	trs
1	1	((((((nd33:1.4307650695787264,((((((((nd75:0.3464949256692722,(nd79:0.17906262777848614,(nd87:0.0021200410935153687,nd88:0.0021200410935153687)nd80:0.17694258668497076)nd76:0.16743229789078595)nd73:0.07185666637392094,(nd77:0.2206148919504896,nd78:0.2206148919504896)nd74:0.19773670009270336)nd71:0.008064212386974747,nd72:0.42641580443016786)nd45:1.7500623822501933,nd46:2.1764781866803617)nd41:0.6566786630627511,((nd53:0.9593337406920236,(nd81:0.16056551849384756,nd82:0.16056551849384756)nd54:1.2090189187271752)nd43:0.9283919768266564,((nd51:0.008858558161304517,(nd55:1.195790731360747,(nd57:1.1731865703518245,(nd65:0.6884254601242703,nd66:0.6884254601242703)nd58:0.48476111022755364)nd56:0.02260416100892241)nd52:0.5016958783622466)nd47:0.4286959737984415,(nd49:1.0748010556451169,(((nd85:0.06979413353944354,nd86:0.06979413353944354)nd61:0.7361403710502263,(nd67:0.677305551976038,nd68:0.677305551976038)nd62:0.1286289526136316)nd59:0.15626465265626582,((nd69:0.4276960049172547,nd70:0.4276960049172547)nd63:0.30492126656871216,(nd83:0.09710720002091558,nd84:0.09710720002091558)nd64:0.635510071465051)nd60:0.22958188575996902)nd50:0.9961092287997809)nd48:0.16787419747571813)nd44:0.171793830526244)nd42:0.5351804356954339)nd39:1.3070771283083333,nd40:0.7480543673992075)nd37:1.379868030579577,nd38:1.0122874578966685)nd35:0.8199653128755443,nd36:0.7137035771646851)nd34:0.35837445525326356)nd25:2.328808502005369,nd26:0.4050269542205658)nd17:2.7641605350746286,nd18:1.1676431349356078)nd3:2.965534364855174,nd4:0.581316917828877)nd1:0.12319239237605385,(((nd15:3.011230843374915,((nd21:0.09666060669059197,nd22:0.6497255303377891)nd19:0.577012312171255,(((nd31:0.5336186088584371,nd32:1.0925916026505407)nd27:0.06431366768562384,(nd29:2.1537638166637856,nd30:0.00788629738282764)nd28:0.050405682573981814)nd23:2.1721051062965984,nd24:3.3458945801005417)nd20:1.8640824269669212)nd16:1.1021039375310133)nd11:0.571855379668834,nd12:0.299651728226228)nd5:1.2012007525310504,(((nd13:0.44274076002744167,nd14:0.3702440890092098)nd9:0.35411592662104996,nd10:1.5629050906106696)nd7:0.48022525447096964,nd8:2.5935618401611653)nd6:0.3873661423974121)nd2:0.2330332682729661)root:0.3736624289289381)origin:0.0;
