sample	replicate	trs
1	1	((((nd29:0.3086245964627132,nd30:0.3086245964627132)nd11:1.3326982692673472,(nd33:0.1497558665708004,nd34:0.1497558665708004)nd12:1.49156699915926)nd7:4.662356849966779,nd17:6.3036797156968385)nd1:0.6945401661755775,(((nd27:0.5067212833384399,(nd31:0.24168842931325546,nd32:0.24168842931325546)nd28:0.26503285402518445)nd15:1.0803254857704094,((nd25:0.571637508662997,(nd35:0.09707179244118885,nd36:0.09707179244118885)nd26:0.47456571622180793)nd19:0.5092947104941715,(nd21:1.0608142969343388,(nd23:0.704801247114174,nd24:0.704801247114174)nd22:0.3560130498201643)nd20:0.020117922222829848)nd16:0.5061145499516811)nd9:5.3330194496317205,(nd13:1.6386661179891029,nd14:1.6386661179891029)nd4:5.281400100751466)nd2:0.07815366313184796)root:0.0;
