sample	replicate	trs
1	1	(((nd45:0.8277197584899294[&state=1],(nd53:0.44200377131104784[&state=6],nd54:0.44200377131104784[&state=6])nd46:0.3857159871788815[&state=6])nd23:9.138796675248525[&state=48],((nd37:1.56619277314809[&state=14],((nd47:0.7896738861308619[&state=0],(nd57:0.14034385919907788[&state=2],nd58:0.14034385919907788[&state=2])nd48:0.649330026931784[&state=2])nd39:0.726717402136274[&state=8],(nd55:0.23061761214041643[&state=3],nd56:0.23061761214041643[&state=12])nd40:1.2857736761267196[&state=12])nd38:0.04980148488095386[&state=63])nd31:5.752147399722315[&state=63],nd29:7.318340172870404[&state=2])nd16:2.6481762608680506[&state=0])nd5:6.857456665944548[&state=0],(nd11:11.61633103234618[&state=6],((nd51:0.49376207673503353[&state=6],nd52:0.49376207673503353[&state=6])nd44:9.420982254437055[&state=6],((nd49:0.7234968051707047[&state=4],nd50:0.7234968051707047[&state=6])nd33:1.5216476478505312[&state=26],((nd41:1.1605406209074762[&state=6],nd42:1.1605406209074762[&state=6])nd35:0.44081570528816644[&state=6],nd36:1.601356326195643[&state=6])nd34:0.6437881268255936[&state=6])nd19:7.669599878150853[&state=6])nd12:1.7015867011740906[&state=6])nd7:5.207642067336824[&state=6])nd1:0.0[&state=22];
