sample	replicate	trs
1	1	((((nd61:3.210160697138893[&state=7],nd62:3.210160697138893[&state=1])nd32:16.55392148210535[&state=7],(((nd67:0.5480712950242458[&state=0],nd68:0.5480712950242458[&state=0])nd65:0.18088028154315314[&state=0],nd66:0.728951576567399[&state=0])nd11:18.197465317897517[&state=0],((nd69:0.2719750132736921[&state=0],nd70:0.2719750132736921[&state=0])nd40:14.595640164100637[&state=0],nd58:14.86761517737433[&state=0])nd15:4.058801717090587[&state=0])nd6:0.8376652847793313[&state=0])nd3:0.3976302769213521[&state=0],(nd45:9.898097447282053[&state=0],nd64:9.898097447282055[&state=1])nd38:10.263615008883544[&state=0])nd1:1.431387945201912[&state=0],((nd47:9.402105103281594[&state=0],(nd51:7.770719360976015[&state=0],nd55:7.770719360976014[&state=0])nd48:1.6313857423055798[&state=0])nd30:9.185800599030692[&state=0],(nd53:5.790499523999142[&state=0],(nd59:4.86200519939201[&state=0],nd60:4.86200519939201[&state=48])nd54:0.9284943246071315[&state=0])nd43:12.79740617831314[&state=0])nd10:3.005194699055226[&state=0])root:0.0[&state=22];
