sample	replicate	trs
1	1	(((nd25:1.2629230866349972,nd26:1.2629230866349972)nd5:7.3957346546359375,(nd19:2.484817846483227,nd20:2.484817846483227)nd6:6.173839894787708)nd4:1.9238143631583495,((((nd17:2.685559209866206,(nd27:1.0611944445309813,nd28:1.0611944445309813)nd18:1.624364765335225)nd11:3.3069676197467714,nd12:5.992526829612978)nd9:0.56368429125714,((nd15:3.278894619885317,(nd23:1.7488651118152139,(nd29:0.572436596163838,nd30:0.572436596163838)nd24:1.1764285156513759)nd16:1.5300295080701034)nd13:0.12206183870247331,(nd21:2.089025154277354,nd22:2.089025154277354)nd14:1.311931304310437)nd10:3.155254662282327)nd7:1.5413446678918596,nd8:8.097555788761976)nd2:2.4849163156673075)root:0.0;
