sample	replicate	trs
1	1	(((((nd55:3.029394064757388,nd56:3.029394064757388)nd51:0.3483601211560586,nd52:3.3777541859134463)nd25:6.739681088901979,((nd57:2.431448449229441,nd58:2.431448449229441)nd33:4.979648474617798,(nd41:6.8019963277901425,nd42:6.8019963277901425)nd34:0.6091005960570951)nd26:2.7063383509681884)nd3:12.547763298067562,(((nd37:6.938641675987753,((nd63:1.1828887309598093,(nd65:0.049984558000927576,nd66:0.049984558000927576)nd64:1.1329041729588818)nd47:3.3628595599883555,nd48:4.545748290948165)nd38:2.392893385039588)nd31:0.5570898912472508,(nd45:4.913633156377866,nd46:4.913633156377866)nd32:2.5820984108571374)nd19:4.9032858690985766,((nd39:6.9077677502749175,nd40:6.9077677502749175)nd27:3.1309173848053766,((nd43:4.929237470252977,nd44:4.929237470252977)nd35:2.2724451499230787,(nd54:3.9701342775294175,nd50:3.970134277529417)nd36:3.2315483426466383)nd28:2.8370025149042375)nd18:2.3603323012532877)nd4:10.266181136549406)nd1:1.0849468244324771,((nd59:1.9497737510715472,nd60:1.9497737510715472)nd5:19.941223350573622,((nd61:1.5882000172633712,nd62:1.5882000172633712)nd16:20.300367604724332,nd29:21.888567621987704)nd6:0.002429479657470855)nd2:1.8591482956702918)root:0.0;
