sample	replicate	trs
1	1	(((((((nd45:0.8277197584899294[&state=1],(nd53:0.44200377131104784[&state=6],nd54:0.44200377131104784[&state=6]):0.3857159871788815[&state=6]):6.556550494126261[&state=48],nd24:4.993465697314178[&state=0]):2.5822461811222635[&state=0],(((nd37:1.56619277314809[&state=14],((nd47:0.7896738861308619[&state=0],(nd57:0.14034385919907788[&state=2],nd58:0.14034385919907788[&state=2]):0.649330026931784[&state=2]):0.726717402136274[&state=8],(nd55:0.23061761214041643[&state=3],nd56:0.23061761214041643[&state=12]):1.2857736761267196[&state=12]):0.04980148488095386[&state=63]):3.011793548437716[&state=63],nd32:0.11349650537733172[&state=0]):2.7403538512845986[&state=0],(nd29:6.348036791670466[&state=2],nd30:0.2571834768301284[&state=0]):0.9703033811999389[&state=0]):2.6481762608680506[&state=0]):4.330351044776843[&state=0],(nd9:0.819834461407001[&state=0],(nd13:1.554973336195501[&state=0],nd14:2.677837298481502[&state=0]):1.1729727380164992[&state=0]):2.62624103047595[&state=0]):2.527105621167706[&state=0],((nd11:11.61633103234618[&state=6],(((nd43:0.16560062669873274[&state=1],(nd51:0.49376207673503353[&state=6],nd52:0.49376207673503353[&state=6]):0.5435939704561497[&state=6]):6.789087526391207[&state=23],(nd27:0.3591340627102578[&state=6],nd28:0.48595860054367995[&state=6]):0.5629955522235681[&state=6]):2.0883007575896984[&state=6],(((nd49:0.7234968051707047[&state=4],nd50:0.7234968051707047[&state=6]):1.5216476478505312[&state=26],((nd41:1.1605406209074762[&state=6],nd42:1.1605406209074762[&state=6]):0.44081570528816644[&state=6],nd36:1.601356326195643[&state=6]):0.6437881268255936[&state=6]):6.1738437892853515[&state=6],nd20:4.245279471751519[&state=6]):1.4957560888655013[&state=6]):1.7015867011740906[&state=6]):1.5247886083324018[&state=6],nd8:2.471568991755541[&state=6]):3.6828534590044217[&state=6]):0.5299800192141632[&state=22],nd2:1.4959953658372616[&state=6]):1.4256468811028233[&state=22]):0.0[&state=22];
