sample	replicate	trs
1	1	(((nd44:0.6161568137161191,nd45:0.6161568137161191)nd6:4.943099519459518,(((nd48:0.08810734943658283,nd49:0.08810734943658283)nd32:4.449385293841495,(nd46:0.3335925549766352,nd47:0.3335925549766352)nd15:4.203900088301443)nd8:0.7539746985089939,(((nd42:0.6895082455257365,nd43:0.6895082455257365)nd20:3.442808080573186,(nd27:3.4984609859436153,(nd34:2.1930684230957707,nd35:2.1930684230957707)nd25:1.3053925628478442)nd21:0.6338553401553075)nd12:0.6265397832691169,(nd16:4.390999054951138,((nd40:0.7763720482934724,nd41:0.7763720482934724)nd38:0.7218781909157174,nd39:1.4982502392091899)nd17:2.892748815741948)nd13:0.3678570544169026)nd9:0.5326112324190311)nd7:0.2677889913885675)nd4:1.4737453702546621,(nd18:4.218211322840058,((nd36:1.909651795265943,nd37:1.909651795265943)nd30:0.5973021166439234,nd31:2.5069539119098665)nd19:1.711257410930191)nd5:2.814790380590243)nd2:0.0;
