sample	replicate	trs
1	1	((nd2:8.47468090822009[&state=5],(((((nd26:1.891906798630508[&state=5],nd27:1.891906798630508[&state=5]):1.723374670876801[&state=5],(nd30:0.4108852255631681[&state=5],(nd34:0.29531220737942443[&state=5],nd35:0.29531220737942443[&state=5]):0.11557301818374369[&state=5]):3.204396243944141[&state=5]):4.812809185746323[&state=5],nd13:2.6820743335590196[&state=5]):0.40568263169782826[&state=5],(((((nd32:0.3232475210909103[&state=5],nd33:0.3232475210909103[&state=5]):1.790487262312057[&state=5],(nd28:0.4190142050893514[&state=5],nd29:0.4190142050893514[&state=5]):1.6947205783136159[&state=5]):0.8414197336669713[&state=5],(nd22:2.678056153770628[&state=5],nd23:2.678056153770628[&state=5]):0.27709836329931076[&state=5]):3.9055469709380297[&state=5],nd15:6.860701488007968[&state=5]):1.7649944067244163[&state=5],nd11:0.4057718311558096[&state=5]):0.20807739221907565[&state=5]):0.2878893078354185[&state=5],((nd18:3.5672503864633334[&state=5],nd19:3.5672503864633334[&state=5]):5.35346701786047[&state=5],nd7:8.920717404323804[&state=0]):0.2009451904630758[&state=16]):1.8115930672134155[&state=16]):0.9797443379997063[&state=16]):0.0[&state=16];
