sample	replicate	trs
1	1	(((((nd35:1.0818020229042202,nd36:1.0818020229042202)nd21:4.233341781793002,(nd29:2.2443919945160253,nd30:2.2443919945160253)nd26:3.070751810181197)nd15:6.229426889586592,nd16:11.544570694283811)nd9:3.317729865678352,nd19:14.862300559962167)nd4:7.378663157090822,(((nd39:0.5564038184449057,nd40:0.5564038184449057)nd7:18.972953049953666,(nd37:0.6976318790097605,nd38:0.6976318790097605)nd8:18.831724989388814)nd5:0.7134474504715815,((nd27:2.286401922912935,nd28:2.286401922912935)nd17:8.721609183192719,(((nd33:1.118284826241594,nd34:1.118284826241594)nd31:0.24848104364245885,(nd41:0.30773199289509046,nd42:0.30773199289509046)nd32:1.0590338769889622)nd23:3.736235642796353,nd24:5.103001512680406)nd18:5.90500959342525)nd6:9.234793212764496)nd2:1.9981593981828376)root:0.0;
