sample	replicate	trs
1	1	((nd46:6.1234121498011875,((((nd38:1.7003039153543829,nd39:1.7003039153543829)nd32:0.11613800981822058,nd33:1.8164419251726036)nd24:1.281916020538149,((((nd36:1.71224119835238,(nd58:0.4036728451997801,nd59:0.4036728451997801)nd37:1.3085683531525998)nd35:0.27785115125972076,(nd48:1.0898124786007428,nd49:1.0898124786007428)nd31:0.900279871011358)nd26:0.390565144039279,nd29:2.38065749365138)nd20:0.2574133748126373,(nd62:0.1909608931009925,nd63:0.1909608931009925)nd42:2.447109975363025)nd19:0.46028707724673557)nd14:1.4407749428420562,(((nd54:0.7547284463876744,nd55:0.7547284463876744)nd52:0.17281213642215637,nd53:0.9275405828098308)nd40:1.6554980723079944,(nd56:0.5747011053935225,nd57:0.5747011053935225)nd23:2.0083375497243026)nd15:1.9560942334349842)nd5:1.584279261248378)nd2:0.16589572635094646,(((nd60:0.27169883885667595,nd61:0.27169883885667595)nd50:0.7567730984352649,(nd64:0.1446987706229301,nd65:0.1446987706229301)nd51:0.8837731666690107)nd6:4.690724429454744,(nd44:3.1776993447806,nd17:3.1776993447806)nd12:2.5414970219660837)nd3:0.5701115094054493)root:0.0;
