sample	replicate	trs
1	1	(((((nd106:4.512983564428053,(nd128:0.8966051431413,nd122:0.8966051431413001)nd117:3.616378421286753)nd83:3.4474188368758347,((((nd131:0.22113282630066272,nd132:0.22113282630066272)nd129:0.07991606573806934,nd130:0.3010488920387321)nd88:5.951029907109003,(nd107:2.6359092552057177,nd108:2.6359092552057177)nd102:3.616169543942017)nd75:0.05502110258194602,(nd93:4.420612492240938,(nd113:1.6235199140746477,nd114:1.6235199140746477)nd112:2.797092578166289)nd76:1.8864874094887438)nd73:1.6533024995742067)nd45:2.180530180492084,(nd109:2.2409903482230034,nd110:2.2409903482230034)nd46:7.899942233572969)nd31:4.3178068984846725,((nd125:0.4680870478531188,nd126:0.4680870478531188)nd53:8.247800266635808,(nd99:3.8110184150899142,((nd119:0.9142959850244443,nd120:0.9142959850244443)nd115:0.6715126905090812,nd116:1.5858086755335254)nd103:2.225209739556389)nd54:4.904868899399009)nd44:5.742852165791722)nd16:2.8689353090531347,(nd81:10.680275025870463,(nd57:8.602274546981835,(nd123:0.696977803785107,nd124:0.696977803785107)nd89:7.905296743196724)nd47:2.078000478888631)nd38:6.647399763463318)nd6:0.0;
