sample	replicate	trs
1	1	(((((nd42:0.24133113403256823,nd43:0.24133113403256823)nd22:4.281862076783543,nd40:4.523193210816111)nd12:2.6445907301200813,nd19:7.167783940936199)nd4:1.9682926240635215,(((nd24:3.815845187079027,nd25:3.815845187079027)nd8:4.891311735640979,(nd14:6.568757923931876,((nd38:0.8255140327561326,nd39:0.8255140327561326)nd29:4.564125834123404,(nd36:0.8835773814545911,nd37:0.8835773814545911)nd21:4.506062485424945)nd15:1.1791180570523327)nd9:2.1383989987881367)nd6:0.2866027366522241,nd26:8.99375965937223)nd5:0.14231690562748592)nd2:0.9646838899590129,((nd16:6.022832838931982,nd17:6.022832838931982)nd10:2.189559248004044,((nd34:1.527047562611142,nd35:1.527047562611142)nd30:1.5079200479607913,(nd32:1.7512792540522848,nd33:1.7512792540522848)nd31:1.2836883565196473)nd11:5.177424476364087)nd3:1.8883683680227088)root:0.0;
