sample	replicate	trs
1	1	((((nd49:0.07257871397157911,nd50:0.07257871397157911)nd11:4.532029177338755,(((nd25:1.4826432977863255,(nd53:0.011031388503801023,nd54:0.011031388503801023)nd31:1.4716119092825257)nd19:0.39625525765769315,nd20:1.8788985554440192)nd17:0.008296030401529429,(((nd51:0.06001215979065905,nd52:0.06001215979065905)nd37:0.561700918333333,(nd39:0.5514213724594591,nd40:0.5514213724594591)nd38:0.07029170566453323)nd27:0.6129675479831742,nd28:1.2346806261071654)nd18:0.6525139597383831)nd12:2.7174133054647864)nd3:5.13519573559037,nd4:9.739803626900711)nd1:3.5168778812945107,((nd13:2.3897266317949826,(nd35:0.6403848379805525,nd36:0.6403848379805525)nd14:1.7493417938144293)nd5:7.199898600945641,((((nd55:0.010845592138131441,nd56:0.010845592138131441)nd41:0.5346886324588214,nd42:0.5455342245969528)nd33:0.10425573668744911,nd34:0.6497899612844018)nd7:6.688072296978694,(((nd21:1.7363045550653888,nd22:1.7363045550653888)nd15:0.6133223165503116,((nd47:0.09310150807027397,nd48:0.09310150807027397)nd23:1.4506344729832965,(nd43:0.36904061159160007,nd44:0.36904061159160007)nd24:1.1746953694619706)nd16:0.8058908905621298)nd9:2.5679256854658057,((nd45:0.3529123738609345,nd46:0.3529123738609345)nd29:0.7806031664095657,nd30:1.1335155402704997)nd10:3.7840370168110073)nd8:2.4203097011815924)nd6:2.251762974477522)nd2:3.6670562754545957)root:0.0;
