sample	replicate	trs
1	1	(((((nd51:0.26903491054445733,(nd53:0.004844402468787257,nd54:0.004844402468787257)nd52:0.26419050807567007)nd47:0.5941324152698271,(nd49:0.5224340102872063,nd50:0.5224340102872063)nd48:0.34073331552707825)nd31:10.717074808751512,(nd17:9.235349753568004,nd18:9.235349753568004)nd14:2.3448923809977895)nd3:1.4547219361678938,(((nd45:1.9204007932416118,nd46:1.9204007932416118)nd43:7.772630228096293,(nd25:8.560866674833651,nd36:8.560866674833651)nd16:1.132164346504253)nd7:1.0879895240934403,(nd23:8.89783293136057,nd28:8.897832931360572)nd8:1.883187614070775)nd4:2.253943525302342)nd1:3.970497783146371,(nd37:9.913113665218704,(nd39:3.7026417748349267,(nd41:2.8031129244705983,nd42:2.8031129244705983)nd40:0.8995288503643281)nd10:6.2104718903837774)nd2:7.092348188661353)root:0.0;
