sample	replicate	trs
1	1	((nd1:0.5958463191748508,((nd13:0.4767370663963239,((nd21:0.053302215488438644,(nd47:0.4395990432153082,(nd59:0.0495665868185692,nd60:0.0495665868185692)nd48:0.39003245639673895)nd22:2.03780261526801)nd19:0.09974792884361051,(((nd61:0.007385615748363711,nd62:0.007385615748363711)nd41:0.7058493850321743,(nd53:0.2192879811186259,nd54:0.2192879811186259)nd42:0.4939470196619121)nd25:1.1658860096270547,((nd51:0.23526301136882677,nd52:0.23526301136882677)nd27:1.6431563556451845,(nd33:1.2100877813264137,nd34:1.2497534774675294)nd28:0.6286658895464815)nd26:0.0007016433935814344)nd20:0.6980285769193343)nd14:1.3058746776713757)nd3:2.6677728070345452,(nd5:1.1193951526864898,(((nd57:0.10808438236778421,nd58:0.10808438236778421)nd29:1.4706627631842963,(nd39:0.8819002780590849,nd40:0.8819002780590849)nd30:0.6968468674929965)nd7:2.5741590440990416,((nd11:1.3362773019636085,nd12:4.102593091474976)nd9:0.0058279479110329,(((nd45:0.56787190748098,nd46:0.56787190748098)nd37:0.36951957932112467,nd38:0.9373914868021046)nd15:1.9132240360638701,(((nd49:0.29197759932721135,nd50:0.29197759932721135)nd43:0.29073564080042796,nd44:0.5827132401276395)nd17:2.0782333755974984,((nd31:0.18313187126691033,(nd35:1.0274119884231154,nd36:1.0274119884231154)nd32:0.28514309338143823)nd23:0.7003744403460527,(nd55:0.13376427620798437,nd56:0.13376427620798437)nd24:1.8791652459426207)nd18:0.6480170935745305)nd16:0.189668907140837)nd10:1.2578055165200321)nd8:0.044485150265116055)nd6:1.6359570989568961)nd4:0.76193378342483)nd2:0.23252257980761526)root:0.6724203481595399)origin:0.0;
