sample	replicate	trs
1	1	(((nd15:0.3528724114834296[&state=6],(nd41:0.3096526850071238[&state=6],(nd27:0.2653207309321255[&state=6],(nd37:0.0817078593286263[&state=6],nd38:0.0817078593286263[&state=6])nd28:0.18361287160349923[&state=6])nd22:0.04433195407499823[&state=6])nd16:0.04321972647630594[&state=6])nd14:0.1777515042668889[&state=6],((nd29:0.18821308433068132[&state=6],nd30:0.18821308433068132[&state=6])nd23:0.08918226732691859[&state=6],nd24:0.27739535165759993[&state=6])nd12:0.2532285640927187[&state=6])nd4:0.3687597553645725[&state=6],((nd18:0.5621341799646147[&state=6],((nd33:0.11281719820671718[&state=6],nd34:0.11281719820671718[&state=6])nd19:0.2102131265217437[&state=6],nd20:0.3230303247284609[&state=6])nd10:0.23910385523615388[&state=6])nd5:0.049987234971537814[&state=6],(nd36:0.6062122730839588[&state=6],(nd39:0.13227566109980476[&state=6],nd32:0.13227566109980476[&state=6])nd26:0.47393661198415393[&state=6])nd6:0.0059091418521938135[&state=6])nd2:0.2872622561787386[&state=6])root:0.0[&state=6];
