sample	replicate	trs
1	1	(((((nd39:0.5606373543637965[&state=108],nd40:0.5606373543637965[&state=120])nd23:2.7182511323743235[&state=107],(nd25:2.518033044840142[&state=108],(nd31:1.8681479790065192[&state=87],(nd35:0.9585657508433232[&state=120],nd36:0.9585657508433232[&state=108])nd32:0.9095822281631947[&state=120])nd26:0.6498850658336203[&state=8])nd24:0.7608554418979806[&state=28])nd21:0.02574495889532818[&state=28],(nd33:1.8556811268966975[&state=87],(nd37:0.6809129476892403[&state=65],((nd45:0.006269737356090392[&state=6],nd46:0.006269737356090392[&state=108])nd43:0.00589512717881527[&state=108],nd44:0.012164864534905662[&state=4])nd38:0.6687480831543346[&state=108])nd34:1.1747681792074567[&state=120])nd22:1.4489523187367523[&state=31])nd17:0.146457866060598[&state=28],(nd27:2.4275209120390504[&state=98],nd28:2.4275209120390504[&state=120])nd18:1.023570399654996[&state=28])nd11:7.362305270255478[&state=28],((((nd29:1.8760385932916315[&state=108],(nd41:0.5304138276037739[&state=108],nd42:0.5304138276037739[&state=56])nd30:1.345624765687857[&state=108])nd19:1.569075769127339[&state=9],(nd47:0.0022225307090308144[&state=107],nd48:0.0022225307090308144[&state=3])nd20:3.442891831709942[&state=107])nd14:2.4229820363554406[&state=1],nd10:5.868096398774414[&state=66])nd7:1.1690486734076848[&state=0],nd15:7.037145072182096[&state=120])nd3:3.776251509767429[&state=7])root:0.0[&state=22];
