sample	replicate	trs
1	1	((((nd5:7.65642812236338,((((nd17:4.514150503689782,(nd19:0.43870623140184156,(nd23:3.358172545035046,(nd29:2.291237147016238,nd30:2.291237147016238)nd24:1.0669353980188077)nd20:0.4928984734618267)nd18:0.6630794851929095)nd15:1.9622730344757684,(nd35:1.0004179626842122,nd36:1.0004179626842122)nd16:5.476005575481339)nd11:5.290933449006484,(nd25:3.0826014445911696,nd26:1.9039600953947646)nd12:8.684755542580865)nd9:0.691200018279522,nd10:6.3841134853062655)nd6:1.8661052369845477)nd3:2.92186148775882,((nd13:4.398489852395774,((((nd45:0.053706458803413584,nd46:0.053706458803413584)nd37:0.8462082430571752,nd38:0.8999147018605888)nd33:0.30115521366923936,(nd41:0.28852958337685286,nd42:0.28852958337685286)nd34:0.9125403321529753)nd21:2.4782500308354702,(nd27:0.69914716287466,(nd31:1.841919018814091,((nd43:0.19403406180782864,nd44:0.19403406180782864)nd39:0.31639072458630346,nd40:0.510424786394132)nd32:1.3314942324199588)nd28:0.7162864723347202)nd22:1.121114455216488)nd14:4.976559014378175)nd7:4.635786255477692,nd8:0.23370840038708965)nd4:3.9548585139737584)nd1:1.3573073565055789,nd2:4.883675625124616)root:0.00436891329950337)origin:0.0;
