sample	replicate	trs
1	1	(((((nd55:2.1418479007854367[&state=0],(nd57:1.9992601740245668[&state=0],nd58:1.9992601740245668[&state=0])nd56:0.14258772676087[&state=0])nd43:5.130184129687698[&state=0],(nd59:6.314662838803616[&state=1],nd48:6.314662838803617[&state=1])nd44:0.9573691916695186[&state=7])nd33:1.8795976395690774[&state=7],(((nd67:1.1192643812821923[&state=0],nd68:1.1192643812821923[&state=15])nd65:0.13722831827304566[&state=8],(nd69:0.021795617813911372[&state=5],nd70:0.021795617813911372[&state=2])nd66:1.2346970817413265[&state=19])nd51:2.34312731418088[&state=8],nd52:3.599620013736118[&state=0])nd34:5.552009656306095[&state=0])nd12:9.412192881192583[&state=0],((nd42:11.277740328246875[&state=6],nd28:11.277740328246882[&state=6])nd25:0.5400731460733782[&state=6],((nd63:1.7021907390240796[&state=4],nd64:1.7021907390240796[&state=6])nd54:2.1366987393368992[&state=26],(nd61:1.7526769814378065[&state=6],nd62:1.7526769814378065[&state=4])nd50:2.0862124969231717[&state=26])nd35:7.978923995959276[&state=6])nd13:6.746009076914541[&state=6])nd1:5.8393831331608474[&state=22],((nd23:12.03294933487986[&state=6],nd24:12.03294933487986[&state=6])nd19:1.3625103463560175[&state=6],nd30:13.395459681235874[&state=6])nd9:11.00774600315977[&state=6])root:0.0[&state=22];
