sample	replicate	trs
1	1	((((nd15:5.732289098245273,((((nd31:0.5341896271636882,nd32:1.678781424604475)nd29:0.15772155393387682,nd30:0.5357114008862567)nd19:2.427832839886309,nd20:0.13019556804341154)nd17:0.5317137097368673,(((nd49:0.5734905691950325,nd50:0.5734905691950325)nd25:2.3032581269492605,((nd55:0.2245603278373565,nd56:0.2245603278373565)nd27:2.2260141361214614,(nd33:1.1671338105654894,((((nd53:0.3044618993704505,(nd57:0.21986951755495085,((nd65:0.15607182486408863,nd66:0.15607182486408863)nd61:0.021184683473901737,nd62:0.1772565083379904)nd58:0.04261300921696046)nd54:0.08459238181549952)nd47:0.29260634954072157,((nd67:0.06594157470937292,nd68:0.06594157470937292)nd51:0.3769525365880383,(nd69:0.03889566604292316,nd70:0.03889566604292316)nd52:0.4039984452544881)nd48:0.15417413761376078)nd37:0.2524048157474159,((nd45:0.6687810419490006,nd46:0.6687810419490006)nd39:0.16580070647948755,nd40:0.8345817484284879)nd38:0.014891316230099665)nd35:0.01282676031949151,((nd43:0.707029636226813,(nd59:0.20755809212378093,(nd63:0.15762716531268647,nd64:0.15762716531268647)nd60:0.049930926811094456)nd44:0.4994715441030323)nd41:0.07302543455570469,nd42:0.7800550707825178)nd36:0.08224475419556138)nd34:0.3048339855874101)nd28:1.2834406533933287)nd26:0.4261742321854748)nd21:0.9482862153342287,nd22:0.5115764960576701)nd18:0.9710146166830061)nd16:1.8813261528898033)nd5:4.712324759725673,nd6:3.65620525671902)nd1:0.7963276370303713,(((nd13:1.0928386753818147,(nd23:3.282065291317221,nd24:1.1555353226763514)nd14:4.013830295108612)nd9:2.1723841133084014,(nd11:0.1955699263266689,nd12:0.3918448802839364)nd10:0.8321117868286376)nd3:1.7729423936050221,(nd7:1.5213428877266653,nd8:5.211604180570973)nd4:1.4743630532156844)nd2:0.4571923154350736)root:0.6003719221926245)origin:0.0;
