sample	replicate	trs
1	1	((((nd26:1.891906798630508[&state=5],nd27:1.891906798630508[&state=5])nd16:1.723374670876801[&state=5],(nd30:0.4108852255631681[&state=5],(nd34:0.29531220737942443[&state=5],nd35:0.29531220737942443[&state=5])nd31:0.11557301818374369[&state=5])nd17:3.204396243944141[&state=5])nd12:5.218491817444151[&state=5],((((nd32:0.3232475210909103[&state=5],nd33:0.3232475210909103[&state=5])nd24:1.790487262312057[&state=5],(nd28:0.4190142050893514[&state=5],nd29:0.4190142050893514[&state=5])nd25:1.6947205783136159[&state=5])nd20:0.8414197336669713[&state=5],(nd22:2.678056153770628[&state=5],nd23:2.678056153770628[&state=5])nd21:0.27709836329931076[&state=5])nd14:3.9055469709380297[&state=5],nd15:6.860701488007968[&state=5])nd10:1.973071798943492[&state=5])nd4:0.2878893078354185[&state=5],((nd18:3.5672503864633334[&state=5],nd19:3.5672503864633334[&state=5])nd6:5.35346701786047[&state=5],nd7:8.920717404323804[&state=0])nd5:0.2009451904630758[&state=16])nd3:0.0[&state=16];
