sample	replicate	trs
1	1	(((nd30:2.4926597523205842[&state=48],nd14:2.4926597523205847[&state=48])nd3:0.6203362364932669[&state=22],(nd37:0.37193652388693665[&state=48],(nd39:0.13017089740064608[&state=0],nd40:0.13017089740064608[&state=1])nd38:0.24176562648629063[&state=7])nd4:2.7410594649269133[&state=7])nd1:0.30245776777041816[&state=22],(nd21:2.6530011937864337[&state=48],(((nd23:1.214016209847361[&state=48],(nd34:0.9644674678136052[&state=6],(nd43:0.041331992350778585[&state=23],nd44:0.041331992350778585[&state=0])nd28:0.9231354754628266[&state=48])nd24:0.24954874203375518[&state=48])nd15:0.3884293425287511[&state=48],(nd31:1.566509748829736[&state=48],(nd25:1.0679244175415494[&state=48],nd26:1.0679244175415494[&state=7])nd18:0.4985853312881865[&state=7])nd16:0.035935803546375725[&state=48])nd11:0.5727350574108221[&state=48],(nd42:0.7295687764824627[&state=22],nd36:0.7295687764824625[&state=48])nd20:1.4456118333044714[&state=48])nd8:0.47782058399949967[&state=22])nd6:0.762452562797836[&state=0])root:0.0[&state=22];
