sample	replicate	trs
1	1	(((((nd11:1.6578860097699262[&state=1],(((nd23:3.2662721948952824[&state=0],nd24:3.2662721948952824[&state=0]):1.5179818780775607[&state=0],nd20:2.958343346800285[&state=0]):0.6582360489510547[&state=0],nd14:1.9093283629318616[&state=0]):0.6482933818401775[&state=0]):0.31846668399083083[&state=0],((nd33:1.817513906359948[&state=0],nd34:1.817513906359948[&state=0]):3.377195946407045[&state=0],nd16:5.194709852766993[&state=0]):1.2145403349879134[&state=0]):1.8257815684178407[&state=0],((((nd21:3.537220687675505[&state=0],((nd45:0.1454651776183687[&state=6],nd46:0.1454651776183687[&state=6]):1.7430430739497873[&state=6],(nd35:1.4733627904069557[&state=0],nd36:1.4733627904069557[&state=2]):0.4151454611612003[&state=8]):1.648712436107349[&state=22]):1.2771618668764368[&state=0],((nd27:2.1963044981435464[&state=0],(((nd41:0.9563235275390979[&state=0],nd42:0.9915731166175273[&state=23]):0.25513706947416626[&state=7],nd38:1.2467101860916934[&state=0]):0.8571319302871432[&state=7],nd30:2.1038421163788366[&state=0]):0.0924623817647097[&state=0]):1.008609144943684[&state=0],nd26:3.2049136430872305[&state=0]):1.6094689114647114[&state=0]):1.8692133812845535[&state=0],((nd43:0.5098368980725552[&state=7],nd44:0.5098368980725552[&state=0]):0.4986612915245291[&state=7],nd40:1.0084981895970841[&state=0]):5.675097746239411[&state=0]):0.47273525724058274[&state=0],nd6:3.382772552373684[&state=0]):1.0787005630956683[&state=0]):0.6651719408618133[&state=0],nd2:5.801582631872617[&state=6]):0.5018363029654431[&state=22]):0.0[&state=22];
