sample	replicate	trs
1	1	((nd12:3.778062839898844[&state=5],(nd18:2.232789588047155[&state=5],((nd26:1.2134401283001326[&state=5],(nd30:0.4335732271852022[&state=18],nd31:0.4335732271852022[&state=5])nd27:0.7798669011149304[&state=5])nd22:0.2944031547556673[&state=5],((nd28:0.46281606428808947[&state=5],nd29:0.46281606428808947[&state=5])nd24:0.7814242655858832[&state=5],nd25:1.2442403298739728[&state=5])nd23:0.2636029531818272[&state=5])nd19:0.7249463049913552[&state=5])nd13:1.5452732518516892[&state=5])nd2:1.3577265049703218[&state=5],(((nd20:1.729778360352384[&state=5],nd21:1.729778360352384[&state=5])nd16:1.510475701161869[&state=5],nd17:3.2402540615142534[&state=5])nd6:1.0652203685922297[&state=5],((nd14:3.2838224738257544[&state=5],nd15:3.2838224738257544[&state=5])nd8:0.8091083259144016[&state=5],(nd10:3.8224886565990515[&state=5],nd11:3.8224886565990515[&state=5])nd9:0.2704421431411043[&state=5])nd7:0.21254363036632704[&state=5])nd5:0.8303149147626832[&state=5])root:0.0[&state=5];
