sample	replicate	trs
1	1	(((((((((nd57:0.028944572612975082[&state=1],nd58:0.028944572612975082[&state=1]):0.7372053227678761[&state=7],nd44:0.7207708778906566[&state=0]):1.1354901770224477[&state=0],(nd37:1.011242390400966[&state=0],nd38:1.011242390400966[&state=0]):0.8903976820023333[&state=0]):3.729523765691883[&state=0],((((nd31:1.682028180087194[&state=18],((nd35:1.0164612428075799[&state=1],nd36:1.0164612428075799[&state=6]):0.3841225292970036[&state=26],nd34:1.4005837721045844[&state=17]):0.2814444079826097[&state=78]):1.0844420014935003[&state=7],((nd49:0.37870670108783194[&state=3],nd50:0.06358835790234815[&state=1]):0.15000810753629368[&state=11],nd46:0.5287148086241258[&state=5]):2.237755372956567[&state=42]):0.5255496298711403[&state=28],nd24:1.2785762799484581[&state=1]):2.145718124970373[&state=28],((nd47:0.21911067425181505[&state=1],(nd55:0.12668478859842208[&state=14],nd56:0.12668478859842208[&state=6]):0.28387258259399895[&state=55]):0.5972181300828671[&state=1],nd40:0.7746101860894619[&state=0]):4.42996243514692[&state=32]):0.19342590167297521[&state=0]):1.1354355409120958[&state=0],nd10:1.4026488363066483[&state=1]):7.252680063417156[&state=0],(((nd51:0.24336042891459725[&state=6],(nd53:0.24200570185808556[&state=4],nd54:0.24200570185808556[&state=4]):0.0013547270565116946[&state=4]):6.461436481976047[&state=26],nd12:0.742699199357283[&state=6]):5.249774356961513[&state=6],(nd21:3.397862445611242[&state=77],(nd25:1.7046072842942592[&state=0],nd26:2.9020925578511756[&state=28]):0.49576988776006653[&state=0]):8.55670882224091[&state=0]):2.064708174572277[&state=22]):3.461812838585356[&state=0],nd4:3.1958171511573235[&state=6]):1.0798188331685956[&state=22],(nd17:0.13237921065237507[&state=6],((nd41:0.8884242523480921[&state=71],nd42:0.8884242523480921[&state=6]):3.0566061951000947[&state=84],nd20:1.7584156449811679[&state=6]):0.6520528995716444[&state=6]):13.96382776715855[&state=6]):0.09068888582161311[&state=22]):0.0[&state=22];
