sample	replicate	trs
1	1	((nd1:1.7681483683418868[&state=6],((nd19:0.7886446580165676[&state=24],(nd21:0.6968456236969096[&state=6],nd22:0.6968456236969096[&state=53]):0.09179903431965789[&state=6]):5.822312339080287[&state=6],((nd23:0.6085104952048488[&state=50],((nd29:0.05545791145154575[&state=3],nd30:0.05545791145154575[&state=4]):0.37993346412961715[&state=16],nd26:0.4353913755811629[&state=6]):0.17311911962368587[&state=25]):4.029836474068452[&state=52],((nd9:4.136571987347554[&state=6],((nd13:0.735112225428348[&state=6],(nd17:2.0999386763568584[&state=6],nd18:2.0999386763568584[&state=24]):0.8754451135981257[&state=6]):1.1457745129037868[&state=6],nd12:4.121158302858772[&state=6]):0.015413684488781032[&state=6]):0.4003617657606793[&state=6],((nd27:0.30967444994442306[&state=7],(nd31:0.02486621036202433[&state=6],nd32:0.02486621036202433[&state=6]):0.2848082395823987[&state=6]):1.9351478835101585[&state=48],nd16:2.2448223334545823[&state=6]):2.29211141965365[&state=6]):0.10141321616506808[&state=6]):1.972610027823555[&state=6]):0.8362824080790787[&state=6]):2.417810594824064[&state=6]):0.0[&state=23];
