sample	replicate	trs
1	1	(((((nd104:0.19177467644920415,nd105:0.19177467644920415)nd82:0.8065895300902108,nd83:0.9983642065394149)nd76:0.2851058194569767,nd77:1.2834700259963927)nd68:7.150505891064427,((nd96:0.3745935147667676,nd97:0.3745935147667676)nd62:2.414191599473115,(((nd108:0.030394980852992425,nd109:0.030394980852992425)nd74:1.4679654672247948,(nd98:0.3095732334399341,nd99:0.3095732334399341)nd75:1.1887872146378524)nd72:0.27672821847836115,(nd86:0.8609037336329355,nd87:0.8609037336329355)nd73:0.9141849329232115)nd63:1.0136964476837356)nd44:5.645190802820935)nd31:12.586671255003598,(((nd66:4.2604222882857155,(nd84:0.9500282224722376,nd85:0.9500282224722376)nd58:3.31039406581348)nd20:13.291818040651517,nd54:17.552240328937234)nd4:2.794434470462862,(((nd64:2.7525894572482907,(nd70:2.0533964725469604,((nd95:0.7176773295210565,nd91:0.7176773295210563)nd88:0.10747159361315717,(nd106:0.16409776679163565,nd107:0.16409776679163565)nd89:0.6610511563425779)nd71:1.2282475494127465)nd65:0.6991929847013305)nd60:0.3573954745341285,((nd80:1.1085973354547016,nd81:1.1085973354547016)nd78:0.14372521524097548,nd79:1.2523225506956777)nd61:1.8576623810867425)nd52:2.308247830423414,((nd92:0.7007881284805726,nd93:0.7007881284805726)nd50:4.568523091661078,((nd102:0.23125334208133136,nd103:0.23125334208133136)nd100:0.025395369061974947,nd101:0.2566487111433064)nd51:5.012662508998343)nd49:0.1489215420641854)nd38:14.928442037194262)nd3:0.6739723726643168)root:0.0;
