sample	replicate	trs
1	1	(((nd47:0.4395990432153082[&state=11],(nd59:0.0495665868185692[&state=25],nd60:0.0495665868185692[&state=28])nd48:0.39003245639673895[&state=104])nd22:2.1375505441116207[&state=104],(((nd61:0.007385615748363711[&state=1],nd62:0.007385615748363711[&state=31])nd41:0.7058493850321743[&state=31],(nd53:0.2192879811186259[&state=28],nd54:0.2192879811186259[&state=30])nd42:0.4939470196619121[&state=30])nd25:1.1658860096270547[&state=63],((nd51:0.23526301136882677[&state=29],nd52:0.23526301136882677[&state=48])nd27:1.6431563556451845[&state=78],nd34:1.8784193670140108[&state=7])nd26:0.0007016433935814344[&state=7])nd20:0.6980285769193343[&state=7])nd14:3.973647484705921[&state=7],(((nd57:0.10808438236778421[&state=12],nd58:0.10808438236778421[&state=31])nd29:1.4706627631842963[&state=31],(nd39:0.8819002780590849[&state=6],nd40:0.8819002780590849[&state=31])nd30:0.6968468674929965[&state=104])nd7:2.5741590440990416[&state=7],(nd12:4.108421039386009[&state=63],(((nd45:0.56787190748098[&state=104],nd46:0.56787190748098[&state=63])nd37:0.36951957932112467[&state=12],nd38:0.9373914868021046[&state=63])nd15:1.9132240360638701[&state=9],(((nd49:0.29197759932721135[&state=31],nd50:0.29197759932721135[&state=29])nd43:0.29073564080042796[&state=1],nd44:0.5827132401276395[&state=28])nd17:2.0782333755974984[&state=63],((nd35:1.0274119884231154[&state=12],nd36:1.0274119884231154[&state=63])nd32:0.9855175337274908[&state=2],(nd55:0.13376427620798437[&state=0],nd56:0.13376427620798437[&state=80])nd24:1.8791652459426207[&state=104])nd18:0.6480170935745305[&state=0])nd16:0.189668907140837[&state=1])nd10:1.2578055165200321[&state=7])nd8:0.044485150265116055[&state=7])nd6:2.397890882381726[&state=7])nd2:0.0[&state=0];
