sample	replicate	trs
1	1	((((((nd73:4.383662713496908,nd74:3.8920599188741827)nd71:0.16537923493067722,(nd81:0.6806228980723927,nd82:0.6806228980723927)nd72:3.868419050355191)nd11:10.880723156595845,(((nd51:3.433846757606661,nd52:3.3533982812267427)nd23:4.507302118594291,nd24:7.479081841258479)nd21:0.35125212417867574,(((((nd63:5.5306393463982015,nd64:5.5306393463982015)nd61:0.16387993525060174,(nd67:0.9130057196121389,nd68:4.869031993970785)nd62:0.8254872876780188)nd59:0.35649038756278484,nd60:6.051009669211587)nd55:1.8557820220307064,nd56:3.845035498589594)nd33:3.7066801653388497,(((nd49:7.440349541148359,((nd83:0.5836429004440892,(nd85:0.5187362991390114,nd86:0.5187362991390114)nd84:0.06490660130507774)nd65:4.879560075479499,nd66:5.463202975923588)nd50:3.2009022362599335)nd41:1.3993793744294023,nd42:1.8463009979087306)nd37:0.17419102606551826,nd38:2.9616891495652626)nd34:1.3757962439027023)nd22:1.8533295979882545)nd12:1.9629636504540302)nd3:3.4273360634686862,((nd17:1.9579240228466446,nd18:2.506078957366015)nd15:0.9304836848313838,(nd35:2.867436901730695,nd36:9.039727275906776)nd16:4.449698858213985)nd4:4.090065765678277)nd1:2.602747189230243,(((nd13:14.853623328805721,(nd25:0.007244066627359757,((nd45:9.008002675601515,(nd79:1.8309336562703171,nd80:1.8309336562703171)nd46:7.177069019331201)nd43:0.8145951927296362,nd44:1.7818107427182734)nd26:3.2315156008788835)nd14:1.7995098595956873)nd7:1.8325589789302388,((nd27:3.136945110426665,nd28:3.0529295347144627)nd9:3.204351109386879,((nd57:6.7273076884682235,nd58:5.5615314147034605)nd19:6.75430527343323,(((nd69:2.315687950890034,nd70:2.2749469867490273)nd53:3.628166194793837,(nd75:0.27807784446328315,nd76:3.0087436153459937)nd54:5.463721144687909)nd29:3.910471194965128,((nd39:10.221086602494616,nd40:0.7150108444409515)nd31:1.682519196122582,nd32:0.6581722582598701)nd30:0.4793301563818322)nd20:1.0986770069024248)nd10:2.544247122355761)nd8:0.6603222234787469)nd5:0.2148222146830958,(nd47:4.941510493634141,(nd77:2.049963170468046,nd78:2.049963170468046)nd48:6.661946634860396)nd6:8.189094717090617)nd2:4.558843835303297)root:0.07285164227764099)origin:0.0;
