sample	replicate	trs
1	1	(((((nd115:3.289949774400433[&state=7],(nd138:3.1061212235701863[&state=0],(nd133:1.7755511817663336[&state=0],nd134:1.7755511817663336[&state=2])nd118:1.3305700418038529[&state=0])nd116:0.1838285508302462[&state=0])nd47:6.565634123271605[&state=0],nd106:9.855583897672037[&state=2])nd43:1.0620309962385008[&state=0],nd54:10.917614893910539[&state=12])nd29:3.134575858019397[&state=0],(nd109:9.097976639449628[&state=0],(nd129:4.68050476133611[&state=0],nd136:4.68050476133611[&state=0])nd58:4.417471878113521[&state=7])nd30:4.954214112480306[&state=0])nd11:7.048494918623513[&state=0],((((nd63:8.340990829895844[&state=1],nd107:8.340990829895844[&state=1])nd62:5.7398179605922675[&state=1],((((nd125:2.094871506365236[&state=0],nd126:2.094871506365236[&state=0])nd123:0.4498514639203366[&state=0],nd124:2.5447229702855725[&state=3])nd93:3.2008889970477425[&state=0],nd141:5.745611967333314[&state=0])nd80:5.387809250996863[&state=0],(nd139:1.1865976306265897[&state=0],nd140:1.1865976306265897[&state=0])nd42:9.946823587703594[&state=0])nd33:2.9473875721579343[&state=0])nd13:4.0333335266840695[&state=0],(nd21:16.002693721095856[&state=2],(nd71:9.216066395557784[&state=0],(nd143:0.5044539412429296[&state=0],nd144:0.5044539412429296[&state=0])nd103:8.711612454314855[&state=0])nd25:6.786627325538075[&state=0])nd10:2.1114485960763245[&state=0])nd7:0.21411885815455484[&state=0],(((nd145:0.08210994761302054[&state=2],nd146:0.08210994761302054[&state=0])nd121:2.5345598994844982[&state=8],nd122:2.6166698470975187[&state=8])nd111:6.421409624277642[&state=28],(nd97:6.405113216639107[&state=0],nd86:6.405113216639108[&state=0])nd70:2.632966254736054[&state=0])nd40:9.290181703951575[&state=0])nd4:2.772424495226711[&state=0])nd1:0.0[&state=0];
