sample	replicate	trs
1	1	(((((nd39:1.1683780458581479,nd40:1.1683780458581479)nd33:0.15694577593007614,(nd43:0.8483005621874551,nd44:0.8483005621874551)nd34:0.47702325960076913)nd9:4.696385899542459,((nd31:1.41771463391299,(nd47:0.6950987374103373,nd48:0.6950987374103373)nd32:0.7226158965026528)nd11:4.593588421749173,(((nd45:0.751629869220388,nd46:0.751629869220388)nd23:2.2593419214402224,((nd29:1.5871428347225969,((nd49:0.30989524891055675,nd50:0.30989524891055675)nd37:0.9950123886822402,nd38:1.3049076375927968)nd30:0.2822351971297999)nd27:0.015838751136720123,nd28:1.6029815858593168)nd24:1.4079902048012938)nd19:1.2264173462569676,(nd41:0.8717378622042445,nd42:0.8717378622042445)nd20:3.3656512747133336)nd12:1.7739139187445843)nd10:0.010406665668521168)nd1:4.501596799225106,(nd3:0.20454527229545247,((nd7:1.5009972444884112,(((nd17:3.223214551497873,nd18:4.493209150356373)nd15:0.5467515745132174,nd16:0.12148584639119685)nd13:0.5434317519106004,(nd21:1.7442054666506055,((nd35:1.3166716088512527,nd36:0.6934610900224694)nd25:0.4054491792174747,nd26:1.7221207880687273)nd22:1.5621574730793002)nd14:2.2991142156321644)nd8:3.036035238807851)nd5:0.09529545415853777,nd6:5.216963767676259)nd4:1.411794378464237)nd2:0.39678897234497207)root:4.099393479444213)origin:0.0;
