sample	replicate	trs
1	1	(nd28:9.69023575709668[&state=10],(((((nd43:1.5497411412634452[&state=105],nd44:1.5497411412634452[&state=0])nd41:1.198359306950149[&state=0],nd49:2.7481004482135942[&state=0])nd29:0.5322897181940568[&state=28],nd30:3.280390166407651[&state=1])nd19:0.44131487983160383[&state=1],(((nd47:0.7767877711610675[&state=9],nd48:0.7767877711610675[&state=31])nd37:1.4429861255229919[&state=1],(nd53:0.5547714084521129[&state=0],nd54:0.5547714084521129[&state=1])nd38:1.6650024882319465[&state=7])nd25:1.143907953022604[&state=7],(((nd51:0.5940603511446954[&state=0],(nd57:0.32155941676891164[&state=0],nd58:0.32155941676891164[&state=0])nd52:0.27250093437578377[&state=0])nd45:0.5328530723433974[&state=0],nd46:1.1269134234880929[&state=28])nd31:1.980996620345706[&state=0],nd32:3.1079100438337983[&state=0])nd26:0.2557718058728651[&state=0])nd22:0.35802319653259124[&state=7])nd16:1.8662685696924128[&state=7],(nd24:4.041521149739057[&state=0],((nd55:0.4018474076776965[&state=0],nd56:0.4018474076776965[&state=12])nd35:1.8559173754092946[&state=0],(nd39:2.1969080267831234[&state=63],nd40:2.1969080267831234[&state=0])nd36:0.060856756303867166[&state=0])nd18:1.7837563666520662[&state=0])nd14:1.5464524661926102[&state=0])nd8:4.102262141165011[&state=0])nd1:0.0[&state=0];
