sample	replicate	trs
1	1	((((((nd23:2.3242964963666752[&state=9],(nd31:1.1409610560819636[&state=0],nd32:1.1409610560819636[&state=8])nd27:1.1833354402847116[&state=0])nd15:1.510438970704622[&state=7],nd16:3.834735467071297[&state=67])nd12:2.8292830438679815[&state=0],(((nd39:0.05848040222391122[&state=9],nd40:0.05848040222391122[&state=85])nd25:2.164175781644701[&state=120],nd26:2.222656183868612[&state=84])nd19:1.0153823048000516[&state=8],nd30:3.238038488668664[&state=1])nd14:3.4259800222706147[&state=0])nd5:4.337809985743004[&state=0],(nd9:6.135381573920115[&state=35],nd10:6.135381573920115[&state=67])nd6:4.866446922762168[&state=7])nd3:0.3579788821603988[&state=0],(((nd33:0.9939042234790321[&state=37],(nd35:0.709138700201943[&state=25],(nd37:0.24095020117047655[&state=12],nd38:0.24095020117047655[&state=1])nd36:0.4681884990314665[&state=28])nd34:0.28476552327708926[&state=10])nd21:2.0406739242712226[&state=10],nd22:3.034578147750255[&state=0])nd17:0.48140043244201686[&state=0],nd18:3.5159785801922707[&state=87])nd4:7.843828798650411[&state=7])nd1:3.8894851153811865[&state=0],nd2:15.249292494223868[&state=6])root:0.0[&state=22];
