sample	replicate	trs
1	1	(((((((nd79:0.12647938218492716[&state=0],nd80:0.12647938218492716[&state=0])nd77:0.14141687352549925[&state=0],nd78:0.2678962557104264[&state=0])nd65:0.8077587718263538[&state=0],nd66:1.0756550275367802[&state=0])nd45:4.020132272321426[&state=0],nd50:5.095787299858207[&state=0])nd38:1.7430992944061194[&state=0],(nd69:0.5968745446487291[&state=0],((nd73:0.48795495701006175[&state=0],nd74:0.48795495701006175[&state=0])nd71:0.021479536123520288[&state=0],nd72:0.5094344931335821[&state=0])nd70:0.087440051515147[&state=0])nd42:6.242012049615597[&state=0])nd29:0.6323807977819079[&state=0],((((nd81:0.04251786753170467[&state=0],nd82:0.04251786753170467[&state=0])nd75:0.2685979067923413[&state=0],nd76:0.31111577432404597[&state=0])nd53:2.933651159506327[&state=0],nd54:3.2447669338303737[&state=0])nd47:0.2597449991521691[&state=0],(nd51:3.3361502092415676[&state=0],nd52:3.3361502092415676[&state=0])nd48:0.16836172374097594[&state=0])nd30:3.966755459063691[&state=0])nd27:1.7507106956129002[&state=0],((nd57:2.4401232706735994[&state=0],(nd59:2.149556475210427[&state=0],nd61:2.149556475210427[&state=0])nd58:0.2905667954631724[&state=0])nd33:3.9091382232490717[&state=0],(nd55:2.67007374346757[&state=0],(nd67:1.0218964948194869[&state=0],nd68:1.0218964948194869[&state=0])nd56:1.648177248648082[&state=0])nd44:3.6791877504551023[&state=0])nd28:2.872716593736463[&state=0])nd26:0.0[&state=0];
