sample	replicate	trs
1	1	((nd59:0.8091216761804481,nd60:0.8091216761804481)nd1:19.161698804584418,((((nd31:4.796968644329672,((((nd61:0.6726967733187845,nd62:0.6726967733187845)nd57:0.31019170014264036,nd58:0.9828884734614249)nd55:0.31195884035986315,nd56:1.2948473138212881)nd49:0.44654488483998644,nd50:1.7413921986612744)nd32:3.0555764456683976)nd9:5.24758097705859,(nd65:0.36668795614174854,nd66:0.36668795614174854)nd14:9.677861665246514)nd7:0.8413314711213603,((((nd53:1.58558282480507,(nd69:0.1011420128113272,nd70:0.1011420128113272)nd54:1.484440811993743)nd51:0.07015457421870294,(nd63:0.5270561103866712,nd64:0.5270561103866712)nd52:1.1286812886371018)nd29:3.3598764811122446,(nd35:4.20069753448394,nd36:4.20069753448394)nd30:0.814916345652078)nd22:4.223091641472336,(((nd37:3.849366560036669,(nd45:2.259517215575853,nd46:2.259517215575853)nd38:1.5898493444608164)nd19:3.518434200874808,(nd33:4.512903381568075,((nd67:0.11265923923471369,nd68:0.11265923923471369)nd43:2.3592162936717407,nd44:2.4718755329064543)nd34:2.0410278486616202)nd20:2.8548973793434027)nd17:0.3196159150410624,(nd28:6.509962844767329,(nd39:3.6776424350028196,nd40:3.6776424350028196)nd26:2.83232040976451)nd18:1.17745383118521)nd12:1.5512888456558145)nd8:1.6471755709012694)nd3:7.2720737856028315,((nd15:8.373734785893815,nd16:8.373734785893815)nd5:5.97748927361149,(nd41:2.646276891296924,(nd47:2.2323739709092787,nd48:2.2323739709092787)nd42:0.4139029203876454)nd6:11.70494716820838)nd4:3.8067308186071505)nd2:1.8128656026524126)root:0.0;
