sample	replicate	trs
1	1	((((nd53:0.3921701071170864,(nd67:0.10025731093582224,nd68:0.10025731093582224)nd54:0.2919127961812641)nd23:1.497611657500099,(nd25:1.8002530476679832,(nd51:0.47642096203610235,nd52:0.47642096203610235)nd26:1.323832085631881)nd24:0.0895287169492019)nd17:0.6680898485328579,(((nd75:0.008839329057623455,nd76:0.008839329057623455)nd35:1.5915851758503086,(nd37:1.5395970799697154,nd38:1.5395970799697154)nd36:0.060827424938216565)nd27:0.16095506502759382,nd28:1.7613795699355257)nd18:0.7964920432145174)nd1:2.1488374453012287,(((nd9:3.288118328486556,((((nd59:0.29371908982783584,nd60:0.29371908982783584)nd47:0.2356824176769977,(nd57:0.3053859972677612,nd58:0.3053859972677612)nd48:0.2240155102370724)nd19:1.7516038937351004,(nd65:0.11572251337332279,nd66:0.11572251337332279)nd20:2.1652828878666113)nd15:0.49920698180710793,nd21:2.7802123830470418)nd10:0.5079059454395133)nd5:0.7628084922178485,(((nd69:0.04864138831500291,nd70:0.04864138831500291)nd31:1.6182305151733942,(nd73:0.016656471052436415,nd74:0.016656471052436415)nd32:1.6502154324359606)nd29:0.07216044071245081,(nd41:1.2917259479689829,(nd45:0.8089748905462143,nd46:0.8089748905462143)nd42:0.4827510574227687)nd30:0.44730639623186486)nd6:2.311894476503556)nd3:0.08802034021787344,(((nd55:0.370775754007811,(nd61:0.19374934538298633,(nd63:0.16477311609448203,nd64:0.16477311609448203)nd62:0.028976229288504275)nd56:0.17702640862482463)nd11:2.4647917259171073,(nd13:2.832140166946918,((nd43:1.1507841699916561,nd44:1.1507841699916561)nd33:0.4952279102279591,nd34:1.6460120802196152)nd14:1.1861280867273025)nd12:0.003427312977999907)nd7:0.9385161654179702,(nd39:1.5389302825129076,(nd49:0.5236554518493063,(nd71:0.027037478937619867,nd72:0.027037478937619867)nd50:0.49661797291168647)nd40:1.0152748306636015)nd8:2.2351533628299793)nd4:0.36486351557938934)nd2:0.5677618975289948)root:0.0;
