sample	replicate	trs
1	1	((nd5:2.4856696272835332[&state=6],((((nd31:0.7802364422865217[&state=6],nd32:0.7802364422865217[&state=6])nd13:0.8014598293516202[&state=6],nd18:1.5816962716381422[&state=24])nd11:0.31647460983627745[&state=6],((nd45:0.054080315431499944[&state=6],(nd47:0.029051545831624878[&state=6],nd48:0.029051545831624878[&state=6])nd46:0.025028769599875066[&state=6])nd25:0.951639671405915[&state=6],(nd29:0.8107838583418981[&state=6],(nd35:0.4545002758705163[&state=6],nd36:0.4545002758705163[&state=6])nd30:0.3562835824713819[&state=6])nd26:0.19493612849551675[&state=6])nd16:0.8924508946370044[&state=6])nd7:0.5230051078203165[&state=6],((nd21:1.0565487540909628[&state=6],((nd37:0.41748867577225346[&state=6],nd38:0.41748867577225346[&state=24])nd23:0.61626886954335[&state=6],(nd33:0.7607356482181955[&state=6],nd34:0.7607356482181955[&state=6])nd24:0.27302189709740804[&state=6])nd22:0.022791208775359166[&state=6])nd19:0.07926634373313853[&state=6],(nd27:0.8857417629286437[&state=8],nd28:0.8857417629286437[&state=6])nd20:0.2500733348954575[&state=24])nd8:1.2853608914706347[&state=6])nd6:0.0644936379887976[&state=6])nd3:0.10104024806397383[&state=6],((nd39:0.36824389859841283[&state=6],nd40:0.36824389859841283[&state=6])nd9:1.8627983027452815[&state=6],(nd41:0.3623635218315755[&state=6],(nd43:0.24083347185153947[&state=6],nd44:0.24083347185153947[&state=6])nd42:0.121530049980036[&state=6])nd10:1.8686786795121189[&state=6])nd4:0.35566767400381294[&state=6])nd1:0.0[&state=6];
