sample	replicate	trs
1	1	((((nd40:5.884614596528311,((nd78:1.2156101474134235,(nd104:0.22397558253954647,nd105:0.22397558253954647)nd79:0.9916345648738769)nd60:1.5699879985225507,(nd100:0.3023902585190032,nd101:0.3023902585190032)nd61:2.48320788741697)nd41:3.0990164505923388)nd22:3.912999839422275,((nd62:2.703649562688662,(nd90:0.49551964907606133,((nd110:0.09290801684164558,nd111:0.09290801684164558)nd96:0.2607178578208021,nd97:0.3536258746624476)nd91:0.14189377441361373)nd63:2.2081299136126007)nd36:3.518484082921318,nd95:6.22213364560998)nd24:3.5754807903406074)nd6:0.9280639695120743,(nd52:7.485963105960537,nd45:7.485963105960536)nd12:3.239715299502124)nd2:1.4727698352063132,((((nd88:0.5029899816621607,nd89:0.5029899816621607)nd32:6.922910433892246,(nd66:2.2646307010305815,(nd74:1.3073469786919798,(nd98:0.35310858537068834,nd99:0.35310858537068834)nd75:0.9542383933212912)nd67:0.9572837223386021)nd47:5.161269714523829)nd26:0.6387639957650043,nd27:8.064664411319413)nd21:1.5156909456005967,(((nd72:1.3508520181303814,((nd106:0.15417636544759064,nd107:0.15417636544759064)nd84:0.7447408257329519,nd85:0.8989171911805425)nd73:0.45193482694983844)nd54:2.4992069693736405,((nd108:0.10530758943200824,nd109:0.10530758943200824)nd82:0.8605924585635458,nd83:0.9659000479955541)nd68:2.884158939508467)nd49:4.073735787682008,((nd92:0.4430594998523054,nd93:0.4430594998523054)nd81:5.676898847248581,(nd102:0.25631624783057816,nd103:0.25631624783057816)nd39:5.863642099270307)nd35:1.8038364280851427)nd17:1.6565605817339824)nd5:2.6180928837489628)root:0.0;
