sample	replicate	trs
1	1	((((((nd65:0.22398760643206653,nd66:0.22398760643206653)nd49:0.44778827474765964,(nd63:0.3573929723553879,nd64:0.16083677606704616)nd50:0.3143829088243382)nd17:1.8495935793322793,(nd39:1.012236839681372,(nd51:0.6684656409139318,nd52:0.18996611056234286)nd40:0.3437711987674404)nd18:1.5091326208306337)nd3:3.0198778779337645,(nd7:1.8492761480271334,(((nd61:0.09162436735876309,nd62:0.35872563838811694)nd41:0.6083907216434992,nd42:0.967116360031616)nd9:4.04379340325956,(((nd25:1.7469677766728933,(((nd59:0.38865733271421843,nd60:0.38865733271421843)nd45:0.5251087943976387,nd46:0.913766127111857)nd31:0.6225014339330026,(nd43:0.9588732016085482,(nd55:0.5573074668053574,nd56:0.5573074668053574)nd44:0.40156573480319085)nd32:0.5773943594363115)nd26:0.21070021562803323)nd23:0.5066952239555749,nd24:0.3594871237938528)nd19:0.25808868188132095,((nd47:0.8506528879388501,nd48:0.8506528879388501)nd29:0.75916736963225,nd30:0.04246307023810454)nd20:0.9019314249386887)nd10:2.4991580807813873)nd8:0.10632346634859632)nd4:0.4240141088059969)nd1:0.02321261883331697,(((nd13:0.882957585272025,((nd67:0.20511928618453243,nd68:0.20511928618453243)nd37:0.9816547014192014,(nd69:0.08053714389410774,nd70:0.08053714389410774)nd38:1.1062368437096257)nd14:3.0669400085541745)nd11:0.268106208794338,nd12:0.21988081244850038)nd5:0.6269775339348244,(nd15:3.6213251490931837,((nd27:0.6978215963880442,nd28:0.07461490539721156)nd21:0.5517842183004334,((nd53:0.6192938433628855,nd54:0.6192938433628855)nd33:0.7827191918702645,((nd57:0.12332711775508522,nd58:0.379879443090754)nd35:0.8111360300723147,nd36:1.2009410420864663)nd34:0.20107199314668334)nd22:0.869158718374846)nd16:1.3501533954851868)nd6:1.5274725897938881)nd2:0.4156622183920151)root:2.097590042720917)origin:0.0;
