sample	replicate	trs
1	1	((((((nd95:0.3609728255141722,nd96:0.3609728255141722)nd83:0.3888216072626583,(nd107:0.17889032109605954,nd108:0.17889032109605954)nd84:0.5709041116807712)nd67:0.467830435459499,(nd117:0.03429837224333459,nd118:0.03429837224333459)nd68:1.183326495992995)nd55:0.4617726315388954,(nd59:1.6187397596642827,nd69:1.6187397596642823)nd56:0.0606577401109427)nd27:1.7988516662835616,(((nd61:1.5607802638637636,(((nd111:0.09960937517051674,nd112:0.09960937517051674)nd91:0.33862338411735926,((nd103:0.30989399688799163,nd104:0.30989399688799163)nd93:0.0661052503453996,nd94:0.3759992472333913)nd92:0.062233512054484616)nd77:0.47384393573959377,(nd81:0.8362277612110532,(nd89:0.4661605397085571,(nd109:0.11853440815530245,nd110:0.11853440815530245)nd90:0.3476261315532547)nd82:0.3700672215024957)nd78:0.07584893381641697)nd62:0.6487035688362935)nd51:0.3879751438330403,nd52:1.9487554076968039)nd45:0.46342239269640717,((nd101:0.31741651470212895,nd102:0.31741651470212895)nd98:1.1217769870972696,nd66:1.4391935017993989)nd46:0.9729842985938121)nd43:1.066071365665576)nd9:3.212214827016017,(((nd73:1.0544759613559032,(nd85:0.7485599459265863,nd86:0.7485599459265863)nd74:0.30591601542931707)nd57:0.5884444247665662,(nd113:0.06825120287157976,nd114:0.06825120287157976)nd58:1.57466918325089)nd34:2.9626883813850493,(((nd99:0.3355136942670355,nd115:0.33551369426703553)nd87:0.2884185701815058,(nd105:0.207401917639617,nd106:0.207401917639617)nd88:0.4165303468089242)nd38:3.901265648183008,(nd71:2.0234934046122426,nd48:2.023493404612243)nd36:2.5017045080193077)nd24:0.08041085487596723)nd6:2.0848552255672863)root:0.0;
