sample	replicate	trs
1	1	(((nd39:1.6944406964766565,(nd54:0.734027961115078,nd52:0.734027961115078)nd38:0.9604127353615788)nd34:3.635529303667124,(((nd57:0.4431774283765334,nd58:0.4431774283765334)nd47:2.8173196126506554,(nd35:2.1016361471124774,(nd41:1.5847037804912363,nd42:1.5847037804912363)nd36:0.5169323666212405)nd26:1.1588608939147123)nd24:0.5524143296696232,nd32:3.8129113706968134)nd14:1.517058629446968)nd9:1.0009375841977768,(((((nd65:0.06817374305095014,nd66:0.06817374305095014)nd49:0.9665385917035693,nd50:1.0347123347545195)nd45:0.10903796228053839,nd64:1.1437502970350577)nd43:0.3403655791388568,nd44:1.4841158761739144)nd21:2.3259274792103413,((nd59:0.4356365427598057,nd60:0.4356365427598057)nd55:0.2609741615116889,nd56:0.6966107042714946)nd22:3.113432651112761)nd12:2.520864228957301)nd8:0.0;
