sample	replicate	trs
1	1	((((nd49:0.07257871397157911[&state=57],nd50:0.07257871397157911[&state=79])nd11:4.532029177338755[&state=106],(((nd25:1.4826432977863255[&state=107],(nd53:0.011031388503801023[&state=6],nd54:0.011031388503801023[&state=65])nd31:1.4716119092825257[&state=106])nd19:0.39625525765769315[&state=63],nd20:1.8788985554440192[&state=107])nd17:0.008296030401529429[&state=30],(((nd51:0.06001215979065905[&state=67],nd52:0.06001215979065905[&state=87])nd37:0.561700918333333[&state=108],(nd39:0.5514213724594591[&state=107],nd40:0.5514213724594591[&state=11])nd38:0.07029170566453323[&state=120])nd27:0.6129675479831742[&state=108],nd28:1.2346806261071654[&state=107])nd18:0.6525139597383831[&state=28])nd12:2.7174133054647864[&state=63])nd3:5.13519573559037[&state=7],nd4:9.739803626900711[&state=120])nd1:3.5168778812945107[&state=22],((nd13:2.3897266317949826[&state=108],(nd35:0.6403848379805525[&state=87],nd36:0.6403848379805525[&state=106])nd14:1.7493417938144293[&state=57])nd5:7.199898600945641[&state=6],((((nd55:0.010845592138131441[&state=67],nd56:0.010845592138131441[&state=6])nd41:0.5346886324588214[&state=108],nd42:0.5455342245969528[&state=15])nd33:0.10425573668744911[&state=108],nd34:0.6497899612844018[&state=120])nd7:6.688072296978694[&state=108],(((nd21:1.7363045550653888[&state=120],nd22:1.7363045550653888[&state=0])nd15:0.6133223165503116[&state=63],((nd47:0.09310150807027397[&state=1],nd48:0.09310150807027397[&state=3])nd23:1.4506344729832965[&state=11],(nd43:0.36904061159160007[&state=87],nd44:0.36904061159160007[&state=11])nd24:1.1746953694619706[&state=108])nd16:0.8058908905621298[&state=63])nd9:2.5679256854658057[&state=28],((nd45:0.3529123738609345[&state=81],nd46:0.3529123738609345[&state=0])nd29:0.7806031664095657[&state=104],nd30:1.1335155402704997[&state=67])nd10:3.7840370168110073[&state=31])nd8:2.4203097011815924[&state=7])nd6:2.251762974477522[&state=22])nd2:3.6670562754545957[&state=6])root:0.0[&state=6];
