sample	replicate	trs
1	1	(((((nd17:3.7666098334286855[&state=108],(((nd31:1.8375848959928882[&state=120],nd32:1.8375848959928882[&state=108]):0.14375805550651174[&state=63],nd28:1.9813429514993999[&state=108]):0.8815078645654468[&state=78],(nd37:1.1223955641941599[&state=120],nd38:1.1223955641941599[&state=65]):1.7404552518706864[&state=63]):0.9037590173638367[&state=28]):0.894619162670118[&state=1],(nd21:2.894563623137285[&state=12],(nd29:1.9132890169172978[&state=108],nd30:1.9132890169172978[&state=98]):0.9812746062199866[&state=63]):1.766665372961517[&state=28]):3.362159275080714[&state=7],((nd11:5.414525362634556[&state=106],nd12:0.008982747934871986[&state=6]):0.6363139481384212[&state=23],(((nd45:0.6694049772167714[&state=37],nd46:0.6694049772167714[&state=108]):2.69241191828201[&state=98],((nd35:1.2283461698014473[&state=81],nd36:1.2283461698014473[&state=108]):1.0588981356242946[&state=30],((nd43:0.7862035221503546[&state=87],nd44:0.7862035221503546[&state=10]):0.5691439939364349[&state=51],(nd39:0.9296438384193187[&state=120],(nd41:0.8318697391895206[&state=120],nd42:0.8318697391895206[&state=67]):0.09777409922979804[&state=66]):0.4257036776674705[&state=31]):0.9318967893389524[&state=63]):1.0745725900730378[&state=28]):1.4663660706879185[&state=28],nd14:0.12972695145690472[&state=1]):1.2226563445862777[&state=48]):1.9725489604065392[&state=48]):1.8118471292447025[&state=0],(nd3:8.099396809741865[&state=120],(nd7:0.6411090397001765[&state=6],(nd47:0.36788795284200804[&state=106],nd48:0.36788795284200804[&state=108]):7.179510054813507[&state=108]):0.5519988020863552[&state=6]):1.7358385906823488[&state=6]):2.3102645995757816[&state=22]):0.0[&state=22];
