sample	replicate	trs
1	1	((((nd9:0.24075750781029714[&state=6],((nd17:0.5990109461080498[&state=6],nd18:0.626427283158146[&state=6]):0.431995895714038[&state=6],((nd41:0.22481718888540347[&state=48],(nd43:0.1575653314432956[&state=7],nd44:0.1575653314432956[&state=7]):0.06725185744210788[&state=7]):1.6949083620372671[&state=22],((nd27:0.09728758594714379[&state=6],nd28:0.8228678551279373[&state=7]):0.9150011708499144[&state=48],((nd45:0.09757169309572629[&state=0],nd46:0.09757169309572629[&state=7]):1.6177734953910603[&state=0],nd20:0.3675544648190471[&state=0]):0.02252383749106429[&state=7]):0.18185652494481913[&state=7]):0.23403244324051187[&state=7]):0.10267495278068252[&state=22]):0.04677382668571115[&state=6],nd8:0.5446206818669079[&state=6]):0.16816023330241286[&state=6],(((((nd33:0.35880026202014037[&state=7],((nd47:0.06727742958923034[&state=1],(nd49:0.06300136724818778[&state=7],nd50:0.06300136724818778[&state=1]):0.004276062341042563[&state=7]):0.2303739586460203[&state=7],nd38:0.29765138823525056[&state=0]):0.06114887378488987[&state=7]):0.4559393706691541[&state=7],(nd31:0.4518492324468675[&state=0],nd32:0.2541939123753836[&state=1]):0.362890400242427[&state=7]):0.3052824909434143[&state=7],nd24:0.17326584804063355[&state=6]):1.2038288019554364[&state=48],nd6:0.651238183253252[&state=6]):0.048538148509738956[&state=6],(((nd39:0.009106803866424727[&state=1],nd40:0.23071507344030703[&state=7]):0.7532383394852006[&state=7],(nd35:0.3350383205700693[&state=6],nd36:0.3350383205700693[&state=6]):0.6489150923554382[&state=6]):0.37639820346714203[&state=48],nd22:1.0246003106966508[&state=1]):1.012037457705235[&state=48]):0.09897793283410485[&state=6]):0.27562299306800897[&state=6]):0.0[&state=24];
