sample	replicate	trs
1	1	(((nd17:1.2869090619467323,nd18:1.2869090619467323)nd15:0.12215855268857473,(((nd35:0.16852744190320945,nd36:0.16852744190320945)nd23:0.6422786437231268,nd24:0.8108060856263364)nd19:0.1514405945712626,(nd33:0.22213828900069935,nd34:0.22213828900069935)nd20:0.7401083911968998)nd16:0.4468209344377072)nd3:1.4534133121162203,((((nd25:0.7687866638725798,nd26:0.7687866638725798)nd21:0.10438855463121369,(nd37:0.16689815258060703,nd38:0.16689815258060703)nd22:0.7062770659231864)nd11:1.4646787057155897,(nd27:0.5457230606699752,((nd31:0.27855742675659434,nd32:0.27855742675659434)nd29:0.24415798084453544,nd30:0.5227154076011298)nd28:0.023007653068845505)nd10:1.7921308635494073)nd7:0.26129349557423176,nd14:2.599147419793615)nd4:0.26333350695791163)nd2:0.0;
