sample	replicate	trs
1	1	((((nd33:0.7813449452714955,(((nd47:0.06696446037012298,nd48:0.06696446037012298)nd45:0.10551198449883416,nd46:0.17247644486895714)nd39:0.3112646793441657,nd40:0.4837411242131228)nd34:0.2976038210583722)nd3:6.5508907481572,((nd35:0.7482475342211151,nd36:0.7482475342211151)nd5:5.650219820713548,((nd43:0.2033429773644632,nd44:0.2033429773644632)nd7:5.458508720931983,((nd19:2.0586888514117363,nd20:2.0586888514117363)nd9:2.519577197089383,(((nd29:1.2155476870770803,nd30:1.2155476870770803)nd15:2.180795833616131,(((nd37:0.629116161805842,(nd41:0.35215343347977557,nd42:0.35215343347977557)nd38:0.27696272832606605)nd27:0.6531281702246979,nd28:1.2822443320305388)nd23:0.21533235255412977,nd24:1.4975766845846687)nd16:1.8987668361085424)nd11:0.9073845817053255,(nd13:4.054560921325504,nd14:1.136070254080493)nd12:0.24916718107303154)nd10:0.27453794610258264)nd8:1.083585649795323)nd6:0.7366156566382192)nd4:0.9337683384940325)nd1:0.5054068998035497,((nd25:1.366751025225495,nd26:1.366751025225495)nd17:1.7088560955830037,(nd21:1.9410138832755435,(nd31:1.0382112191318675,nd32:1.0382112191318675)nd22:0.9028026641436772)nd18:1.1345932375329548)nd2:4.762035472423745)root:6.070657406767751)origin:0.0;
