sample	replicate	trs
1	1	(((nd93:0.942212443259286,nd94:0.942212443259286)nd64:4.144152365592543,((((nd101:0.2155798236160858,nd102:0.2155798236160858)nd99:0.15260771790947159,(nd103:0.15801725432411137,nd104:0.15801725432411137)nd100:0.210170287201446)nd87:1.1403809727437915,nd88:1.5085685142693488)nd61:1.4238517533743722,nd72:2.93242026764372)nd33:2.1539445412081073)nd18:4.004260450683374,(((nd81:1.9413534601847504,nd85:1.9413534601847506)nd73:0.38696796509676773,nd74:2.328321425281518)nd66:1.3204091802325528,(nd83:1.760957287264824,(nd98:1.2569098774755725,(nd91:1.229052321333661,nd92:1.229052321333661)nd90:0.027857556141911204)nd84:0.504047409789252)nd79:1.8877733182492475)nd38:5.44189465402113)nd11:0.0;
