sample	replicate	trs
1	1	((nd1:18.716660374463803,(((nd13:5.012749052333775,(nd17:2.6631695638878172,(nd23:0.03988307790592041,(nd25:1.264284364885814,nd26:1.264284364885814)nd24:0.3871190982092939)nd18:1.0117661007927088)nd14:2.349579488445958)nd11:3.506354361077504,(nd19:0.43405071223291053,nd20:2.43107722350383)nd12:6.08802618990745)nd3:8.84866719861383,(((nd27:0.6921946009013852,nd28:0.6921946009013852)nd15:3.4843363062841695,((nd31:0.33130012946300674,nd32:0.33130012946300674)nd21:1.3459875141662567,(nd29:0.39241822548241767,nd30:0.39241822548241767)nd22:1.2848694181468459)nd16:2.4992432635562913)nd5:12.337932553518527,(nd7:5.704326465789706,(((nd35:0.15298288266330407,nd36:0.15298288266330407)nd33:0.16989351447217751,nd34:0.3228763971354816)nd9:10.95255684790797,nd10:1.6482068908385603)nd8:4.93289825841674)nd6:0.3061319572438934)nd4:0.853307151321026)nd2:1.3488897624386982)root:0.19863962553619663)origin:0.0;
