sample	replicate	trs
1	1	(((nd3:3.655632050296463[&state=1],(((nd17:1.7780424098141512[&state=7],((nd25:0.697878126235701[&state=108],nd26:0.697878126235701[&state=2]):0.20253944330897816[&state=9],nd22:0.900417569544679[&state=52]):0.8776248402694714[&state=12]):0.23925447897710359[&state=2],nd16:2.0172968887912544[&state=0]):1.6725774416404282[&state=8],(nd29:0.30003106551811004[&state=16],(nd31:0.29414846747944534[&state=26],nd32:0.29414846747944534[&state=1]):0.0058825980386646845[&state=23]):3.389843264913572[&state=52]):1.130536699455189[&state=22]):6.0987760759578045[&state=23],((((nd33:0.09375801896633695[&state=0],nd34:0.09375801896633695[&state=7]):2.5543379661757997[&state=0],(nd23:0.7634307891639417[&state=104],nd24:0.7634307891639417[&state=48]):1.8846651959781942[&state=63]):0.6866315204552829[&state=7],(nd19:0.9764170424203554[&state=2],nd20:0.9764170424203554[&state=0]):2.3583104631770637[&state=29]):0.5223929339919933[&state=7],((nd27:0.6514604890754883[&state=24],nd28:0.6514604890754883[&state=1]):2.3666494678798227[&state=9],nd12:0.709027542490174[&state=1]):0.8390104826341012[&state=28]):7.062066666255264[&state=7]):0.09981289415531806[&state=22]):0.0[&state=22];
