sample	replicate	trs
1	1	((nd65:1.7722004904319195,nd66:1.7722004904319195)nd7:14.787837756646525,((nd56:9.755688671365045,((((((nd84:0.7214104310038059,nd82:0.7214104310038059)nd79:0.1084392803545703,nd80:0.829849711358376)nd58:2.211804733323866,nd71:3.0416544446822424)nd45:1.0816291743728614,(nd75:0.9467310361529656,nd77:0.9467310361529657)nd46:3.1765525829021386)nd43:0.07668060867596421,nd63:4.199964227731068)nd37:1.3259237311953038,nd69:5.525887958926372)nd21:4.229800712438671)nd18:0.5964485638372802,((nd67:1.7659819763987104,(nd73:1.0805025571523243,(nd85:0.5621891407465802,nd86:0.5621891407465802)nd74:0.5183134164057441)nd68:0.6854794192463861)nd41:3.3118543238923057,nd50:5.0778363002910165)nd39:5.274300934911307)nd12:6.207901011876125)nd3:0.0;
