sample	replicate	trs
1	1	((((nd10:7.125651458712716[&state=0],nd11:7.125651458712716[&state=0])nd6:0.5817854147122585[&state=0],nd13:7.707436873424973[&state=0])nd4:1.5181861576543678[&state=16],(nd28:1.1861609624120386[&state=5],nd29:1.1861609624120386[&state=5])nd14:8.039462068667303[&state=5])nd2:0.6102464470683069[&state=16],((nd22:2.013519537187889[&state=5],((nd32:0.805072928018182[&state=5],(nd40:0.1766202110631111[&state=5],nd41:0.1766202110631111[&state=5])nd33:0.6284527169550709[&state=5])nd26:0.5037754685483511[&state=5],(nd30:1.1827184134569957[&state=5],nd31:1.1827184134569957[&state=5])nd27:0.12612998310953755[&state=5])nd23:0.7046711406213557[&state=5])nd20:0.4898637069282678[&state=5],(nd24:1.5923782868527487[&state=5],(nd34:0.5896240731607505[&state=5],((nd38:0.18925354394070618[&state=5],nd39:0.18925354394070618[&state=5])nd36:0.33200482385907365[&state=5],nd37:0.5212583677997799[&state=5])nd35:0.0683657053609706[&state=5])nd25:1.0027542136919982[&state=5])nd21:0.911004957263408[&state=5])nd8:7.332486234031492[&state=5])root:0.0[&state=16];
