sample	replicate	trs
1	1	(((nd6:6.165718607457514,(nd12:3.4069894546717676,(nd24:1.4971652740791976,nd25:1.4971652740791976)nd13:4.106678297602269)nd7:0.5618750357760467)nd2:2.418769085550362,(((nd28:1.0651086727546057,(nd32:0.44651868611736684,nd33:0.44651868611736684)nd29:0.6185899866372389)nd22:0.7034068958604311,nd23:1.768515568615037)nd4:4.404093412479144,((nd14:5.026058678495158,(((nd30:0.973347277835134,nd31:0.973347277835134)nd26:0.4070838636180715,nd27:1.3804311414532053)nd18:1.5049656185898332,(nd20:2.2938838103219874,nd21:2.2938838103219874)nd19:0.5915129497210508)nd15:2.3431169353185384)nd8:0.8513177906739658,(nd10:5.836115534432122,((nd34:0.135664103037596,nd35:0.135664103037596)nd16:3.8403893989665354,nd17:3.9760535020041314)nd11:1.8600620324279884)nd9:0.2437159516034224)nd5:0.0927774950586384)nd3:2.4118787119136935)root:0.7134023069921264)origin:0.0;
