sample	replicate	trs
1	1	(((((nd29:0.48130960287168634[&state=6],(nd31:0.09684415255291755[&state=1],nd32:0.09684415255291755[&state=2]):0.3844654503187688[&state=9]):1.5157154802018569[&state=24],((nd15:1.065359081311613[&state=7],(nd17:0.8569959413857008[&state=6],nd18:0.8569959413857008[&state=22]):0.20836313992591227[&state=6]):0.4193591549343061[&state=22],(nd25:0.707132112815592[&state=22],nd26:0.707132112815592[&state=0]):0.7775861234303271[&state=0]):0.5123068468276242[&state=22]):1.446071105990948[&state=48],(nd5:2.90187939680133[&state=6],((nd21:0.7793398253437601[&state=1],nd22:0.7793398253437601[&state=9]):0.07581069581378413[&state=1],(nd27:0.5610367851582739[&state=0],nd28:0.5610367851582739[&state=0]):0.2941137359992704[&state=0]):2.046728875643787[&state=7]):0.54121679226316[&state=22]):1.1838234437512052[&state=0],(nd9:1.7824336055980678[&state=1],(nd11:1.67751233806815[&state=28],(nd23:0.7539372847409457[&state=6],(nd33:0.08950430313621562[&state=6],(nd35:0.023886448451835615[&state=2],nd36:0.023886448451835615[&state=2]):0.06561785468438[&state=2]):0.66443298160473[&state=24]):0.9235750533272046[&state=6]):0.10492126752991777[&state=22]):2.8444860272176284[&state=22]):0.3364403671843013[&state=22]):0.0[&state=22];
