sample	replicate	trs
1	1	(((nd5:1.4415376116832457,((nd9:1.191026882711387,((nd35:0.17725600351729537,nd36:0.17725600351729537)nd11:0.7544711554423675,((((nd33:0.21418529530828112,nd34:0.21418529530828112)nd25:0.37766529783086666,nd26:0.16166817181730975)nd23:0.014846943045567766,((nd29:0.5211077230000833,nd30:0.5211077230000833)nd27:0.016078868928029896,(nd31:0.2628839092686508,nd32:0.2694712014623812)nd28:0.26771539046573195)nd24:0.06951094425660242)nd13:0.32468960827321164,(nd21:0.6481689898653765,(nd41:0.07302567786168868,nd42:0.07302567786168868)nd22:0.5751433120036878)nd14:0.2832181545925506)nd12:0.00034001450173573724)nd10:0.25929972375172405)nd7:0.065956217058676,(nd15:0.7953583641022702,(((nd37:0.16366685132153033,nd38:0.16366685132153033)nd19:0.49822893366885196,(nd39:0.12188498103065162,nd40:0.12188498103065162)nd20:0.5400108039597307)nd17:0.07723610347129127,(nd43:0.06535559446367865,nd44:0.06535559446367865)nd18:0.6737762939979948)nd16:0.05622647564059679)nd8:0.46162473566779266)nd6:0.44721901125040225)nd1:0.6789036389795491,(nd3:0.25155098509207313,nd4:0.05196518194342541)nd2:0.1415188667529517)root:0.606404249999987)origin:0.0;
