sample	replicate	trs
1	1	(((((nd57:0.028944572612975082[&state=1],nd58:0.028944572612975082[&state=1])nd43:1.8726954997903238[&state=7],(nd37:1.011242390400966[&state=0],nd38:1.011242390400966[&state=0])nd30:0.8903976820023333[&state=0])nd13:3.729523765691883[&state=0],(((nd31:1.682028180087194[&state=18],((nd35:1.0164612428075799[&state=1],nd36:1.0164612428075799[&state=6])nd33:0.3841225292970036[&state=26],nd34:1.4005837721045844[&state=17])nd32:0.2814444079826097[&state=78])nd27:1.0844420014935003[&state=7],(nd49:0.5287148086241256[&state=3],nd46:0.5287148086241258[&state=5])nd28:2.237755372956567[&state=42])nd23:2.6712677548415136[&state=28],(nd55:0.12668478859842208[&state=14],nd56:0.12668478859842208[&state=6])nd48:5.311053147823786[&state=55])nd14:0.19342590167297521[&state=0])nd9:8.38811560432925[&state=0],((nd51:0.24336042891459725[&state=6],(nd53:0.24200570185808556[&state=4],nd54:0.24200570185808556[&state=4])nd52:0.0013547270565116946[&state=4])nd11:11.71121083893756[&state=26],(nd21:3.397862445611242[&state=77],nd26:3.397862445611242[&state=28])nd8:8.55670882224091[&state=0])nd6:2.064708174572277[&state=22])nd3:4.541631671753952[&state=0],(nd41:0.8884242523480921[&state=71],nd42:0.8884242523480921[&state=6])nd19:17.67248686183029[&state=84])root:0.0[&state=22];
