sample	replicate	trs
1	1	((((nd113:7.69523265735489[&state=6],(nd98:4.560011426748694[&state=6],(nd119:0.8581780897229226[&state=6],(nd121:0.8213863135754297[&state=6],nd122:0.8213863135754297[&state=6])nd120:0.036791776147493044[&state=6])nd86:3.7018333370257714[&state=6])nd60:3.1352212306061955[&state=6])nd55:1.150643491551011[&state=6],(((nd125:0.023962239818607525[&state=6],nd126:0.023962239818607525[&state=6])nd109:1.4123031143828215[&state=6],nd110:1.436265354201429[&state=6])nd89:3.5323175196076804[&state=6],nd82:4.96858287380911[&state=6])nd56:3.8772932750967914[&state=6])nd37:12.745810072421715[&state=6],((nd70:14.2074813051498[&state=6],(((nd93:3.933967806773854[&state=6],nd94:3.933967806773854[&state=6])nd79:6.444769766962484[&state=6],nd72:10.37873757373634[&state=6])nd27:2.8920189736814375[&state=6],nd49:13.270756547417772[&state=6])nd20:0.936724757732024[&state=6])nd17:0.13303446943829764[&state=6],(nd75:13.14569300226518[&state=6],(((nd73:5.762444250714988[&state=6],((nd123:0.407267419028863[&state=6],nd124:0.407267419028863[&state=6])nd95:2.8797847689697607[&state=6],nd96:3.287052187998624[&state=26])nd74:2.4753920627163613[&state=6])nd67:1.019710268049593[&state=6],((nd118:2.684387880908269[&state=6],(nd103:2.265255684038836[&state=6],nd104:2.265255684038836[&state=6])nd102:0.41913219686943354[&state=6])nd99:0.36928883853588035[&state=6],nd100:3.05367671944415[&state=6])nd68:3.728477799320428[&state=6])nd39:4.741593670340702[&state=6],nd40:11.523748189105277[&state=6])nd30:1.6219448131598935[&state=6])nd18:1.1948227723229226[&state=6])nd6:7.251170446739519[&state=6])nd4:1.5348686272427048[&state=6],((((nd108:4.12314913371241[&state=6],nd92:4.12314913371241[&state=6])nd57:4.274350644888238[&state=6],nd116:8.397499778600649[&state=6])nd53:7.8171344878824645[&state=6],((nd111:1.2458221462459307[&state=6],nd112:1.2458221462459307[&state=6])nd63:5.939285631467416[&state=6],nd65:7.185107777713348[&state=6])nd23:9.029526488769765[&state=6])nd9:3.805402947074984[&state=6],nd106:20.020037213558098[&state=6])nd2:3.1065176350122234[&state=6])root:0.0[&state=6];
