sample	replicate	trs
1	1	((((nd66:5.473531978559476,(((nd111:1.7570030259422023,(nd113:1.7298366370237699,(nd149:0.5280471993170059,nd150:0.5280471993170059)nd114:1.2017894377067642)nd112:0.027166388918432715)nd97:0.4700251727139697,(nd155:0.4621347466336333,nd156:0.4621347466336333)nd98:1.7648934520225388)nd85:1.6624501130834721,((nd89:2.8559016809010114,nd90:2.8559016809010114)nd83:0.1602013297682655,((nd137:0.8757571314901708,nd138:0.8757571314901708)nd91:1.7954578883163164,nd92:2.671215019806487)nd84:0.3448879908627899)nd56:0.8733753010703668)nd48:1.5840536668198326)nd45:0.979101740577319,((nd95:2.317702923301672,(nd101:2.124929029546771,(nd141:0.8379318988428409,nd142:0.8379318988428409)nd102:1.2869971307039298)nd96:0.19277389375490092)nd93:0.22751713591258,(nd115:1.7250178671819971,nd116:1.7250178671819971)nd105:0.8202021920322549)nd50:3.907413659922544)nd35:1.1455472800988922,((nd161:0.05292559471523389,nd162:0.05292559471523389)nd51:4.038192042950702,nd134:4.091117637665936)nd42:3.5070633615697515)nd23:1.9336612338069348,(nd144:7.037668907305077,((((nd77:3.1151694835010035,((nd127:1.1859826690384354,(nd145:0.7802765211501365,(nd157:0.3434765479065194,nd158:0.3434765479065194)nd146:0.4367999732436173)nd128:0.4057061478882988)nd121:0.22257920170323434,nd122:1.4085618707416696)nd78:1.7066076127593348)nd69:0.2854498712524145,(((nd139:0.8707880885372125,(nd159:0.08225667207194978,nd160:0.08225667207194978)nd140:0.7885314164652627)nd119:0.7682114010260958,nd120:1.6389994895633078)nd100:1.534881462388904,(nd125:1.203674010530055,nd126:1.203674010530055)nd76:1.9702069414221566)nd70:0.2267384028012077)nd67:0.009375844191840553,(nd131:2.0150430387285363,(nd151:0.5260389708398397,(nd153:0.50763120835555,nd154:0.50763120835555)nd152:0.018407762484289793)nd108:1.4890040678886964)nd68:1.394952160216724)nd63:0.317574950835129,(nd87:2.939758027209396,((nd129:1.0576368778412597,((nd147:0.6166528311581124,nd148:0.6166528311581124)nd135:0.30213062601323737,nd136:0.9187834571713499)nd130:0.13885342066990972)nd123:0.24757174884973374,nd124:1.3052086266909932)nd88:1.634549400518403)nd72:0.7878121225709928)nd40:3.3100987575246883)nd34:2.4941733257375445)nd21:0.0;
