sample	replicate	trs
1	1	(((((nd111:0.33435706904912815,(nd113:0.2595959035251728,nd114:0.2595959035251728)nd112:0.07476116552395538)nd47:7.106365506692475,(nd96:7.418989149212228,nd67:7.418989149212226)nd48:0.021733426529376484)nd29:4.674921645292541,((((nd115:0.10610472515134939,nd116:0.10610472515134939)nd101:1.6592313221806907,nd102:1.76533604733204)nd92:1.8203264492802063,nd82:3.585662496612247)nd45:4.025569849632939,(nd109:0.9973529651477727,nd110:0.9973529651477727)nd46:6.613879381097411)nd30:4.504411874788961)nd11:4.38798554990922,(((nd105:1.9132738778448481,nd98:1.913273877844848)nd77:3.1313823229097872,nd70:5.044656200754634)nd54:4.130028339032818,((nd59:5.876951180084605,nd103:5.876951180084606)nd51:1.2625367937866157,(nd107:1.0643649274199558,nd108:1.0643649274199558)nd88:6.075123046451266)nd44:2.0351965659162325)nd16:7.328945231155911)nd5:2.3054793649013607,((((nd85:3.2935054305453773,nd86:3.2935054305453773)nd27:8.856098232751934,(nd65:5.198936372460704,nd66:5.198936372460704)nd33:6.950667290836601)nd13:5.020314078583235,(nd99:1.7989811906196398,nd100:1.7989811906196398)nd72:15.370936551260904)nd7:0.22600578075569475,((nd93:2.0843721815709637,nd94:2.0843721815709637)nd83:1.7888851223461426,nd80:3.873257303917107)nd56:13.522666218719133)nd4:1.4131856132084877)nd1:0.0;
