sample	replicate	trs
1	1	(nd2:9.716732424916753,((((nd44:2.823423655026979,nd45:2.823423655026979)nd25:5.569033205351197,((nd32:4.385015527509595,(nd62:0.1115351220866338,nd63:0.1115351220866338)nd58:4.273480405422961)nd14:2.5134374882128414,(((nd48:2.596737421649177,(nd50:2.5038998169372624,nd51:2.5038998169372624)nd49:0.09283760471191449)nd30:1.879728320562515,nd40:4.476465742211692)nd16:2.162731625659998,nd22:6.639197367871691)nd15:0.2592556478507469)nd9:1.4940038446557384)nd6:0.20748900358989886,((nd36:3.405889170825449,(nd55:3.1884268701846565,nd46:3.1884268701846565)nd37:0.21746230064079206)nd12:3.7663755972260953,(nd20:6.597165837514537,(nd52:2.4677105951824863,nd61:2.467710595182486)nd42:4.1294552423320505)nd13:0.5750989305370078)nd7:1.4276810959165296)nd4:0.9740646817483554,nd5:9.574010545716428)nd3:0.14272187920032472)root:0.0;
