sample	replicate	trs
1	1	(((nd5:1.4415376116832457[&state=0],((nd9:1.191026882711387[&state=6],((nd35:0.17725600351729537[&state=7],nd36:0.17725600351729537[&state=1]):0.7544711554423675[&state=7],((((nd33:0.21418529530828112[&state=1],nd34:0.21418529530828112[&state=0]):0.37766529783086666[&state=7],nd26:0.16166817181730975[&state=1]):0.014846943045567766[&state=1],((nd29:0.5211077230000833[&state=0],nd30:0.5211077230000833[&state=7]):0.016078868928029896[&state=0],(nd31:0.2628839092686508[&state=0],nd32:0.2694712014623812[&state=0]):0.26771539046573195[&state=0]):0.06951094425660242[&state=0]):0.32468960827321164[&state=7],(nd21:0.6481689898653765[&state=7],(nd41:0.07302567786168868[&state=1],nd42:0.07302567786168868[&state=7]):0.5751433120036878[&state=7]):0.2832181545925506[&state=7]):0.00034001450173573724[&state=0]):0.25929972375172405[&state=0]):0.065956217058676[&state=22],(nd15:0.7953583641022702[&state=7],(((nd37:0.16366685132153033[&state=7],nd38:0.16366685132153033[&state=7]):0.49822893366885196[&state=7],(nd39:0.12188498103065162[&state=1],nd40:0.12188498103065162[&state=1]):0.5400108039597307[&state=1]):0.07723610347129127[&state=7],(nd43:0.06535559446367865[&state=0],nd44:0.06535559446367865[&state=0]):0.6737762939979948[&state=0]):0.05622647564059679[&state=0]):0.46162473566779266[&state=7]):0.44721901125040225[&state=22]):0.6789036389795491[&state=7],(nd3:0.25155098509207313[&state=0],nd4:0.05196518194342541[&state=6]):0.1415188667529517[&state=22]):0.606404249999987[&state=22]):0.0[&state=23];
