sample	replicate	trs
1	1	((((((nd15:0.6444052481860397[&state=6],nd16:0.6444052481860397[&state=6])nd9:0.36978329211347866[&state=6],(nd13:0.7079027454716611[&state=6],((nd21:0.3090797850301717[&state=6],nd22:0.3090797850301717[&state=6])nd19:0.20289125854818924[&state=6],nd20:0.511971043578361[&state=6])nd14:0.1959317018933001[&state=6])nd10:0.3062857948278573[&state=6])nd7:0.08850832166644262[&state=6],((nd27:0.007329681260139623[&state=22],nd28:0.007329681260139623[&state=0])nd25:0.17734670178845735[&state=22],nd26:0.18467638304859696[&state=6])nd8:0.9180204789173639[&state=22])nd5:0.04772054145081662[&state=6],nd6:1.1504174034167776[&state=6])nd3:0.0337979195908089[&state=6],((nd23:0.3033375424472405[&state=6],nd24:0.3033375424472405[&state=6])nd11:0.4902072922903012[&state=6],(nd17:0.5268676915495499[&state=6],nd18:0.5268676915495499[&state=6])nd12:0.2666771431879918[&state=6])nd4:0.3906704882700447[&state=6])nd1:0.1882465413404588[&state=6],nd2:1.372461864348045[&state=6])root:0.0[&state=6];
