sample	replicate	trs
1	1	((((nd93:1.0071565291958124,nd94:1.0071565291958124)nd37:7.174634661816608,(((nd111:0.11792614876230062,nd112:0.11792614876230062)nd95:0.8515570528658931,nd96:0.9694832016281937)nd77:3.834574094726459,(nd97:0.8912612073053708,nd98:0.8912612073053708)nd56:3.9127960890492823)nd49:3.377733894657765)nd35:0.34936186056779145,(((nd109:0.14662039386205797,nd110:0.14662039386205797)nd83:1.486316526953882,((nd91:1.2332776689200913,(nd107:0.27924972068553916,nd108:0.27924972068553916)nd92:0.9540279482345521)nd87:0.1461303750001088,(nd113:0.09758350379972705,nd114:0.09758350379972705)nd88:1.2818245401204729)nd84:0.2535288768957401)nd41:5.849310359466789,((nd79:1.7297518165855819,nd80:1.7297518165855819)nd57:2.9451205041121584,((nd85:1.4967424236591456,((nd103:0.3083752831080274,nd104:0.3083752831080274)nd101:0.334420605479158,nd102:0.6427958885871854)nd86:0.8539465350719601)nd65:2.413464838735643,((nd89:1.2492581685248163,nd90:1.2492581685248163)nd73:1.5029322799500857,nd74:2.752190448474901)nd66:1.1580168139198868)nd58:0.7646650583029513)nd44:2.807374959584987)nd36:1.0489057712974825)nd25:12.736586562789803,(((nd71:2.799789685663287,nd72:2.799789685663287)nd48:15.514661365499517,(nd53:4.881132269406471,nd54:4.881132269406471)nd23:13.433318781756336)nd7:0.21173467120070497,(((nd81:1.652500835993459,(nd99:0.7163393921301384,nd100:0.7163393921301384)nd82:0.9361614438633203)nd59:3.008035790781367,(nd105:0.3001635675385785,nd106:0.3001635675385785)nd60:4.360373059236249)nd29:8.954591042605811,(nd75:11.727208678740492,(nd70:3.42828160711139,nd68:3.42828160711139)nd46:8.2989270716291)nd32:1.8879189906401457)nd8:4.911058052982873)nd4:2.7415538920065026)nd1:0.0;
