sample	replicate	trs
1	1	(((nd14:4.171780738301913[&state=0],nd15:4.171780738301913[&state=0]):9.839363166111703[&state=0],(nd4:12.610727953256486[&state=5],((((nd16:3.4679991101821663[&state=5],(nd28:1.130660913504436[&state=5],nd29:1.130660913504436[&state=5]):2.337338196677731[&state=5]):2.6225778804971833[&state=5],((nd20:2.6176480390448003[&state=2],nd21:2.6176480390448003[&state=8]):0.07009628577657212[&state=2],(((nd30:1.044414957394145[&state=5],(nd32:0.4150542089886679[&state=0],nd33:0.4150542089886679[&state=60]):0.6293607484054771[&state=53]):0.29579175176725764[&state=34],(nd34:0.135169598001123[&state=3],nd35:0.135169598001123[&state=24]):1.2050371111602796[&state=24]):0.11149019010954445[&state=34],nd25:1.4516968992709471[&state=3]):1.2360474255504248[&state=34]):3.4028326658579777[&state=32]):2.3998415040943013[&state=16],(nd22:1.660674833755372[&state=18],nd23:1.660674833755372[&state=5]):6.829743661018279[&state=5]):3.801014021706466[&state=5],(nd12:3.677534915658169[&state=5],nd13:5.661951632813978[&state=0]):6.6294808836661385[&state=16]):0.31929543677636735[&state=16]):1.4004159511571306[&state=16]):0.1356560955863825[&state=16]):0.0[&state=16];
