sample	replicate	trs
1	1	((nd10:9.659859882233023,((nd28:3.2354256870265745,nd29:3.2354256870265745)nd18:1.5671524669502173,nd19:4.802578153976792)nd11:4.857281728256232)nd2:1.1509979578773515,(((nd14:9.493193638216136,((nd42:0.24006863114504554,nd43:0.24006863114504554)nd24:3.3656892532131892,nd27:3.6057578843582347)nd15:5.8874357538579005)nd6:0.29931086211503316,(nd12:9.569512769140097,((nd30:2.035742425429321,(((nd38:1.2409592632723536,nd39:1.2409592632723536)nd34:0.36840294248887967,nd35:1.6093622057612333)nd32:0.2058034452649781,nd33:1.8151656510262115)nd31:0.22057677440310977)nd16:5.765911710040877,(nd22:3.8271682120252812,nd23:3.8271682120252812)nd17:3.9744859234449166)nd13:1.767858633669899)nd7:0.222991731191071)nd4:0.6702833284969447,((nd36:1.3284991433400202,nd37:1.3284991433400202)nd8:8.387246032564974,(nd20:4.59656914857006,(nd40:1.1478556268221176,nd41:1.1478556268221176)nd21:3.4487135217479423)nd9:5.119176027334934)nd5:0.7470426529231182)nd3:0.34807001128226306)root:0.0;
