sample	replicate	trs
1	1	(((nd17:1.2869090619467323[&state=28],nd18:1.2869090619467323[&state=28])nd15:0.12215855268857473[&state=7],(((nd35:0.16852744190320945[&state=28],nd36:0.16852744190320945[&state=28])nd23:0.6422786437231268[&state=9],nd24:0.8108060856263364[&state=8])nd19:0.1514405945712626[&state=28],(nd33:0.22213828900069935[&state=28],nd34:0.22213828900069935[&state=9])nd20:0.7401083911968998[&state=28])nd16:0.4468209344377072[&state=7])nd3:1.4534133121162203[&state=7],((((nd25:0.7687866638725798[&state=28],nd26:0.7687866638725798[&state=2])nd21:0.10438855463121369[&state=2],(nd37:0.16689815258060703[&state=8],nd38:0.16689815258060703[&state=9])nd22:0.7062770659231864[&state=9])nd11:1.4646787057155897[&state=28],(nd27:0.5457230606699752[&state=28],((nd31:0.27855742675659434[&state=28],nd32:0.27855742675659434[&state=0])nd29:0.24415798084453544[&state=7],nd30:0.5227154076011298[&state=28])nd28:0.023007653068845505[&state=0])nd10:1.7921308635494073[&state=28])nd7:0.26129349557423176[&state=7],nd14:2.599147419793615[&state=28])nd4:0.26333350695791163[&state=7])nd2:0.0[&state=7];
