sample	replicate	trs
1	1	(((((nd24:1.6996184035366118[&state=0],(nd36:0.7564288928475644[&state=0],nd37:0.7564288928475644[&state=0]):0.9431895106890473[&state=0]):0.3379997257433043[&state=0],nd21:0.432209477815228[&state=0]):1.562093687966152[&state=0],nd9:3.599711817246068[&state=0]):1.224312934444916[&state=0],((nd6:0.051243259438969464[&state=0],((((nd30:1.0754196819739965[&state=0],(nd38:0.09231882899144672[&state=0],nd39:0.09231882899144672[&state=0]):0.9831008529825498[&state=0]):0.34285391673754373[&state=0],nd29:0.2934768718597567[&state=0]):1.1853901588605624[&state=0],(nd18:2.0526473764166027[&state=0],((nd34:0.9536723284691531[&state=0],nd35:0.9536723284691531[&state=0]):0.5301449050559635[&state=0],(nd32:0.961911906182473[&state=0],nd33:0.961911906182473[&state=0]):0.5219053273426434[&state=0]):0.5688301428914864[&state=0]):0.5510163811554997[&state=0]):0.22543582413537847[&state=0],(nd22:1.9381071305857924[&state=0],nd23:1.9381071305857924[&state=0]):0.8909924511216885[&state=0]):0.8127144792165029[&state=0]):0.03457839345374879[&state=0],(nd10:1.227638759790719[&state=0],(nd12:3.200339388652593[&state=0],nd13:0.6994770842308177[&state=0]):0.39687707987112336[&state=0]):0.07917598585401632[&state=0]):1.1476322973132516[&state=0]):1.790705248309015[&state=0]):0.0[&state=16];
