sample	replicate	trs
1	1	((nd44:2.8721944305599996,nd68:2.8721944305599996)nd26:3.9968867052133357,((((nd76:0.1654761270563952,nd77:0.1654761270563952)nd28:5.486386084617609,(((nd71:1.2511145259695178,nd67:1.2511145259695178)nd35:3.870548102078633,nd49:5.121662628048149)nd16:0.2898353727632281,((nd60:1.7660385168458148,nd61:1.7660385168458148)nd32:1.907211074726467,((nd41:3.3787335498707898,nd54:3.3787335498707893)nd36:0.060669921839280425,nd37:3.4394034717100705)nd33:0.2338461198622111)nd17:1.738248409239097)nd13:0.24036421086262677)nd8:0.7249937934728503,(nd50:2.7577731353846633,((nd72:0.684044574580706,nd73:0.684044574580706)nd64:1.0998004476998378,(nd62:1.7280067021331622,nd63:1.7280067021331622)nd59:0.05583832014738163)nd51:0.9739281131041201)nd9:3.6190828697621917)nd7:0.30534370088608054,(nd25:5.2526027928103085,(nd74:0.49051951709139713,nd75:0.49051951709139713)nd30:4.76208327571891)nd11:1.4295969132226283)nd3:0.18688142974039987)root:0.0;
