sample	replicate	trs
1	1	((((nd93:0.7097366551906364,nd94:0.7097366551906364)nd71:1.5050507459319566,((nd87:1.217685981925653,(nd91:1.1605738570204698,nd92:1.1605738570204698)nd88:0.05711212490518298)nd83:0.09047664421575745,nd84:1.3081626261414103)nd72:0.9066247749811833)nd3:16.29387794589519,((((nd85:4.555677319148521,nd58:4.555677319148521)nd39:2.505140868633795,(nd69:2.883011378816319,nd81:2.8830113788163194)nd40:4.177806808965997)nd28:9.280631087653527,(((nd89:1.2120081019711189,nd90:1.2120081019711189)nd67:1.7001227905812757,nd68:2.9121308925523937)nd63:1.380025343430138,nd64:4.2921562359825325)nd53:12.049293039453312)nd5:0.6832139645319906,(((nd45:6.446294353762088,(nd59:4.370156925975849,nd60:4.370156925975849)nd46:2.076137427786241)nd33:2.429527487152024,(((nd97:0.43965329942175346,nd98:0.43965329942175346)nd77:1.5216277920363797,nd78:1.9612810914581333)nd66:4.57384879205704,(nd95:0.688079460112383,(nd101:0.029719632673587605,nd102:0.029719632673587605)nd96:0.6583598274387954)nd44:5.84705042340279)nd34:2.3406919573989398)nd31:2.3872963869085613,nd29:11.263118227822678)nd6:5.761545012145157)nd4:1.4840021070499465)nd1:1.2251353113863404,(((nd55:4.606104091691745,nd75:4.606104091691744)nd47:1.459786737228773,(nd79:1.492284129797533,nd80:1.492284129797533)nd48:4.573606699122983)nd19:5.837330524025961,((nd99:0.041170001142744495,nd100:0.041170001142744495)nd49:7.235451171460742,nd38:7.276621172603486)nd22:4.626600180342992)nd12:7.83057930545764)root:0.0;
