sample	replicate	trs
1	1	(nd6:20.09787562546837[&state=6],((nd19:12.450134022986425[&state=6],((((nd67:0.12164663741278914[&state=6],nd68:0.12164663741278914[&state=6])nd61:1.1563003560848466[&state=6],nd62:1.2779469934976357[&state=6])nd57:0.342078321904125[&state=6],nd58:1.620025315401761[&state=6])nd52:4.622593339846277[&state=6],((nd65:0.14026447899730823[&state=6],nd66:0.14026447899730823[&state=4])nd53:3.0205619037551634[&state=26],nd54:3.1608263827524716[&state=6])nd38:3.081792272495565[&state=6])nd20:6.2075153677383845[&state=6])nd7:6.113696455002495[&state=6],((((nd45:3.4723158001502537[&state=6],nd46:3.4723158001502537[&state=6])nd41:1.2120392240627205[&state=6],nd42:4.684355024212976[&state=6])nd33:7.895370634652354[&state=6],(nd64:3.259309801368435[&state=2],nd56:3.259309801368435[&state=6])nd23:9.320415857496894[&state=6])nd15:4.673243154078433[&state=6],(nd60:9.06535635213319[&state=6],nd48:9.06535635213319[&state=6])nd13:8.18761246081057[&state=6])nd9:1.3108616650451568[&state=6])nd4:1.5340451474794525[&state=6])root:0.0[&state=22];
