sample	replicate	trs
1	1	(nd126:13.857840078483461,(((nd73:6.010787258338313,(((nd120:3.300749204150492,(nd115:1.1481022580571887,(nd133:0.19163085349625497,nd134:0.19163085349625497)nd116:0.9564714045609337)nd84:2.1526469460933035)nd71:1.5263495704305432,((nd107:2.410431361036869,(nd109:1.4553586166089536,nd110:1.4553586166089536)nd100:0.9550727444279151)nd97:0.08941933999124704,nd98:2.499850701028115)nd82:2.3272480735529197)nd67:0.29968311035856304,(nd103:3.1953661632444685,(nd111:1.359701469548941,nd112:1.359701469548941)nd86:1.8356646936955279)nd79:1.9314157216951298)nd56:0.8840053733987145)nd49:0.2786323155474883,(nd129:0.4698549321840581,((nd139:0.05348129561484512,nd140:0.05348129561484512)nd137:0.013864056428892541,nd138:0.06734535204373766)nd130:0.40250958014032046)nd69:5.819564641701746)nd47:0.10445291760802429,((nd101:2.3860639609814527,nd102:2.3860639609814527)nd75:1.2882776125509243,((((nd135:0.09908808171336594,nd136:0.09908808171336594)nd123:0.5737685515290306,(nd127:0.5419696092518693,nd128:0.5419696092518693)nd124:0.1308870239905272)nd121:0.0792733040320234,nd122:0.7521299372744199)nd89:2.277000209365618,(nd131:0.4494757271638214,nd132:0.4494757271638214)nd105:2.579654419476216)nd77:0.6452114268923397)nd61:2.7195309179614484)nd34:7.463967586989639)nd8:0.0;
