sample	replicate	trs
1	1	((nd100:6.827343182814531,((nd131:0.07162690521820415,nd132:0.07162690521820415)nd113:0.4688807186969376,(nd128:0.2121195081888701,(nd123:0.11129709942938297,nd124:0.11129709942938297)nd122:0.10082240875948713)nd114:0.3283881157262716)nd111:6.286835558899388)nd9:1.8415045088848672,(((nd101:0.980305139914107,nd102:0.980305139914107)nd41:4.647323625900133,nd77:5.627628765814242)nd19:1.3382031506738243,(((nd125:0.10824182224267326,nd126:0.10824182224267326)nd89:1.5340678801653929,nd92:1.642309702408066)nd33:4.201487285700568,(nd68:3.6595583285803714,(nd95:1.4482739085764735,(((nd105:0.7686153456558815,(nd116:0.6854081524721747,nd110:0.6854081524721747)nd106:0.0832071931837068)nd103:0.06694221947909462,(nd130:0.4404515426887235,nd118:0.4404515426887235)nd104:0.39510602244625254)nd97:0.4317876262533191,nd120:1.2673451913882952)nd96:0.18092871718817902)nd80:2.211284420003896)nd40:2.1842386595282663)nd30:1.1220349283794293)nd16:1.7030157752113315)nd1:0.0;
