sample	replicate	trs
1	1	(nd1:26.34239242709892[&state=0],(((nd21:9.680823686432625[&state=6],(nd43:0.3488749459302627[&state=6],nd44:0.3488749459302627[&state=6])nd22:9.331948740502362[&state=6])nd13:7.749623681343879[&state=6],(((nd39:2.8346355526127125[&state=6],(nd41:1.066245132234744[&state=6],nd42:1.066245132234744[&state=6])nd40:1.7683904203779683[&state=6])nd37:0.9700731814660941[&state=6],nd38:3.8047087340788064[&state=6])nd24:10.16923714886793[&state=6],(nd27:9.118680576965012[&state=6],(nd45:0.1820323070715324[&state=6],nd46:0.1820323070715324[&state=6])nd28:8.93664826989348[&state=6])nd16:4.855265305981724[&state=6])nd14:3.4565014848297677[&state=6])nd7:7.466490803316393[&state=6],((nd19:9.691879988502198[&state=6],((nd31:6.857543097134511[&state=6],((nd35:5.391144449060696[&state=6],nd36:5.391144449060696[&state=6])nd33:0.05939434494875734[&state=6],nd34:5.450538794009453[&state=6])nd32:1.407004303125058[&state=6])nd25:2.535815946484538[&state=6],nd26:9.393359043619048[&state=6])nd20:0.29852094488314906[&state=6])nd5:14.262647483258323[&state=6],((nd29:7.48443716962073[&state=6],nd30:7.48443716962073[&state=6])nd18:12.911519083139478[&state=6],nd10:20.39595625276021[&state=6])nd6:3.558571219000312[&state=6])nd4:0.9424106993323758[&state=6])nd2:1.445454256006022[&state=6])root:0.0[&state=22];
