sample	replicate	trs
1	1	((((((nd23:0.13436660759827382[&state=4],(nd29:0.07248277953448697[&state=4],nd30:0.07248277953448697[&state=4]):0.06188382806378685[&state=4]):0.1472086500670897[&state=4],((nd31:0.06467013971150447[&state=55],nd32:0.06467013971150447[&state=4]):0.1747620492444574[&state=55],((nd43:0.0018823624167508032[&state=4],nd44:0.0018823624167508032[&state=4]):0.01364822530456773[&state=4],nd40:0.015530587721318535[&state=26]):0.2239016012346433[&state=26]):0.042143068709401627[&state=108]):3.163924802800106[&state=108],(nd17:0.31473589355688975[&state=7],nd18:0.23266132063155148[&state=1]):3.13076416690858[&state=7]):2.749410126402303[&state=48],(((nd41:0.004400017950707776[&state=4],nd42:0.004400017950707776[&state=4]):0.031174214265533143[&state=4],nd38:0.03557423221624092[&state=67]):4.124507279816575[&state=67],((nd11:2.7730712199987253[&state=48],nd12:2.7730712199987253[&state=30]):0.10811167699733513[&state=28],(nd13:2.411943712850107[&state=48],nd14:2.411943712850107[&state=0]):0.46923918414595484[&state=0]):1.2788986150367565[&state=28]):2.0348286748349556[&state=7]):0.6721944099575451[&state=7],(nd15:1.1231797830982841[&state=6],(((nd35:0.061817663211272134[&state=4],nd36:0.061817663211272134[&state=26]):0.0013367942298427118[&state=26],nd34:0.06315445744111485[&state=14]):0.06987755205968203[&state=26],(nd27:0.09592400895600411[&state=16],nd28:0.09592400895600411[&state=4]):0.037108000544792755[&state=4]):0.990147773597487[&state=26]):5.743924813727035[&state=6]):2.7524654031746736[&state=48]):0.0[&state=23];
