sample	replicate	trs
1	1	(((nd5:6.358550734681955,((((nd33:2.152066492361767,nd34:2.152066492361767)nd31:0.37730753945618195,(nd41:1.358488716429676,((nd61:0.2204879639633485,nd62:0.2204879639633485)nd57:0.13040334800843806,nd58:0.3508913119717866)nd42:1.0075974044578893)nd32:1.170885315388273)nd13:2.5023660638791747,((nd59:0.32630562384967543,nd60:0.32630562384967543)nd51:0.3982432003668077,nd52:0.7245488242164831)nd14:4.30719127148064)nd7:1.2090944758988253,nd17:6.240834571595951)nd6:0.11771616308600669)nd3:0.4111955399461082,((nd29:2.7362434584572597,((nd49:0.9089763486985548,nd50:0.9089763486985548)nd39:0.45156930469207296,(nd45:1.0333165136100124,nd46:1.0333165136100124)nd40:0.3272291397806156)nd30:1.375697805066632)nd23:1.1292897994539453,(nd25:3.8602224725017313,(nd27:3.262833594209342,(nd55:0.4398258058222967,nd56:0.4398258058222967)nd28:2.8230077883870446)nd26:0.5973888782923896)nd24:0.005310785409473416)nd4:2.9042130167168585)nd1:2.3207912818318297,(((nd19:4.541805165482858,(nd37:1.406915122929144,nd48:1.4069151229291434)nd21:3.1348900425537147)nd11:1.3930816385828444,(nd53:0.6289921076979784,nd54:0.6289921076979784)nd12:5.305894696367724)nd9:0.19664645607442782,(nd15:5.002337425895013,(nd43:1.902941723005644,nd36:1.902941723005644)nd16:3.099395702889369)nd10:1.1291958342451176)nd2:2.9590042963197627)root:0.0;
