sample	replicate	trs
1	1	(((((nd22:1.3503876307519846,(nd26:0.774963991033765,(nd30:0.2339076144107565,(nd32:0.17096263031941986,nd33:0.17096263031941986)nd31:0.06294498409133671)nd27:0.5410563766230088)nd23:0.5754236397182195)nd12:1.2859357388101256,(nd24:1.2838879909582905,nd25:1.2838879909582905)nd13:1.35243537860382)nd8:5.830679959372728,((nd20:1.5205268273188128,nd21:1.5205268273188128)nd10:5.397383065303537,(nd16:2.4471124650151377,nd17:2.4471124650151377)nd11:4.470797427607213)nd9:1.5490934363124869)nd4:3.9315682562259617,(nd14:2.497284334834397,(nd18:2.3509413502193683,(nd28:0.7640005488545835,nd29:0.7640005488545835)nd19:1.586940801364784)nd15:0.14634298461502881)nd5:9.901287250326403)nd2:1.2003107695878183,nd6:13.59888235474862)root:0.0;
