sample	replicate	trs
1	1	(((((nd79:1.2959618446215235,nd80:1.2959618446215235)nd75:0.2518815573176321,nd76:1.5478434019391556)nd51:7.555672492645295,((nd81:1.1538758562830564,nd82:1.1538758562830564)nd59:4.866334273724195,nd46:6.02021013000725)nd34:3.0833057645771986)nd29:4.0276412243479065,((nd53:5.407183271583499,(nd72:3.8624951985236526,(nd69:2.4284551587653396,(nd89:0.2609886097981654,nd90:0.2609886097981654)nd70:2.167466548967174)nd66:1.4340400397583135)nd55:1.5446880730598471)nd37:1.6983373900306216,((nd61:4.219787512173402,nd62:4.219787512173402)nd39:2.616308476836432,((((nd91:0.23075507760360667,nd92:0.23075507760360667)nd87:0.1770973319030903,nd88:0.407852409506697)nd67:2.37503428838135,nd77:2.7828866978880464)nd43:3.424513741610665,((nd73:2.2580192846576126,nd74:2.2580192846576126)nd49:3.4697058550814606,((nd83:0.8962991536570306,(nd85:0.4677826496317731,nd86:0.4677826496317731)nd84:0.42851650402525754)nd57:3.568922813490893,nd58:4.465221967147924)nd50:1.2625031725911495)nd44:0.47967529975963824)nd40:0.6286955495111225)nd38:0.2694246726042874)nd28:6.025636457318236)nd13:10.05214639304902,nd47:23.183303511981375)root:0.0;
