sample	replicate	trs
1	1	(((nd14:4.171780738301913,nd15:4.171780738301913)nd2:9.839363166111703,(nd4:12.610727953256486,((((nd16:3.4679991101821663,(nd28:1.130660913504436,nd29:1.130660913504436)nd17:2.337338196677731)nd10:2.6225778804971833,((nd20:2.6176480390448003,nd21:2.6176480390448003)nd18:0.07009628577657212,(((nd30:1.044414957394145,(nd32:0.4150542089886679,nd33:0.4150542089886679)nd31:0.6293607484054771)nd26:0.29579175176725764,(nd34:0.135169598001123,nd35:0.135169598001123)nd27:1.2050371111602796)nd24:0.11149019010954445,nd25:1.4516968992709471)nd19:1.2360474255504248)nd11:3.4028326658579777)nd8:2.3998415040943013,(nd22:1.660674833755372,nd23:1.660674833755372)nd9:6.829743661018279)nd6:3.801014021706466,(nd12:3.677534915658169,nd13:5.661951632813978)nd7:6.6294808836661385)nd5:0.31929543677636735)nd3:1.4004159511571306)root:0.1356560955863825)origin:0.0;
