sample	replicate	trs
1	1	((((nd15:3.568417236602687,(nd39:0.4874616075352045,nd40:0.4874616075352045)nd16:9.573041562152712)nd11:0.6589124213550881,(nd13:1.5203908699480677,(((nd23:0.32263524285029105,(nd27:1.5235873618203981,(nd33:0.9174818445958575,nd34:0.9174818445958575)nd28:0.6061055172245399)nd24:4.378992318755124)nd21:1.1617749740198442,(((nd31:1.2635286372722043,(nd35:0.9006198404205553,(nd43:0.05870909592675928,nd44:0.05870909592675928)nd36:0.841910744493796)nd32:0.36290879685164884)nd29:0.23639404116919013,((nd41:0.059195037803237774,nd42:0.059195037803237774)nd37:0.5274730916940358,nd38:0.5866681294972736)nd30:0.9132545489441206)nd25:1.5457846868449583,(nd45:0.014731710337489441,nd46:0.014731710337489441)nd26:3.030975654948864)nd22:4.018647289309015)nd17:0.1860177203964104,(nd19:7.149717030919824,nd20:0.5771489500528029)nd18:0.10065534407194784)nd14:2.9821859067553236)nd12:0.48685730929590576)nd1:8.095445667007688,(((nd7:0.35234953465668356,nd8:1.3573214921277394)nd5:1.832857472145443,(nd9:1.825846489866949,nd10:0.8966467150167157)nd6:1.9041315466306399)nd3:1.0183036305445086,nd4:0.2355704986364974)nd2:0.7784387934306894)root:0.11033874194927673)origin:0.0;
