sample	replicate	trs
1	1	(((((((nd49:1.146459125777124,nd50:1.146459125777124)nd47:0.338164777213761,nd48:1.484623902990885)nd39:0.655863250090737,nd40:0.5587104700457114)nd13:4.439440593004763,((nd25:2.8223925848014435,nd26:0.37507204439821834)nd23:0.23863595511183736,(nd41:1.7023871341097792,(nd51:0.8315686617088087,nd52:0.8315686617088087)nd42:0.8708184724009709)nd24:4.028219403082537)nd14:0.849321208894067)nd3:6.080177634766734,((((((nd53:0.3125112561650728,nd54:0.3125112561650728)nd43:1.3765932427963923,nd44:0.27412340217869524)nd37:1.2612337693307232,nd38:2.950338268292189)nd33:0.28884559630181195,nd34:3.2391838645940005)nd17:2.9436173167681368,(nd19:0.26466879347079125,(nd27:1.15284029313016,nd28:0.4137966135719139)nd20:0.5813271593914531)nd18:0.11946968713528047)nd5:5.915588846297005,nd6:3.963164947775367)nd4:0.5617153531939755)nd1:2.1796507305159647,((((nd21:5.7477715214917735,(((nd45:1.5629204631087725,nd46:1.5629204631087725)nd31:1.9709794453844012,(nd35:3.107399110199756,nd36:0.2127850411446915)nd32:0.4265007982934179)nd29:0.8337073943998854,nd30:0.5006200197148795)nd22:1.3801642185987126)nd15:0.807842571173459,nd16:0.3477139454545708)nd11:1.8568989674552157,nd12:1.0798497424598699)nd7:3.6254250392347096,(nd9:10.518621720065674,nd10:2.691256020421027)nd8:1.5193163792894808)nd2:2.801818012013926)root:1.7609438886309141)origin:0.0;
