sample	replicate	trs
1	1	(((((nd39:1.1683780458581479[&state=1],nd40:1.1683780458581479[&state=3]):0.15694577593007614[&state=1],(nd43:0.8483005621874551[&state=52],nd44:0.8483005621874551[&state=6]):0.47702325960076913[&state=23]):4.696385899542459[&state=23],((nd31:1.41771463391299[&state=12],(nd47:0.6950987374103373[&state=55],nd48:0.6950987374103373[&state=1]):0.7226158965026528[&state=55]):4.593588421749173[&state=25],(((nd45:0.751629869220388[&state=6],nd46:0.751629869220388[&state=6]):2.2593419214402224[&state=6],((nd29:1.5871428347225969[&state=6],((nd49:0.30989524891055675[&state=9],nd50:0.30989524891055675[&state=2]):0.9950123886822402[&state=2],nd38:1.3049076375927968[&state=25]):0.2822351971297999[&state=24]):0.015838751136720123[&state=6],nd28:1.6029815858593168[&state=6]):1.4079902048012938[&state=6]):1.2264173462569676[&state=6],(nd41:0.8717378622042445[&state=6],nd42:0.8717378622042445[&state=50]):3.3656512747133336[&state=24]):1.7739139187445843[&state=6]):0.010406665668521168[&state=6]):4.501596799225106[&state=6],(nd3:0.20454527229545247[&state=6],((nd7:1.5009972444884112[&state=6],(((nd17:3.223214551497873[&state=6],nd18:4.493209150356373[&state=23]):0.5467515745132174[&state=6],nd16:0.12148584639119685[&state=6]):0.5434317519106004[&state=6],(nd21:1.7442054666506055[&state=0],((nd35:1.3166716088512527[&state=6],nd36:0.6934610900224694[&state=0]):0.4054491792174747[&state=22],nd26:1.7221207880687273[&state=0]):1.5621574730793002[&state=0]):2.2991142156321644[&state=0]):3.036035238807851[&state=6]):0.09529545415853777[&state=6],nd6:5.216963767676259[&state=6]):1.411794378464237[&state=6]):0.39678897234497207[&state=6]):4.099393479444213[&state=6]):0.0[&state=23];
