sample	replicate	trs
1	1	(((nd3:0.3613872171406791[&state=0],(nd13:0.4060610500066068[&state=6],((nd43:1.3826159180240711[&state=108],nd44:1.3826159180240711[&state=120]):2.5885764475605058[&state=81],((nd51:0.970609582220639[&state=107],nd52:0.970609582220639[&state=120]):0.7701972284377265[&state=107],nd38:1.7408068106583652[&state=106]):2.2303855549262117[&state=48]):4.256682678842773[&state=23]):3.155107399634567[&state=22]):1.9196856445457267[&state=22],((nd11:0.48011142051485756[&state=0],(((nd29:2.916037113263064[&state=14],nd30:2.916037113263064[&state=87]):3.0137323459178225[&state=49],(nd21:0.22858166515871542[&state=6],((nd27:3.2228394596457606[&state=98],nd28:3.2228394596457606[&state=120]):0.010295046342084144[&state=49],((((nd55:0.6427777037690813[&state=120],nd56:0.6427777037690813[&state=84]):0.6716166786895629[&state=120],nd46:0.026919505684195152[&state=6]):0.40226892482002824[&state=24],nd40:1.7166633072786717[&state=67]):1.1585277072935736[&state=53],(nd41:1.3879620523156775[&state=106],(((nd53:0.6961663995515467[&state=120],nd54:0.6961663995515467[&state=120]):0.5488711038531814[&state=104],nd50:1.245037503404728[&state=120]):0.06448479175141475[&state=63],nd48:1.3095222951561434[&state=86]):0.07843975715953476[&state=81]):1.487228962256568[&state=104]):0.35794349141560156[&state=23]):1.927218419454467[&state=78]):0.7694165337385751[&state=23]):0.7440318146366457[&state=48],(nd33:2.297510991176322[&state=65],nd34:2.297510991176322[&state=98]):4.37629028264121[&state=78]):1.7184644638153075[&state=22]):2.7873111577677796[&state=22],((nd9:1.55816722409655[&state=6],(nd17:0.17388062549804462[&state=6],((nd57:0.5513688088540749[&state=120],(nd59:0.4710545826843791[&state=66],nd60:0.4710545826843791[&state=36]):0.08031422616969608[&state=105]):1.7257359548592843[&state=120],nd36:0.139361662430872[&state=1]):3.6770469170913356[&state=7]):3.0543522881722676[&state=22]):1.1304549807819093[&state=22],nd8:2.5931867805220703[&state=0]):1.0406179456417497[&state=22]):2.123091193207022[&state=22]):1.4139319113923519[&state=22]):0.0[&state=22];
