sample	replicate	trs
1	1	((((((nd447:3.9343221275001707,(nd471:1.6070109904742782,nd472:1.6070109904742782)nd461:2.327311137025893)nd421:6.686326359231228,nd457:10.620648486731397)nd152:2.129307137598232,nd423:12.749955624329631)nd63:2.197787891619175,(nd465:3.1683071562259744,(nd481:0.482299545904925,nd482:0.482299545904925)nd466:2.6860076103210493)nd463:11.77943635972283)nd37:0.3845132569079407,(nd428:7.076322268411354,nd413:7.076322268411352)nd341:8.255934504445396)nd35:0.8903123193998248,((nd476:9.733435001499844,(((nd469:3.9914574762937454,(nd479:0.7206845762666638,(nd483:0.3174382005869097,nd484:0.3174382005869097)nd480:0.40324637567975413)nd477:3.2707729000270813)nd429:1.0188142612442523,nd430:5.010271737537998)nd334:3.365153038918761,nd473:8.375424776456756)nd260:1.3580102250430852)nd176:4.537377821192844,(nd434:8.707362308613737,nd440:8.707362308613735)nd233:5.5634505140789505)nd47:1.9517562695638835)nd18:0.0;
