sample	replicate	trs
1	1	(((((nd221:1.05951537710039,nd222:1.05951537710039)nd219:0.044073872840622814,nd220:1.103589249941013)nd204:1.0685307797105486,nd200:2.1721200296515617)nd134:11.785084851010653,(((nd227:1.1939238186703927,nd217:1.1939238186703929)nd149:3.9204957362649013,(nd195:2.338268503034096,(((nd235:0.1588423495173174,nd236:0.1588423495173174)nd229:0.34134240574450647,(nd241:0.043247921440554504,nd242:0.043247921440554504)nd230:0.4569368338212694)nd207:1.1741290171948782,nd208:1.674313772456702)nd196:0.6639547305773936)nd173:2.7761510519011994)nd130:2.213338524311168,(nd190:3.6575598790688213,nd210:3.6575598790688204)nd162:3.6701982001776425)nd99:6.62944680141575)nd12:4.128879293941912,((nd211:4.719982506300769,nd194:4.71998250630077)nd153:2.4817417234864645,((nd223:0.9478393135101746,nd224:0.9478393135101746)nd191:1.6120289304308002,((((nd233:0.3901406504201306,nd234:0.3901406504201306)nd231:0.09853708253553568,(nd237:0.09058222553258755,nd238:0.09058222553258755)nd232:0.39809550742307875)nd213:0.7853251707851495,((nd239:0.08726783825704124,nd240:0.08726783825704124)nd225:0.6880172229801076,nd226:0.7752850612371489)nd214:0.4987178425036668)nd201:0.7563398779012133,nd202:2.030342781642029)nd192:0.5295254622989451)nd184:4.641855985846259)nd112:10.884359944816893)root:0.0;
