sample	replicate	trs
1	1	((((nd42:1.6886919582725182,nd40:1.6886919582725177)nd21:2.6835941621510515,((nd35:2.9067461748034233,(nd49:0.9485795800507576,nd50:0.9485795800507576)nd36:1.9581665947526659)nd29:0.8707056833989504,nd30:3.7774518582023724)nd22:0.5948342622211957)nd16:3.0886165040016365,((nd43:1.2327805207624125,nd44:1.2327805207624125)nd19:3.6948896628517764,((nd31:3.050288040867875,nd33:3.0502880408678745)nd27:0.8731128362474979,(nd37:1.784392698823876,nd38:1.784392698823876)nd28:2.1390081782914963)nd26:1.004269306498816)nd12:2.533232440811017)nd7:2.14466576952192,((nd47:1.218455127184512,nd48:1.218455127184512)nd45:0.00253752431349857,nd46:1.2209926514980105)nd13:8.384575742449123)nd6:0.0;
