sample	replicate	trs
1	1	(((nd47:0.4395990432153082,(nd59:0.0495665868185692,nd60:0.0495665868185692)nd48:0.39003245639673895)nd22:2.1375505441116207,(((nd61:0.007385615748363711,nd62:0.007385615748363711)nd41:0.7058493850321743,(nd53:0.2192879811186259,nd54:0.2192879811186259)nd42:0.4939470196619121)nd25:1.1658860096270547,((nd51:0.23526301136882677,nd52:0.23526301136882677)nd27:1.6431563556451845,nd34:1.8784193670140108)nd26:0.0007016433935814344)nd20:0.6980285769193343)nd14:3.973647484705921,(((nd57:0.10808438236778421,nd58:0.10808438236778421)nd29:1.4706627631842963,(nd39:0.8819002780590849,nd40:0.8819002780590849)nd30:0.6968468674929965)nd7:2.5741590440990416,(nd12:4.108421039386009,(((nd45:0.56787190748098,nd46:0.56787190748098)nd37:0.36951957932112467,nd38:0.9373914868021046)nd15:1.9132240360638701,(((nd49:0.29197759932721135,nd50:0.29197759932721135)nd43:0.29073564080042796,nd44:0.5827132401276395)nd17:2.0782333755974984,((nd35:1.0274119884231154,nd36:1.0274119884231154)nd32:0.9855175337274908,(nd55:0.13376427620798437,nd56:0.13376427620798437)nd24:1.8791652459426207)nd18:0.6480170935745305)nd16:0.189668907140837)nd10:1.2578055165200321)nd8:0.044485150265116055)nd6:2.397890882381726)nd2:0.0;
