sample	replicate	trs
1	1	((((nd44:1.060513430778943[&state=0],(nd48:0.9745546766594555[&state=0],nd49:0.9745546766594555[&state=0])nd45:0.08595875411948728[&state=0])nd28:1.1499842573091879[&state=0],((nd34:1.7761417831137511[&state=0],(nd60:0.14539717879578104[&state=0],nd61:0.14539717879578104[&state=0])nd35:1.63074460431797[&state=0])nd32:0.20848123926021928[&state=0],nd33:1.9846230223739705[&state=0])nd29:0.22587466571416046[&state=0])nd18:0.5406326726143726[&state=0],((nd50:0.8509732589280739[&state=0],nd51:0.8509732589280739[&state=0])nd40:0.3195827807753022[&state=0],nd41:1.170556039703376[&state=0])nd19:1.5805743209991274[&state=0])nd14:1.5196891411613298[&state=0],((((nd30:1.991210285196467[&state=0],nd31:1.991210285196467[&state=6])nd16:0.8315184624185005[&state=0],((nd54:0.7402826606056725[&state=0],nd53:0.7402826606056725[&state=0])nd26:1.5153531368707749[&state=0],nd27:2.2556357974764474[&state=0])nd17:0.5670929501385196[&state=0])nd12:0.5876644279444075[&state=0],(nd58:0.16443997364041293[&state=0],nd59:0.16443997364041293[&state=0])nd21:3.2459532019189616[&state=0])nd10:0.2580342500322426[&state=0],(((nd57:1.0577206899464897[&state=0],nd47:1.0577206899464897[&state=0])nd42:0.07649160852044454[&state=0],nd43:1.1342122984669343[&state=0])nd24:1.3278934591101337[&state=0],((nd38:1.4336237274751022[&state=0],nd39:1.4336237274751022[&state=0])nd36:0.3170282109226533[&state=0],nd37:1.7506519383977557[&state=0])nd23:0.7114538191793124[&state=0])nd11:1.2063216680145494[&state=0])nd8:0.6023920762722157[&state=0])nd4:0.0[&state=0];
