sample	replicate	trs
1	1	((((((nd98:0.20336952165024802,nd99:0.20336952165024802)nd88:0.2303028900489099,nd94:0.43367241169915793)nd82:0.18792274766459138,nd83:0.6215951593637493)nd49:3.937803391296341,((((nd100:0.20039475542005555,nd101:0.20039475542005555)nd80:0.45030126535095294,(nd92:0.4029704566661082,nd93:0.4029704566661082)nd81:0.2477255641049001)nd58:0.4454446864424321,nd59:1.0961407072134404)nd41:2.203802638156721,((((nd46:1.3474439298242917,nd52:1.347443929824292)nd42:0.12010871308350411,(nd84:0.6080213304980444,nd85:0.6080213304980444)nd43:0.8595313124097516)nd38:0.1287853216354471,(nd56:1.1665719357163364,nd68:1.1665719357163367)nd44:0.4297660288269066)nd24:1.0725957451745005,(nd91:1.8951828366482073,(nd60:1.0724272561230077,(nd62:1.0578728095213445,((nd102:0.10242683723240013,nd103:0.10242683723240013)nd74:0.6554682139197173,nd75:0.7578950511521174)nd63:0.2999777583692272)nd61:0.014554446601663017)nd36:0.8227555805251997)nd25:0.7737508730695362)nd23:0.6310096356524173)nd14:1.2594552052899293)nd4:0.8752471043266187,((nd28:2.5387514372929325,(nd97:1.2738155212636717,nd73:1.2738155212636717)nd29:1.2649359160292608)nd8:2.442629336400176,nd86:4.981380773693109)nd5:0.4532648812936005)nd2:0.18002076523074845,(nd30:2.339691815642874,((nd66:0.916833222730412,nd67:0.916833222730412)nd32:1.2288052179472195,(nd78:0.6668296212858594,nd79:0.6668296212858594)nd33:1.4788088193917723)nd31:0.19405337496524236)nd3:3.2749746045745822)root:0.0;
