sample	replicate	trs
1	1	(((nd4:1.3390722949476284,(nd14:0.964837918022987,((nd20:2.7495045154139195,(nd48:1.221148129072383,nd49:1.221148129072383)nd21:1.5283563863415364)nd18:0.28292963116790776,(nd50:1.0146075279107347,nd51:1.0146075279107347)nd19:2.0178266186710916)nd15:0.4773898299931628)nd5:2.2307328301837512)nd2:1.4820209336843155,(((nd16:1.7216087368609663,(nd22:2.7086029851854736,nd23:2.7086029851854736)nd17:0.4457396503015558)nd8:1.188604986322473,((((nd34:1.6480806530330512,(nd46:1.285808963954145,nd47:1.285808963954145)nd35:0.36227168907890533)nd32:0.04087499820662633,((nd62:0.18132205806986873,nd63:0.18132205806986873)nd54:0.7029848912480526,nd55:0.8843069493179211)nd33:0.8046487019217543)nd12:1.8382859193237555,(((nd38:1.528105136183341,(nd60:0.33380007858476785,nd61:0.33380007858476785)nd39:1.1943050575985728)nd28:0.41832116246932116,((nd40:1.5104342324728663,nd41:1.5104342324728663)nd30:0.4275237831215355,(nd56:0.6087456138104416,nd57:0.6087456138104416)nd31:1.3292124017839595)nd29:0.008468283058260587)nd24:0.12864234768100744,((nd36:1.5307940340141022,(((nd64:0.1548146383013235,nd65:0.1548146383013235)nd58:0.40153349023130425,nd59:0.5563481285326274)nd44:0.8675308507737987,nd45:1.4238789793064273)nd37:0.10691505470767532)nd26:0.44313641581396274,nd27:0.49378150402769666)nd25:0.10113819650560478)nd13:1.4521729242297625)nd10:0.39448364561847876,nd11:1.569464702049676)nd9:0.4212224056275912)nd6:0.09843132896988047,(nd42:1.4974275329407876,(nd52:0.9722480563415302,nd53:0.9722480563415302)nd43:0.5251794765992562)nd7:2.943951417838595)nd3:2.781198789663673)root:0.8224522595569528)origin:0.0;
