sample	replicate	trs
1	1	(nd1:24.372194584299873[&state=6],((((((nd61:1.0604539814562932[&state=0],nd62:1.0604539814562932[&state=10])nd55:0.7193530156645341[&state=0],nd56:1.7798069971208277[&state=7])nd25:6.27486863796287[&state=7],((nd65:0.5322985358754113[&state=0],nd66:0.5322985358754113[&state=0])nd27:6.7098834909495935[&state=0],(((nd43:3.5213974117163254[&state=0],(nd53:1.8076723202234228[&state=0],nd54:1.8076723202234228[&state=0])nd44:1.7137250914929023[&state=0])nd41:0.1694345548096325[&state=0],nd42:3.6908319665259572[&state=19])nd37:1.7776567213521284[&state=8],nd38:5.468488687878084[&state=8])nd28:1.7736933389469196[&state=0])nd26:0.812493608258692[&state=0])nd17:5.12891949142983[&state=0],((((nd67:0.24445310698766792[&state=2],nd68:0.24445310698766792[&state=9])nd49:2.5977398107886853[&state=9],nd50:2.8421929177763534[&state=7])nd47:0.17123434815737246[&state=7],nd48:3.013427265933726[&state=0])nd35:2.499430602415447[&state=7],(nd59:1.6584336809596087[&state=0],(nd63:0.5508743074480045[&state=7],nd64:0.5508743074480045[&state=0])nd60:1.1075593735116043[&state=7])nd36:3.8544241873895637[&state=0])nd33:7.670737258164353[&state=0])nd11:8.749409378916662[&state=0],(nd23:11.693330590524496[&state=6],((nd51:2.5188015933468706[&state=23],nd52:2.5188015933468706[&state=6])nd31:4.064391793768767[&state=6],nd32:6.583193387115635[&state=6])nd29:5.110137203408855[&state=6])nd14:10.239673914905696[&state=6])nd3:1.0319905382399706[&state=22],((nd45:3.1071306409937964[&state=6],(nd57:1.7397590241367649[&state=6],nd58:1.7397590241367649[&state=6])nd46:1.3673716168570316[&state=6])nd19:10.043821806298283[&state=6],(nd39:3.7935463798054414[&state=6],nd40:3.7935463798054414[&state=6])nd22:9.357406067486638[&state=6])nd9:9.814042596378082[&state=6])nd2:1.4071995406297153[&state=22])root:0.0[&state=22];
