sample	replicate	trs
1	1	((((((nd21:0.5344879671265562,((nd33:0.049856243471601586,nd34:0.049856243471601586)nd31:0.010680310080571848,nd32:0.06053655355217343)nd22:0.47395141357438275)nd11:1.0335832118743036,nd12:0.37366243646980757)nd5:0.362925132102489,nd6:1.930996311103349)nd3:0.2024440282257972,((nd13:1.4001103494035603,nd14:1.4001103494035603)nd7:0.4745523485062697,(nd17:1.1695927172677456,(nd23:0.5073392672111174,nd24:0.5073392672111174)nd18:0.6622534500566281)nd8:0.7050699806420841)nd4:0.25877764141931636)nd1:0.03313025825211686,((nd15:1.1696157707453247,(nd19:0.7160130477887724,nd20:0.558758920876585)nd16:0.2119695043313607)nd9:0.6263621088988426,((nd27:0.24008820499206668,(nd29:0.21051883527678084,(nd35:0.04147695364413103,nd36:0.04147695364413103)nd30:0.16904188163264983)nd28:0.029569369715285808)nd25:0.23268462630265332,nd26:0.24158678615008494)nd10:1.3232050483494469)nd2:0.3705927179370957)root:0.5519194024187374)origin:0.0;
