sample	replicate	trs
1	1	((((((nd53:0.8962328311921935,((nd77:0.3099439410764365,nd78:0.3099439410764365)nd67:0.25074211528663515,(nd83:0.14466404280740489,nd84:0.14466404280740489)nd68:0.4160220135556668)nd54:0.3355467748291216)nd41:0.30740541371528685,(((nd89:0.02983328058160022,nd90:0.02983328058160022)nd65:0.6086963459563225,nd66:0.09117656407106835)nd55:0.2489207433636916,(nd63:0.6628224822422896,nd64:0.14605490277084138)nd56:0.22462788765932448)nd42:0.31618787500586626)nd21:1.80644491268373,((nd49:1.0695346637114997,nd50:1.0695346637114997)nd45:0.0800172406774519,(nd61:0.6816172933512156,nd62:0.6816172933512156)nd46:0.4679346110377361)nd22:1.860531253202259)nd3:4.49721948487706,nd4:0.343639025829725)nd1:0.1953362005093485,(((nd9:3.40257393311418,nd10:0.8942115708241778)nd7:0.24889907096449806,((nd13:0.603817937993032,(((nd35:1.5359797923346696,(((nd75:0.3957466540155029,nd76:0.3957466540155029)nd51:0.6303685372563493,nd52:1.0261151912718522)nd37:0.4940202298720439,((nd85:0.10835222824820873,nd86:0.10835222824820873)nd47:1.0139437391427246,(((nd79:0.1554152035938436,nd80:0.2681553835233733)nd69:0.2893583986539313,(nd71:0.5372625595116196,nd72:0.5372625595116196)nd70:0.020251222665684895)nd59:0.22553416815013755,(nd73:0.4637679087367962,(nd87:0.04399349392623011,nd88:0.04399349392623011)nd74:0.4197744148105661)nd60:0.3192800415906462)nd48:0.33924801706349106)nd38:0.3978394537529627)nd36:0.01584437119077476)nd27:0.6154005946435958,(nd31:0.0550383834435762,nd32:1.909687065117108)nd28:0.2416933218611566)nd17:3.0869439785692134,nd18:0.9281176808550722)nd14:0.7155065110412326)nd11:0.15486041296693653,(nd15:0.39960957514045004,nd16:5.809279202253535)nd12:0.2994120873021134)nd8:0.9279322283707149)nd5:0.04949607800418873,(((nd43:1.1523025974108454,(nd81:0.1758813773363199,nd82:0.04102869920786547)nd44:0.9764212200745255)nd25:1.0798687203411237,((nd57:0.2335005594898259,nd58:0.2319769132587508)nd39:0.41502674180993226,nd40:1.2252405280273357)nd26:1.006930789724633)nd19:2.286700653753882,(nd23:0.2552917128755925,((nd33:0.494395169097704,nd34:1.5481313828255194)nd29:0.5978313915673792,nd30:0.3537051803255384)nd24:0.724641160546292)nd20:1.648268036566659)nd6:2.567247624424702)nd2:0.616519247047065)root:1.4776811570223765)origin:0.0;
