sample	replicate	trs
1	1	((((nd11:1.9616101305916196,(nd15:8.374803147001886,(nd19:3.3947065333599937,(nd21:3.921269804193777,(((nd55:0.17625044335123252,nd56:0.17625044335123252)nd37:3.3256555178489418,nd38:3.5019059612001744)nd29:3.5166473624722294,(((nd39:3.1994611024939346,nd40:3.1994611024939346)nd35:0.8456293356423448,(nd47:1.0455760727894947,(nd53:0.22059752576577807,nd54:0.22059752576577807)nd48:0.8249785470237166)nd36:2.999514365346785)nd33:1.9019454781169303,((nd43:1.412870030071045,nd44:1.412870030071045)nd41:0.22803940831114602,nd42:1.6409094383821912)nd34:4.306126477871018)nd30:1.0715174074191942)nd22:3.759193371614295)nd20:0.5010688092892288)nd16:2.092797542055629)nd12:2.161440192490517)nd3:2.505752391473809,(nd5:3.982277733900072,(nd7:0.6532253560811858,nd8:1.0743625349960244)nd6:0.5046287175925473)nd4:0.3554505243829894)nd1:4.9044323259428415,((((((nd49:0.8182975443481971,nd50:0.8182975443481971)nd27:6.307908396427483,nd28:1.7418278406889978)nd25:2.7003417387839574,(nd31:0.5062492647772596,nd32:0.35706370738385335)nd26:3.0951263889026097)nd23:0.3032126320117759,((nd51:0.2675512796813271,nd52:0.2675512796813271)nd45:1.0954604010581983,nd46:1.3630116807395254)nd24:8.766748630831886)nd13:4.203146273666922,(nd17:1.2044307994359795,nd18:3.9215788898984165)nd14:1.370296255323482)nd9:1.9992867840705086,nd10:4.042520846622822)nd2:6.6110445872298795)root:1.8624620434612722)origin:0.0;
