sample	replicate	trs
1	1	(((((nd8:5.064308501307605[&state=0],(nd20:5.4083977183699705[&state=0],(nd32:0.8855385571828096[&state=36],(nd34:0.562058968710052[&state=0],nd35:0.562058968710052[&state=33]):0.3234795884727574[&state=31]):4.522859161187163[&state=41]):2.2604551406456816[&state=16]):0.4618187428399449[&state=16],((((nd36:0.4205475143796008[&state=33],nd37:0.4205475143796008[&state=0]):4.252150897577378[&state=41],(nd26:3.67117100118572[&state=49],(nd38:0.18924449689325562[&state=49],nd39:0.18924449689325562[&state=5]):3.481926504292464[&state=49]):1.001527410771258[&state=33]):2.3209211042389803[&state=16],nd13:4.700818160932414[&state=5]):0.18033654417575404[&state=0],(nd22:4.7720986211094205[&state=0],nd23:0.49064835237643234[&state=1]):2.4018574392622902[&state=6]):0.9567155414838843[&state=0]):4.112967315581885[&state=16],(nd14:6.034141394318259[&state=57],(nd30:2.218013666091017[&state=11],nd31:0.010792142242742105[&state=5]):3.8161277282272446[&state=5]):6.209497523119225[&state=16]):0.1241790104698223[&state=16],((nd28:2.7503502577948424[&state=1],nd29:2.7503502577948424[&state=57]):3.225600535071639[&state=16],(nd18:5.949730383028871[&state=0],nd19:5.949730383028871[&state=41]):0.02622040983761061[&state=0]):6.391867135040826[&state=16]):1.4564820720926897[&state=16]):0.0[&state=16];
