sample	replicate	trs
1	1	((((((((nd37:0.4662110142837768,(nd41:0.3341990884347387,nd42:0.3341990884347387)nd38:0.13201192584903812)nd23:0.9733224881340089,((nd43:0.29413856356136203,nd44:0.29413856356136203)nd25:1.0448721515532662,(nd27:1.2799480803414793,nd28:1.2799480803414793)nd26:0.05906263477314924)nd24:0.1005227873031577)nd13:0.6355872486726662,((nd31:0.8481062933983207,nd32:0.8481062933983207)nd21:0.816089695475241,nd22:1.6641959888735616)nd14:0.4109247622168904)nd7:0.9221511594531178,(nd15:1.9309059274224971,(nd17:0.8923121699613528,((nd39:0.37620438557788416,nd40:0.37620438557788416)nd35:0.35389182377561124,((nd49:0.01787229925874771,nd50:0.01787229925874771)nd45:0.12881730647465067,nd46:0.1466896057333984)nd36:0.583406603620097)nd18:1.1010038497512553)nd16:0.09980586831774609)nd8:1.066365983121073)nd5:0.6180568578144696,(nd47:0.14103658725438195,nd48:0.14103658725438195)nd6:3.474292181103657)nd3:1.042012273621602,(((nd29:0.7269918463041097,(nd33:0.8127507823631398,nd34:0.09120171245165744)nd30:0.11608651986935942)nd19:0.7521354563077667,nd20:1.0419905416169497)nd11:0.9621537477679922,nd12:0.5402323881672194)nd4:2.014214535671383)nd1:0.7820912051975738,(nd9:1.8975051702959687,nd10:2.931150785112878)nd2:2.5082814620643368)root:0.7183377528227872)origin:0.0;
