sample	replicate	trs
1	1	(((((((nd33:3.245995281986727,((nd41:2.262200095603425,nd42:2.262200095603425)nd37:0.5779788799556207,(nd43:1.7438403261300375,nd44:2.0870427476216378)nd38:0.7531362279374083)nd34:0.40581630642768135)nd17:2.1461918112880385,nd18:5.3921870932747655)nd13:1.561726364599985,nd14:1.6259553371801467)nd5:3.8576841832522315,((((nd25:4.28122744292924,nd26:4.28122744292924)nd15:1.5404178261384898,(nd31:3.556638931200938,nd32:3.556638931200938)nd16:2.265006337866791)nd11:1.658311810578614,(nd21:4.946949988491379,((nd39:0.6100686762130907,nd40:2.832815350494032)nd27:1.2584097318176204,nd28:4.091225082311651)nd22:0.8557249061797261)nd12:2.5330070911549654)nd7:1.870895946339603,((nd35:0.8778148622087967,nd36:3.1360081868886374)nd19:2.0170344338182034,(((nd45:0.6187533660576796,nd46:0.6187533660576796)nd29:3.003260028455106,nd30:3.622013394512785)nd23:0.8107398521364122,nd24:4.432753246649198)nd20:0.7202893740576437)nd8:4.197810405279107)nd6:1.460744615141035)nd3:6.348418005612732,(nd9:0.7164239728809111,nd10:2.174197168243306)nd4:9.434434266323466)nd1:3.2648033336385254,nd2:16.33091147781682)root:0.9917810196217598)origin:0.0;
