sample	replicate	trs
1	1	((nd1:0.6098090680511744[&state=0],(nd3:0.06951965624177132[&state=6],(nd5:1.4235148077280244[&state=6],((((nd55:0.14081777482800506[&state=86],nd56:0.14081777482800506[&state=98]):2.6496984925663627[&state=120],(((nd39:0.7776928835162501[&state=107],nd40:0.7776928835162501[&state=108]):0.4803764351786969[&state=105],(nd43:0.530663983624009[&state=108],nd44:0.530663983624009[&state=120]):0.7274053350709381[&state=64]):0.8024400217194896[&state=63],(((nd57:0.09079961577575746[&state=48],nd58:0.09079961577575746[&state=108]):0.8732271495976747[&state=67],((nd49:0.21664247103633022[&state=108],nd50:0.21664247103633022[&state=120]):0.6927797782750565[&state=120],((nd45:0.33041012787447677[&state=106],nd46:0.33041012787447677[&state=120]):0.5573591168213322[&state=120],(nd47:0.2957717114504556[&state=108],nd48:0.2957717114504556[&state=107]):0.5919975332453534[&state=120]):0.02165300461557802[&state=120]):0.0546045160620456[&state=120]):0.6051329829862475[&state=98],(nd29:0.9989590251755537[&state=120],nd30:0.9989590251755537[&state=120]):0.5702007231841262[&state=67]):0.49134959205475714[&state=63]):0.7300069269799304[&state=63]):1.3266736984488234[&state=7],(nd11:0.24089534758032383[&state=0],((((nd59:0.01769170413946241[&state=26],nd60:0.01769170413946241[&state=30]):0.6826285362763554[&state=107],nd42:0.700320240415818[&state=86]):0.32582590117592347[&state=106],(nd53:0.17384498871331577[&state=120],nd54:0.17384498871331577[&state=85]):0.8523011528784252[&state=120]):2.3304996103889333[&state=87],(((nd51:0.2076400670227584[&state=108],nd52:0.2076400670227584[&state=107]):1.6046759749335884[&state=120],(nd31:0.9743056707366856[&state=120],nd32:0.9743056707366856[&state=67]):0.8380103712196645[&state=98]):0.5890185278329242[&state=31],nd18:2.4013345697892743[&state=32]):0.9553111821914017[&state=9]):0.014518262102835605[&state=28]):0.74602595175968[&state=28]):3.5565736069836067[&state=0],nd8:0.9026447155435027[&state=6]):2.3829979862263775[&state=22]):1.9692403825226827[&state=6]):0.7540070965638253[&state=6]):0.2766909618603304[&state=22]):0.0[&state=22];
