sample	replicate	trs
1	1	(((nd10:9.659859882233023[&state=0],((nd28:3.2354256870265745[&state=0],nd29:3.2354256870265745[&state=0]):1.5671524669502173[&state=0],nd19:4.802578153976792[&state=0]):4.857281728256232[&state=0]):1.1509979578773515[&state=0],(((nd14:9.493193638216136[&state=5],((nd42:0.24006863114504554[&state=5],nd43:0.24006863114504554[&state=5]):3.3656892532131892[&state=5],(nd26:3.24508525549778[&state=5],nd27:3.4625917355216442[&state=5]):0.1431661488365904[&state=5]):5.8874357538579005[&state=5]):0.29931086211503316[&state=5],(nd12:9.569512769140097[&state=0],((nd30:2.035742425429321[&state=5],(((nd38:1.2409592632723536[&state=5],nd39:1.2409592632723536[&state=5]):0.36840294248887967[&state=5],nd35:1.6093622057612333[&state=5]):0.2058034452649781[&state=5],nd33:1.8151656510262115[&state=5]):0.22057677440310977[&state=5]):5.765911710040877[&state=5],(nd22:3.8271682120252812[&state=0],nd23:3.8271682120252812[&state=0]):3.9744859234449166[&state=0]):1.767858633669899[&state=16]):0.222991731191071[&state=16]):0.6702833284969447[&state=16],((nd36:1.3284991433400202[&state=0],nd37:1.3284991433400202[&state=0]):8.387246032564974[&state=0],(nd20:4.59656914857006[&state=0],(nd40:1.1478556268221176[&state=0],nd41:1.1478556268221176[&state=0]):3.4487135217479423[&state=0]):5.119176027334934[&state=0]):0.7470426529231182[&state=0]):0.34807001128226306[&state=16]):0.572342159889625[&state=16]):0.0[&state=16];
