sample	replicate	trs
1	1	((((nd29:0.4543117246126826,(nd37:0.048765165151820666,nd38:0.048765165151820666)nd30:0.40554655946086193)nd8:2.1640488179847734,((nd15:1.1655352110993993,((nd35:0.1319630272598508,nd36:0.1319630272598508)nd31:0.206381314905845,nd32:0.3383443421656958)nd16:0.8271908689337036)nd11:0.5709100712897426,nd12:1.7364452823891423)nd6:0.8819152602083141)nd3:0.03611251325770968,(nd23:0.9136210834996958,nd24:0.9136210834996958)nd4:1.7408519723554698)nd1:0.21926189772665122,((nd19:1.0960000493026163,nd20:1.0960000493026163)nd13:0.5645361778654087,((nd33:0.23142312034829354,nd34:0.23142312034829354)nd17:0.892118123315121,((nd27:0.5004791284082211,nd28:0.5004791284082211)nd21:0.5928039726791513,nd25:1.0932831010873725)nd18:0.030258142576042188)nd14:0.5369949835046105)nd10:1.213198726413792)root:0.0;
