sample	replicate	trs
1	1	(((nd182:4.468984574411262[&state=19],nd199:4.46898457441126[&state=2])nd74:6.723988107877348[&state=9],nd91:11.192972682288609[&state=12])nd5:1.971897448479979[&state=1],(nd152:12.513130169218078[&state=2],(((((nd185:4.989522601882525[&state=15],nd191:4.989522601882524[&state=2])nd129:3.3918998207671622[&state=9],(((nd219:0.041498475414158985[&state=2],nd220:0.041498475414158985[&state=2])nd197:2.201104152092958[&state=2],(nd217:0.08196840022766909[&state=2],nd218:0.08196840022766909[&state=2])nd198:2.160634227279448[&state=2])nd193:0.22019582126981274[&state=2],nd194:2.4627984487769305[&state=12])nd138:5.918623973872758[&state=12])nd39:1.4318566694093142[&state=1],(nd209:0.5784142167262123[&state=2],nd210:0.5784142167262123[&state=2])nd195:9.234864875332786[&state=2])nd25:0.1335416040963553[&state=1],((nd213:0.41689558818464023[&state=2],nd214:0.41689558818464023[&state=4])nd116:7.322880726236983[&state=15],(nd211:0.5501134622456152[&state=2],(nd215:0.08702506964458484[&state=5],nd216:0.08702506964458484[&state=19])nd212:0.4630883926010303[&state=19])nd169:7.189662852176008[&state=2])nd63:2.2070443817337333[&state=1])nd20:0.5714669985082893[&state=1],((nd205:1.4517424012873583[&state=3],nd206:1.4517424012873583[&state=77])nd203:0.11341581311173726[&state=3],(nd207:1.001672983726267[&state=3],nd208:1.001672983726267[&state=12])nd204:0.5634852306728285[&state=12])nd190:8.953129480264549[&state=12])nd8:1.9948424745544315[&state=1])nd6:0.6517399615505108[&state=1])nd2:0.0[&state=1];
