sample	replicate	trs
1	1	(((((((((nd29:0.005597091804939504[&state=4],(((nd59:0.05053165772363374[&state=108],nd60:0.05053165772363374[&state=120]):0.040694016747041484[&state=87],nd52:0.0912256744706752[&state=120]):0.08298307588468017[&state=108],((nd57:0.06700532142563789[&state=104],nd58:0.06700532142563789[&state=120]):0.03078705660623998[&state=4],nd50:0.09779237803187787[&state=120]):0.07641637232347748[&state=120]):0.1566715517992752[&state=120]):0.2025515088852921[&state=120],nd16:0.5334318110399224[&state=120]):0.038408749971463235[&state=87],(((nd45:0.15922198204843838[&state=120],nd46:0.15922198204843838[&state=104]):0.03482481194509104[&state=107],nd36:0.1940467939935295[&state=104]):0.07821610947323057[&state=108],nd34:0.2722629034667602[&state=104]):0.29957765754462595[&state=120]):0.10300061302879852[&state=120],((nd23:0.36617657574562823[&state=120],(nd25:0.009708989619326952[&state=4],nd26:0.365491689402156[&state=120]):0.0006848863434722181[&state=108]):0.0658047318111075[&state=108],((nd27:0.34904862855088775[&state=104],((nd43:0.17280027725253747[&state=104],(nd47:0.12232613151713903[&state=120],nd48:0.12232613151713903[&state=108]):0.050474145735398365[&state=108]):0.10644712752278769[&state=108],(nd53:0.07528868857981891[&state=120],nd54:0.07528868857981891[&state=120]):0.2039587161955061[&state=120]):0.06980122377556251[&state=120]):0.08080555143805403[&state=120],nd20:0.4298541799889416[&state=104]):0.0021271275677941133[&state=120]):0.2428598664834486[&state=120]):0.16341688653386627[&state=120],((nd21:0.38697225723839124[&state=120],(nd61:0.0451680304044941[&state=24],nd62:0.0451680304044941[&state=120]):0.3418042268338971[&state=120]):0.1535956451725627[&state=67],(nd37:0.18547672359247025[&state=120],nd38:0.18547672359247025[&state=104]):0.3550911788184838[&state=120]):0.2976901581630968[&state=120]):0.0281923076715458[&state=66],nd6:0.8664503682455961[&state=120]):0.06373985158931328[&state=57],((nd55:0.07222238939540705[&state=108],nd56:0.07222238939540705[&state=120]):0.10481161316331294[&state=120],nd40:0.17703400255872[&state=120]):0.7531562172761895[&state=120]):5.339417883851652[&state=120],nd2:0.2595315465486142[&state=6]):2.36447189631345[&state=6]):0.0[&state=23];
