sample	replicate	trs
1	1	(((((nd22:2.097566672241717,nd23:1.1490331840554977)nd16:0.3473326299852582,nd17:0.4526145055848462)nd4:2.637556185829463,(((nd14:2.764142039407165,(((nd88:0.12110804971546942,nd89:0.12110804971546942)nd68:0.8802559921385747,nd69:1.0013640418540442)nd18:1.2374941332255471,(((nd38:0.8300874886601766,((nd62:1.160618756437269,(nd70:0.9651351172903748,(nd82:0.10310814708743479,nd83:0.5252124505642302)nd71:0.43992266672614455)nd63:0.19548363914689404)nd40:0.5624779363162524,nd41:0.7449195781480193)nd39:0.004591317719825938)nd32:0.14367836979253074,(((nd84:0.37836246107924965,nd85:0.2349026810902838)nd72:0.4458563385194319,nd73:0.15657326847018593)nd34:0.9992348295434768,(nd58:1.2494558750229139,((nd92:0.0846802016828436,nd93:0.0846802016828436)nd76:0.6328801561330751,nd77:0.4132207862984806)nd59:0.5318955172069952)nd35:0.5739977541192447)nd33:0.04791275112371942)nd20:0.26279570408768393,((nd36:0.3414329017082913,nd37:1.4893472439953137)nd24:0.2417471260508757,nd25:0.6487308114199171)nd21:0.08367114096641023)nd19:0.10469609072602935)nd15:0.5252838643275727)nd10:0.3166398153233862,(nd60:1.196632632198727,(nd64:1.0954655745264956,(nd66:0.22214705649522196,nd67:1.0030365008636806)nd65:0.09242907366281486)nd61:0.10116705767223146)nd11:1.884149222531823)nd6:1.3212627134366353,(((nd52:0.06546526690242886,nd53:1.3935899123157742)nd12:1.6044130115927246,(nd78:0.35599026546529805,nd79:0.556409531208052)nd13:2.441593392700447)nd8:0.5588001196545487,nd9:0.4308200614978613)nd7:0.8452415246041377)nd5:0.6804109198892522)nd2:0.49736431263639463,(((nd42:1.6868121577337831,(((nd74:0.24893655697136324,(nd86:0.20731457318815288,(nd90:0.10304203622717188,nd91:0.10304203622717188)nd87:0.10427253696098099)nd75:0.59002575806656)nd46:0.7267211634729466,nd47:1.5240614947276596)nd44:0.04353564662370571,(nd54:0.114110184518917,nd55:0.36295160645308444)nd45:0.18245996481996268)nd43:0.119215016382418)nd28:0.2981845943625065,nd29:0.1808571721485901)nd26:0.007600349054107995,((((nd80:0.5470975142917925,nd81:0.5470975142917925)nd56:0.7265985764675563,nd57:1.2736960907593489)nd48:0.24291140071401082,(nd50:1.462461880512555,nd51:1.334994103364809)nd49:0.05414561096080478)nd30:0.4584834272910298,nd31:0.02682212562176739)nd27:0.017506182386008234)nd3:3.5872226995424352)root:1.168480199307171)origin:0.0;
