sample	replicate	trs
1	1	((((nd67:0.7333741567124669,(nd71:0.5592823497105406,nd72:0.5592823497105406)nd68:0.17409180700192634)nd57:1.5436209645748051,((((nd101:0.0028716563260845753,nd102:0.0028716563260845753)nd79:0.42758761086694963,(nd95:0.07838596050627278,nd96:0.07838596050627278)nd80:0.35207330668676134)nd51:0.8750760831260928,(nd93:0.07873144086888784,nd94:0.07873144086888784)nd52:1.226803909450239)nd33:0.8237990897113401,((nd65:0.8159789179938619,nd66:0.8159789179938619)nd63:0.02267671182382249,(nd89:0.12373195607734178,nd90:0.12373195607734178)nd64:0.7149236737403426)nd37:1.2906788102127829)nd30:0.14766068125680523)nd19:1.3742537856667592,(((((nd81:0.32609291960454706,nd82:0.32609291960454706)nd59:0.7809572080960479,(nd73:0.5233527860837238,nd74:0.5233527860837238)nd60:0.583697341616871)nd47:0.41595811216255074,(nd85:0.25690313154179545,nd86:0.25690313154179545)nd62:1.2661051083213501)nd35:0.5957604872228599,((nd91:0.11317270296296317,nd92:0.11317270296296317)nd39:1.836231611545956,(nd75:0.4561584807965411,((nd99:0.015823523217595153,nd100:0.015823523217595153)nd97:0.030849566094772105,nd98:0.04667308931236726)nd76:0.4094853914841738)nd45:1.4932458337123773)nd36:0.1693644125770875)nd21:1.400903194094184,(nd78:0.5882365515724283,nd70:0.588236551572428)nd50:2.931435369607762)nd20:0.1315769857738415)nd17:0.20369747469325367,(nd83:0.3030144675235522,(nd87:0.21976362359345855,nd88:0.21976362359345855)nd84:0.08325084393009369)nd26:3.5519319141237338)nd16:0.0;
