sample	replicate	trs
1	1	(((nd5:14.666519309742352[&state=0],(((nd21:6.914683292215837[&state=0],(nd29:1.749362630466959[&state=0],nd30:1.749362630466959[&state=0])nd22:5.165320661748878[&state=0])nd9:5.99403615626074[&state=0],(nd15:10.628333712975065[&state=0],(nd31:1.6127790497363168[&state=7],nd32:1.6127790497363168[&state=0])nd16:9.015554663238749[&state=7])nd12:2.2803857355015107[&state=0])nd7:1.4943251354937193[&state=0],(nd19:7.357356984396259[&state=7],((nd37:0.04212830841733259[&state=0],nd38:0.04212830841733259[&state=7])nd35:0.8538813832341101[&state=7],nd36:0.8960096916514427[&state=0])nd20:6.461347292744817[&state=0])nd8:7.045687599574037[&state=0])nd6:0.26347472577205683[&state=0])nd3:0.37202679079854467[&state=0],(nd17:9.085087768396562[&state=8],nd27:9.085087768396562[&state=1])nd4:5.9534583321443355[&state=7])nd1:3.6507562839896255[&state=0],((nd33:1.3889553985091245[&state=6],nd34:1.3889553985091245[&state=6])nd23:2.218285466697665[&state=6],(nd25:2.1289810742921595[&state=6],nd26:2.1289810742921595[&state=6])nd24:1.47825979091463[&state=6])nd14:15.082061519323734[&state=6])root:0.0[&state=22];
