sample	replicate	trs
1	1	((nd1:0.48533441819083206[&state=6],((nd9:0.8862546158707665[&state=6],((nd13:1.3673995133211887[&state=0],nd14:7.397868902144158[&state=103]):0.4931377756493385[&state=7],(((nd63:0.028349394235885263[&state=125],nd64:0.028349394235885263[&state=119]):0.38675181110243995[&state=125],(nd47:0.3310938664041266[&state=119],nd48:0.3310938664041266[&state=103]):0.08400733893419786[&state=119]):4.631581999777851[&state=119],((nd25:1.9303662605574363[&state=125],(nd27:0.7905799258283516[&state=126],((nd55:0.17361473145302064[&state=125],nd56:0.17361473145302064[&state=6]):0.25010034650957264[&state=126],(nd57:0.1711797735510083[&state=102],nd58:0.1711797735510083[&state=126]):0.25253530441158495[&state=126]):0.3668648478657588[&state=102]):1.1397863347290844[&state=126]):1.5696426641096888[&state=108],((nd61:0.12143004428945463[&state=119],nd62:0.12143004428945463[&state=119]):0.32981979615988954[&state=119],nd36:0.45124984044934385[&state=119]):3.048759084217784[&state=119]):1.5466742804490556[&state=104]):2.8443234726773365[&state=78]):0.08057509597729956[&state=7]):8.543055026509924[&state=7],((nd17:3.8388567601105144[&state=119],(((nd59:0.12576482564386673[&state=100],nd60:0.12576482564386673[&state=103]):0.25024594510002024[&state=99],nd44:0.3760107707438867[&state=119]):3.084173422725987[&state=126],nd22:3.460184193469878[&state=119]):0.37867256664063564[&state=63]):11.772226017094251[&state=104],(nd7:1.2547389479272937[&state=0],((((((nd45:0.33193490702085443[&state=119],nd46:0.33193490702085443[&state=119]):0.1179848945105802[&state=119],(nd53:0.18705631686215388[&state=103],nd54:0.18705631686215388[&state=119]):0.26286348466928156[&state=119]):0.030453220599353997[&state=103],nd34:0.48037302213078914[&state=119]):0.1768012827160398[&state=103],nd32:0.6571743048468287[&state=119]):0.08881333645183273[&state=124],(nd49:0.3036805930722235[&state=125],nd50:0.3036805930722235[&state=103]):0.4423070482264381[&state=126]):1.9267170785417849[&state=119],(nd51:0.19816080934303015[&state=119],nd52:0.19816080934303015[&state=119]):2.474543910497416[&state=103]):11.190472324091283[&state=63]):1.7479057332730303[&state=48]):0.9035540230759883[&state=48]):0.9024394800579544[&state=48]):0.7466237196613031[&state=6]):0.0[&state=22];
