sample	replicate	trs
1	1	(((nd37:0.024589935526043133,nd38:0.024589935526043133)nd9:4.640449932586044,((nd19:1.7935188109973168,nd20:1.7935188109973168)nd17:0.024987830780100972,((nd29:1.1107574722063553,(nd33:0.295642378047491,nd34:0.295642378047491)nd30:0.8151150941588644)nd25:0.4017063778221262,(nd35:0.11781843560980623,nd36:0.11781843560980623)nd26:1.3946454144186755)nd18:0.30604279174893606)nd10:2.84653322633467)nd6:3.3972172102239995,((nd16:3.765359700577305,(((nd32:1.158681452198641,nd28:1.158681452198641)nd23:0.3594816690155635,nd24:1.5181631212142046)nd21:0.02285003531800235,nd22:1.541013156532207)nd12:2.224346544045098)nd7:2.3211301611975514,nd8:6.086489861774857)nd4:1.9757672165612308)nd2:0.0;
