sample	replicate	trs
1	1	((((((((nd25:1.2607531101143994[&state=98],((nd41:0.01572966345095363[&state=12],nd42:0.01572966345095363[&state=26]):0.9372842016257324[&state=87],(nd39:0.1583112497182563[&state=87],nd40:0.1583112497182563[&state=4]):0.7947026153584299[&state=107]):0.30773924503771316[&state=65]):1.0061053120878278[&state=80],(nd37:0.16012169926487507[&state=67],nd38:0.16012169926487507[&state=80]):2.106736722937353[&state=108]):0.47468756005899654[&state=24],nd18:0.7192121185408098[&state=2]):1.4856724565036372[&state=9],(nd23:1.5144231949266205[&state=108],(nd31:0.8465238040472741[&state=87],nd32:0.8465238040472741[&state=31]):0.6678993908793462[&state=8]):2.7127952438382406[&state=49]):3.115070259428778[&state=48],(nd9:0.3670964436120495[&state=6],((nd15:2.9988900501998956[&state=120],(nd21:0.44192936342368605[&state=1],(nd35:0.4694793547196104[&state=35],nd36:0.4694793547196104[&state=120]):1.301934100389464[&state=66]):1.227476595090823[&state=53]):0.6153863113238903[&state=23],(nd33:0.822848452422471[&state=56],nd34:0.822848452422471[&state=120]):2.791427909101316[&state=120]):2.942345252742817[&state=22]):0.7856670839270349[&state=22]):0.6960073704238443[&state=7],((nd27:0.9915024957045825[&state=108],nd28:0.9915024957045825[&state=105]):6.587544863197546[&state=63],nd6:1.148609056030929[&state=6]):0.4592487097153585[&state=22]):1.5751396218524802[&state=22],nd2:0.5399790144676792[&state=6]):3.0104643095300423[&state=22]):0.0[&state=22];
