sample	replicate	trs
1	1	((((nd9:0.6403891274314505[&state=1],(nd13:0.9019930029928552[&state=1],(nd35:0.8634594228199357[&state=31],nd36:0.8634594228199357[&state=63]):2.6172888498978675[&state=31]):1.0924623257432948[&state=7]):0.6584414500689846[&state=7],((nd7:2.4465655606819223[&state=1],nd8:0.055556049847202804[&state=1]):0.123875330232098[&state=7],(nd15:3.3728332183613934[&state=63],nd16:0.5497024240768148[&state=1]):1.3576650796842822[&state=7]):0.5011537504844032[&state=7]):0.6755144901695852[&state=7],(((nd21:0.8702191411702619[&state=6],(nd25:1.9336060294164843[&state=6],nd26:1.9336060294164843[&state=6]):0.38514782932228064[&state=6]):0.7189481867329406[&state=6],((nd33:1.0377799530947875[&state=63],(nd37:0.40981029998595614[&state=63],(nd43:0.0833442861100555[&state=31],nd44:0.0833442861100555[&state=12]):0.3264660138759006[&state=12]):0.6279696531088311[&state=12]):0.38142399848639014[&state=31],nd32:1.419203951581178[&state=12]):1.6184980938905287[&state=7]):0.688184152143288[&state=6],(nd19:1.0559198243590595[&state=6],((nd39:0.3388035457442126[&state=50],(nd41:0.17018702861946994[&state=3],nd42:0.17018702861946994[&state=11]):0.16861651712474268[&state=31]):1.710066841356869[&state=9],(nd27:1.8464338761328773[&state=63],(nd29:1.7207917680115197[&state=81],nd30:1.7207917680115197[&state=29]):0.1256421081213574[&state=8]):0.20243651096820475[&state=8]):0.3784530854966873[&state=28]):1.2985627250172231[&state=48]):2.181280341084673[&state=48]):0.15531346130033152[&state=48]):0.0[&state=22];
