sample	replicate	trs
1	1	(((((nd139:0.4424477553128403[&state=24],nd140:0.4424477553128403[&state=3])nd93:1.7708206738713115[&state=12],(((nd159:0.06918360721648427[&state=6],nd160:0.06918360721648427[&state=6])nd127:0.7311799593578379[&state=6],(nd131:0.6171587336733436[&state=16],nd132:0.6171587336733436[&state=10])nd128:0.18320483290097833[&state=25])nd118:1.235324054950069[&state=6],nd111:2.035687621524392[&state=12])nd94:0.17758080765976134[&state=6])nd77:3.63278761310288[&state=6],(((nd137:0.5181453054388787[&state=3],nd138:0.5181453054388787[&state=86])nd87:2.391581686509856[&state=52],((nd133:0.6138549114528745[&state=24],nd134:0.6138549114528745[&state=6])nd114:0.9244368052097014[&state=24],(nd129:0.6633168428733881[&state=2],(nd143:0.39454243058862687[&state=2],nd144:0.39454243058862687[&state=2])nd130:0.2687744122847612[&state=2])nd108:0.8749748737891879[&state=2])nd74:1.371435275286159[&state=24])nd54:2.5463710728393165[&state=6],nd62:5.456098064788052[&state=24])nd36:0.38995797749898187[&state=23])nd33:0.261766793974822[&state=6],(((((nd148:1.247605719016691[&state=6],nd116:1.2476057190166914[&state=6])nd103:1.3576160372337[&state=6],((nd141:0.419208221601211[&state=6],(nd151:0.30661978224906916[&state=3],(nd155:0.11280798726714028[&state=3],nd156:0.11280798726714028[&state=12])nd152:0.1938117949819289[&state=12])nd142:0.11258843935214191[&state=25])nd122:0.7887798693459191[&state=25],nd123:1.2079880909471303[&state=3])nd86:1.3972336653032613[&state=25])nd79:0.124739270859067[&state=6],(nd145:0.38551910693198865[&state=23],nd146:0.38551910693198865[&state=6])nd135:2.344441920177469[&state=6])nd71:0.5379892757787341[&state=6],(nd149:0.3446965332861215[&state=2],nd153:0.3446965332861215[&state=2])nd125:2.923253769602071[&state=2])nd69:0.0024128077674724553[&state=6],((nd157:0.08847491491610451[&state=4],nd158:0.08847491491610451[&state=26])nd99:1.857436206543472[&state=26],nd100:1.9459111214595766[&state=0])nd70:1.3244519891960893[&state=49])nd38:2.83745972560619[&state=6])nd12:4.645431695479532[&state=6],nd75:10.753254531741387[&state=16])nd1:0.0[&state=6];
