sample	replicate	trs
1	1	((nd15:14.398522185446815,((nd37:3.613562908856155,nd38:3.613562908856155)nd23:5.582053407921244,nd24:9.1956163167774)nd16:5.202905868669413)nd1:7.841274815666695,((((nd32:9.2922022793152,nd26:9.292202279315202)nd17:4.4164569646049285,(nd33:4.316578571193863,nd34:4.316578571193863)nd18:9.392080672726268)nd9:3.977666805179092,(nd43:0.13329322229791135,nd44:0.13329322229791135)nd10:17.55303282680131)nd5:4.433718548977834,((nd39:3.4552603255514236,nd40:3.4552603255514236)nd20:14.71738883966214,((nd41:1.7589423997566842,nd42:1.7589423997566842)nd27:5.399973376868541,(nd29:7.066665823491291,(nd35:4.099873752979317,nd36:4.099873752979317)nd30:2.966792070511973)nd28:0.09224995313393503)nd14:11.013733388588339)nd4:3.94739543286349)nd2:0.11975240303645389)root:0.0;
