sample	replicate	trs
1	1	((((nd9:7.207181786882178[&state=1],(nd11:2.7840830224399267[&state=6],(((nd61:0.3260635757554547[&state=0],nd62:0.3260635757554547[&state=9]):0.6967309932619724[&state=104],nd50:1.0227945690174276[&state=9]):4.563365236413703[&state=104],nd18:2.741556577787171[&state=6]):0.6501145294111863[&state=6]):0.9709074520398623[&state=6]):0.07479524072256462[&state=6],((nd57:0.545744534371375[&state=31],(nd59:0.4966804300313482[&state=31],nd60:0.4966804300313482[&state=11]):0.0490641043400267[&state=31]):5.478875907573599[&state=31],((((nd53:0.926699754156706[&state=6],nd54:0.926699754156706[&state=28]):2.8697081239500846[&state=78],(((nd33:2.507071409885244[&state=78],((nd43:0.4558380793475933[&state=6],nd44:0.7356876715617899[&state=6]):0.5131714418597045[&state=6],nd40:1.7109161442551732[&state=104]):0.796155265630069[&state=6]):0.3860806844660609[&state=48],(nd45:1.1916483676972305[&state=105],nd46:1.1916483676972305[&state=9]):1.7015037266540702[&state=7]):0.3182202432381082[&state=48],(nd29:2.7472262818054527[&state=31],(nd47:1.0943984936802311[&state=63],nd48:0.9401141242510395[&state=0]):1.6528277881252187[&state=28]):0.46414605578396045[&state=1]):0.5850355405173806[&state=48]):0.4306586288665651[&state=6],nd20:1.2036394153013492[&state=6]):1.6882490505944427[&state=6],((nd63:0.29092785471873234[&state=23],nd64:0.29092785471873234[&state=2]):1.765698341974209[&state=50],(((nd65:0.07009672901852063[&state=6],nd66:0.07009672901852063[&state=0]):1.4411481095280314[&state=22],(nd51:0.9906062641136633[&state=9],nd52:0.9906062641136633[&state=24]):0.5206385744328892[&state=53]):0.47713905718527244[&state=53],nd38:1.9883838957318263[&state=81]):0.06824230096111489[&state=6]):3.8586893608748585[&state=6]):0.10930488437717581[&state=6]):1.2573565856597684[&state=6]):2.349226856923552[&state=6],((nd5:2.7777910379590094[&state=6],((nd31:2.5487073669646274[&state=9],nd32:2.5487073669646274[&state=25]):0.5408962269711804[&state=6],(nd55:0.8828157627718243[&state=63],nd56:0.8828157627718243[&state=28]):2.2067878311639815[&state=8]):4.405778946768045[&state=6]):1.878680999073549[&state=6],nd4:5.587946594797142[&state=6]):0.257140344750895[&state=6]):0.2983661154717126[&state=6]):0.0[&state=23];
