sample	replicate	trs
1	1	((((nd61:3.210160697138893,nd62:3.210160697138893)nd32:16.55392148210535,(((nd67:0.5480712950242458,nd68:0.5480712950242458)nd65:0.18088028154315314,nd66:0.728951576567399)nd11:18.197465317897517,((nd69:0.2719750132736921,nd70:0.2719750132736921)nd40:14.595640164100637,nd58:14.86761517737433)nd15:4.058801717090587)nd6:0.8376652847793313)nd3:0.3976302769213521,(nd45:9.898097447282053,nd64:9.898097447282055)nd38:10.263615008883544)nd1:1.431387945201912,((nd47:9.402105103281594,(nd51:7.770719360976015,nd55:7.770719360976014)nd48:1.6313857423055798)nd30:9.185800599030692,(nd53:5.790499523999142,(nd59:4.86200519939201,nd60:4.86200519939201)nd54:0.9284943246071315)nd43:12.79740617831314)nd10:3.005194699055226)root:0.0;
