sample	replicate	trs
1	1	(((((nd57:0.028944572612975082,nd58:0.028944572612975082)nd43:1.8726954997903238,(nd37:1.011242390400966,nd38:1.011242390400966)nd30:0.8903976820023333)nd13:3.729523765691883,(((nd31:1.682028180087194,((nd35:1.0164612428075799,nd36:1.0164612428075799)nd33:0.3841225292970036,nd34:1.4005837721045844)nd32:0.2814444079826097)nd27:1.0844420014935003,(nd49:0.5287148086241256,nd46:0.5287148086241258)nd28:2.237755372956567)nd23:2.6712677548415136,(nd55:0.12668478859842208,nd56:0.12668478859842208)nd48:5.311053147823786)nd14:0.19342590167297521)nd9:8.38811560432925,((nd51:0.24336042891459725,(nd53:0.24200570185808556,nd54:0.24200570185808556)nd52:0.0013547270565116946)nd11:11.71121083893756,(nd21:3.397862445611242,nd26:3.397862445611242)nd8:8.55670882224091)nd6:2.064708174572277)nd3:4.541631671753952,(nd41:0.8884242523480921,nd42:0.8884242523480921)nd19:17.67248686183029)root:0.0;
