sample	replicate	trs
1	1	(nd97:6.7649935663598875,((((((((nd114:0.07605521365325499,nd115:0.07605521365325499)nd108:0.07501056707997537,nd109:0.15106578073323038)nd90:0.8639405707510326,nd98:1.0150063514842627)nd66:1.5088038256318321,nd40:2.5238101771160943)nd36:0.00890685266227962,nd37:2.5327170297783748)nd30:0.46280752438871253,nd78:2.995524554167087)nd19:1.0677744974279841,(((nd104:0.19852973753642034,nd105:0.19852973753642034)nd95:2.168528532495458,nd83:2.3670582700318783)nd33:0.9161578685339002,(nd103:2.559264741758942,((nd106:0.18993530161749964,nd107:0.18993530161749964)nd53:2.216857334734335,nd43:2.406792636351835)nd35:0.1524721054071061)nd25:0.7239513968068376)nd20:0.7800829130292921)nd11:1.9270436235045199,(((nd80:1.6230685004671541,(nd100:0.4449330594112289,nd101:0.4449330594112289)nd61:1.1781354410559255)nd58:0.12448609724939491,((nd112:0.08851454601504466,nd113:0.08851454601504466)nd110:0.06037841262080646,nd111:0.14889295863585114)nd84:1.5986616390806985)nd54:0.07577416956822586,((nd68:1.3864002942792872,(nd92:0.5885705029528947,nd93:0.5885705029528947)nd70:0.7978297913263931)nd56:0.4088352041062257,nd77:1.7952354983855132)nd55:0.028093268899261534)nd27:4.167013907814815)nd3:0.774650891260298)root:0.0;
