sample	replicate	trs
1	1	((((nd109:0.1376202725172504[&state=1],nd110:0.1376202725172504[&state=12])nd77:2.9344487268754738[&state=9],((((nd101:0.3281577828304924[&state=3],nd102:0.3281577828304924[&state=3])nd93:0.247724180488914[&state=3],nd94:0.5758819633194064[&state=3])nd90:0.927845660509126[&state=3],((nd99:0.3286905095322298[&state=3],(nd103:0.2893649411780542[&state=3],(nd105:0.2553369400354251[&state=3],nd106:0.2553369400354251[&state=3])nd104:0.034028001142629084[&state=3])nd100:0.03932556835417554[&state=3])nd97:0.011196214734077729[&state=3],nd98:0.33988672426630745[&state=3])nd84:1.163840899562225[&state=3])nd82:1.1690734071489373[&state=3],((nd91:0.6799606496079109[&state=2],nd92:0.6799606496079109[&state=2])nd85:0.6930296011736746[&state=2],(nd87:1.3563078770870725[&state=2],nd88:1.3563078770870725[&state=2])nd86:0.016682373694513176[&state=2])nd80:1.299810780195884[&state=2])nd78:0.39926796841525425[&state=31])nd75:0.8183058219095258[&state=9],nd76:3.8903748213022498[&state=1])nd59:10.921893105964344[&state=1],(nd95:0.5288122501816949[&state=4],(nd107:0.20726955144439096[&state=2],nd108:0.20726955144439096[&state=67])nd96:0.32154269873730384[&state=67])nd66:14.283455677084898[&state=67])nd3:0.0[&state=0];
