sample	replicate	trs
1	1	(((nd5:3.5389333861057164,nd6:18.999705089124262)nd1:1.0981705363441057,((nd21:6.545498866956629,((nd31:4.721147195102418,nd32:1.0435436899142805)nd25:3.2656425832107208,nd26:4.179566811581402)nd22:0.9944705337230875)nd3:7.044763718540284,((nd19:12.450134022986425,(((nd43:2.080586003723314,nd44:3.3060429658212884)nd39:1.5400998031079896,(nd51:0.5843700725994628,(((nd67:0.12164663741278914,nd68:0.12164663741278914)nd61:1.1563003560848466,nd62:1.2779469934976357)nd57:0.342078321904125,nd58:1.620025315401761)nd52:1.545034400163257)nd40:2.714781149994829)nd37:0.36277778968819047,((nd65:0.14026447899730823,nd66:0.14026447899730823)nd53:3.0205619037551634,nd54:3.1608263827524716)nd38:3.081792272495565)nd20:6.2075153677383845)nd7:6.113696455002495,(((((nd29:5.1705460780872246,(((nd45:3.4723158001502537,nd46:3.4723158001502537)nd41:1.2120392240627205,nd42:4.684355024212976)nd33:3.009457187866878,nd34:2.6641140146099787)nd30:1.3034552865353315)nd17:3.582458160250144,(((nd63:0.3009809629821993,nd64:1.1767768697813228)nd49:2.0825329315871124,(nd55:1.1940630296034074,nd56:1.8373156637974555)nd50:1.4219941375709797)nd23:8.275655982483295,(nd35:1.0186318369789296,nd36:2.6434534520088553)nd24:4.976527678370971)nd18:1.044759875013599)nd15:1.0044005926957253,nd16:5.788055193056065)nd11:3.668842561382708,(((nd59:0.22268395188965645,nd60:1.2813569863117857)nd27:7.783999365821403,(nd47:2.239371763253529,nd48:3.2785925820158663)nd28:5.786763770117323)nd13:5.610156456611596,nd14:2.0416542846396695)nd12:2.5774560041989747)nd9:1.0520672800023667,nd10:4.478490781426399)nd8:0.2587943850427901)nd4:0.8837051107208873)nd2:0.6503400367585651)root:0.15712437453162942)origin:0.0;
