sample	replicate	trs
1	1	(((((nd11:8.379145337047213[&state=6],(((nd37:0.3946518359833804[&state=6],nd38:0.3946518359833804[&state=6])nd29:1.5636940781986914[&state=6],nd30:1.9583459141820718[&state=6])nd15:4.632671831435379[&state=6],nd16:6.591017745617451[&state=6])nd12:1.7881275914297603[&state=6])nd9:2.3183601595499463[&state=6],((nd39:0.07432776146435477[&state=6],nd40:0.07432776146435477[&state=6])nd23:6.529123671566037[&state=6],nd28:6.603451433030392[&state=6])nd10:4.094054063566765[&state=6])nd7:0.13462667915867899[&state=6],nd8:10.83213217575584[&state=6])nd5:1.5160143741346497[&state=6],(((nd35:1.3600780308202685[&state=6],nd36:1.3600780308202685[&state=6])nd25:3.15446077507374[&state=6],nd26:4.514538805894009[&state=6])nd17:0.9412988898958322[&state=6],(nd31:1.945167488841507[&state=6],nd32:1.945167488841507[&state=6])nd18:3.5106702069483338[&state=6])nd6:6.892308854100644[&state=6])nd3:4.9369305329140865[&state=6],(nd33:1.6952153437101556[&state=6],nd34:1.6952153437101556[&state=6])nd22:15.58986173909442[&state=6])root:0.0[&state=6];
