sample	replicate	trs
1	1	((((((nd70:0.6473129489398316[&state=5],nd71:0.6473129489398316[&state=5])nd38:1.0424346095238153[&state=5],(nd50:1.3609367694815717[&state=5],((nd72:0.6073306542397617[&state=5],nd73:0.6073306542397617[&state=5])nd60:0.2748693856644836[&state=5],(nd64:0.8267286822928669[&state=5],nd65:0.8267286822928669[&state=5])nd61:0.05547135761137839[&state=5])nd51:0.47873672957732627[&state=5])nd39:0.3288107889820752[&state=5])nd36:0.06298372762841875[&state=5],nd37:1.7527312860920656[&state=5])nd30:0.7276779443056759[&state=5],((nd58:0.9356342024163784[&state=5],(nd76:0.4542623892580866[&state=5],nd77:0.4542623892580866[&state=5])nd59:0.48137181315829186[&state=5])nd48:0.5323449447915718[&state=5],nd45:1.4679791472079502[&state=5])nd42:1.0124300831897912[&state=5])nd19:7.4038506611978[&state=5],(nd62:0.8344415659296426[&state=5],(nd78:0.3129822236293[&state=5],nd79:0.3129822236293[&state=5])nd63:0.5214593423003426[&state=5])nd33:9.0498183256659[&state=5])nd10:3.587996067667693[&state=5],((nd74:0.5772442463301183[&state=5],nd75:0.5772442463301183[&state=5])nd46:0.8847830048724488[&state=5],((nd68:0.7922486914562854[&state=5],nd69:0.7922486914562854[&state=5])nd56:0.15807686889561662[&state=5],(nd66:0.8026718300916796[&state=5],nd67:0.8026718300916796[&state=5])nd57:0.14765373026022235[&state=5])nd55:0.511701690850665[&state=5])nd41:12.01022870806067[&state=5])root:0.0[&state=5];
