sample	replicate	trs
1	1	(((nd27:4.673004886887076,(nd41:0.4172931464076422,nd42:0.4172931464076422)nd28:4.255711740479434)nd15:4.98500315139105,(((nd29:3.7572817706192496,(nd33:2.8960847166972967,nd34:2.8960847166972967)nd30:0.8611970539219523)nd21:2.2268441210567924,nd20:5.984125891676042)nd12:3.0646213676976632,((nd31:3.161091481932239,nd32:3.161091481932239)nd25:1.7472937416743517,((nd45:0.014718618331955046,nd46:0.014718618331955046)nd37:1.145744441497184,(nd39:0.4188821521870006,nd40:0.4188821521870006)nd38:0.7415809076421384)nd36:3.7479221637774502)nd13:4.140362035767115)nd8:0.6092607789044214)nd5:3.029462320746386,((nd43:0.30425592785544614,nd44:0.30425592785544614)nd17:5.896156767323138,nd18:6.200412695178584)nd4:6.4870576638459285)nd2:0.0;
