sample	replicate	trs
1	1	((((nd9:2.733301256804687,((nd21:1.2951885377693968,(nd29:0.47648456274062645,nd30:0.47648456274062645)nd22:0.8187039750287701)nd13:0.46154673093747206,((nd31:0.4512334094131379,nd32:0.4512334094131379)nd27:0.3715313102495175,nd28:0.8227647196626554)nd14:0.9339705490442131)nd10:0.9765659880978181)nd7:0.23026642693493926,nd8:2.963567683739626)nd5:0.2011134475730245,nd6:3.1646811313126504)nd1:1.1795297329844705,((((nd17:1.511728233261698,nd18:1.511728233261698)nd15:0.05421995491066363,(nd35:0.027957969175962605,nd36:0.027957969175962605)nd16:1.537990218996399)nd11:0.7485532852871024,(nd19:1.3086247913124016,(nd33:0.35636627373144913,nd34:0.35636627373144913)nd20:0.9522585175809524)nd12:1.0058766821470626)nd3:1.0490197171927942,((nd25:0.9037597131313552,nd26:0.9037597131313552)nd23:0.2217541239673217,nd24:1.125513837098677)nd4:2.238007353553581)nd2:0.9806896736448629)root:0.0;
