sample	replicate	trs
1	1	(((nd19:1.7254836836463756[&state=12],(((nd61:0.15739157549576324[&state=2],nd62:0.15739157549576324[&state=2]):0.39566006625594063[&state=2],nd50:0.5530516417517038[&state=9]):0.706401733360739[&state=2],((nd63:0.15349180493615933[&state=2],nd64:0.15349180493615933[&state=28]):0.9598537506955334[&state=28],(nd53:0.4811896193665347[&state=104],nd54:0.4811896193665347[&state=22]):0.6321559362651581[&state=79]):0.14610781948075002[&state=78]):0.4660303085339328[&state=78]):5.012433820148574[&state=78],((((nd23:1.529701350287368[&state=31],(nd33:1.0995577149252576[&state=6],((nd57:0.4302393601993129[&state=79],nd58:0.4302393601993129[&state=30]):0.551385794305203[&state=81],nd40:0.9816251545045156[&state=78]):0.11793256042074232[&state=22]):0.43014363536211014[&state=22]):2.8663844663151314[&state=49],nd8:0.4758089475013854[&state=6]):0.5628010424630396[&state=6],(((nd27:0.30905097691182554[&state=1],(nd47:0.6515926523525097[&state=1],(nd55:0.44280271928055814[&state=6],nd56:0.44280271928055814[&state=50]):0.20878993307195176[&state=50]):0.8023932389554103[&state=78]):0.2450505188495289[&state=28],((((nd67:0.09614193164249385[&state=7],nd68:0.09614193164249385[&state=1]):0.27445705472269[&state=7],nd60:0.37059898636518385[&state=0]):0.3092632085509145[&state=0],nd46:0.6798621949160981[&state=3]):0.36707019871469965[&state=10],nd38:1.0469323936307977[&state=2]):0.6521040165266513[&state=2]):2.33679620548891[&state=28],((nd15:2.810621216030599[&state=31],nd16:2.810621216030599[&state=12]):1.1926684298061665[&state=7],(((nd51:0.4943170050767911[&state=3],nd52:0.4943170050767911[&state=29]):0.5815082769718207[&state=63],nd36:0.024677340307579846[&state=2]):2.709815439339301[&state=9],nd14:3.785640721387912[&state=31]):0.21764892444885267[&state=1]):0.032542969809593404[&state=23]):0.9230542434191805[&state=23]):0.701933178127058[&state=6],((nd65:0.11517010707445534[&state=7],nd66:0.11517010707445534[&state=6]):2.644041687201369[&state=48],(nd25:0.17316535138888578[&state=6],((nd43:0.6885624177511727[&state=49],nd44:0.2933083250523798[&state=2]):0.15431068338719683[&state=2],nd42:0.8428731011383694[&state=9]):0.6439417949589481[&state=9]):1.2723968981785063[&state=23]):2.901608242916773[&state=22]):1.07709746660235[&state=22]):0.2998324962050463[&state=6]):0.0[&state=23];
