sample	replicate	trs
1	1	((((nd16:1.9332445180933704[&state=0],nd17:1.9332445180933704[&state=0])nd12:0.09949634813624428[&state=0],(nd20:1.0521652002207504[&state=0],nd21:1.0521652002207504[&state=0])nd13:0.9805756660088644[&state=0])nd11:2.0864417850515347[&state=0],(nd22:0.9603790543394484[&state=0],nd23:0.9603790543394484[&state=0])nd7:3.1588035969417017[&state=0])nd2:1.6549905103497633[&state=0],((((nd26:0.6990654185794336[&state=0],(nd30:0.22675822677545202[&state=0],nd31:0.22675822677545202[&state=0])nd27:0.4723071918039817[&state=0])nd14:1.284480650033483[&state=0],((nd32:0.07720344359635939[&state=0],nd33:0.07720344359635939[&state=0])nd28:0.20284359678822864[&state=0],nd29:0.28004704038458805[&state=0])nd15:1.7034990282283289[&state=0])nd8:1.3947542380386526[&state=0],nd9:3.378300306651569[&state=0])nd4:1.7040486687923857[&state=0],(nd24:0.9170234894187079[&state=0],nd25:0.9170234894187079[&state=0])nd18:4.165325486025248[&state=0])nd3:0.6918241861869574[&state=0])root:0.0[&state=0];
