sample	replicate	trs
1	1	(((nd5:19.333006692739474,((((nd81:1.5988422068648487,nd82:1.5988422068648487)nd71:0.5902290946191119,(nd89:0.5244919337611196,nd90:0.5244919337611196)nd72:1.6645793677228407)nd49:2.4618844583805584,(nd65:2.8976476266062665,((nd85:0.6840212851319014,nd86:0.6840212851319014)nd79:0.9152578280141627,nd80:1.5992791131460642)nd66:1.2983685134602025)nd50:1.7533081332582523)nd27:7.975452082976629,((nd47:4.8083681053212475,(nd63:3.085794674808323,nd64:3.085794674808323)nd48:1.7225734305129234)nd29:6.0659212915279825,((((nd87:0.6318225082441612,nd88:0.6318225082441612)nd73:1.518282260628376,(nd75:2.0203537733761303,nd76:2.0203537733761303)nd74:0.12975099549640662)nd51:2.4208123478820265,nd52:4.570917116754563)nd43:1.4595796905696683,(nd83:0.7202810605852271,nd84:0.7202810605852271)nd44:5.310215746739005)nd30:4.8437925895249965)nd20:1.752118445991918)nd9:6.7065988498983415)nd3:1.9215721205165668,(((nd61:3.545931130546617,nd62:3.545931130546617)nd41:4.535269717245559,(nd57:3.9883622337363147,(nd69:2.3631504753216155,nd70:2.3631504753216155)nd58:1.6252117584146994)nd55:4.092838614055862)nd39:0.11513090247460386,nd40:8.196331750266781)nd17:13.058247062989274)nd1:2.6145038476586966,((((nd77:1.7233332323929922,(nd91:0.19508272712659036,nd92:0.19508272712659036)nd78:1.528250505266402)nd37:6.488117942658085,nd38:8.211451175051078)nd35:7.189277692659472,(nd25:11.676419517443348,(((nd59:3.8263813947333163,nd60:3.8263813947333163)nd33:6.2861980080475215,(nd67:2.46864824895358,nd68:2.46864824895358)nd34:7.643931153827258)nd31:0.2953753701564815,(nd53:4.45571805144,nd54:4.45571805144)nd32:5.9522367214973215)nd26:1.2684647445060246)nd16:3.7243093502672058)nd7:2.2458454999480284,(nd45:4.86255667383374,nd46:4.86255667383374)nd24:12.78401769382484)nd2:6.2225082932561735)root:0.0;
