sample	replicate	trs
1	1	(((((nd15:0.004835446057942355,((((nd43:0.3962378073302677,nd44:1.4928797306544153)nd41:0.3097739665136014,nd42:0.8379406831260271)nd27:1.245868211269223,nd28:0.6660969497606066)nd17:1.039381156047791,nd18:0.15054020743262023)nd16:0.4335602175862859)nd7:0.5531407158346469,((nd11:2.6744441395312055,nd12:2.091225053555041)nd9:0.1627673135335888,nd10:0.7480174364625556)nd8:0.036961267592279266)nd3:1.0000557602323918,nd4:0.05774934098654164)nd1:0.4906483498926314,((nd19:2.471284196350777,nd20:1.1570266892961452)nd5:1.3233907702292087,(((((nd55:2.0193427890986957,(nd81:1.1253538996004817,nd82:1.1253538996004817)nd56:1.6544505907938232)nd35:1.1619514790572372,nd36:3.941755969451543)nd31:0.572018692795126,(nd39:0.5313866053347676,((nd51:0.7657719062334595,((((nd71:1.7591798969468881,((nd97:0.0198816047412646,nd98:0.4077842244480434)nd85:0.3757488787313915,(nd93:0.1753223911172235,nd94:0.525130381169738)nd86:0.25840272200969694)nd72:0.9756467937674534)nd69:0.021167739249989336,(nd95:0.4205205594788374,nd96:0.3881718684061239)nd70:1.3598270767180398)nd67:0.1935540295007222,((nd77:1.5658086674855667,nd78:1.5658086674855667)nd73:0.1144701643379978,((nd83:0.8253502247874208,nd84:0.8253502247874208)nd79:0.5704759516241905,nd80:1.3958261764116113)nd74:0.2844526554119533)nd68:0.2936228338740351)nd63:0.20940440086075265,nd64:0.10117115402406635)nd52:0.7095268510035216)nd45:0.2560493440461061,(nd47:0.9971024927781056,(((nd61:2.2686850852735674,((nd75:1.5768530382295933,nd76:0.5485967595198885)nd65:0.4293020645985218,((nd91:0.055875913749740505,nd92:0.5647977577314965)nd87:0.1514453931686379,nd88:0.7162431509001345)nd66:1.2899119519279807)nd62:0.26252998244545295)nd59:0.1922774353472835,nd60:0.9095449749889856)nd49:0.4703178356918455,nd50:0.6463896776567369)nd48:0.09409279291539685)nd46:0.12350911237988631)nd40:0.3342994852940471)nd32:1.0305929153446414)nd23:0.5267505162436941,nd24:0.19941696300836934)nd13:1.4438867120524679,(nd21:0.6932564578310081,((nd29:0.4766994369913159,(nd33:0.6911984794951817,((nd53:0.5270478595061526,(nd57:0.005216145077085919,(nd89:0.6222817328417674,nd90:0.6222817328417674)nd58:1.9935638975477388)nd54:0.20229860488761692)nd37:0.812094037064907,nd38:0.552242524954881)nd34:0.8451283765544872)nd30:0.19254574416843478)nd25:0.199471497910161,nd26:0.19409325457681603)nd22:0.2871655773676971)nd14:1.3298624222000197)nd6:0.38473278770085834)nd2:1.359624016447257)root:0.0691713053090555)origin:0.0;
