sample	replicate	trs
1	1	((nd37:0.681791561397009[&state=12],nd38:0.681791561397009[&state=9])nd3:6.734971750434862[&state=78],(((nd33:0.8947516048986168[&state=0],nd42:0.8947516048986172[&state=52])nd15:2.3237116348048925[&state=7],(nd44:2.123858679644731[&state=78],(nd25:1.7941629953131093[&state=23],nd26:1.7941629953131093[&state=0])nd24:0.3296956843316214[&state=9])nd16:1.0946045600587775[&state=7])nd5:4.103264179811492[&state=8],(((nd13:4.270560637988982[&state=2],((nd19:2.272129194165525[&state=104],nd20:2.272129194165525[&state=31])nd17:0.114171232138321[&state=0],((nd35:0.8803326924093227[&state=63],nd36:0.8803326924093227[&state=7])nd27:1.3635743372533193[&state=7],(nd29:1.3708379458553182[&state=10],((nd49:0.011917725257791289[&state=3],nd50:0.011917725257791289[&state=1])nd39:0.6173092608655564[&state=11],nd40:0.6292269861233477[&state=53])nd30:0.7416109597319708[&state=48])nd22:0.8730690838073246[&state=79])nd18:0.14239339664120232[&state=7])nd14:1.8842602116851366[&state=7])nd9:1.0442058263202856[&state=23],((nd47:0.017372261028812883[&state=0],nd48:0.017372261028812883[&state=49])nd31:1.279152599910818[&state=22],(nd45:0.12823922548515368[&state=48],nd46:0.12823922548515368[&state=8])nd32:1.168285635454477[&state=78])nd12:4.018241603369637[&state=8])nd7:1.4693371799198764[&state=7],nd8:6.7841036442291385[&state=78])nd6:0.5376237752858561[&state=1])nd4:0.09503589231687427[&state=1])nd2:0.0[&state=7];
