sample	replicate	trs
1	1	(((((nd35:1.1025801346823134[&state=0],nd36:1.1025801346823134[&state=0])nd7:5.978277640779986[&state=0],(((nd19:5.461411036338979[&state=10],nd20:5.461411036338979[&state=0])nd17:0.11108552558547904[&state=0],(nd37:0.52460066848545[&state=0],nd38:0.52460066848545[&state=8])nd18:5.0478958934390095[&state=0])nd11:1.284879979579092[&state=0],(nd25:5.780520964092166[&state=0],(nd29:3.8798567448806267[&state=0],nd30:3.8798567448806267[&state=0])nd23:1.900664219211539[&state=0])nd10:1.0768555774113853[&state=0])nd8:0.2234812339587489[&state=0])nd5:0.04677578352922677[&state=0],(((nd41:0.38030616939465806[&state=0],nd42:0.38030616939465806[&state=0])nd39:0.030263296733189917[&state=0],nd40:0.41056946612784795[&state=0])nd27:3.927453451456128[&state=0],nd28:4.338022917583976[&state=0])nd6:2.7896106414075517[&state=0])nd3:0.21342801220211688[&state=0],(nd43:0.03356658628836263[&state=7],nd44:0.03356658628836263[&state=0])nd4:7.30749498490528[&state=7])nd1:7.294416718535687[&state=0],(nd21:6.092856151694805[&state=0],nd33:6.092856151694806[&state=0])nd2:8.542622138034524[&state=0])root:0.0[&state=0];
