sample	replicate	trs
1	1	((((nd35:0.7914495711376757[&state=8],(nd39:0.46221352092181944[&state=104],(nd45:0.011436987762372858[&state=2],nd46:0.011436987762372858[&state=104])nd40:0.45077653315944666[&state=104])nd36:0.32923605021585567[&state=63])nd31:0.3590338278290708[&state=104],nd28:1.1504833989667458[&state=104])nd11:7.733622672724646[&state=104],((((nd41:0.4372547449507678[&state=81],nd42:0.4372547449507678[&state=30])nd21:2.6323028589247874[&state=104],(nd33:0.9416516755526454[&state=63],nd34:0.9416516755526454[&state=104])nd22:2.1279059283229103[&state=63])nd17:2.5750647675538563[&state=28],((nd43:0.23221487523604284[&state=7],nd44:0.23221487523604284[&state=79])nd29:0.8366016473523573[&state=23],nd30:1.0688165225884005[&state=81])nd23:4.575805848841011[&state=28])nd13:1.373701447801941[&state=7],nd16:7.018323819231356[&state=120])nd8:1.8657822524600363[&state=48])nd5:1.0709120540426125[&state=6],((nd37:0.4829305156662353[&state=49],nd38:0.4829305156662353[&state=0])nd25:1.3701229550047478[&state=28],nd26:1.8530534706709831[&state=63])nd19:8.101964655063018[&state=6])nd2:0.0[&state=6];
