sample	replicate	trs
1	1	((nd1:0.6098090680511744,(nd3:0.06951965624177132,(nd5:1.4235148077280244,((((nd55:0.14081777482800506,nd56:0.14081777482800506)nd15:2.6496984925663627,(((nd39:0.7776928835162501,nd40:0.7776928835162501)nd25:0.4803764351786969,(nd43:0.530663983624009,nd44:0.530663983624009)nd26:0.7274053350709381)nd19:0.8024400217194896,(((nd57:0.09079961577575746,nd58:0.09079961577575746)nd33:0.8732271495976747,((nd49:0.21664247103633022,nd50:0.21664247103633022)nd35:0.6927797782750565,((nd45:0.33041012787447677,nd46:0.33041012787447677)nd37:0.5573591168213322,(nd47:0.2957717114504556,nd48:0.2957717114504556)nd38:0.5919975332453534)nd36:0.02165300461557802)nd34:0.0546045160620456)nd23:0.6051329829862475,(nd29:0.9989590251755537,nd30:0.9989590251755537)nd24:0.5702007231841262)nd20:0.49134959205475714)nd16:0.7300069269799304)nd9:1.3266736984488234,(nd11:0.24089534758032383,((((nd59:0.01769170413946241,nd60:0.01769170413946241)nd41:0.6826285362763554,nd42:0.700320240415818)nd27:0.32582590117592347,(nd53:0.17384498871331577,nd54:0.17384498871331577)nd28:0.8523011528784252)nd13:2.3304996103889333,(((nd51:0.2076400670227584,nd52:0.2076400670227584)nd21:1.6046759749335884,(nd31:0.9743056707366856,nd32:0.9743056707366856)nd22:0.8380103712196645)nd17:0.5890185278329242,nd18:2.4013345697892743)nd14:0.9553111821914017)nd12:0.014518262102835605)nd10:0.74602595175968)nd7:3.5565736069836067,nd8:0.9026447155435027)nd6:2.3829979862263775)nd4:1.9692403825226827)nd2:0.7540070965638253)root:0.2766909618603304)origin:0.0;
