sample	replicate	trs
1	1	(((nd3:13.732797128855523,((nd53:0.3044619320945766,nd54:0.3044619320945766)nd11:12.07227020124823,(nd21:2.7823750204062017,((nd31:4.394348111803139,(nd43:3.3537459126002362,nd44:3.297909108606591)nd32:3.676125325961685)nd27:0.23455475621937194,(((nd51:0.5193668674254197,nd52:0.5193668674254197)nd49:2.3063026335745356,nd50:2.8256695009999553)nd29:4.365312365326127,(nd33:6.0939518599520275,(nd55:0.18842810086544287,nd56:0.18842810086544287)nd34:5.905523759086584)nd30:1.0970300063740557)nd28:0.0734441284552111)nd22:1.8958990052426508)nd12:3.216407133318862)nd4:6.277435989370039)nd1:1.6241688032327737,(((((((nd57:0.10856141317481163,nd58:0.10856141317481163)nd39:4.646081162277684,(nd47:3.2571782647946934,nd48:2.806006335242867)nd40:1.4974643106578025)nd19:4.944579212836444,((nd41:4.6268823813848,nd42:4.6268823813848)nd37:0.13811050709772232,nd38:4.7649928884825234)nd20:4.934228899806417)nd15:0.8709639989657605,nd16:3.6092636654905297)nd9:2.7735038307303483,(((nd45:3.2972663838730583,nd46:3.2972663838730583)nd25:4.113812565075846,(nd35:3.62087779886586,nd36:0.5724068316850137)nd26:2.0636782847623927)nd17:2.9042344628123287,nd18:4.396265735645717)nd10:3.0283762062238155)nd7:3.3457177838571313,nd8:7.569097484732803)nd5:0.5556686662136693,((nd23:1.629352989578789,nd24:4.078303759035922)nd13:1.5116702597537628,nd14:1.7375321037123468)nd6:6.575757334401819)nd2:3.0332608578897693)root:0.5268630740543799)origin:0.0;
