sample	replicate	trs
1	1	(((nd25:0.9777833109572065,((nd29:0.6215421684782799,nd30:0.6215421684782799)nd27:0.17934116769836456,nd28:0.8008833361766444)nd26:0.17689997478056207)nd7:4.336827497237759,(nd13:4.565160193683587,nd14:4.565160193683587)nd8:0.7494506145113781)nd3:3.0598283345512898,(((nd21:1.543236724594196,(nd35:0.2466992232048396,nd36:0.2466992232048396)nd22:1.2965375013893563)nd16:3.623752251766015,(nd19:1.5652574809369084,((nd37:0.20209100765765825,nd38:0.20209100765765825)nd33:0.33317460997131926,nd34:0.5352656176289774)nd23:1.029991863307931)nd17:3.6017314954233024)nd5:0.6672345894759016,((nd31:0.5602800612171102,nd32:0.5602800612171102)nd11:4.280631174218669,nd12:4.8409112354357795)nd6:0.9933123304003324)nd2:2.540215576910143)root:0.0;
