sample	replicate	trs
1	1	((((nd33:1.2914440987847415[&state=120],((nd65:0.03381829774149818[&state=108],nd66:0.03381829774149818[&state=6])nd59:0.17034134240531815[&state=120],nd60:0.20415964014681634[&state=120])nd34:1.0872844586379249[&state=98])nd25:0.9368214685478226[&state=12],((nd57:0.2298046080321177[&state=98],nd58:0.2298046080321177[&state=120])nd43:0.5124856790733021[&state=120],((nd61:0.0674001004413801[&state=108],nd62:0.0674001004413801[&state=23])nd51:0.38924649875386247[&state=108],nd52:0.45664659919524264[&state=87])nd44:0.28564368791017675[&state=86])nd26:1.4859752802271435[&state=108])nd23:1.4755372392504578[&state=28],((nd45:0.7250091155386156[&state=108],(nd47:0.6234726618749898[&state=120],(nd55:0.3812793463120886[&state=108],nd56:0.3812793463120886[&state=120])nd48:0.24219331556290127[&state=120])nd46:0.10153645366362564[&state=120])nd27:1.3625198273394914[&state=108],(nd37:1.2073005698334538[&state=108],(((nd63:0.04481555044395232[&state=22],nd64:0.04481555044395232[&state=120])nd49:0.5242760477757582[&state=105],nd50:0.5690915982197106[&state=104])nd39:0.40418157679034156[&state=107],nd40:0.9732731750100518[&state=120])nd38:0.23402739482340135[&state=24])nd32:0.8802283730446538[&state=63])nd24:1.6162738637049143[&state=9])nd13:7.032287579040895[&state=28],(((nd41:0.7482728741374951[&state=108],nd42:0.7482728741374951[&state=120])nd21:3.912265529715334[&state=105],nd29:4.660538403852829[&state=37])nd19:5.12492361660996[&state=7],(nd54:1.256517106260647[&state=120],nd36:1.2565171062606473[&state=67])nd16:8.52894491420214[&state=31])nd4:0.9506283651611269[&state=0])nd1:0.0[&state=0];
