sample	replicate	trs
1	1	((nd2:6.860857233374751[&state=0],(((nd28:2.6111009927314823[&state=0],nd29:2.6111009927314823[&state=0]):7.951333772334534[&state=0],nd15:10.562434765066014[&state=0]):7.718726114472593[&state=0],(((((nd42:1.1803577197179178[&state=0],nd43:1.1803577197179178[&state=0]):8.189588862719761[&state=0],(((nd32:2.372860555025091[&state=0],nd33:2.372860555025091[&state=0]):0.002033938792161816[&state=0],nd31:2.374894493817253[&state=0]):1.8085503733075476[&state=0],(nd38:1.89833388002831[&state=0],nd39:1.89833388002831[&state=0]):2.2851109870964903[&state=0]):5.18650171531288[&state=0]):1.3296457547395293[&state=0],nd13:2.5865164549130295[&state=0]):3.152337006603463[&state=0],(nd10:3.4171360138392664[&state=0],((nd20:0.04672913893124847[&state=0],(nd22:8.078660236689094[&state=0],(((nd36:2.038988349123281[&state=0],(nd40:1.2582969436462466[&state=0],nd41:0.5342763627077102[&state=0]):0.7806914054770344[&state=0]):0.22828900870153135[&state=0],nd35:2.2672773578248124[&state=0]):0.9308172363566268[&state=0],nd27:3.1980945941814394[&state=0]):4.880565642507655[&state=0]):0.8812643068446551[&state=0]):0.29933330902133853[&state=0],nd19:9.259257852555086[&state=0]):4.325968689078241[&state=0]):0.2667028021473428[&state=0]):0.6891644442751008[&state=0],nd7:9.290711382583412[&state=0]):3.7400670914828367[&state=16]):1.8752143129515881[&state=16]):0.1022248075098033[&state=16]):0.0[&state=16];
