sample	replicate	trs
1	1	((((nd5:14.666519309742352[&state=0],(((nd21:6.914683292215837[&state=0],(nd29:1.749362630466959[&state=0],nd30:1.749362630466959[&state=0]):5.165320661748878[&state=0]):5.99403615626074[&state=0],(nd11:3.6281814476629166[&state=0],(nd15:10.628333712975065[&state=0],(nd31:1.6127790497363168[&state=7],nd32:1.6127790497363168[&state=0]):9.015554663238749[&state=7]):0.9112028999722908[&state=0]):1.36918283552922[&state=0]):1.4943251354937193[&state=0],(nd19:7.357356984396259[&state=7],((nd37:0.04212830841733259[&state=0],nd38:0.04212830841733259[&state=7]):0.8538813832341101[&state=7],nd36:0.8960096916514427[&state=0]):6.461347292744817[&state=0]):7.045687599574037[&state=0]):0.26347472577205683[&state=0]):0.37202679079854467[&state=0],(nd17:9.085087768396562[&state=8],(nd27:2.0334881386977823[&state=1],nd28:1.0146053171084475[&state=1]):7.051599629698781[&state=1]):5.9534583321443355[&state=7]):3.6507562839896255[&state=0],(nd13:3.241993075223788[&state=6],((nd33:1.3889553985091245[&state=6],nd34:1.3889553985091245[&state=6]):2.218285466697665[&state=6],(nd25:2.1289810742921595[&state=6],nd26:2.1289810742921595[&state=6]):1.47825979091463[&state=6]):7.34636257005735[&state=6]):7.735698949266383[&state=6]):0.016797615469475266[&state=22]):0.0[&state=22];
