sample	replicate	trs
1	1	(((((nd18:1.5722563165383203,(nd20:1.3186016890249845,(nd24:1.2427996866173332,nd25:1.2427996866173332)nd21:0.07580200240765116)nd19:0.25365462751333584)nd12:0.1409220340510154,(nd16:1.6031552947041674,nd17:1.6031552947041674)nd13:0.11002305588516832)nd8:2.464111054985213,nd9:4.177289405574549)nd4:5.797844011327182,(((nd14:1.6055851359394995,nd15:1.6055851359394995)nd10:0.2684593521945189,(((nd30:0.6402191939077548,nd31:0.6402191939077548)nd28:0.20830330476844483,(nd32:0.5719930010870982,nd33:0.5719930010870982)nd29:0.27652949758910145)nd22:0.4013741976301531,nd23:1.2498966963063527)nd11:0.6241477918276656)nd6:5.500410339139049,nd7:7.374454827273066)nd5:2.600678589628664)nd2:1.6750359291908186,(nd26:0.9938800516554775,nd27:0.9938800516554775)nd3:10.656289294437071)root:0.0;
