sample	replicate	trs
1	1	((((nd95:7.571212533793023,(nd50:7.418789710781785,nd86:7.418789710781787)nd47:0.15242282301123522)nd18:7.685916144408845,(nd14:13.339587067666857,((((nd92:2.424125188248126,nd93:2.424125188248126)nd58:3.9038774276859125,nd59:6.328002615934037)nd26:3.792821755247766,(nd80:3.7304833228647967,nd81:3.7304833228647967)nd27:6.390341048317006)nd20:0.2950807680924721,(nd65:10.257503815305235,(nd32:8.78393997078223,((nd56:6.549543092056464,((nd74:4.491403836169128,nd75:4.491403836169128)nd68:0.5362907145700134,nd69:5.027694550739141)nd57:1.521848541317324)nd54:2.1043366299373,nd37:8.653879721993762)nd33:0.13006024878846767)nd25:1.4735638445230017)nd21:0.15840132396904066)nd15:2.923681928392576)nd13:1.917541610535015)nd8:1.721848507166523,((nd72:4.882728819710446,(nd88:2.571035143983868,nd89:2.571035143983868)nd71:2.3116936757265787)nd31:7.595168403734045,nd62:12.47789722344449)nd9:4.501079961923899)nd4:4.119873161591643,((((nd60:6.294748357309005,nd66:6.294748357309006)nd34:2.440515136866527,(nd76:4.460183103678943,nd77:4.460183103678943)nd43:4.27508039049659)nd22:1.5550368218031836,nd44:10.290300315978715)nd10:7.097595436066099,((nd82:3.5252053445915363,nd83:3.5252053445915363)nd79:3.9113076974421586,(nd84:2.7874721425645186,(nd96:0.9962278331525175,nd97:0.9962278331525175)nd85:1.7912443094120016)nd49:4.649040899469175)nd7:9.951382710011124)nd3:3.710954594915218)root:0.0;
