sample	replicate	trs
1	1	((nd9:2.09809322001378[&state=28],((nd35:0.15398615714585695[&state=63],nd36:0.15398615714585695[&state=1])nd11:1.872446237241963[&state=63],nd12:2.02643239438782[&state=63])nd10:0.07166082562596016[&state=7])nd3:3.219195890160499[&state=7],(nd5:5.07700176827837[&state=6],((nd39:0.12886169080479715[&state=9],nd40:0.12886169080479715[&state=63])nd7:2.0932905498253747[&state=63],(((((nd31:0.3381384721505417[&state=0],nd32:0.3381384721505417[&state=0])nd29:0.02166990650094009[&state=0],nd30:0.35980837865148174[&state=10])nd27:0.11299521107958084[&state=10],nd28:0.47280358973106257[&state=3])nd19:0.8225334765962746[&state=10],nd20:1.2953370663273376[&state=6])nd13:0.692483047642061[&state=22],(((nd33:0.32198205413003256[&state=11],nd34:0.32198205413003256[&state=63])nd17:1.3759752728219754[&state=63],(nd21:1.1593711405812153[&state=7],((nd41:0.0990507324977489[&state=31],nd42:0.0990507324977489[&state=1])nd23:0.8052282680374386[&state=63],nd24:0.9042790005351874[&state=9])nd22:0.25509214004602737[&state=0])nd18:0.5385861863707933[&state=7])nd15:0.06213313017862905[&state=7],(nd25:0.5121955969233598[&state=28],((nd43:0.013379255426666917[&state=12],(nd45:0.012777077501017708[&state=0],nd46:0.012777077501017708[&state=7])nd44:0.0006021779256492085[&state=7])nd37:0.13554743132008998[&state=63],nd38:0.14892668674675688[&state=0])nd26:0.3632689101766029[&state=7])nd16:1.2478948602072772[&state=63])nd14:0.22772965683876137[&state=7])nd8:0.23433212666077324[&state=7])nd6:2.854849527648197[&state=7])nd4:0.24028734189591108[&state=23])nd1:0.0[&state=48];
