sample	replicate	trs
1	1	(((((nd33:0.23767400545117803[&state=6],(nd55:0.9424822970324094[&state=6],(nd63:0.5068872073447688[&state=6],(nd65:0.0016382802147452552[&state=4],nd66:0.005035830707008502[&state=4]):0.0046081979886443475[&state=4]):0.4355950896876406[&state=26]):2.290238686146409[&state=6]):2.164329745535977[&state=6],((nd29:0.08972206135077325[&state=6],((nd49:1.1005614045771392[&state=6],(nd61:0.531703799782175[&state=6],nd62:0.531703799782175[&state=6]):0.5688576047949644[&state=6]):0.8975830358873091[&state=6],((((nd71:0.02465849474108713[&state=6],nd72:0.02465849474108713[&state=6]):0.013055012860693287[&state=6],nd70:0.03771350760178042[&state=6]):0.7447974390404845[&state=6],nd58:0.7825109466422648[&state=2]):0.40137271382610323[&state=6],nd48:1.1838836604683678[&state=6]):0.8142607799960805[&state=6]):1.5374527453143612[&state=6]):1.8576599789452697[&state=6],(((nd27:0.1276152826641724[&state=6],(((nd45:1.2378820914489697[&state=6],(nd67:0.17103600153121087[&state=6],nd68:0.1772501938389277[&state=6]):1.0606318976100422[&state=6]):0.14059917444748365[&state=6],(nd53:1.076125527771643[&state=6],nd54:0.03316884172940715[&state=6]):0.3023557381248102[&state=6]):0.181625451185217[&state=6],(nd59:0.5540153811054231[&state=24],nd60:0.5540153811054231[&state=2]):1.0060913359762471[&state=24]):2.9289995403473377[&state=6]):0.21426843611051935[&state=6],nd26:0.43151302003020964[&state=6]):0.2987971069544265[&state=6],nd24:0.21638319382324728[&state=6]):0.3910853642301255[&state=6]):0.0037935639907154765[&state=6]):1.0148161027410145[&state=6],nd10:0.6420942163632387[&state=6]):2.385307355326863[&state=6],((nd5:0.5690336138360875[&state=0],(nd7:0.4435910616818779[&state=0],(nd11:4.999443103028419[&state=6],(((nd21:0.1455257453231468[&state=0],((nd43:1.2775534407049434[&state=0],(nd51:1.0891358688251986[&state=0],nd52:0.6328323232225306[&state=0]):0.1884175718797446[&state=0]):2.073435286332037[&state=0],(nd37:1.7197793055889832[&state=0],nd38:1.7197793055889832[&state=0]):1.6312094214479969[&state=0]):1.8661609924772755[&state=0]):0.9052770428409059[&state=0],nd16:1.0845846011917222[&state=0]):0.023900992714869767[&state=0],nd14:2.69091498758372[&state=6]):0.20922751751689617[&state=22]):0.40634288728638046[&state=22]):1.0438823521905447[&state=22]):0.5135165190383498[&state=0],nd4:1.5307908755948785[&state=0]):0.47787715568047034[&state=0]):0.9632658132173294[&state=22]):0.0[&state=22];
