sample	replicate	trs
1	1	(nd2:3.8429635734946808[&state=0],((nd12:1.2532027325634418[&state=11],nd13:1.2532027325634418[&state=11])nd4:0.07275811034608666[&state=19],(nd6:1.2997216933445352[&state=3],(((nd20:0.7900842590447827[&state=3],nd21:0.7900842590447827[&state=3])nd14:0.45226521334612174[&state=3],(nd18:1.2026568191475302[&state=19],nd19:1.2026568191475302[&state=3])nd15:0.03969265324337465[&state=3])nd8:0.02175615548393225[&state=3],(nd10:1.2623951651046408[&state=3],(((((nd30:0.12363146145553919[&state=4],nd31:0.12363146145553919[&state=15])nd28:0.0226105071111524[&state=15],(nd34:0.027129623584155563[&state=4],nd35:0.027129623584155563[&state=4])nd29:0.11911234498253602[&state=4])nd24:0.07600959988338699[&state=15],nd25:0.22225156845007854[&state=4])nd22:0.09800198135786792[&state=15],((nd32:0.07912508914995142[&state=4],nd33:0.07912508914995142[&state=4])nd26:0.10621297815383085[&state=4],nd27:0.18533806730378227[&state=4])nd23:0.1349154825041642[&state=4])nd16:0.9190319107988695[&state=15],nd17:1.2392854606068162[&state=3])nd11:0.023109704497824714[&state=3])nd9:0.001710462770196022[&state=3])nd7:0.03561606546969853[&state=3])nd5:0.026239149564993167[&state=3])nd3:2.5170027305851512[&state=19])root:0.0[&state=16];
