sample	replicate	trs
1	1	(((nd17:1.0197168777947954[&state=6],(nd25:0.5315703537657578[&state=6],nd26:0.5315703537657578[&state=6]):0.4881465240290378[&state=6]):1.601219086238237[&state=6],((((nd19:0.953303474113172[&state=6],nd20:0.953303474113172[&state=6]):0.6181826679122657[&state=6],(nd15:1.3372415605302024[&state=6],nd16:1.0313168874726923[&state=6]):0.2342445814952353[&state=6]):0.5309853024918673[&state=6],(((nd31:0.039861934253706766[&state=6],nd32:0.039861934253706766[&state=6]):0.8890899018195083[&state=6],(nd29:0.2441165204591669[&state=6],nd30:0.2441165204591669[&state=6]):0.6848353156140482[&state=6]):1.1020292615001464[&state=6],nd10:2.0309810975733615[&state=6]):0.07149034694394354[&state=6]):0.3889759900583345[&state=6],((((nd27:0.2930473611139897[&state=6],nd28:0.2930473611139897[&state=6]):0.42556836904079454[&state=6],nd24:0.7186157301547843[&state=6]):0.6934407078095801[&state=6],nd14:1.4120564379643643[&state=6]):0.7814424552763551[&state=6],nd6:2.1934988932407196[&state=6]):0.29794854133492005[&state=6]):0.12948852945739336[&state=6]):0.18680403596696687[&state=6]):0.0[&state=25];
