sample	replicate	trs
1	1	((((nd29:2.2109794328346917,nd30:2.2109794328346917)nd18:7.598744048231852,((nd45:0.021869405040150093,nd46:0.021869405040150093)nd43:0.2531683807966381,nd44:0.2750377858367882)nd21:9.534685695229756)nd3:0.2859394984989654,(nd15:7.055217648189643,(nd47:0.00409713413157653,nd48:0.00409713413157653)nd23:7.051120514058066)nd4:3.0404453313758677)nd1:3.5942072731164294,((nd27:2.8024452430968125,((nd35:1.0645880151684206,(nd39:0.6056513565741288,nd40:0.6056513565741288)nd36:0.45893665859429156)nd31:0.6499556359336771,(((nd41:0.5393951897965439,nd42:0.5393951897965439)nd37:0.44846016711415615,nd38:0.9878553569106998)nd33:0.3269919541964638,nd34:1.3148473111071637)nd32:0.399696339994934)nd28:1.087901591994715)nd19:3.454704818076848,nd20:6.25715006117366)nd2:7.432720191508282)root:0.0;
