sample	replicate	trs
1	1	(nd13:6.589757228327053,(((((nd33:0.6969726732627737,nd34:0.6969726732627737)nd31:0.4877957218771881,(nd37:0.44391412857203955,nd38:0.44391412857203955)nd32:0.7408542665679224)nd27:0.44771672587256117,nd28:1.632485121012523)nd19:1.4038513416013414,((nd35:0.5380111315628029,nd36:0.5380111315628029)nd25:1.107257984195929,(nd39:0.4316057388056342,nd40:0.4316057388056342)nd26:1.2136633769530976)nd20:1.391067346855133)nd15:1.0033802347696874,(nd17:3.1650592051239927,(((nd29:1.392801961102772,(nd41:0.2555920586644621,(nd45:0.06439850090757689,nd46:0.06439850090757689)nd42:0.19119355775688518)nd30:1.13720990243831)nd23:0.39922040652552393,(nd43:0.24914617290897154,nd44:0.24914617290897154)nd24:1.5428761947193237)nd21:0.8687885164345096,nd22:2.6608108840628035)nd18:0.5042483210611887)nd16:0.8746574922595586)nd12:2.550040530943505)nd9:0.0;
