sample	replicate	trs
1	1	(((nd53:0.3044619320945766[&state=4],nd54:0.3044619320945766[&state=6])nd11:12.07227020124823[&state=26],(nd43:7.264425994781293[&state=6],(((nd51:0.5193668674254197[&state=6],nd52:0.5193668674254197[&state=6])nd49:2.3063026335745356[&state=6],nd50:2.8256695009999553[&state=6])nd29:4.365312365326127[&state=6],(nd33:6.0939518599520275[&state=6],(nd55:0.18842810086544287[&state=6],nd56:0.18842810086544287[&state=6])nd34:5.905523759086584[&state=6])nd30:1.0970300063740557[&state=6])nd28:0.0734441284552111[&state=6])nd22:5.112306138561513[&state=6])nd4:7.901604792602813[&state=6],((((nd57:0.10856141317481163[&state=0],nd58:0.10856141317481163[&state=0])nd39:4.646081162277684[&state=0],nd47:4.754642575452496[&state=12])nd19:4.944579212836444[&state=7],((nd41:4.6268823813848[&state=1],nd42:4.6268823813848[&state=1])nd37:0.13811050709772232[&state=1],nd38:4.7649928884825234[&state=1])nd20:4.934228899806417[&state=1])nd15:3.644467829696109[&state=7],(nd45:3.2972663838730583[&state=0],nd46:3.2972663838730583[&state=0])nd25:10.046423234111991[&state=0])nd7:6.93464730796057[&state=0])root:0.0[&state=22];
