sample	replicate	trs
1	1	(((((nd25:0.9777833109572065,((nd29:0.6215421684782799,nd30:0.6215421684782799)nd27:0.17934116769836456,nd28:0.8008833361766444)nd26:0.17689997478056207)nd7:4.336827497237759,(nd13:4.565160193683587,nd14:4.565160193683587)nd8:0.7494506145113781)nd3:2.8847704309576514,nd4:2.4018965301451405)nd1:0.17505790359363835,(((nd15:1.9499366037481474,(nd21:1.543236724594196,(nd35:0.2466992232048396,nd36:0.2466992232048396)nd22:1.2965375013893563)nd16:1.6052205158710833)nd9:2.0185317358949315,((nd19:1.5652574809369084,(((nd37:0.20209100765765825,nd38:0.20209100765765825)nd33:0.33317460997131926,nd34:0.5352656176289774)nd23:0.9362312845779537,nd24:0.044351732214441233)nd20:0.09376057872997727)nd17:0.3768111414032254,nd18:0.1679607015714705)nd10:3.224920354020077)nd5:0.6672345894759016,((nd31:0.5602800612171102,nd32:0.5602800612171102)nd11:4.280631174218669,nd12:4.8409112354357795)nd6:0.9933123304003324)nd2:2.540215576910143)root:0.40529085725375213)origin:0.0;
