sample	replicate	trs
1	1	((((nd83:0.01999023172265472[&state=5],nd84:0.01999023172265472[&state=5])nd79:0.02121936342728442[&state=5],nd80:0.041209595149939146[&state=5])nd59:0.6353377645063844[&state=5],(nd67:0.24680280431793608[&state=5],nd68:0.24680280431793608[&state=5])nd60:0.4297445553383874[&state=5])nd57:0.058767203963314946[&state=5],(((nd65:0.3177209003732642[&state=5],(nd69:0.17137347151073165[&state=5],(((nd87:0.007486085751535023[&state=5],nd88:0.007486085751535023[&state=5])nd77:0.053280023825070556[&state=5],(nd85:0.01108739854006741[&state=5],nd86:0.01108739854006741[&state=5])nd78:0.04967871103653817[&state=5])nd73:0.07711972155723489[&state=5],(nd81:0.03801566804442322[&state=5],nd82:0.03801566804442322[&state=5])nd74:0.09987016308941725[&state=5])nd70:0.033487640376891156[&state=5])nd66:0.14634742886253257[&state=5])nd63:0.08185540429460177[&state=5],nd64:0.399576304667866[&state=5])nd61:0.10317597474762352[&state=5],((nd89:0.006436362948472928[&state=5],nd90:0.006436362948472928[&state=5])nd75:0.1546294054378102[&state=5],nd72:0.16106576838628314[&state=5])nd62:0.3416865110292063[&state=5])nd58:0.23256228420414893[&state=5])nd55:0.0[&state=5];
