sample	replicate	trs
1	1	(((((nd51:0.03727164849373127[&state=2],nd52:0.03727164849373127[&state=22])nd23:0.6944159263490899[&state=49],(nd29:0.5245889044630437[&state=104],(nd53:0.023893317836028966[&state=6],nd54:0.023893317836028966[&state=104])nd30:0.500695586627015[&state=104])nd24:0.20709867037977744[&state=63])nd19:0.08225568996375719[&state=104],(nd39:0.32243854069723804[&state=12],nd40:0.32243854069723804[&state=1])nd20:0.49150472410934043[&state=9])nd15:0.1010812266499725[&state=78],(nd37:0.3226801707175328[&state=31],(nd41:0.14628041647662318[&state=81],nd42:0.14628041647662318[&state=80])nd38:0.17639975424090948[&state=80])nd16:0.5923443207390187[&state=81])nd3:1.9676356527634262[&state=104],((nd25:0.6160840468752073[&state=78],nd26:0.6160840468752073[&state=79])nd5:1.5286569083676549[&state=78],((((nd31:0.5062647889208751[&state=81],nd32:0.5062647889208751[&state=104])nd21:0.293535815759924[&state=50],(nd33:0.4158998654076122[&state=24],((nd55:0.023371327145846048[&state=1],nd56:0.023371327145846048[&state=24])nd43:0.12192887124209259[&state=50],nd44:0.14530019838793864[&state=0])nd34:0.2705996670196734[&state=48])nd22:0.38390073927318674[&state=104])nd11:0.5585173308700494[&state=78],(nd17:0.8769512542367184[&state=50],(nd35:0.33414621239826126[&state=25],((nd49:0.040878775512223506[&state=1],nd50:0.040878775512223506[&state=3])nd45:0.052754337356970694[&state=11],nd46:0.09363311286919418[&state=24])nd36:0.24051309952906694[&state=81])nd18:0.5428050418384576[&state=81])nd12:0.4813666813141297[&state=23])nd7:0.6535376385117224[&state=28],((nd27:0.5348775644832151[&state=104],(nd47:0.08452048221258543[&state=30],nd48:0.08452048221258543[&state=1])nd28:0.4503570822706298[&state=63])nd13:1.1676470204908955[&state=104],nd10:1.7025245849741113[&state=28])nd8:0.3093309890884595[&state=31])nd6:0.13288538118029203[&state=28])nd4:0.7379191889771145[&state=28])nd1:0.0[&state=7];
