sample	replicate	trs
1	1	((((nd93:0.7097366551906364[&state=3],nd94:0.7097366551906364[&state=3])nd71:1.5050507459319566[&state=10],((nd87:1.217685981925653[&state=3],(nd91:1.1605738570204698[&state=3],nd92:1.1605738570204698[&state=3])nd88:0.05711212490518298[&state=3])nd83:0.09047664421575745[&state=3],nd84:1.3081626261414103[&state=16])nd72:0.9066247749811833[&state=3])nd3:16.29387794589519[&state=10],((((nd85:4.555677319148521[&state=2],nd58:4.555677319148521[&state=9])nd39:2.505140868633795[&state=8],(nd69:2.883011378816319[&state=56],nd81:2.8830113788163194[&state=6])nd40:4.177806808965997[&state=6])nd28:9.280631087653527[&state=22],(((nd89:1.2120081019711189[&state=6],nd90:1.2120081019711189[&state=6])nd67:1.7001227905812757[&state=6],nd68:2.9121308925523937[&state=51])nd63:1.380025343430138[&state=6],nd64:4.2921562359825325[&state=6])nd53:12.049293039453312[&state=6])nd5:0.6832139645319906[&state=0],(((nd45:6.446294353762088[&state=1],(nd59:4.370156925975849[&state=1],nd60:4.370156925975849[&state=48])nd46:2.076137427786241[&state=7])nd33:2.429527487152024[&state=0],(((nd97:0.43965329942175346[&state=13],nd98:0.43965329942175346[&state=15])nd77:1.5216277920363797[&state=33],nd78:1.9612810914581333[&state=0])nd66:4.57384879205704[&state=0],(nd95:0.688079460112383[&state=1],(nd101:0.029719632673587605[&state=7],nd102:0.029719632673587605[&state=0])nd96:0.6583598274387954[&state=7])nd44:5.84705042340279[&state=7])nd34:2.3406919573989398[&state=0])nd31:2.3872963869085613[&state=0],nd29:11.263118227822678[&state=1])nd6:5.761545012145157[&state=7])nd4:1.4840021070499465[&state=0])nd1:1.2251353113863404[&state=0],(((nd55:4.606104091691745[&state=81],nd75:4.606104091691744[&state=2])nd47:1.459786737228773[&state=24],(nd79:1.492284129797533[&state=6],nd80:1.492284129797533[&state=6])nd48:4.573606699122983[&state=6])nd19:5.837330524025961[&state=6],((nd99:0.041170001142744495[&state=6],nd100:0.041170001142744495[&state=6])nd49:7.235451171460742[&state=6],nd38:7.276621172603486[&state=6])nd22:4.626600180342992[&state=6])nd12:7.83057930545764[&state=6])root:0.0[&state=22];
