sample	replicate	trs
1	1	(((((((nd28:0.17011737722262735,(((((nd48:1.6168484946684936,nd49:1.6168484946684936)nd42:0.12604964992638185,((nd86:0.09652102163125174,nd87:0.09652102163125174)nd50:1.4136084382327452,nd51:0.4223079483985975)nd43:0.2327686847308788)nd36:0.8442426297347704,nd37:1.1938800557438825)nd34:0.11335948996880034,((nd66:0.21822600798000527,nd67:0.2148723983045524)nd62:0.08770717244110884,((nd82:0.4067240486874294,nd83:0.4236942691320168)nd64:0.543820683052717,(nd76:0.541595809624022,nd77:0.541595809624022)nd65:0.425919142560712)nd63:0.06812376639059027)nd35:1.6648615457231226)nd32:0.2799621263908286,nd33:1.8207631524231411)nd29:0.3450406525674449)nd20:0.49384313495438514,nd21:2.726287513824569)nd16:0.3420278076784564,((nd26:1.397544223866285,(((nd70:0.881276083737035,nd71:0.881276083737035)nd52:0.5365351196028174,((nd84:0.2459579853582991,nd85:0.2459579853582991)nd56:0.9553029167991284,(nd58:0.7137508305406073,(nd74:0.08943371264911168,nd75:0.6487070527518219)nd59:0.5203090311790755)nd57:0.032244818226530275)nd53:0.2165503011824248)nd30:1.7531938411136918,nd31:0.5982264343537554)nd27:0.3375211912523929)nd18:0.5573338569113296,(((nd80:0.4763478987396077,nd81:0.4763478987396077)nd40:1.3029012298603895,(nd44:0.47760069708252967,(nd54:0.8360839183031551,(((nd78:0.4910443694427149,nd79:0.4910443694427149)nd72:0.30706921235234863,nd73:0.019721753499688764)nd60:0.2538538662732563,(nd68:0.12014473535335357,nd69:0.781330792684703)nd61:0.12345649660978543)nd55:0.22948568506347392)nd45:0.4540626318286749)nd41:0.04373336363952862)nd22:2.0359947470616757,nd23:0.7779585586515817)nd19:0.2506162169555941)nd17:0.09551389327229509)nd8:0.940495704479682,((nd24:0.33274433420448585,((nd46:0.6984142733248648,nd47:0.0736000272528239)nd38:0.8902665605191952,nd39:1.0621411712813813)nd25:1.1121507637674444)nd12:1.2821399075523696,nd13:0.24863835065135798)nd9:0.13597861312585485)nd4:0.9049047565638386,(nd6:0.8636559694669674,(nd14:1.4289987181713903,nd15:0.3944848289174759)nd7:0.7895607301436469)nd5:0.6384935468264905)nd2:0.9936470393792864,(nd10:0.21415060399826494,nd11:2.2251408384978557)nd3:1.9471298075771248)root:2.444518513687637)origin:0.0;
