sample	replicate	trs
1	1	((((nd9:0.6403891274314505,(nd13:0.9019930029928552,(nd35:0.8634594228199357,nd36:0.8634594228199357)nd14:2.6172888498978675)nd10:1.0924623257432948)nd3:0.6584414500689846,((nd7:2.4465655606819223,nd8:0.055556049847202804)nd5:0.123875330232098,(nd15:3.3728332183613934,nd16:0.5497024240768148)nd6:1.3576650796842822)nd4:0.5011537504844032)nd1:0.6755144901695852,(((nd21:0.8702191411702619,(nd25:1.9336060294164843,nd26:1.9336060294164843)nd22:0.38514782932228064)nd17:0.7189481867329406,((nd33:1.0377799530947875,(nd37:0.40981029998595614,(nd43:0.0833442861100555,nd44:0.0833442861100555)nd38:0.3264660138759006)nd34:0.6279696531088311)nd31:0.38142399848639014,nd32:1.419203951581178)nd18:1.6184980938905287)nd11:0.688184152143288,(nd19:1.0559198243590595,((nd39:0.3388035457442126,(nd41:0.17018702861946994,nd42:0.17018702861946994)nd40:0.16861651712474268)nd23:1.710066841356869,(nd27:1.8464338761328773,(nd29:1.7207917680115197,nd30:1.7207917680115197)nd28:0.1256421081213574)nd24:0.20243651096820475)nd20:0.3784530854966873)nd12:1.2985627250172231)nd2:2.181280341084673)root:0.15531346130033152)origin:0.0;
