sample	replicate	trs
1	1	(((((((nd29:0.6016687275761708,nd30:0.6016687275761708)nd23:0.9605636151698573,nd24:1.562232342746028)nd13:0.793315838266976,nd14:2.3555481810130035)nd5:2.2740198940922705,nd6:4.629568075105275)nd3:2.397115606505345,(((nd17:1.970443459578201,((nd21:1.8027439825861815,(nd25:0.9007730018444492,nd26:0.9007730018444492)nd22:0.9019709807417319)nd19:0.024768304233073288,(nd27:0.7784104186531668,nd28:0.7784104186531668)nd20:1.0491018681660877)nd18:0.14293117275894696)nd11:0.8329269258051626,nd12:2.803370385383363)nd9:0.4408050017873919,nd10:3.2441753871707557)nd4:3.7825082944398636)nd1:0.5160315272377691,((nd15:2.0667981701714457,nd16:2.0667981701714457)nd7:1.9533226236004717,nd8:0.44284053906121024)nd2:3.5225944150764708)root:0.07227479115161155)origin:0.0;
