sample	replicate	trs
1	1	(((nd34:1.1749076799637346,((nd61:0.14182101927102342,nd62:0.14182101927102342)nd57:0.08991025520032223,(nd67:0.05853431840158405,nd68:0.05853431840158405)nd58:0.17319695606976157)nd32:0.9431764054923889)nd7:0.8412114848378048,(((nd37:0.7459508296300683,((nd63:0.06494278565869836,nd64:0.06494278565869836)nd45:0.5701576851638152,(nd49:0.38137397241684734,((nd69:0.04095884155458056,nd70:0.04095884155458056)nd59:0.144764630521251,nd60:0.18572347207583156)nd50:0.1956505003410159)nd46:0.25372649840566613)nd38:0.11085035880755462)nd35:0.13230825228945708,(nd51:0.28514867779277697,nd52:0.28514867779277697)nd36:0.5931104041267483)nd21:0.6066143027164421,((((nd53:0.28083377948267263,(nd65:0.06395494742878349,nd66:0.06395494742878349)nd54:0.21687883205388914)nd41:0.40842427025679084,nd42:0.6892580497394636)nd27:0.553565651999283,(nd71:0.034902102462154215,(nd73:0.0026278424220197985,nd74:0.0026278424220197985)nd72:0.032274260040134416)nd28:1.2079215992765928)nd25:0.08569641196581285,((nd55:0.2541170730767596,nd56:0.2541170730767596)nd29:0.9258921191147653,(nd39:0.6910491588030936,nd40:0.6910491588030936)nd30:0.48896003338843164)nd26:0.1485109215130343)nd22:0.1563532709314079)nd17:0.5312457801655722)nd5:0.11475363125669642,(nd43:0.6524581781131271,nd48:0.6524581781131269)nd23:1.4784146179451088)nd3:0.0;
