sample	replicate	trs
1	1	(((nd9:1.9555795880808566[&state=9],((nd27:0.6478685656987864[&state=7],nd28:0.6478685656987864[&state=78]):0.9741090173824786[&state=28],((nd23:0.9862364613567313[&state=48],(nd29:0.48517702286056946[&state=1],(nd37:0.13627602106674197[&state=50],nd38:0.13627602106674197[&state=28]):0.34890100179382755[&state=28]):0.5010594384961613[&state=7]):0.005741984138102568[&state=9],nd22:0.8148412593574009[&state=6]):0.6299991375864311[&state=50]):0.33360200499959247[&state=23]):2.883431358152843[&state=48],((nd7:0.0004796476849620605[&state=6],(((nd39:0.02100527823936278[&state=1],nd40:0.02100527823936278[&state=8]):0.1767198707933769[&state=28],nd36:0.1977251490327397[&state=6]):1.1404238991744045[&state=48],nd18:1.338149048207144[&state=78]):0.9845275967612452[&state=48]):1.6495783454362065[&state=48],((nd11:1.807056503922194[&state=28],((nd25:0.040383611030802395[&state=2],nd26:0.743856777118601[&state=7]):0.4721859557446413[&state=9],nd20:1.2160427328632422[&state=48]):0.5910137710589521[&state=23]):1.7789194630847567[&state=7],((nd31:0.409426346943947[&state=78],nd32:0.409426346943947[&state=6]):1.0343604453908248[&state=78],(nd33:0.31867237404517124[&state=1],nd34:0.31867237404517124[&state=0]):1.1251144182896005[&state=7]):2.142189174672179[&state=22]):0.38627902339764436[&state=22]):0.8667559558291043[&state=22]):1.0795390537663003[&state=22]):0.0[&state=23];
