sample	replicate	trs
1	1	(((nd59:0.8091216761804481[&state=6],nd60:0.8091216761804481[&state=6]):19.161698804584418[&state=6],((((nd31:4.796968644329672[&state=0],((((nd61:0.6726967733187845[&state=0],nd62:0.6726967733187845[&state=0]):0.31019170014264036[&state=0],nd58:0.9828884734614249[&state=0]):0.31195884035986315[&state=0],nd56:1.2948473138212881[&state=0]):0.44654488483998644[&state=0],nd50:1.7413921986612744[&state=0]):3.0555764456683976[&state=0]):5.24758097705859[&state=0],(nd13:4.3609932682599775[&state=0],(nd65:0.36668795614174854[&state=0],nd66:0.36668795614174854[&state=0]):8.473992589522316[&state=0]):1.2038690757241985[&state=0]):0.8413314711213603[&state=0],((nd21:0.30256617826462295[&state=0],(((nd53:1.58558282480507[&state=0],(nd69:0.1011420128113272[&state=0],nd70:0.1011420128113272[&state=0]):1.484440811993743[&state=0]):0.07015457421870294[&state=0],(nd63:0.5270561103866712[&state=0],nd64:0.5270561103866712[&state=0]):1.1286812886371018[&state=0]):3.3598764811122446[&state=0],(nd35:4.20069753448394[&state=0],nd36:4.20069753448394[&state=13]):0.814916345652078[&state=0]):2.072365742367111[&state=0]):2.150725899105225[&state=0],(((nd37:3.849366560036669[&state=0],(nd45:2.259517215575853[&state=0],nd46:2.259517215575853[&state=0]):1.5898493444608164[&state=0]):3.518434200874808[&state=0],(nd33:4.512903381568075[&state=0],((nd67:0.11265923923471369[&state=0],nd68:0.11265923923471369[&state=0]):2.3592162936717407[&state=0],nd44:2.4718755329064543[&state=0]):2.0410278486616202[&state=0]):2.8548973793434027[&state=0]):0.3196159150410624[&state=0],((nd27:1.751035588811377[&state=0],nd28:6.119866983312456[&state=0]):0.3900958614548724[&state=0],(nd25:4.432107280325224[&state=0],(nd39:3.6776424350028196[&state=0],nd40:3.6776424350028196[&state=0]):2.665900946920661[&state=0]):0.16641946284384881[&state=0]):1.17745383118521[&state=0]):1.5512888456558145[&state=0]):1.6471755709012694[&state=0]):7.2720737856028315[&state=0],((nd15:8.373734785893815[&state=6],nd16:8.373734785893815[&state=6]):5.97748927361149[&state=6],(nd41:2.646276891296924[&state=6],(nd47:2.2323739709092787[&state=6],nd48:2.2323739709092787[&state=6]):0.4139029203876454[&state=6]):11.70494716820838[&state=6]):3.8067308186071505[&state=6]):1.8128656026524126[&state=22]):1.0557795192351331[&state=22]):0.0[&state=22];
