sample	replicate	trs
1	1	(((((nd27:0.6867537331860397[&state=9],((nd37:0.26140288075237494[&state=28],nd38:0.26140288075237494[&state=28])nd31:0.12823279875548702[&state=0],nd32:0.38963567950786193[&state=78])nd28:0.29711805367817756[&state=78])nd19:0.8678192953886733[&state=50],nd20:1.5545730285747126[&state=49])nd15:0.6929143896480052[&state=7],(nd41:0.12391290021882206[&state=9],nd42:0.12391290021882206[&state=8])nd16:2.1235745180038967[&state=28])nd3:1.2378869174369296[&state=7],nd4:3.4853743356596483[&state=78])nd1:0.04875403581484107[&state=1],((((nd23:0.8821460695609254[&state=6],nd24:0.8821460695609254[&state=28])nd13:1.6510164115838644[&state=48],((nd39:0.13619035724515283[&state=49],nd40:0.13619035724515283[&state=9])nd25:0.7036720735932819[&state=49],(nd43:0.06953699265227647[&state=2],nd44:0.06953699265227647[&state=7])nd26:0.7703254381861583[&state=28])nd14:1.6933000503063549[&state=78])nd9:0.2579391840895191[&state=7],((nd45:0.06474865462418695[&state=28],nd46:0.06474865462418695[&state=22])nd17:1.536824811197862[&state=78],((nd35:0.2660272986527274[&state=28],nd36:0.2660272986527274[&state=78])nd21:1.0193883851348595[&state=78],(nd33:0.281518162560862[&state=28],nd34:0.281518162560862[&state=28])nd22:1.003897521226725[&state=28])nd18:0.31615778203446243[&state=48])nd10:1.1895281994122593[&state=48])nd5:0.6002982778090165[&state=48],((nd29:0.6361148653396108[&state=28],nd30:0.6361148653396108[&state=6])nd7:2.566496615177929[&state=78],nd11:3.2026114805175405[&state=28])nd6:0.18878846252578566[&state=48])nd2:0.1427284284311635[&state=48])root:0.0[&state=48];
