sample	replicate	trs
1	1	(((((nd65:0.22398760643206653,nd66:0.22398760643206653)nd49:0.44778827474765964,nd63:0.6717758811797261)nd17:1.8495935793322793,(nd39:1.012236839681372,nd51:1.0122368396813721)nd18:1.5091326208306337)nd3:3.0198778779337645,((nd62:0.9671163600316162,nd42:0.967116360031616)nd9:4.04379340325956,((nd25:1.7469677766728933,(((nd59:0.38865733271421843,nd60:0.38865733271421843)nd45:0.5251087943976387,nd46:0.913766127111857)nd31:0.6225014339330026,(nd43:0.9588732016085482,(nd55:0.5573074668053574,nd56:0.5573074668053574)nd44:0.40156573480319085)nd32:0.5773943594363115)nd26:0.21070021562803323)nd23:0.7647839058368958,(nd47:0.8506528879388501,nd48:0.8506528879388501)nd29:1.6610987945709388)nd10:2.4991580807813873)nd8:0.5303375751545932)nd1:0.02321261883331697,(((nd67:0.20511928618453243,nd68:0.20511928618453243)nd37:0.9816547014192014,(nd69:0.08053714389410774,nd70:0.08053714389410774)nd38:1.1062368437096257)nd14:3.962023751283337,(nd15:3.6213251490931837,((nd53:0.6192938433628855,nd54:0.6192938433628855)nd33:0.7827191918702645,nd36:1.4020130352331497)nd22:2.219312113860033)nd6:1.5274725897938881)nd2:0.4156622183920151)root:0.0;
