sample	replicate	trs
1	1	(((nd93:0.942212443259286[&state=6],nd94:0.942212443259286[&state=6])nd64:4.144152365592543[&state=6],((((nd101:0.2155798236160858[&state=6],nd102:0.2155798236160858[&state=6])nd99:0.15260771790947159[&state=6],(nd103:0.15801725432411137[&state=6],nd104:0.15801725432411137[&state=6])nd100:0.210170287201446[&state=6])nd87:1.1403809727437915[&state=6],nd88:1.5085685142693488[&state=6])nd61:1.4238517533743722[&state=6],nd72:2.93242026764372[&state=6])nd33:2.1539445412081073[&state=6])nd18:4.004260450683374[&state=6],(((nd81:1.9413534601847504[&state=6],nd85:1.9413534601847506[&state=6])nd73:0.38696796509676773[&state=6],nd74:2.328321425281518[&state=6])nd66:1.3204091802325528[&state=6],(nd83:1.760957287264824[&state=6],(nd98:1.2569098774755725[&state=6],(nd91:1.229052321333661[&state=6],nd92:1.229052321333661[&state=6])nd90:0.027857556141911204[&state=6])nd84:0.504047409789252[&state=6])nd79:1.8877733182492475[&state=6])nd38:5.44189465402113[&state=6])nd11:0.0[&state=6];
