sample	replicate	trs
1	1	(((((nd47:5.06446394660012,nd48:5.06446394660012)nd45:1.265318480530557,((nd69:0.11405033581418206,nd70:0.11405033581418206)nd61:1.2516427782226085,nd62:1.3656931140367905)nd46:4.964089313093886)nd29:9.435111212286195,(nd51:13.102773748920129,nd16:13.102773748920127)nd12:2.662119890496745)nd3:2.434992860212854,((((nd53:3.545950876997275,nd54:3.545950876997275)nd49:3.7471003606236186,(nd59:2.0657114327806325,nd60:2.0657114327806325)nd44:5.22733980484026)nd41:5.898162553296102,(nd23:12.55589923858199,nd34:12.555899238581985)nd14:0.6353145523350064)nd9:0.3419621875961949,((nd67:0.20861701719311732,nd68:0.20861701719311732)nd21:12.787086384986583,nd26:12.995703402179698)nd10:0.5374725763334913)nd4:4.666710521116535)nd1:2.405572187255709,(nd35:14.18181532121863,(nd37:9.617597618440813,((nd63:0.7154114078502374,nd64:0.7154114078502374)nd55:2.2305924204552365,(nd65:0.4407240839431133,nd66:0.4407240839431133)nd56:2.5052797443623605)nd40:6.671593790135341)nd8:4.564217702777818)nd2:6.423643365666801)root:0.0;
