sample	replicate	trs
1	1	((nd1:1.3130141871409151,((nd15:7.047780160489539,(nd35:1.3906583999700677,nd36:1.3906583999700677)nd16:6.167526894205906)nd3:8.066325609872033,(((nd33:2.298105802105548,nd34:2.298105802105548)nd19:2.874756959290838,(nd55:0.01694721464018839,nd56:0.01694721464018839)nd20:5.1559155467561935)nd5:8.817713060795967,(((nd41:1.11326317937533,(nd45:0.6658130356898371,nd46:0.6658130356898371)nd42:0.4474501436854928)nd21:3.801912511697041,(nd47:0.45862222798392555,(nd49:0.3203574264071359,nd50:0.3203574264071359)nd48:0.13826480157678964)nd22:4.456553463088443)nd7:7.706542013381027,(nd9:0.47981711288038253,(((nd17:7.133037140442076,((nd31:2.4209906692162253,((nd53:0.08661154925499456,nd54:0.08661154925499456)nd37:1.0997356086880377,nd38:1.1863471579430322)nd32:1.2346435112731924)nd23:1.9844732355303836,nd24:0.5212556460430503)nd18:2.7275732356954676)nd13:0.8485024957987061,(nd39:1.1221660644939353,nd40:1.1221660644939353)nd14:6.859373571746849)nd11:1.3669000239175055,((((nd51:0.11673058577399098,nd52:0.11673058577399098)nd43:0.6124714117773884,nd44:0.7292019975513793)nd27:2.4403366557299986,nd28:0.010790436055968687)nd25:0.20232185254855842,(nd29:2.524503012063862,nd30:2.524503012063862)nd26:0.8473574937660724)nd12:5.976579154328354)nd10:1.037024069699007)nd8:2.2362539745961048)nd6:1.3688581177389523)nd4:1.6339350818556526)nd2:2.795245463762674)root:0.951043632189323)origin:0.0;
