sample	replicate	trs
1	1	((((((((nd71:0.3591586092676492,nd72:0.3591586092676492)nd55:0.15313967732650666,(nd61:0.47484850054759464,nd62:0.47484850054759464)nd56:0.03744978604656101)nd49:0.2046636191915497,nd50:0.7169619057857057)nd35:0.30040292616726205,(nd81:0.23499432677059318,nd82:0.23499432677059318)nd36:0.7823705051823746)nd33:0.010109530375202187,(nd77:0.3315098434139274,nd78:0.3315098434139274)nd34:0.6959645189142422)nd19:2.1496996050026667,((((nd91:0.11102716162335718,nd92:0.11102716162335718)nd37:0.8964254875557962,((nd57:0.49649313973843134,nd58:0.49649313973843134)nd53:0.07508751676621145,(nd69:0.3683721190451278,nd70:0.3683721190451278)nd54:0.2032085374595153)nd38:0.43587199267451004)nd27:0.7411111982090466,(nd47:0.7320786019093857,nd48:0.7320786019093857)nd28:1.0164852454788138)nd25:0.20748639802131066,((nd43:0.9158844202900621,(nd51:0.6511224893083738,nd52:0.6511224893083738)nd44:0.264761930981688)nd29:0.7080180482207998,((nd75:0.3367884550929092,nd76:0.3367884550929092)nd67:0.03757486782912545,((nd95:0.009444407360996285,nd96:0.009444407360996285)nd79:0.23220412321730335,nd80:0.24164853057829966)nd68:0.13271479234373543)nd30:1.2495391455888263)nd26:0.33214777689864866)nd16:1.2211237219213271)nd13:0.0747331612421745,(nd93:0.10437285105212979,nd94:0.10437285105212979)nd14:3.147534277520883)nd11:0.06313247762074384,((nd63:0.40961711266339385,nd64:0.40961711266339385)nd21:2.62604937217742,((nd45:0.8371349960943466,(nd65:0.3840956702001894,nd66:0.3840956702001894)nd46:0.45303932589415674)nd23:1.612879677601292,((nd39:0.9487657098369539,((nd73:0.35578720176698364,nd74:0.35578720176698364)nd41:0.5621637361606073,nd42:0.9179509379275914)nd40:0.0308147719093622)nd31:0.5809090256336725,((nd87:0.15566447445755544,(nd89:0.11743955352734112,nd90:0.11743955352734112)nd88:0.03822492093021427)nd59:0.33717664978197953,(nd83:0.2172562568321213,(nd85:0.17302449095958705,nd86:0.17302449095958705)nd84:0.04423176587253424)nd60:0.2755848674074138)nd32:1.0368336112310907)nd24:0.9203399382250131)nd18:0.5856518111451764)nd12:0.2793731213529402)nd7:0.0;
