sample	replicate	trs
1	1	((nd45:0.10801010379705242,nd46:0.10801010379705242)nd10:11.345999755370507,(nd21:5.638180626943501,((nd35:0.6747460808966729,nd36:0.6747460808966729)nd15:4.218838502884856,((((nd29:1.0833767355135082,((nd43:0.13546997684277196,nd44:0.13546997684277196)nd37:0.5105127701262857,nd38:0.6459827469690576)nd30:0.4373939885444508)nd23:0.44302380097686056,((nd31:1.013033108844018,nd32:1.013033108844018)nd27:0.11659596702702846,nd28:1.129629075871047)nd24:0.3967714606193223)nd19:0.5502380474511299,((nd41:0.27836931398900816,nd42:0.27836931398900816)nd33:0.6695043264970658,(nd39:0.48955863107900627,nd40:0.48955863107900627)nd34:0.4583150094070676)nd20:1.1287649434554252)nd17:0.8432871381955653,(nd47:0.03540817275583588,nd48:0.03540817275583588)nd25:2.8845175493812287)nd16:1.973658861644467)nd14:0.7445960431619705)nd11:5.815829232224056)nd3:0.0;
