sample	replicate	trs
1	1	(((((nd33:0.6458003461611029,(nd35:0.41740410707670783,nd36:0.41740410707670783)nd34:0.22839623908439527)nd21:0.4771849350911384,nd22:1.1229852812522414)nd15:0.4852954155768365,(nd43:0.07503984761535071,nd44:0.07503984761535071)nd16:1.5332408492137273)nd5:2.178798873327933,(nd7:3.6979569551707603,((nd41:0.12344747380643865,nd42:0.12344747380643865)nd9:3.077786378082366,(((nd39:0.17170728931015675,nd40:0.17170728931015675)nd25:0.7596505701924557,nd26:0.9313578595026123)nd17:0.6725498187866841,(nd30:1.186038573669497,(((nd31:0.6776186865768846,(nd37:0.19848145222531943,nd38:0.19848145222531943)nd32:0.4791372343515654)nd27:0.08577522353322513,nd28:0.7633939101101098)nd23:0.2522518035713501,nd24:1.0156457136814598)nd20:0.17039285998803705)nd18:0.4178691046197996)nd12:1.5973261735995083)nd8:0.4967231032819559)nd6:0.08912261498624979)nd1:0.7227470801976511,(nd14:4.48142245263265,nd4:4.48142245263265)nd2:0.02840419772201201)root:0.0;
