sample	replicate	trs
1	1	(((nd43:1.3826159180240711[&state=108],nd44:1.3826159180240711[&state=120])nd23:2.5885764475605058[&state=81],((nd51:0.970609582220639[&state=107],nd52:0.970609582220639[&state=120])nd37:0.7701972284377265[&state=107],nd38:1.7408068106583652[&state=106])nd24:2.2303855549262117[&state=48])nd14:9.331475723023066[&state=23],((((nd29:2.916037113263064[&state=14],nd30:2.916037113263064[&state=87])nd19:3.0137323459178225[&state=49],((nd27:3.2228394596457606[&state=98],nd28:3.2228394596457606[&state=120])nd25:0.010295046342084144[&state=49],(((nd55:0.6427777037690813[&state=120],nd56:0.6427777037690813[&state=84])nd45:1.0738856035095912[&state=120],nd40:1.7166633072786717[&state=67])nd31:1.1585277072935736[&state=53],(nd41:1.3879620523156775[&state=106],(((nd53:0.6961663995515467[&state=120],nd54:0.6961663995515467[&state=120])nd49:0.5488711038531814[&state=104],nd50:1.245037503404728[&state=120])nd47:0.06448479175141475[&state=63],nd48:1.3095222951561434[&state=86])nd42:0.07843975715953476[&state=81])nd32:1.487228962256568[&state=104])nd26:0.35794349141560156[&state=23])nd22:2.6966349531930423[&state=78])nd15:0.7440318146366457[&state=48],(nd33:2.297510991176322[&state=65],nd34:2.297510991176322[&state=98])nd16:4.37629028264121[&state=78])nd12:4.505775621583087[&state=22],(nd57:0.5513688088540749[&state=120],(nd59:0.4710545826843791[&state=66],nd60:0.4710545826843791[&state=36])nd58:0.08031422616969608[&state=105])nd35:10.628208086546547[&state=120])nd2:2.123091193207022[&state=22])root:0.0[&state=22];
