sample	replicate	trs
1	1	(((nd33:0.9013113474007438[&state=1],nd34:0.9013113474007438[&state=80])nd15:1.904511526903919[&state=28],(nd21:2.0626115263014477[&state=104],((((nd47:0.042357637246549264[&state=78],nd48:0.042357637246549264[&state=0])nd37:0.41264323797503755[&state=79],nd38:0.45500087522158666[&state=104])nd25:1.134306049141069[&state=79],nd26:1.5893069243626565[&state=78])nd23:0.43570346182143743[&state=63],nd24:2.025010386184091[&state=28])nd22:0.03760114011735785[&state=104])nd16:0.7432113480032119[&state=81])nd9:1.444786883103255[&state=78],((((nd35:0.7604573612044248[&state=78],nd36:0.7604573612044248[&state=48])nd27:0.7086640155132572[&state=78],nd28:1.4691213767176838[&state=63])nd13:2.3084233372128775[&state=8],((nd29:1.3519117306940558[&state=28],(nd41:0.33668193066070834[&state=81],nd42:0.33668193066070834[&state=104])nd30:1.0152298000333457[&state=49])nd17:1.2239754405493248[&state=79],((nd39:0.416577172715245[&state=31],(nd45:0.17938875548166358[&state=80],nd46:0.17938875548166358[&state=50])nd40:0.2371884172335816[&state=28])nd31:0.5862513189071522[&state=78],(nd43:0.318823196343696[&state=104],nd44:0.318823196343696[&state=52])nd32:0.6840052952787009[&state=78])nd19:1.5730586796209811[&state=78])nd14:1.2016575426871832[&state=28])nd11:0.16754618152351747[&state=28],nd12:3.945090895454086[&state=104])nd10:0.30551886195383876[&state=7])nd8:0.0[&state=48];
