sample	replicate	trs
1	1	((((nd15:1.7345529246631863[&state=23],(((nd33:0.3742840306868864[&state=6],nd34:0.3742840306868864[&state=22]):0.018399486781096316[&state=22],nd32:0.3926835174679827[&state=6]):0.367915031671407[&state=22],nd26:0.7605985491393897[&state=7]):0.9739543755237967[&state=48]):1.4284281502367915[&state=1],(nd21:0.8940083055210007[&state=1],nd22:0.8940083055210007[&state=1]):2.2689727693789767[&state=1]):2.0339018070575765[&state=48],(nd3:0.7186649935478089[&state=6],(((nd13:2.119912281999578[&state=6],((nd35:0.168375130487207[&state=6],nd36:0.168375130487207[&state=6]):0.2519862765904969[&state=6],nd30:0.42036140707770386[&state=6]):1.6995508749218737[&state=6]):0.6073680401560436[&state=23],nd12:2.7272803221556225[&state=6]):0.4777002324873403[&state=6],(((nd23:0.246809290738268[&state=6],nd24:0.3874520549131801[&state=6]):0.4459512927823909[&state=6],(nd27:0.7468548742002418[&state=6],nd28:0.7468548742002418[&state=6]):0.5631048860194505[&state=6]):1.7955885243756204[&state=6],(nd19:0.42291830671809694[&state=1],nd20:0.9218834918242113[&state=6]):2.183664792771102[&state=23]):0.09943227004764818[&state=6]):0.14776256395107865[&state=6]):1.8441397633635142[&state=6]):0.2553471180424481[&state=6]):0.0[&state=24];
