sample	replicate	trs
1	1	((((((nd19:0.7065824096592972[&state=1],nd20:0.7065824096592972[&state=1]):1.153679636920368[&state=9],nd12:1.860262046579665[&state=0]):1.5847424495365088[&state=0],nd8:3.445004496116172[&state=0]):1.2722128411876787[&state=0],((((nd23:0.47638176006590105[&state=1],nd24:0.47638176006590105[&state=28]):0.9089121027929128[&state=1],(nd25:0.32441432521372393[&state=1],nd26:0.32441432521372393[&state=9]):1.06087953764509[&state=28]):0.7501514651596131[&state=7],nd10:2.135445328018427[&state=22]):1.8947345668676492[&state=0],nd6:4.030179894886075[&state=0]):0.6870374424177762[&state=0]):0.2079745559064674[&state=0],(nd15:1.3729129201972483[&state=6],((nd21:0.4814132839644699[&state=24],nd22:0.4814132839644699[&state=6]):0.7948089566033768[&state=6],(nd27:0.19420929217099886[&state=0],nd28:0.19420929217099886[&state=6]):1.082012948396848[&state=22]):0.09669067962940153[&state=6]):3.5522789730130713[&state=6]):0.8071381067896802[&state=22]):0.0[&state=22];
