sample	replicate	trs
1	1	(((nd13:7.1988810531234275,(((nd25:0.698664908650475,((nd45:1.062459824581473,nd46:1.062459824581473)nd33:2.342650955875994,nd34:1.9095901300187779)nd26:1.7098244445904223)nd19:1.6198690487650318,(nd21:6.153524413736199,nd22:6.153524413736199)nd20:0.5812798600767233)nd17:0.18633134314722827,nd18:2.335500049610468)nd14:0.27774543616327785)nd1:2.8525260958381797,(((nd7:1.2193658668970793,((nd49:0.4818170048464576,nd50:0.4818170048464576)nd11:7.373534643144906,nd12:1.176133643623061)nd8:1.4600458870147857)nd5:0.4293918965307256,(nd23:2.926854775590048,nd24:6.080200993476656)nd6:3.664588438060218)nd3:0.1932500990663883,(nd9:0.051697498836099115,((nd27:1.790654976075282,(nd43:1.5478667706265894,nd44:1.5478667706265894)nd28:3.5405860087224363)nd15:2.0723573461873253,(((nd37:3.1972748896928946,(nd39:2.7160609607078463,nd40:1.21302562569513)nd38:0.48121392898504867)nd35:0.04357158271639361,(nd41:2.515021903407387,nd42:2.515021903407387)nd36:0.7258245690019015)nd29:0.9173986891051441,(nd31:3.6182221510373447,(nd47:0.8067428010806253,nd48:0.8067428010806253)nd32:2.8114793499567194)nd30:0.5400230104770871)nd16:3.0025649640219187)nd10:2.080203983102318)nd4:0.6970254219645928)nd2:0.11336761835834541)root:1.5531928510383977)origin:0.0;
