sample	replicate	trs
1	1	((nd1:0.6809358342738118,((nd37:0.681791561397009,nd38:0.681791561397009)nd3:6.734971750434862,(((nd33:0.8947516048986168,(nd41:0.1878901691378233,nd42:0.35721142296320907)nd34:0.5375401819354081)nd15:2.3237116348048925,((nd43:0.05606247657496277,nd44:0.2544266710768294)nd23:1.8694320085679015,(nd25:1.7941629953131093,nd26:1.7941629953131093)nd24:0.3296956843316214)nd16:1.0946045600587775)nd5:4.103264179811492,(((nd13:4.270560637988982,((nd19:2.272129194165525,nd20:2.272129194165525)nd17:0.114171232138321,(((nd35:0.8803326924093227,nd36:0.8803326924093227)nd27:0.9062847220020909,nd28:0.47913697572394087)nd21:0.4572896152512286,(nd29:1.3708379458553182,((nd49:0.011917725257791289,nd50:0.011917725257791289)nd39:0.6173092608655564,nd40:0.6292269861233477)nd30:0.7416109597319708)nd22:0.8730690838073246)nd18:0.14239339664120232)nd14:1.8842602116851366)nd9:1.0442058263202856,(nd11:2.227241140608002,((nd47:0.017372261028812883,nd48:0.017372261028812883)nd31:1.279152599910818,(nd45:0.12823922548515368,nd46:0.12823922548515368)nd32:1.168285635454477)nd12:3.8848735227949227)nd10:0.1333680805747137)nd7:1.4693371799198764,nd8:6.7841036442291385)nd6:0.5376237752858561)nd4:0.09503589231687427)nd2:1.3919555608456038)root:8.800981127322508)origin:0.0;
