sample	replicate	trs
1	1	((nd1:0.851156276275093[&state=1],(((nd17:1.2869090619467323[&state=28],nd18:1.2869090619467323[&state=28]):0.12215855268857473[&state=7],(((nd35:0.16852744190320945[&state=28],nd36:0.16852744190320945[&state=28]):0.6422786437231268[&state=9],nd24:0.8108060856263364[&state=8]):0.1514405945712626[&state=28],(nd33:0.22213828900069935[&state=28],nd34:0.22213828900069935[&state=9]):0.7401083911968998[&state=28]):0.4468209344377072[&state=7]):1.4534133121162203[&state=7],((((((nd25:0.7687866638725798[&state=28],nd26:0.7687866638725798[&state=2]):0.10438855463121369[&state=2],(nd37:0.16689815258060703[&state=8],nd38:0.16689815258060703[&state=9]):0.7062770659231864[&state=9]):1.068893421335307[&state=28],nd12:0.6769407594846838[&state=1]):0.3957852843802826[&state=7],(nd27:0.5457230606699752[&state=28],((nd31:0.27855742675659434[&state=28],nd32:0.27855742675659434[&state=0]):0.24415798084453544[&state=7],nd30:0.5227154076011298[&state=28]):0.023007653068845505[&state=0]):1.7921308635494073[&state=28]):0.25242516364323103[&state=7],nd8:0.0714565891329756[&state=1]):0.008868331931000744[&state=7],(nd13:0.3381128633973559[&state=0],nd14:1.8339883981640317[&state=28]):0.765159021629583[&state=7]):0.26333350695791163[&state=7]):0.6250432055531765[&state=7]):2.319435867695292[&state=7]):0.0[&state=22];
