sample	replicate	trs
1	1	((nd66:1.1357785002269685,((nd80:0.1544685518541961,nd81:0.1544685518541961)nd68:0.6874459840390894,(nd74:0.45997128619759203,nd77:0.45997128619759203)nd69:0.38194324969569354)nd67:0.29386396433368284)nd39:8.091325377089348,((((nd58:1.828868688682274,nd55:1.828868688682274)nd34:1.1517516305941653,nd47:2.980620319276439)nd24:0.6654578898848859,nd62:3.6460782091613257)nd23:1.2443531308623859,((nd56:1.8228523522496707,(nd72:0.504950771352418,nd73:0.504950771352418)nd64:1.3179015808972523)nd36:2.2719365219700656,((nd70:0.6105783241360515,nd71:0.6105783241360515)nd48:1.4076025461001271,(nd78:0.28917657340712555,nd79:0.28917657340712555)nd51:1.729004296829053)nd40:2.0766080039835573)nd16:0.7956424658039751)nd10:4.336672537292606)root:0.0;
