sample	replicate	trs
1	1	(nd18:6.385963738428414,(((nd35:0.39541695650009445,(nd39:0.10300303415573253,nd40:0.10300303415573253)nd36:0.2924139223443619)nd21:1.3152093226985393,(nd33:0.43669217482162653,nd34:0.43669217482162653)nd22:1.2739341043770074)nd5:3.442470644378975,(((nd29:0.5964505813132264,nd30:0.5964505813132264)nd15:1.7543218462202654,((nd31:0.4851805095204418,nd32:0.4851805095204418)nd27:0.317817063362194,nd28:0.8029975728826358)nd16:1.5477748546508563)nd7:2.6038828180079485,(((nd19:1.7287987990717002,((nd37:0.18205232782411368,nd38:0.18205232782411368)nd23:1.2109834693651387,nd24:1.3930357971892522)nd20:0.3357630018824481)nd11:1.1581895080216282,(nd13:2.3649516672227784,nd14:2.3649516672227784)nd12:0.5220366398705489)nd9:0.014288178230524222,nd26:2.9012764853238524)nd8:2.053378760217588)nd6:0.19844167803616838)nd4:1.232866814850805)nd2:0.0;
