sample	replicate	trs
1	1	((((((nd23:2.3242964963666752,(nd31:1.1409610560819636,nd32:1.1409610560819636)nd27:1.1833354402847116)nd15:1.510438970704622,nd16:3.834735467071297)nd12:2.8292830438679815,(((nd39:0.05848040222391122,nd40:0.05848040222391122)nd25:2.164175781644701,nd26:2.222656183868612)nd19:1.0153823048000516,nd30:3.238038488668664)nd14:3.4259800222706147)nd5:4.337809985743004,(nd9:6.135381573920115,nd10:6.135381573920115)nd6:4.866446922762168)nd3:0.3579788821603988,(((nd33:0.9939042234790321,(nd35:0.709138700201943,(nd37:0.24095020117047655,nd38:0.24095020117047655)nd36:0.4681884990314665)nd34:0.28476552327708926)nd21:2.0406739242712226,nd22:3.034578147750255)nd17:0.48140043244201686,nd18:3.5159785801922707)nd4:7.843828798650411)nd1:3.8894851153811865,nd2:15.249292494223868)root:0.0;
