sample	replicate	trs
1	1	((((((nd46:0.018868136923640713[&state=4],nd47:0.018868136923640713[&state=4])nd38:0.028976850568313433[&state=4],nd39:0.04784498749195415[&state=4])nd22:0.17094987238094045[&state=4],nd23:0.2187948598728946[&state=4])nd6:0.20050535096697875[&state=4],nd7:0.4193002108398734[&state=5])nd4:0.3138203075320627[&state=20],((((nd18:0.23346266647178887[&state=4],nd19:0.23346266647178887[&state=4])nd14:0.01625400529349182[&state=4],(((nd34:0.08320563294632673[&state=4],nd35:0.08320563294632673[&state=4])nd31:0.025936178344370876[&state=4],(nd44:0.021316867193994466[&state=4],nd45:0.021316867193994466[&state=4])nd27:0.08782494409670312[&state=4])nd20:0.12135066107453951[&state=4],nd21:0.23049247236523712[&state=4])nd15:0.019224199400043593[&state=4])nd12:0.10166539046662176[&state=4],((nd48:0.009681170684954544[&state=4],nd49:0.009681170684954544[&state=4])nd36:0.051582450379253277[&state=4],(nd40:0.03729851609971538[&state=4],nd41:0.03729851609971538[&state=4])nd37:0.023965104964492442[&state=4])nd13:0.2901184411676947[&state=4])nd8:0.04020884430996622[&state=4],((((nd28:0.09949191563838822[&state=4],(nd32:0.0899499199860193[&state=4],nd33:0.0899499199860193[&state=4])nd29:0.009541995652368932[&state=4])nd24:0.06464198903668372[&state=4],nd25:0.16413390467507197[&state=4])nd16:0.07354672954518202[&state=4],(nd42:0.03537164735201702[&state=4],nd43:0.03537164735201702[&state=4])nd17:0.20230898686823695[&state=4])nd10:0.1373887160578099[&state=4],nd11:0.37506935027806393[&state=4])nd9:0.0165215562638048[&state=4])nd5:0.34152961183006736[&state=4])nd2:2.0254655401301975[&state=20],nd3:2.758586058502134[&state=5])root:0.0[&state=5];
