sample	replicate	trs
1	1	(((nd5:8.084746895619627,((((nd27:0.901013930889342,(nd41:0.16571731839260814,nd42:0.16571731839260814)nd28:0.7352966124967337)nd23:0.36031472901534867,nd24:1.2613286599046922)nd19:0.5603858859628656,(nd43:0.0834871653360413,nd44:0.0834871653360413)nd20:1.738227380531517)nd17:0.07524104907133435,(nd25:1.109387001265405,nd26:1.109387001265405)nd18:0.7875685936734862)nd6:6.187791300680738)nd3:1.051387922218499,(((nd29:0.7642712548067246,nd30:0.7642712548067246)nd13:1.4357919199782205,nd14:2.2000631747849457)nd9:5.196198999848289,(nd31:0.7020065850969407,nd32:0.7020065850969407)nd10:6.694255589536292)nd4:1.739872643204892)nd1:0.4428814307168103,(nd7:8.061013768528536,((((nd35:0.5387326506637536,nd36:0.5387326506637536)nd21:0.9460980402711626,((nd39:0.29642739978918986,nd40:0.29642739978918986)nd37:0.023126112892397122,nd38:0.3195535126815871)nd22:1.1652771782533298)nd15:0.6674062007485981,((nd45:0.023577375122297305,nd46:0.023577375122297305)nd33:0.5899495013192908,nd34:0.613526876441588)nd16:1.5387100152419266)nd11:1.7610844918524169,nd12:3.9133213835359286)nd8:4.147692384992608)nd2:1.5180024800264003)root:0.0;
