sample	replicate	trs
1	1	(((((((((nd42:0.09385107249156[&state=5],nd43:0.09385107249156[&state=5]):0.370207166910577[&state=5],nd35:0.464058239402137[&state=5]):0.5670941834977002[&state=5],(((nd36:0.4053601759582688[&state=5],nd37:0.4053601759582688[&state=5]):0.4691534676356591[&state=5],nd31:0.2581820766526015[&state=5]):0.10425085470092395[&state=5],(nd38:0.2530302014608398[&state=5],nd39:0.2530302014608398[&state=5]):0.7257342968340121[&state=5]):0.05238792460498529[&state=5]):1.9846123727773128[&state=5],nd17:0.19132364707948357[&state=5]):0.3099902423239191[&state=5],(nd20:0.7866438389657273[&state=5],nd21:2.4062655478967407[&state=5]):0.9194894901043278[&state=5]):0.4650757138608455[&state=5],((nd32:0.7249537423227679[&state=5],(nd40:0.22797822840668644[&state=5],nd41:0.22797822840668644[&state=5]):0.49697551391608147[&state=5]):1.4384840412828812[&state=5],nd23:2.163437783605649[&state=5]):1.6273929682562651[&state=5]):1.0712360825875322[&state=5],(nd10:2.1435359687350597[&state=5],nd11:2.010242164434056[&state=5]):0.9252041708547087[&state=5]):2.5217029897789462[&state=5],((((nd24:1.4581176773815376[&state=5],nd25:1.4581176773815376[&state=5]):0.9917920656921981[&state=5],nd19:2.4499097430737358[&state=5]):2.0728208110268023[&state=5],nd9:1.4869045261549552[&state=5]):0.33210959160243647[&state=5],nd7:1.529925920888246[&state=5]):2.5289296785254183[&state=5]):1.0685501757716076[&state=5]):0.0[&state=16];
