sample	replicate	trs
1	1	((((nd33:1.1414309236311195[&state=21],nd34:1.1414309236311195[&state=21])nd17:0.01993702953100791[&state=4],nd18:1.1613679531621275[&state=6])nd7:0.05406489752252172[&state=57],(((nd35:1.1393565719957506[&state=4],((nd77:1.1019576616186004[&state=4],nd76:1.1019576616186006[&state=4])nd53:0.02155631246779182[&state=4],(nd65:1.1095480291832611[&state=16],nd66:1.1095480291832611[&state=4])nd54:0.013965944903131397[&state=4])nd49:0.015842597909358352[&state=4])nd31:0.006251914853079929[&state=4],((nd47:1.130607441344765[&state=4],(nd51:1.1245550944970435[&state=16],nd52:1.1245550944970435[&state=4])nd48:0.006052346847721518[&state=4])nd43:8.134221683783544e-05[&state=4],nd64:1.1306887835616029[&state=4])nd32:0.014919703287227798[&state=4])nd11:0.03478095343572049[&state=4],(nd23:1.1567112888653936[&state=4],nd24:1.1567112888653936[&state=4])nd12:0.02367815141915726[&state=4])nd8:0.03504341040009817[&state=4])nd5:0.018501169832135844[&state=26],(((((nd25:1.155909358496165[&state=14],((nd79:0.44318845393992695[&state=4],nd80:0.44318845393992695[&state=2])nd39:0.6910921275399483[&state=15],(nd55:1.1176093820000785[&state=4],(nd61:1.1108342493985328[&state=4],nd72:1.110834249398533[&state=4])nd56:0.006775132601545666[&state=4])nd40:0.016671199479796783[&state=4])nd26:0.021628777016289874[&state=4])nd19:0.0045681897899512375[&state=4],(nd41:1.131559589398653[&state=3],(nd59:1.116077718624554[&state=3],nd73:1.116077718624554[&state=5])nd42:0.015481870774098913[&state=4])nd20:0.02891795888746343[&state=4])nd15:0.013697466653419449[&state=4],(nd27:1.1527739531730288[&state=4],(nd29:1.1494006615059253[&state=4],nd30:1.1494006615059253[&state=4])nd28:0.003373291667103565[&state=4])nd16:0.02140106176650687[&state=4])nd13:0.002513645799515245[&state=4],nd14:1.176688660739051[&state=4])nd9:0.02208525694608988[&state=4],(nd46:1.1360706621348378[&state=37],(nd67:1.1094979212031983[&state=4],((nd81:0.06593513302645206[&state=21],nd82:0.06593513302645206[&state=5])nd69:1.0403791207698903[&state=21],nd70:1.1063142537963424[&state=4])nd68:0.003183667406855998[&state=4])nd38:0.02657274093163953[&state=4])nd22:0.06270325555030318[&state=4])nd6:0.035160102831644176[&state=4])nd3:0.0[&state=26];
