sample	replicate	trs
1	1	(((nd4:11.757046925988703,nd5:2.3394047986876036)nd2:0.5920659322008505,(((((nd30:1.2576586940732963,(nd32:1.2248954753814396,nd33:1.2248954753814396)nd31:0.03276321869185691)nd14:7.576345076786327,nd15:2.2788553440934347)nd10:3.2551474920208108,nd11:12.089151262880435)nd8:0.11257567008324378,(nd12:9.455815972344658,(nd16:6.231440538985792,(((nd26:2.018954410014209,nd27:2.018954410014209)nd20:0.9187284788975453,nd21:2.9376828889117546)nd18:0.09877525155944332,((nd34:1.0661932839986983,nd35:1.0661932839986983)nd22:1.8270641306410405,((nd36:0.8513023014984056,nd37:0.8513023014984056)nd24:1.515726339016944,(nd28:1.766830083264532,nd29:1.766830083264532)nd25:0.6001985572508173)nd23:0.5262287741243892)nd19:0.14320072583145946)nd17:3.1949823985145955)nd13:3.2243754333588637)nd9:2.7459109606190206)nd6:1.8490927486777864,nd7:2.1954772793373625)nd3:0.7886486578213839)root:1.416631660537148)origin:0.0;
