sample	replicate	trs
1	1	((((nd19:1.7215884001305184[&state=78],(nd23:1.4843660930365155[&state=0],nd24:1.4843660930365155[&state=0])nd20:0.2372223070940028[&state=0])nd11:1.0325476666348776[&state=0],((nd35:0.473684811231817[&state=2],nd36:0.473684811231817[&state=2])nd29:0.32957954469336687[&state=8],nd30:0.8032643559251839[&state=6])nd12:1.9508717108402125[&state=22])nd3:1.5666804673550205[&state=22],((nd27:1.1059413924691437[&state=1],nd28:1.1059413924691437[&state=50])nd21:0.5211861096165289[&state=1],nd22:1.627127502085672[&state=48])nd4:2.693689032034744[&state=23])nd1:0.2704278909175318[&state=6],(((((nd39:0.06027480156543197[&state=1],nd40:0.06027480156543197[&state=23])nd13:2.588143053164654[&state=23],nd14:2.648417854730086[&state=7])nd9:0.5909265889816604[&state=6],nd10:3.239344443711746[&state=23])nd7:0.5866324011647668[&state=6],(nd17:2.1313759101861187[&state=6],((nd31:0.7749623679385996[&state=1],(nd33:0.5070867481204218[&state=1],(nd37:0.3794507602087662[&state=1],nd38:0.3794507602087662[&state=1])nd34:0.1276359879116556[&state=1])nd32:0.26787561981817787[&state=1])nd25:0.4017976831651679[&state=1],nd26:1.1767600511037677[&state=7])nd18:0.954615859082351[&state=48])nd8:1.6946009346903945[&state=6])nd5:0.03766945256168431[&state=6],(nd15:2.3529850362805185[&state=50],nd16:2.3529850362805185[&state=6])nd6:1.510661261157679[&state=6])nd2:0.7275981275997506[&state=6])root:0.0[&state=6];
