sample	replicate	trs
1	1	(((((nd15:10.55742132264279[&state=6],(((nd51:1.1660355293189004[&state=6],nd52:1.1660355293189004[&state=6]):6.367672499111962[&state=6],nd28:7.533708028430863[&state=6]):0.39200641900272776[&state=6],(nd37:5.637072217922717[&state=6],((nd49:1.5350009987452342[&state=6],nd50:1.2482755753026145[&state=6]):3.139648501512054[&state=6],(nd45:3.7343187786273435[&state=6],nd46:3.7343187786273435[&state=6]):0.9403307216299442[&state=6]):0.9624227176654289[&state=6]):2.2886422295108733[&state=6]):2.6317068752092023[&state=6]):3.7130982592900597[&state=6],((nd21:3.4040847300452235[&state=6],nd22:3.466826225057909[&state=6]):0.44329039200483666[&state=6],(nd39:4.698504472617385[&state=6],nd40:4.698504472617385[&state=6]):4.818341087702176[&state=6]):4.753674021613291[&state=6]):3.3576458693902747[&state=6],((nd17:9.589216213719343[&state=6],(nd29:0.5371637384148308[&state=6],nd30:7.289572688282687[&state=6]):2.299643525436658[&state=6]):6.649802659485898[&state=6],(((nd47:3.6651480801306877[&state=6],nd48:1.0792220922252453[&state=6]):9.547422100516753[&state=6],(((nd31:6.278512975238233[&state=6],nd32:3.65440470402278[&state=6]):2.342107202474757[&state=6],(nd53:0.9048685412826674[&state=6],nd54:0.9048685412826674[&state=6]):7.715751636430321[&state=6]):3.1766325626471943[&state=6],((nd35:5.742242103978858[&state=6],(nd43:1.6861018562288768[&state=6],nd44:3.8396905037492703[&state=6]):1.9025516002295881[&state=6]):0.08274316170968998[&state=6],nd34:0.9299527590493275[&state=6]):5.972267474671637[&state=6]):1.4153174402872553[&state=6]):0.4482802513870659[&state=6],nd10:13.660850432034504[&state=6]):2.578168441170737[&state=6]):1.3891465781178842[&state=6]):2.9974354815745365[&state=6],nd2:2.1129794480052846[&state=0]):0.6084990671023344[&state=22]):0.0[&state=22];
