sample	replicate	trs
1	1	((((nd25:2.277025509079707[&state=0],(nd35:0.89928551555042[&state=0],nd36:0.89928551555042[&state=13])nd26:1.3777399935292867[&state=0])nd19:2.675130415995783[&state=0],((nd39:0.4577757500158486[&state=0],nd40:0.4577757500158486[&state=0])nd33:0.9895454536960464[&state=0],nd34:1.447321203711895[&state=0])nd20:3.5048347213635944[&state=0])nd5:10.427358167428999[&state=0],((nd17:5.689026121429717[&state=6],((nd41:0.17890591509847975[&state=6],nd42:0.17890591509847975[&state=6])nd27:1.83173639802032[&state=6],(nd37:0.7615642378180401[&state=6],nd38:0.7615642378180401[&state=22])nd28:1.24907807530076[&state=22])nd18:3.6783838083109175[&state=6])nd9:9.231794938400157[&state=6],(nd11:14.059761316530635[&state=0],(nd15:6.857673319454551[&state=0],(nd29:1.5627843871096705[&state=0],(nd31:1.5363742289593114[&state=0],nd32:1.5363742289593114[&state=0])nd30:0.026410158150359166[&state=0])nd23:5.294888932344879[&state=0])nd12:7.202087997076086[&state=0])nd10:0.8610597432992374[&state=0])nd6:0.4586930326746136[&state=22])nd4:6.333567350123812[&state=22],(nd13:7.4798464357449665[&state=0],(nd21:4.865331623053795[&state=0],nd22:4.865331623053795[&state=0])nd14:2.6145148126911706[&state=0])nd8:14.233235006883334[&state=0])root:0.0[&state=22];
