sample	replicate	trs
1	1	(((((nd33:0.6458003461611029[&state=7],(nd35:0.41740410707670783[&state=7],nd36:0.41740410707670783[&state=0])nd34:0.22839623908439527[&state=28])nd21:0.4771849350911384[&state=0],nd22:1.1229852812522414[&state=8])nd15:0.4852954155768365[&state=0],(nd43:0.07503984761535071[&state=28],nd44:0.07503984761535071[&state=1])nd16:1.5332408492137273[&state=28])nd5:2.178798873327933[&state=7],(nd7:3.6979569551707603[&state=7],((nd41:0.12344747380643865[&state=2],nd42:0.12344747380643865[&state=28])nd9:3.077786378082366[&state=28],(((nd39:0.17170728931015675[&state=2],nd40:0.17170728931015675[&state=28])nd25:0.7596505701924557[&state=28],nd26:0.9313578595026123[&state=7])nd17:0.6725498187866841[&state=28],(nd30:1.186038573669497[&state=7],(((nd31:0.6776186865768846[&state=28],(nd37:0.19848145222531943[&state=2],nd38:0.19848145222531943[&state=2])nd32:0.4791372343515654[&state=2])nd27:0.08577522353322513[&state=9],nd28:0.7633939101101098[&state=1])nd23:0.2522518035713501[&state=1],nd24:1.0156457136814598[&state=7])nd20:0.17039285998803705[&state=1])nd18:0.4178691046197996[&state=7])nd12:1.5973261735995083[&state=7])nd8:0.4967231032819559[&state=48])nd6:0.08912261498624979[&state=22])nd1:0.7227470801976511[&state=22],(nd14:4.48142245263265[&state=6],nd4:4.48142245263265[&state=6])nd2:0.02840419772201201[&state=6])root:0.0[&state=6];
