sample	replicate	trs
1	1	((((((nd17:1.4449512533195572,nd18:1.4449512533195572)nd13:1.7482755237935959,((nd23:0.24978150263664967,(nd31:0.07953964322305346,nd32:0.07953964322305346)nd24:0.17024185941359635)nd21:0.36165303837238544,((nd33:0.051189697720509575,nd34:0.051189697720509575)nd27:0.15081487228587012,nd28:0.20200457000637964)nd22:0.4094299710026555)nd14:2.581792236104121)nd7:1.71077877905737,(((nd25:0.21935090816846203,nd26:0.21935090816846203)nd19:0.887411127366164,nd20:1.106762035534627)nd15:1.4560129977775973,(nd29:0.09813663365462386,nd30:0.09813663365462386)nd16:2.464638399657598)nd8:2.3412305228583006)nd3:2.7527036266574525,(nd5:2.0814863932322414,nd6:0.5593244672243406)nd4:2.355909321983339)nd1:2.041885982753543,((nd11:3.8343954553383544,nd12:0.47860703701125507)nd9:0.007724498120715145,nd10:3.8421199534590693)nd2:5.856475212122449)root:1.768904834418497)origin:0.0;
