sample	replicate	trs
1	1	((((nd17:1.045310586105711[&state=0],nd18:1.045310586105711[&state=1])nd9:0.21743449814936539[&state=7],(nd11:1.2564391324982065[&state=28],((nd23:0.26510766797455587[&state=7],nd24:0.26510766797455587[&state=8])nd19:0.6693271971738847[&state=28],(nd27:0.18367642726945282[&state=7],nd28:0.18367642726945282[&state=6])nd20:0.7507584378789878[&state=48])nd12:0.322004267349766[&state=7])nd10:0.006305951756869767[&state=0])nd5:0.6022226541973575[&state=7],((nd29:0.17813867709992032[&state=28],nd30:0.17813867709992032[&state=1])nd13:1.0083203632830924[&state=28],(nd25:0.23572074037447097[&state=0],nd26:0.23572074037447097[&state=28])nd14:0.9507383000085416[&state=28])nd6:0.6785086980694214[&state=1])nd3:0.2227005739782897[&state=1],(nd7:1.498687726650279[&state=0],(nd15:1.059083405667413[&state=28],(nd21:0.7120260700693726[&state=7],nd22:0.7120260700693726[&state=9])nd16:0.3470573355980403[&state=7])nd8:0.43960432098286645[&state=7])nd4:0.5889805857804442[&state=7])nd1:0.0[&state=7];
