sample	replicate	trs
1	1	(((((((nd79:0.12647938218492716,nd80:0.12647938218492716)nd77:0.14141687352549925,nd78:0.2678962557104264)nd65:0.8077587718263538,nd66:1.0756550275367802)nd45:4.020132272321426,nd50:5.095787299858207)nd38:1.7430992944061194,(nd69:0.5968745446487291,((nd73:0.48795495701006175,nd74:0.48795495701006175)nd71:0.021479536123520288,nd72:0.5094344931335821)nd70:0.087440051515147)nd42:6.242012049615597)nd29:0.6323807977819079,((((nd81:0.04251786753170467,nd82:0.04251786753170467)nd75:0.2685979067923413,nd76:0.31111577432404597)nd53:2.933651159506327,nd54:3.2447669338303737)nd47:0.2597449991521691,(nd51:3.3361502092415676,nd52:3.3361502092415676)nd48:0.16836172374097594)nd30:3.966755459063691)nd27:1.7507106956129002,((nd57:2.4401232706735994,(nd59:2.149556475210427,nd61:2.149556475210427)nd58:0.2905667954631724)nd33:3.9091382232490717,(nd55:2.67007374346757,(nd67:1.0218964948194869,nd68:1.0218964948194869)nd56:1.648177248648082)nd44:3.6791877504551023)nd28:2.872716593736463)nd26:0.0;
