sample	replicate	trs
1	1	((nd9:1.191026882711387[&state=6],((nd35:0.17725600351729537[&state=7],nd36:0.17725600351729537[&state=1])nd11:0.7544711554423675[&state=7],(((nd33:0.21418529530828112[&state=1],nd34:0.21418529530828112[&state=0])nd25:0.39251224087643444[&state=7],((nd29:0.5211077230000833[&state=0],nd30:0.5211077230000833[&state=7])nd27:0.016078868928029896[&state=0],nd32:0.5371865919281131[&state=0])nd24:0.06951094425660242[&state=0])nd13:0.32468960827321164[&state=7],(nd21:0.6481689898653765[&state=7],(nd41:0.07302567786168868[&state=1],nd42:0.07302567786168868[&state=7])nd22:0.5751433120036878[&state=7])nd14:0.2832181545925506[&state=7])nd12:0.00034001450173573724[&state=0])nd10:0.25929972375172405[&state=0])nd7:0.065956217058676[&state=22],(nd15:0.7953583641022702[&state=7],(((nd37:0.16366685132153033[&state=7],nd38:0.16366685132153033[&state=7])nd19:0.49822893366885196[&state=7],(nd39:0.12188498103065162[&state=1],nd40:0.12188498103065162[&state=1])nd20:0.5400108039597307[&state=1])nd17:0.07723610347129127[&state=7],(nd43:0.06535559446367865[&state=0],nd44:0.06535559446367865[&state=0])nd18:0.6737762939979948[&state=0])nd16:0.05622647564059679[&state=0])nd8:0.46162473566779266[&state=7])nd6:0.0[&state=22];
