sample	replicate	trs
1	1	(((nd22:3.8995827480581937[&state=49],nd21:3.8995827480581946[&state=55])nd6:5.7686834360887485[&state=5],((((((nd36:0.3690931936115148[&state=30],(nd40:0.2965443498664333[&state=1],nd41:0.2965443498664333[&state=36])nd37:0.07254884374508157[&state=33])nd34:0.060220971218606215[&state=61],nd35:0.4293141648301211[&state=15])nd28:0.43228289679435383[&state=61],nd29:0.8615970616244751[&state=45])nd24:0.8079576240592595[&state=45],nd25:1.6695546856837342[&state=17])nd16:3.9597405776710835[&state=49],(((nd38:0.3064726047429751[&state=55],nd39:0.3064726047429751[&state=30])nd32:0.1230803540617032[&state=40],nd33:0.42955295880467825[&state=5])nd26:0.8711265322169063[&state=40],nd27:1.3006794910215844[&state=3])nd17:4.328615772333233[&state=5])nd10:2.7676356488700886[&state=31],((nd42:0.08451197516343398[&state=27],nd43:0.08451197516343398[&state=3])nd30:0.534190524983094[&state=24],nd31:0.6187025001465282[&state=49])nd14:7.778228412078378[&state=49])nd7:1.2713352719220374[&state=16])nd2:3.0674998375204585[&state=16],(nd44:0.04269951531588731[&state=61],nd45:0.04269951531588731[&state=15])nd9:12.693066506351517[&state=61])root:0.0[&state=16];
