sample	replicate	trs
1	1	(((((((nd47:5.06446394660012[&state=1],nd48:5.06446394660012[&state=1]):1.265318480530557[&state=1],((nd69:0.11405033581418206[&state=1],nd70:0.11405033581418206[&state=1]):1.2516427782226085[&state=1],nd62:1.3656931140367905[&state=1]):4.964089313093886[&state=1]):5.0134246960680855[&state=1],nd30:3.353924466776001[&state=0]):4.421686516218109[&state=0],(nd11:2.8143045631462287[&state=0],((nd51:4.339177475159146[&state=0],nd52:1.934556833448564[&state=0]):8.763596273760982[&state=0],nd16:13.102773748920127[&state=0]):0.2603798868265715[&state=0]):2.4017400036701733[&state=0]):2.434992860212854[&state=0],(((nd27:1.5854559893756686[&state=0],((((nd53:3.545950876997275[&state=0],nd54:3.545950876997275[&state=0]):1.2233204842088636[&state=0],(nd57:2.2083745067956633[&state=0],nd58:2.7577066349303268[&state=0]):1.8501237893809346[&state=0]):2.5237798764147548[&state=0],(nd59:2.0657114327806325[&state=0],nd60:2.0657114327806325[&state=0]):5.22733980484026[&state=0]):0.6625367821885891[&state=0],nd42:1.024225102543705[&state=0]):3.929250686228864[&state=0]):1.3063750848786488[&state=0],(nd23:12.55589923858199[&state=0],((nd33:0.7904267788052256[&state=0],nd34:10.199338250863647[&state=0]):0.4956311121166682[&state=0],nd32:0.3658585414250747[&state=0]):1.86092987560167[&state=0]):0.6353145523350064[&state=0]):0.3419621875961949[&state=7],((((nd67:0.20861701719311732[&state=0],nd68:0.20861701719311732[&state=0]):12.482622862949425[&state=0],nd22:0.660732703770972[&state=0]):0.024880816325527164[&state=0],nd20:0.4496083511692078[&state=0]):0.27958270571163174[&state=0],(nd25:2.5639366882120767[&state=0],nd26:12.121081834901812[&state=1]):0.8746215672778865[&state=0]):0.5374725763334913[&state=0]):4.666710521116535[&state=7]):2.405572187255709[&state=0],((nd35:10.069687929290374[&state=0],nd36:1.8507766242136858[&state=0]):4.112127391928256[&state=0],(nd37:9.617597618440813[&state=0],(nd39:6.05127377770491[&state=0],((nd63:0.7154114078502374[&state=0],nd64:0.7154114078502374[&state=0]):2.2305924204552365[&state=0],(nd65:0.4407240839431133[&state=0],nd66:0.4407240839431133[&state=0]):2.5052797443623605[&state=0]):5.43756879510035[&state=0]):1.2340249950349913[&state=0]):4.564217702777818[&state=0]):6.423643365666801[&state=0]):0.26804131311456536[&state=22]):0.0[&state=22];
