sample	replicate	trs
1	1	((nd4:11.548329356831449[&state=0],(nd24:3.885485242136759[&state=24],nd25:3.885485242136759[&state=23])nd5:7.662844114694677[&state=16])nd2:0.9593148260917479[&state=16],((((nd28:2.8200998996660047[&state=21],nd29:2.8200998996660047[&state=0])nd22:1.0970111637598485[&state=0],(nd32:2.7192588537259494[&state=33],(nd40:0.19485574098803748[&state=0],nd41:0.19485574098803748[&state=1])nd33:2.524403112737912[&state=21])nd23:1.1978522096999031[&state=8])nd13:6.967533104846337[&state=6],(((nd38:0.9352080392132818[&state=0],nd39:0.9352080392132818[&state=24])nd34:0.647466126173713[&state=7],nd35:1.5826741653869956[&state=0])nd26:1.5347471990545858[&state=6],nd30:3.117421364441581[&state=36])nd9:7.767222803830611[&state=5])nd6:0.04857430905089111[&state=16],(nd18:4.75150324128875[&state=0],(nd36:1.1384313258824168[&state=19],nd37:1.1384313258824168[&state=34])nd17:3.6130719154063358[&state=8])nd11:6.181715236034329[&state=16])nd3:1.574425705600101[&state=16])root:0.0[&state=16];
