sample	replicate	trs
1	1	((((((nd23:3.9875720495942777[&state=2],(nd25:2.80221584292866[&state=2],nd26:3.8380811875216687[&state=77]):0.1494908620726092[&state=2]):0.2115945403973171[&state=2],(nd29:2.2819994518803357[&state=2],(nd39:0.17336314370758948[&state=3],nd40:1.088646020358965[&state=3]):1.1933534315213707[&state=3]):1.9171671381112594[&state=12]):0.18001460581408746[&state=2],((nd37:1.1434881431240511[&state=3],nd38:1.1434881431240511[&state=16]):3.142228434045695[&state=3],((nd27:2.2930294174198376[&state=2],(nd31:2.229674723605333[&state=2],nd32:1.3061403611072964[&state=2]):0.06335469381450481[&state=2]):1.903697453698085[&state=2],(nd45:0.2827988944596451[&state=2],nd46:0.2827988944596451[&state=20]):3.913927976658277[&state=43]):0.08898970605182323[&state=2]):0.09346461863593625[&state=2]):2.3357590306600517[&state=2],nd10:2.392350811447289[&state=1]):2.4303711474390473[&state=1],(((nd7:3.1717064776769957[&state=1],(nd13:1.7860651070868752[&state=1],nd14:0.051507045067832206[&state=1]):1.3901670237877262[&state=1]):0.825597221360653[&state=1],(nd11:2.557172022945009[&state=1],(nd33:1.7438874586996593[&state=2],((nd41:0.9296089014158762[&state=4],nd42:0.9296089014158762[&state=4]):0.7780618109073208[&state=4],(nd43:0.31454663995645027[&state=2],(nd47:0.19393398245431243[&state=5],nd48:0.19393398245431243[&state=5]):0.12061265750213782[&state=5]):1.3931240723667468[&state=19]):0.036216746376462355[&state=2]):4.589440220190009[&state=2]):1.5866701912071453[&state=1]):0.3103181729211094[&state=1],nd4:2.848430605351377[&state=1]):0.9149953308868575[&state=7]):4.831988626095221[&state=7]):0.0[&state=0];
