sample	replicate	trs
1	1	((((((nd95:0.3609728255141722[&state=86],nd96:0.3609728255141722[&state=1])nd83:0.3888216072626583[&state=36],(nd107:0.17889032109605954[&state=33],nd108:0.17889032109605954[&state=25])nd84:0.5709041116807712[&state=64])nd67:0.467830435459499[&state=12],(nd117:0.03429837224333459[&state=6],nd118:0.03429837224333459[&state=57])nd68:1.183326495992995[&state=57])nd55:0.4617726315388954[&state=12],(nd59:1.6187397596642827[&state=37],nd69:1.6187397596642823[&state=3])nd56:0.0606577401109427[&state=29])nd27:1.7988516662835616[&state=29],(((nd61:1.5607802638637636[&state=6],(((nd111:0.09960937517051674[&state=1],nd112:0.09960937517051674[&state=23])nd91:0.33862338411735926[&state=23],((nd103:0.30989399688799163[&state=1],nd104:0.30989399688799163[&state=23])nd93:0.0661052503453996[&state=1],nd94:0.3759992472333913[&state=1])nd92:0.062233512054484616[&state=1])nd77:0.47384393573959377[&state=23],(nd81:0.8362277612110532[&state=1],(nd89:0.4661605397085571[&state=22],(nd109:0.11853440815530245[&state=0],nd110:0.11853440815530245[&state=0])nd90:0.3476261315532547[&state=0])nd82:0.3700672215024957[&state=22])nd78:0.07584893381641697[&state=50])nd62:0.6487035688362935[&state=50])nd51:0.3879751438330403[&state=24],nd52:1.9487554076968039[&state=2])nd45:0.46342239269640717[&state=2],((nd101:0.31741651470212895[&state=2],nd102:0.31741651470212895[&state=55])nd98:1.1217769870972696[&state=9],nd66:1.4391935017993989[&state=52])nd46:0.9729842985938121[&state=8])nd43:1.066071365665576[&state=28])nd9:3.212214827016017[&state=9],(((nd73:1.0544759613559032[&state=16],(nd85:0.7485599459265863[&state=12],nd86:0.7485599459265863[&state=6])nd74:0.30591601542931707[&state=2])nd57:0.5884444247665662[&state=12],(nd113:0.06825120287157976[&state=2],nd114:0.06825120287157976[&state=56])nd58:1.57466918325089[&state=56])nd34:2.9626883813850493[&state=2],(((nd99:0.3355136942670355[&state=0],nd115:0.33551369426703553[&state=3])nd87:0.2884185701815058[&state=10],(nd105:0.207401917639617[&state=22],nd106:0.207401917639617[&state=26])nd88:0.4165303468089242[&state=22])nd38:3.901265648183008[&state=29],(nd71:2.0234934046122426[&state=12],nd48:2.023493404612243[&state=31])nd36:2.5017045080193077[&state=2])nd24:0.08041085487596723[&state=1])nd6:2.0848552255672863[&state=1])root:0.0[&state=1];
