sample	replicate	trs
1	1	(((((nd55:0.2303553368065295[&state=5],(nd59:0.039104314408087947[&state=5],nd60:0.039104314408087947[&state=5])nd56:0.19125102239844155[&state=5])nd53:0.10359563547893205[&state=5],nd54:0.33395097228546156[&state=19])nd39:1.2384826448824784[&state=19],nd40:1.57243361716794[&state=2])nd19:1.1554862599599318[&state=2],((nd45:1.111814197345991[&state=2],nd46:1.111814197345991[&state=2])nd32:1.5040690544996445[&state=2],nd22:2.6158832518456343[&state=2])nd20:0.1120366252822372[&state=2])nd9:1.505523889776633[&state=2],((nd7:3.92176664581353[&state=19],(((nd30:2.737277392461856[&state=2],(nd35:1.8464342182115694[&state=3],(nd43:1.1738286586421087[&state=21],nd44:1.1738286586421087[&state=37])nd36:0.6726055595694608[&state=37])nd18:0.8908431742502869[&state=12])nd15:0.44240407804575044[&state=12],nd16:3.179681470507606[&state=2])nd13:0.0321616551033659[&state=2],((nd41:1.4405214328154237[&state=43],nd42:1.4405214328154237[&state=2])nd23:1.0990750863538554[&state=2],nd27:2.5395965191692786[&state=2])nd14:0.6722466064416934[&state=2])nd8:0.7099235202025584[&state=2])nd3:0.10282075080356148[&state=2],((nd11:3.5268729485478922[&state=2],((((nd51:0.5341977215331631[&state=4],nd52:0.5341977215331631[&state=4])nd49:0.20300674006295444[&state=4],nd50:0.7372044615961176[&state=2])nd33:1.4329222615317612[&state=15],(nd57:0.08783830682904906[&state=2],nd58:0.08783830682904906[&state=15])nd34:2.0822884162988293[&state=15])nd25:0.35805444814666065[&state=2],nd26:2.528181171274539[&state=43])nd12:0.9986917772733535[&state=2])nd5:0.4828355699241338[&state=2],(nd47:0.783909405849093[&state=19],nd48:0.783909405849093[&state=2])nd6:3.225799112622933[&state=2])nd4:0.014878878145065767[&state=2])nd2:0.2088563702874126[&state=2])root:0.0[&state=2];
