sample	replicate	trs
1	1	((nd1:1.6281233307993976[&state=0],((nd5:0.15304351696264976[&state=6],(nd7:4.473505293608252[&state=1],((nd11:0.04374181911475981[&state=4],(nd13:0.10259579172169386[&state=4],(((((nd25:0.07684417794221271[&state=4],((((nd37:0.028085844424193335[&state=4],nd38:0.028085844424193335[&state=4]):0.01212428045124636[&state=4],nd34:0.04021012487543969[&state=4]):0.00415122169071675[&state=4],nd30:0.04436134656615644[&state=4]):0.016814311499672455[&state=4],(nd39:0.02566092669010381[&state=4],nd40:0.02566092669010381[&state=4]):0.035514731375725084[&state=4]):0.015668519876383805[&state=4]):0.02308752416373666[&state=4],((nd35:0.02965828480187155[&state=4],nd36:0.02965828480187155[&state=4]):0.01145241238112093[&state=4],(nd41:0.020371103243927668[&state=4],nd42:0.020371103243927668[&state=4]):0.020739593939064813[&state=4]):0.05882100492295689[&state=4]):0.06535205576955952[&state=15],((nd43:0.002768018025335949[&state=4],nd44:0.002768018025335949[&state=4]):0.15069328198351334[&state=4],nd22:0.15346130000884928[&state=6]):0.011822457866659577[&state=4]):0.008001465085009712[&state=4],nd18:0.17328522296051854[&state=6]):0.4393995792712333[&state=26],nd16:0.6126848022317521[&state=0]):0.06951296085078384[&state=33]):0.009600561220705796[&state=107]):2.347020482560727[&state=107],nd10:0.40774355916888283[&state=6]):1.4346864867442835[&state=6]):0.8568126579323753[&state=6]):0.7315548068774775[&state=6],nd4:1.171384501355495[&state=6]):2.7657857601637126[&state=6]):0.12205148141818453[&state=22]):0.0[&state=22];
