sample	replicate	trs
1	1	(((nd13:0.9744168790938827[&state=0],nd14:2.85793599441562[&state=6]):1.8345447764857274[&state=22],(((nd17:2.12979255799891[&state=28],(nd27:0.3281474433646991[&state=2],nd28:0.3281474433646991[&state=50]):1.8016451146342105[&state=50]):1.536088570863047[&state=48],(nd9:3.4624644801839723[&state=78],nd10:3.4624644801839723[&state=28]):0.20341664867798398[&state=0]):0.9041233030821787[&state=0],(((nd23:0.72592104410701[&state=78],((nd29:0.11388521300429107[&state=0],nd30:0.11388521300429107[&state=9]):0.25375218807148914[&state=7],(nd31:0.07230368603296805[&state=9],nd32:0.07230368603296805[&state=9]):0.29533371504281214[&state=9]):0.3582836430312299[&state=28]):2.600836562017612[&state=7],nd12:3.3267576061246222[&state=8]):0.15145548615078017[&state=0],(nd15:2.1989675189066955[&state=6],(nd19:1.6121122693833285[&state=1],(nd21:1.4340012628471286[&state=9],nd22:1.4340012628471286[&state=28]):0.1781110065361999[&state=7]):0.5868552495233663[&state=7]):1.279245573368708[&state=48]):1.0917913396687322[&state=0]):0.12247633895721295[&state=0]):0.9318992290986502[&state=22]):0.0[&state=22];
