sample	replicate	trs
1	1	((((nd29:0.3086245964627132[&state=6],nd30:0.3086245964627132[&state=30])nd11:1.3326982692673472[&state=78],(nd33:0.1497558665708004[&state=81],nd34:0.1497558665708004[&state=29])nd12:1.49156699915926[&state=104])nd7:4.662356849966779[&state=28],nd17:6.3036797156968385[&state=6])nd1:0.6945401661755775[&state=22],(((nd27:0.5067212833384399[&state=63],(nd31:0.24168842931325546[&state=8],nd32:0.24168842931325546[&state=1])nd28:0.26503285402518445[&state=31])nd15:1.0803254857704094[&state=63],((nd25:0.571637508662997[&state=31],(nd35:0.09707179244118885[&state=7],nd36:0.09707179244118885[&state=28])nd26:0.47456571622180793[&state=28])nd19:0.5092947104941715[&state=63],(nd21:1.0608142969343388[&state=28],(nd23:0.704801247114174[&state=63],nd24:0.704801247114174[&state=29])nd22:0.3560130498201643[&state=63])nd20:0.020117922222829848[&state=63])nd16:0.5061145499516811[&state=28])nd9:5.3330194496317205[&state=9],(nd13:1.6386661179891029[&state=30],nd14:1.6386661179891029[&state=78])nd4:5.281400100751466[&state=0])nd2:0.07815366313184796[&state=0])root:0.0[&state=22];
