sample	replicate	trs
1	1	(((((nd132:0.08475137952578607,nd133:0.08475137952578607)nd106:0.5292694810625372,nd107:0.6140208605883234)nd57:3.942176903393028,(((nd120:0.2900599113710813,(nd130:0.10282581281764172,nd131:0.10282581281764172)nd121:0.18723409855343953)nd72:1.9217741438870835,nd73:2.2118340552581643)nd44:2.209440843461535,((nd112:0.5796099226963028,nd113:0.5796099226963028)nd86:0.8141669725102598,nd87:1.393776895206562)nd83:3.0274980035131365)nd35:0.13492286526165198)nd16:2.6711001084832557,(((((nd116:0.44145963372770347,nd117:0.44145963372770347)nd52:3.063926732840107,nd53:3.5053863665678104)nd46:0.24138728303480608,((nd78:1.730684966429285,nd79:1.730684966429285)nd50:1.776121054396069,((((nd110:0.5947735925103268,(nd128:0.11750738548108974,nd129:0.11750738548108974)nd111:0.477266207029237)nd102:0.10195647997000216,((nd136:0.07137317684785395,nd137:0.07137317684785395)nd122:0.17924046418470935,((nd126:0.1869344300204098,nd127:0.1869344300204098)nd124:0.03816285800441682,(nd138:0.064746935887462,nd139:0.064746935887462)nd125:0.16035035213736465)nd123:0.025516353007736664)nd103:0.44611643144776564)nd58:2.596532229651166,((nd94:0.9125165327563444,nd95:0.9125165327563444)nd84:0.49297765997012477,nd85:1.4054941927264684)nd59:1.887768109405026)nd54:0.17481790479331408,(((nd88:1.309306735739465,(nd108:0.6088599630870943,nd109:0.6088599630870943)nd89:0.7004467726523713)nd74:0.7484506006349134,nd75:2.057757336374379)nd62:0.693858100044883,nd99:2.751615436419262)nd55:0.7164647705055468)nd51:0.038725813900545414)nd47:0.23996762877726246)nd30:2.0741865754249496,((((nd134:0.08023214402325043,nd135:0.08023214402325043)nd104:0.5372705302947824,nd105:0.617502674318033)nd96:0.2549567797113385,(nd100:0.8122506622826106,nd119:0.8122506622826102)nd97:0.060208791746761005)nd48:2.6833805240886064,nd49:3.5558399781179766)nd25:2.2651202469095892)nd10:1.2599757494281882,(nd140:0.01697696125979891,nd141:0.01697696125979891)nd40:7.063959013195955)nd9:0.14636189800885313)nd4:1.7592150997590903,((nd76:1.7385875857003381,(nd90:1.1766231129777014,(nd114:0.4613084371383861,nd115:0.4613084371383861)nd91:0.7153146758393157)nd77:0.5619644727226364)nd65:4.167795875761898,(nd92:5.309689826886466,nd37:5.309689826886464)nd21:0.5966936345757705)nd14:3.080129510761463)nd2:0.0;
