sample	replicate	trs
1	1	(nd73:15.652880573253672[&state=0],(((nd93:1.4789763979931105[&state=0],nd91:1.4789763979931108[&state=0])nd66:1.3407795864718068[&state=0],(((nd116:0.16410421271009487[&state=0],nd117:0.16410421271009487[&state=0])nd112:0.4359375405839423[&state=0],(nd114:0.278967390842794[&state=0],nd115:0.278967390842794[&state=0])nd113:0.3210743624512432[&state=0])nd94:0.5828329240850739[&state=0],((nd108:0.8328305785586[&state=0],nd111:0.8328305785586[&state=0])nd106:0.014523915215005588[&state=0],nd107:0.8473544937736056[&state=0])nd99:0.3355201836055056[&state=0])nd79:1.6368813070858064[&state=0])nd55:6.886462613866015[&state=0],(((nd86:1.5309191481545077[&state=0],nd87:1.5309191481545077[&state=0])nd60:2.3230509214241257[&state=0],nd103:3.8539700695786343[&state=0])nd52:5.837002113906185[&state=0],((nd64:3.3087146143794706[&state=0],((nd120:0.00037510753525990537[&state=0],nd121:0.00037510753525990537[&state=0])nd68:2.8042128873570573[&state=0],((nd96:1.1390325840975215[&state=0],nd97:1.1390325840975215[&state=0])nd88:0.3756698457080132[&state=0],nd89:1.514702429805535[&state=0])nd76:1.2898855650867835[&state=0])nd65:0.504126619487153[&state=0])nd62:0.007935250140554295[&state=0],((nd118:0.07812336014516029[&state=0],nd119:0.07812336014516029[&state=0])nd100:0.9185746863821013[&state=0],(nd104:0.8822767399466779[&state=0],nd105:0.8822767399466779[&state=0])nd101:0.11442130658058369[&state=0])nd84:2.319951817992764[&state=0])nd43:6.374322318964793[&state=0])nd39:0.015246414846114992[&state=0])nd35:5.9466619749227405[&state=0])nd3:0.0[&state=16];
