sample	replicate	trs
1	1	((((nd53:0.8962328311921935[&state=8],((nd77:0.3099439410764365[&state=9],nd78:0.3099439410764365[&state=0])nd67:0.25074211528663515[&state=7],(nd83:0.14466404280740489[&state=1],nd84:0.14466404280740489[&state=1])nd68:0.4160220135556668[&state=1])nd54:0.3355467748291216[&state=1])nd41:0.30740541371528685[&state=7],((nd89:0.02983328058160022[&state=0],nd90:0.02983328058160022[&state=1])nd65:0.8576170893200141[&state=7],nd63:0.8874503699016141[&state=0])nd42:0.31618787500586626[&state=51])nd21:1.80644491268373[&state=79],((nd49:1.0695346637114997[&state=28],nd50:1.0695346637114997[&state=1])nd45:0.0800172406774519[&state=104],(nd61:0.6816172933512156[&state=52],nd62:0.6816172933512156[&state=6])nd46:0.4679346110377361[&state=10])nd22:1.860531253202259[&state=104])nd3:4.6925556853864085[&state=78],((((nd35:1.5359797923346696[&state=78],(((nd75:0.3957466540155029[&state=22],nd76:0.3957466540155029[&state=0])nd51:0.6303685372563493[&state=0],nd52:1.0261151912718522[&state=28])nd37:0.4940202298720439[&state=0],((nd85:0.10835222824820873[&state=6],nd86:0.10835222824820873[&state=6])nd47:1.0139437391427246[&state=6],((nd80:0.5575137821773046[&state=51],(nd71:0.5372625595116196[&state=2],nd72:0.5372625595116196[&state=0])nd70:0.020251222665684895[&state=12])nd59:0.22553416815013755[&state=12],(nd73:0.4637679087367962[&state=3],(nd87:0.04399349392623011[&state=2],nd88:0.04399349392623011[&state=6])nd74:0.4197744148105661[&state=24])nd60:0.3192800415906462[&state=12])nd48:0.33924801706349106[&state=8])nd38:0.3978394537529627[&state=49])nd36:0.01584437119077476[&state=49])nd27:0.6154005946435958[&state=49],nd32:2.1513803869782646[&state=9])nd17:3.9573109025773823[&state=6],nd16:6.108691289555648[&state=0])nd8:0.9774283063749036[&state=48],(((nd43:1.1523025974108454[&state=22],nd81:1.1523025974108454[&state=8])nd25:1.0798687203411237[&state=8],nd40:2.232171317751969[&state=78])nd19:2.286700653753882[&state=22],nd34:4.51887197150585[&state=8])nd6:2.567247624424702[&state=22])nd2:0.616519247047065[&state=0])root:0.0[&state=0];
