sample	replicate	trs
1	1	(((nd29:1.1586205486291217,(nd35:0.47077866177668876,nd36:0.47077866177668876)nd30:0.6878418868524336)nd9:5.452308661890827,((nd31:0.7659592764295932,nd32:0.7659592764295932)nd21:5.2262884757010655,((((nd33:0.49216496228983736,nd34:0.49216496228983736)nd23:2.536932711890966,((nd41:0.1611301808757723,nd42:0.1611301808757723)nd39:0.2937986335325666,nd40:0.45492881440833893)nd28:2.5741688597724655)nd19:1.3469410944551943,nd20:4.376038768635995)nd17:0.9455829414617254,(nd25:1.8490359022973366,nd26:1.8490359022973366)nd18:3.4725858078003866)nd14:0.6706260420329362)nd10:0.6186814583892893)nd8:3.533446415694004,(nd15:5.851252972068408,(nd37:0.4579473326822239,nd38:0.4579473326822239)nd16:5.393305639386185)nd6:4.293122654145545)nd3:0.0;
