sample	replicate	trs
1	1	((((((nd29:0.7856169119692415,nd30:0.7856169119692415)nd27:0.23178835689831992,nd28:1.0174052688675617)nd9:4.112729053295159,((nd31:0.7006222460673178,nd32:0.7006222460673178)nd13:3.0180071633358283,((nd23:1.94242246324783,nd24:1.94242246324783)nd15:1.3525577815838243,(nd21:2.0206314232276212,nd22:2.0206314232276212)nd16:1.274348821604033)nd14:0.4236491645714918)nd10:1.4115049127595745)nd7:0.1704642912847953,nd8:3.5725698953020766)nd1:1.0482961420142867,((((nd37:0.04295476372883433,nd38:0.04295476372883433)nd19:2.288302580245281,(nd25:1.702789864118945,nd26:1.702789864118945)nd20:0.6284674798551704)nd11:1.7399975958999017,(nd17:2.9217677535159146,((nd35:0.14940184255258876,nd36:0.14940184255258876)nd33:0.246962551074548,nd34:0.39636439362713677)nd18:2.5254033598887777)nd12:1.1494871863581027)nd3:1.992349302889275,(nd5:4.177626380521403,nd6:2.6469814653287713)nd4:0.7037321396512427)nd2:0.2852905126985109)root:1.3945552445381968)origin:0.0;
