sample	replicate	trs
1	1	(((((nd9:0.849429013620483,((((nd23:4.0038562872136625,nd24:4.0038562872136625)nd19:2.2230300351357255,(nd25:3.6748495824129566,nd26:3.6748495824129566)nd20:2.5520367399364305)nd17:0.06698459701265773,nd18:6.293870919362048)nd11:6.38832240349361,nd12:2.1028520077651076)nd10:2.5757708158105634)nd7:1.0351418612757017,nd8:9.08579723954037)nd3:2.442580454417123,(((nd29:2.4499240983780233,nd30:3.312299172567602)nd21:2.19845337942707,(nd31:1.0329396451601023,(nd35:0.49185995879450317,nd36:0.49185995879450317)nd32:0.9342421541545064)nd22:4.084650439045663)nd5:11.287264407584933,nd6:0.3786158841704311)nd4:1.937669494779437)nd1:2.9668102078055294,((nd33:0.655231380957412,(nd37:0.41165641592875335,nd38:0.41165641592875335)nd34:0.24357496502865864)nd13:10.21888265718,((nd27:3.6145187838000923,nd28:3.6145187838000923)nd15:3.0321664645020827,(nd39:0.30002245795068905,nd40:0.30002245795068905)nd16:6.3466627903514885)nd14:4.227428789835235)nd2:10.828382624027162)root:1.2448033378354304)origin:0.0;
