sample	replicate	trs
1	1	((((((nd11:4.5608447292942875,(nd13:1.0582414141424314,(nd19:5.443070957652587,(nd23:2.9957139543542204,(((nd61:1.4279912060683737,((nd65:0.8357068964589695,nd66:0.8357068964589695)nd63:0.2176507827787345,nd64:1.053357679237704)nd62:0.3746335268306697)nd51:2.807458150959982,nd52:4.235449357028355)nd45:1.3551986443615358,((nd55:3.605702848236424,nd56:1.7836271125568035)nd49:0.7669449915300185,nd50:4.372647839766443)nd46:1.2180001616234486)nd24:7.489842191005541)nd20:0.49937973789025064)nd14:0.7735267718275409)nd12:0.6063143455078446)nd9:0.34091799545625023,nd10:5.608370056351963)nd5:1.8710658828768656,(((nd25:9.370679681007482,((nd53:0.9348331258108062,nd54:3.730547202837914)nd29:8.295617961399282,(nd41:8.238922095947318,nd42:2.1357846543675936)nd30:3.7872430682898797)nd26:1.0529665256363931)nd21:0.010458831539266506,((nd43:2.316525703220459,(nd47:4.335935750338085,nd48:5.463785303612157)nd44:1.7802557480046985)nd27:5.338309404685811,(nd37:3.1038907138936827,nd38:3.700035100229928)nd28:3.051383027108648)nd22:0.5072400651101907)nd15:1.215146259628145,((nd67:0.2908971193569141,nd68:0.2908971193569141)nd31:9.826133538730963,((nd57:2.502551193610083,nd58:2.502551193610083)nd35:7.387532686347261,(nd39:2.8976453958176305,nd40:3.8092188523611896)nd36:1.0698595229468424)nd32:0.22694677813053243)nd16:4.187706122953128)nd6:2.866958144913181)nd3:2.531273152526925,(nd7:2.4546393405396882,((nd59:2.4204219555645725,nd60:2.4204219555645725)nd17:11.689231696011623,(nd33:0.050327583985503015,nd34:8.001628225617509)nd18:4.069948444544578)nd8:1.4444416624691185)nd4:4.148872764435793)nd1:2.6647785512145976,nd2:8.75092326478286)root:0.2529533703042959)origin:0.0;
