sample	replicate	trs
1	1	(nd1:6.111506000564195,((nd9:1.3853902246571017,(((((((nd111:0.16863601848947052,(nd135:0.12423503607156289,nd132:0.12423503607156287)nd112:0.044400982417907624)nd109:0.004276496095084302,(nd159:0.028556192719570796,nd160:0.028556192719570796)nd149:0.14435632186498398)nd75:0.2279551038818506,nd64:0.4008676184664055)nd54:0.05356219473420446,(((nd163:0.020084875941860342,nd164:0.020084875941860342)nd161:0.0006689554466110812,nd162:0.020753831388471422)nd116:0.36547226646455105,(nd108:0.28663727393467625,nd122:0.28663727393467625)nd72:0.09958882391834623)nd52:0.06820371534758739)nd37:0.34660015767842456,(((nd141:0.09473745010861974,nd142:0.09473745010861974)nd123:0.06481348892520501,((nd152:0.12889336471946014,(nd157:0.06191930677393874,nd154:0.06191930677393874)nd126:0.0669740579455214)nd117:0.017926928238671203,(nd139:0.09478799601495504,nd140:0.09478799601495504)nd118:0.05203229694317633)nd114:0.012730646075693384)nd83:0.11991472514378125,((nd165:0.0033421849974980718,nd166:0.0033421849974980718)nd156:0.12435290770872402,(nd145:0.08958368179010338,nd146:0.08958368179010338)nd144:0.038111410916118686)nd105:0.1517705714713839)nd43:0.5215643067014284)nd20:0.13062104193316496,(nd15:0.9292667855693889,((nd102:0.4571790439740652,(nd65:0.3992792466040436,(nd85:0.2585825823227693,(nd120:0.20491378194423565,nd100:0.2049137819442356)nd86:0.0536688003785338)nd74:0.1406966642812741)nd48:0.05789979737002166)nd39:0.10452875236774989,(nd128:0.4057819795188431,nd62:0.4057819795188432)nd60:0.15592581682297194)nd18:0.367558989227574)nd14:0.002384227242810302)nd11:0.07448761573690149,nd12:1.006138628549101)nd10:0.3792515961080005)nd7:1.4539078965161272,(nd35:0.6586420621232351,nd36:0.6586420621232351)nd6:2.1806560590499924)nd4:3.2722078793909652)root:0.0;
