sample	replicate	trs
1	1	(((nd37:0.024589935526043133[&state=6],nd38:0.024589935526043133[&state=6])nd9:4.640449932586044[&state=6],((nd19:1.7935188109973168[&state=6],nd20:1.7935188109973168[&state=6])nd17:0.024987830780100972[&state=6],((nd29:1.1107574722063553[&state=6],(nd33:0.295642378047491[&state=6],nd34:0.295642378047491[&state=26])nd30:0.8151150941588644[&state=26])nd25:0.4017063778221262[&state=6],(nd35:0.11781843560980623[&state=6],nd36:0.11781843560980623[&state=6])nd26:1.3946454144186755[&state=6])nd18:0.30604279174893606[&state=6])nd10:2.84653322633467[&state=6])nd6:3.3972172102239995[&state=6],((nd16:3.765359700577305[&state=2],(((nd32:1.158681452198641[&state=2],nd28:1.158681452198641[&state=24])nd23:0.3594816690155635[&state=2],nd24:1.5181631212142046[&state=8])nd21:0.02285003531800235[&state=2],nd22:1.541013156532207[&state=2])nd12:2.224346544045098[&state=2])nd7:2.3211301611975514[&state=24],nd8:6.086489861774857[&state=6])nd4:1.9757672165612308[&state=6])nd2:0.0[&state=6];
