sample	replicate	trs
1	1	(((nd31:2.8020743929562[&state=0],(nd27:2.6711053183401186[&state=0],(nd43:0.6812019158950897[&state=0],nd44:0.6812019158950897[&state=0])nd28:1.9899034024450288[&state=0])nd26:0.13096907461608157[&state=0])nd11:4.6991496066168175[&state=0],((nd21:6.208882503800948[&state=0],(nd37:1.8319179840818092[&state=0],nd38:1.8319179840818092[&state=0])nd16:4.376964519719138[&state=0])nd13:1.2828576174670325[&state=0],((nd29:2.3911273390470225[&state=0],(nd35:1.9501973477763122[&state=0],nd36:1.9501973477763122[&state=0])nd30:0.44092999127071025[&state=0])nd19:2.8062543854689745[&state=0],nd20:5.1973817245159974[&state=0])nd14:2.294358396751983[&state=0])nd12:0.009483878305036933[&state=0])nd1:8.05737882475217[&state=0],((nd17:5.687969276148124[&state=0],nd24:5.687969276148122[&state=0])nd7:4.546321664093276[&state=0],((nd39:1.1425461542545423[&state=1],(nd41:0.9290996975629799[&state=1],nd42:0.9290996975629799[&state=1])nd40:0.21344645669156234[&state=1])nd33:0.9132840799317288[&state=1],nd34:2.055830234186271[&state=1])nd10:8.178460706055128[&state=1])nd6:5.324311884083788[&state=7])root:0.0[&state=0];
