sample	replicate	trs
1	1	(((((((nd27:1.4474816721752877,((nd61:0.12656043955357943,nd62:0.12656043955357943)nd33:0.9597247872830696,nd34:1.0862852268366487)nd28:0.3611964453386396)nd19:0.9719186844044521,(((nd59:0.15397055884114624,nd60:0.15397055884114624)nd51:0.2043722892984292,nd52:0.3583428481395755)nd47:0.10300695227549826,(nd65:0.029628983293964996,nd66:0.029628983293964996)nd48:0.4317208171211087)nd20:1.9580505561646668)nd11:0.5867053791168341,nd12:0.3800763310010042)nd9:0.011411431174191532,((nd45:0.4626680999844944,nd46:0.4626680999844944)nd17:1.9877220609479338,((nd53:0.31200222149244344,nd54:0.31200222149244344)nd25:1.277422681611119,(nd41:0.4984184478960892,(nd57:0.21807906888839534,nd58:0.21807906888839534)nd42:0.28033937900769385)nd26:1.0910064552074725)nd18:0.8609652578288665)nd10:0.5671270059383376)nd5:1.1213500128437586,(((nd23:1.6701902391187327,(((nd67:0.02899767884231095,nd68:0.02899767884231095)nd63:0.05152680289106335,nd64:0.0805244817333743)nd35:0.7239377292679602,(nd37:0.7015888204736224,nd38:0.7015888204736224)nd36:0.10287339052771181)nd24:0.8657280281173995)nd13:1.1906205666252745,(nd21:1.915206842135181,nd22:0.44478850609250753)nd14:0.9456039636088259)nd7:1.008481619906382,((nd43:0.4933681663085479,(nd49:0.40408635149692534,nd50:0.40408635149692534)nd44:0.08928181481162273)nd29:0.9069570656147148,(nd31:1.145278505363893,nd32:1.145278505363893)nd30:0.2550467265593686)nd8:2.4689671937271274)nd6:0.26957475406413467)nd1:1.2365214737424985,((nd15:0.28518704836150943,((nd55:0.27588866562175557,nd56:0.27588866562175557)nd39:0.3996194407950285,nd40:0.6755081064167838)nd16:1.8972390338410903)nd3:1.861931597545783,nd4:0.6661813163670196)nd2:0.9407099156533659)root:0.44732134654298267)origin:0.0;
