sample	replicate	trs
1	1	((nd1:1.5114554852800783,(nd3:1.932441294409165,((nd7:1.8106293014763644,((((((((nd69:0.05994838554750061,nd70:0.05994838554750061)nd51:0.8093492011861918,nd52:0.8692975867336923)nd31:0.5575947356402743,(nd33:1.4031531387632314,nd34:1.4031531387632314)nd32:0.02373918361073497)nd19:0.5938883750897251,((nd27:1.6522605534572634,((nd37:0.0654521149228893,((nd47:0.4563909664638676,nd48:1.0181813842863634)nd39:0.1418363330210886,nd40:1.160017717307452)nd38:0.08537459774906359)nd29:0.2120017157539439,nd30:1.4573940308104598)nd28:0.19486652264680276)nd25:0.10766197100516695,((nd63:0.34151396254455907,nd64:0.34151396254455907)nd57:0.5207441558345157,nd58:0.12035583886381446)nd26:0.8976644060833547)nd20:0.26085817300126246)nd15:1.072513861675953,nd16:3.093294559139646)nd13:0.817391851068575,(nd53:0.8666460215757821,nd54:0.8666460215757821)nd14:3.0440403886324363)nd11:0.7208176195892637,(((nd73:0.02619568639162223,nd74:0.02619568639162223)nd67:0.11580956706514492,(nd75:0.02152271173377408,nd76:0.02152271173377408)nd68:0.12048254172299307)nd17:2.8510080790350796,(((nd45:1.022577794890258,nd46:1.022577794890258)nd35:0.3621786228337759,(nd49:0.9775164499184386,(nd59:0.8561252603719507,(nd65:0.2311201346133065,nd66:0.2311201346133065)nd60:0.6250051257586443)nd50:0.12139118954648805)nd36:0.4072399678055952)nd21:0.5529574666950321,((nd43:0.14431084799794888,nd44:1.0440071052400886)nd23:0.8264676295399477,(nd41:1.095566191466567,nd42:1.095566191466567)nd24:0.7749085433134694)nd22:0.06723914963902962)nd18:1.055299448072781)nd12:1.6384906973056363)nd9:0.17218435794054776,(nd55:0.8639196199894916,(nd61:0.7547348157487701,(nd71:0.04639642138289432,nd72:0.04639642138289432)nd62:0.7083383943658759)nd56:0.10918480424072183)nd10:3.939768767748538)nd8:11.611599644038344)nd5:1.181678494634144,nd6:0.9517766494772325)nd4:0.4226691887649294)nd2:2.5107922647474026)root:0.013172020077167964)origin:0.0;
