sample	replicate	trs
1	1	(((nd3:1.1588800323627502[&state=6],(nd5:2.751155765116472[&state=6],(nd9:3.8076291326797036[&state=6],(nd13:5.5778427271511966[&state=6],(nd31:4.368859943478139[&state=6],nd32:4.368859943478139[&state=6]):4.305794873440606[&state=6]):0.6839467873263285[&state=6]):2.334835558537375[&state=6]):5.400048832115543[&state=6]):0.1712211648192128[&state=6],((((((nd47:2.184116859482984[&state=0],nd48:2.184116859482984[&state=0]):2.7066284996344283[&state=0],(nd33:0.4556646189416621[&state=0],(nd39:1.4326093527943842[&state=0],nd40:1.929233911338299[&state=0]):1.5978399541037964[&state=0]):0.7035610077085399[&state=0]):0.5680816550362606[&state=0],(nd41:2.4631664995980516[&state=0],nd42:2.0670251721657724[&state=0]):2.9956605145556225[&state=0]):1.7134472621556232[&state=0],nd20:4.10149448074765[&state=0]):2.028021516507117[&state=0],((nd45:1.2642688215856661[&state=1],(nd53:1.1026819039714[&state=1],nd54:0.26441206929863964[&state=1]):1.1934042102092166[&state=1]):5.288084515252578[&state=1],(((nd55:0.8256322885293843[&state=0],nd56:0.8256322885293843[&state=0]):4.1416326746400784[&state=0],nd28:3.199690769409434[&state=0]):2.3312381110056255[&state=0],((nd23:2.2477211727740483[&state=0],((nd49:0.3814480686484223[&state=0],(nd59:0.688400087669351[&state=7],nd60:0.688400087669351[&state=0]):1.2210868701368045[&state=0]):2.096372679177597[&state=0],((nd51:1.2848464209447141[&state=0],(nd57:0.7482637174148579[&state=0],nd58:0.08451450893975221[&state=1]):0.5365827035298563[&state=7]):1.8208258551072323[&state=0],((nd61:0.3444744319652271[&state=0],(nd63:0.060045355706206005[&state=0],nd64:0.060045355706206005[&state=0]):0.2844290762590211[&state=0]):1.996950792251995[&state=0],nd44:2.3414252242172218[&state=0]):0.7642470518347244[&state=0]):0.9001873609318058[&state=0]):2.291190012456788[&state=0]):0.1740890711035498[&state=0],nd22:1.3560654296007821[&state=0]):0.8273643536310001[&state=0]):0.28566755525810505[&state=0]):1.6161251633832188[&state=7]):1.844642597917501[&state=0],nd8:0.473605555294832[&state=0]):6.219768768983291[&state=0]):0.605192840282802[&state=22]):0.0[&state=22];
