sample	replicate	trs
1	1	((((nd49:5.053206419003837[&state=6],nd50:5.053206419003837[&state=6])nd47:0.04934044702137153[&state=6],((((nd83:1.1143212143141352[&state=6],nd84:1.1143212143141352[&state=6])nd81:0.032479851366189236[&state=6],nd82:1.1468010656803242[&state=6])nd69:1.2365247245273583[&state=6],nd70:2.3833257902076825[&state=6])nd61:0.7251641830649056[&state=6],(nd89:0.6470485104739107[&state=6],(nd99:0.22614754576739143[&state=6],nd100:0.22614754576739143[&state=6])nd90:0.4209009647065193[&state=6])nd62:2.4614414627986765[&state=6])nd48:1.994056892752621[&state=6])nd46:9.520720117877637[&state=6],(nd34:12.280866157725661[&state=6],((nd59:3.7173110226655806[&state=6],(nd97:0.25909594365449545[&state=6],nd98:0.25909594365449545[&state=6])nd60:3.4582150790110853[&state=6])nd29:4.47691060105955[&state=6],(nd93:0.3057424352678433[&state=6],nd94:0.3057424352678433[&state=6])nd36:7.888479188457291[&state=6])nd26:4.086644534000525[&state=6])nd24:2.3424008261771876[&state=6])nd16:2.284923881962392[&state=6],((nd74:5.608596699107951[&state=6],nd63:5.608596699107951[&state=6])nd27:3.918408412844757[&state=6],(((nd78:2.0713972865584207[&state=6],(nd79:1.639540327597555[&state=6],nd80:1.639540327597555[&state=6])nd76:0.4318569589608662[&state=6])nd57:1.7539942622769698[&state=6],nd58:3.8253915488353893[&state=6])nd51:4.167157282386652[&state=6],((nd87:0.9270878232998508[&state=6],(nd95:0.27826114203768776[&state=3],nd96:0.27826114203768776[&state=6])nd88:0.648826681262163[&state=25])nd54:4.466125517878188[&state=25],(((nd101:0.19530111989570384[&state=6],nd102:0.19530111989570384[&state=6])nd67:2.188517574774072[&state=6],(nd71:2.2968029533906305[&state=6],nd72:2.2968029533906305[&state=6])nd68:0.08701574127914528[&state=6])nd65:0.10240009646239717[&state=6],((nd91:0.39528825274666457[&state=6],nd92:0.39528825274666457[&state=6])nd85:0.5733280973775013[&state=6],nd86:0.9686163501241659[&state=6])nd66:1.5176024410080071[&state=6])nd44:2.9069945500458667[&state=6])nd32:2.5993354900440044[&state=6])nd28:1.5344562807306636[&state=6])nd13:7.381185753912531[&state=6])nd2:0.0[&state=6];
