sample	replicate	trs
1	1	(((nd7:8.548848442509756,(nd9:5.357199493069242,nd10:3.1159064154376677)nd8:2.3128821172610987)nd1:6.790381006008987,((nd5:1.2569822327469846,(nd11:3.4178576348988314,(((nd23:1.1126891738105629,nd24:1.1126891738105629)nd15:0.07054730061293464,((nd21:1.1155377621619558,(nd33:1.084965595138074,((nd41:0.23102715974508164,(nd43:0.19157687500920723,((nd51:0.037434458635266454,nd52:0.037434458635266454)nd47:0.06663840732954601,nd48:0.10407286596481247)nd44:0.08750400904439476)nd42:0.03945028473587441)nd35:0.10988112383213655,((nd39:0.25907391009331804,((nd49:0.0815396851279934,nd50:0.0815396851279934)nd45:0.039134234636999554,nd46:0.12067391976499295)nd40:0.13839999032832512)nd37:0.07155071026076253,nd38:0.3306246203540806)nd36:0.010283663223137632)nd34:0.7440573115608557)nd22:0.030572167023882012)nd17:0.06409215082121436,(((nd29:1.1077657600175874,nd30:1.1077657600175874)nd25:0.003987128238420184,nd26:1.1117528882560077)nd19:0.050358232879896964,((nd31:1.1022381167098836,nd32:1.1022381167098836)nd27:0.009228479436839472,nd28:1.111466596146723)nd20:0.05064452498918173)nd18:0.017518791847265614)nd16:0.003606561440327296)nd13:0.012823427199018947,nd14:1.1960599016225162)nd12:7.1968326154094076)nd6:9.085369209334381)nd3:0.8691108832852596,nd4:18.347372609651565)nd2:1.3831395437859657)root:2.8774878465624716)origin:0.0;
