sample	replicate	trs
1	1	((nd1:2.3808365626122825[&state=6],(((((nd27:4.673004886887076[&state=6],(nd41:0.4172931464076422[&state=6],nd42:0.4172931464076422[&state=6]):4.255711740479434[&state=6]):2.6105195199074913[&state=6],(nd23:0.3213582752529039[&state=6],nd24:3.6757775865148234[&state=6]):2.1732340945976043[&state=6]):2.3744836314835585[&state=6],((nd11:0.1520219459007186[&state=6],(((nd29:3.7572817706192496[&state=25],(nd33:2.8960847166972967[&state=24],nd34:2.8960847166972967[&state=24]):0.8611970539219523[&state=6]):2.16646570708044[&state=6],nd22:0.5496836168911693[&state=6]):0.06037841397635218[&state=6],nd20:5.984125891676042[&state=53]):2.7536032983295335[&state=6]):0.3110180693681299[&state=6],(((nd31:3.161091481932239[&state=6],nd32:3.161091481932239[&state=6]):1.7472937416743517[&state=6],(nd35:2.0179554762530847[&state=0],((nd45:0.014718618331955046[&state=6],nd46:0.014718618331955046[&state=56]):1.145744441497184[&state=56],(nd39:0.4188821521870006[&state=23],nd40:0.4188821521870006[&state=52]):0.7415809076421384[&state=52]):1.2778126025935441[&state=6]):2.4701095611839063[&state=6]):2.981597507716939[&state=6],nd14:7.3805381444720055[&state=6]):1.1587645280501757[&state=6]):0.6092607789044214[&state=6]):0.1949675885418059[&state=6],nd6:1.9325917339614944[&state=6]):2.83449473220458[&state=6],((nd43:0.30425592785544614[&state=52],nd44:0.30425592785544614[&state=3]):5.896156767323138[&state=25],nd18:6.200412695178584[&state=6]):6.4870576638459285[&state=6]):2.2567592972299764[&state=6]):2.279170343745508[&state=6]):0.0[&state=23];
