sample	replicate	trs
1	1	((nd2:10.334696687976551,((nd8:3.9460054199258243,nd9:3.9460054199258243)nd4:1.6168894783828693,((nd12:1.405236750256138,(nd18:0.3581704087378132,nd19:0.3581704087378132)nd13:1.0470663415183248)nd6:4.113761909958647,(nd10:2.967794729386372,(((nd22:0.23214673419151793,nd23:0.23214673419151793)nd20:0.016713274232404877,nd21:0.2488600084239228)nd14:0.4845724564618964,((nd26:0.18293968914824257,nd27:0.18293968914824257)nd16:0.4939132590314934,(nd24:0.20709797452343198,(nd28:0.18185615863039645,nd29:0.18185615863039645)nd25:0.025241815893035528)nd17:0.46975497365630403)nd15:0.05657951670608315)nd11:2.234362264500552)nd7:2.5512039308284136)nd5:0.04389623809390819)nd3:4.771801789667852)root:8.748903312023465)origin:0.0;
