sample	replicate	trs
1	1	((((((nd41:0.5191728520031615,nd42:0.5191728520031615)nd37:0.3229036457060612,(nd69:0.001467735181165916,nd70:0.001467735181165916)nd38:0.8406087625280568)nd21:0.7408561234024347,((nd61:0.09365005451981062,nd62:0.09365005451981062)nd25:1.215246995421415,(nd63:0.0810955123634988,nd64:0.0810955123634988)nd28:1.2278015375777276)nd22:0.27403557117043253)nd11:1.764472825708778,((nd65:0.02719562417074481,nd66:0.02719562417074481)nd55:0.17936365222261777,nd56:0.20655927639336263)nd12:3.1408461704270767)nd7:0.3850605533938301,((nd33:0.9930926788978253,((nd57:0.19232641032594158,(nd59:0.1798703140256366,nd60:0.1798703140256366)nd58:0.012456096300304958)nd39:0.5053405243119371,(nd45:0.5095823730154905,(nd51:0.31036882722473846,nd52:0.31036882722473846)nd46:0.19921354579075212)nd40:0.18808456162238757)nd34:0.2954257442599472)nd13:1.3550153783094603,nd14:2.348108057207288)nd8:1.3843579430069801)nd3:2.420225353999308,(((nd67:0.014459758005510737,nd68:0.014459758005510737)nd15:2.1319696002327158,((nd47:0.47972949516262897,((nd53:0.271201602217954,nd54:0.271201602217954)nd49:0.1379129784510381,nd50:0.4091145806689916)nd48:0.07061491449363734)nd19:1.2703675540621953,((nd31:1.0818650768024431,nd32:1.0818650768024431)nd23:0.4638883236673344,nd24:1.5457534004697788)nd20:0.2043436487550484)nd16:0.39633230901339966)nd5:1.9597121169290066,((nd29:1.131434224520284,nd30:1.131434224520284)nd17:0.847687301915666,(nd35:0.9469087939689493,(nd43:0.513856758554636,nd44:0.513856758554636)nd36:0.433052035414313)nd18:1.0322127324669996)nd10:2.1270199487312826)nd4:2.0465498790463426)nd1:0.0;
