sample	replicate	trs
1	1	(((nd5:1.1969085958082817[&state=77],((nd15:1.11348188523744[&state=70],nd16:1.11348188523744[&state=77]):0.029170345772768832[&state=37],(nd37:0.20249089138061185[&state=21],(nd39:0.2003919451667293[&state=77],(nd43:0.03359152735590369[&state=21],(nd45:0.030586737498052314[&state=43],nd46:0.030586737498052314[&state=5]):0.0030047898578513745[&state=5]):0.1668004178108256[&state=21]):0.0020989462138825306[&state=77]):0.9401613396295978[&state=77]):0.054256364798073116[&state=37]):0.10735907125732161[&state=87],((nd7:1.187945066800786[&state=76],((nd29:0.39817096889540227[&state=39],nd30:0.39817096889540227[&state=77]):0.4807447538446884[&state=103],(nd35:0.2629393331908285[&state=5],nd36:0.2629393331908285[&state=75]):0.6159763895492618[&state=45]):0.30902934406069715[&state=77]):0.07667969043882863[&state=37],((((nd25:0.8208148082362242[&state=77],nd26:0.8208148082362242[&state=20]):0.17311839561833028[&state=102],nd22:0.9939332038545544[&state=119]):0.10620754086083793[&state=46],(nd41:0.1329115767361939[&state=19],nd42:0.1329115767361939[&state=47]):0.9672291679791986[&state=77]):0.05513700640250051[&state=4],((nd17:1.1068167283276058[&state=77],(nd31:0.32117926876527064[&state=76],nd32:0.32117926876527064[&state=119]):0.7856374595623362[&state=119]):0.041724914339087656[&state=15],((nd33:0.29140995676348175[&state=44],nd34:0.29140995676348175[&state=76]):0.35678679928136897[&state=43],nd28:0.6481967560448504[&state=77]):0.500344886621844[&state=76]):0.006736108451198848[&state=4]):0.10934700612172264[&state=4]):0.039642909825988726[&state=16]):17.100732332934413[&state=37]):0.0[&state=22];
