sample	replicate	trs
1	1	(((nd13:0.6051717830675923[&state=4],nd14:0.6051717830675923[&state=65])nd3:6.485820258239894[&state=32],((nd27:0.13342832325100223[&state=4],nd28:0.13342832325100223[&state=98])nd15:0.43410290129047896[&state=98],((nd29:0.1099362597398496[&state=4],nd30:0.1099362597398496[&state=57])nd23:0.26001330804454076[&state=57],nd24:0.36994956778439037[&state=4])nd16:0.1975816567570908[&state=4])nd5:6.523460816766005[&state=65])nd1:0.054364231201608486[&state=22],(nd7:3.4900496774069545[&state=6],((((nd21:0.3816079731331193[&state=16],nd22:0.3816079731331193[&state=15])nd19:0.06026051400778803[&state=15],nd20:0.4418684871409073[&state=4])nd11:0.32500348542540203[&state=4],(nd17:0.48844079560172743[&state=16],nd18:0.48844079560172743[&state=14])nd12:0.2784311769645819[&state=4])nd9:0.02579289805005337[&state=4],((nd31:0.06255589759052804[&state=55],nd32:0.06255589759052804[&state=4])nd25:0.07630248554626261[&state=55],nd26:0.13885838313679066[&state=4])nd10:0.653806487479572[&state=55])nd8:2.697384806790592[&state=26])nd2:3.655306595102141[&state=6])root:0.0[&state=22];
