sample	replicate	trs
1	1	((((((((nd41:0.5191728520031615[&state=103],nd42:0.5191728520031615[&state=38]):0.3229036457060612[&state=103],(nd69:0.001467735181165916[&state=47],nd70:0.001467735181165916[&state=1]):0.8406087625280568[&state=76]):0.7408561234024347[&state=119],((nd61:0.09365005451981062[&state=99],nd62:0.09365005451981062[&state=57]):1.215246995421415[&state=124],(nd27:0.16661567430743718[&state=0],(nd63:0.0810955123634988[&state=25],nd64:0.0810955123634988[&state=103]):1.1456175729216147[&state=126]):0.08218396465611295[&state=85]):0.27403557117043253[&state=107]):1.764472825708778[&state=108],((nd65:0.02719562417074481[&state=4],nd66:0.02719562417074481[&state=102]):0.17936365222261777[&state=102],nd56:0.20655927639336263[&state=19]):3.1408461704270767[&state=119]):0.3850605533938301[&state=63],((nd33:0.9930926788978253[&state=75],((nd57:0.19232641032594158[&state=103],(nd59:0.1798703140256366[&state=67],nd60:0.1798703140256366[&state=91]):0.012456096300304958[&state=122]):0.5053405243119371[&state=126],(nd45:0.5095823730154905[&state=119],(nd51:0.31036882722473846[&state=119],nd52:0.31036882722473846[&state=119]):0.19921354579075212[&state=119]):0.18808456162238757[&state=68]):0.2954257442599472[&state=74]):1.3550153783094603[&state=124],nd14:2.348108057207288[&state=125]):1.3843579430069801[&state=81]):2.420225353999308[&state=104],(((nd67:0.014459758005510737[&state=17],nd68:0.014459758005510737[&state=34]):2.1319696002327158[&state=100],((nd47:0.47972949516262897[&state=103],((nd53:0.271201602217954[&state=119],nd54:0.271201602217954[&state=124]):0.1379129784510381[&state=119],nd50:0.4091145806689916[&state=47]):0.07061491449363734[&state=45]):1.2703675540621953[&state=125],((nd31:1.0818650768024431[&state=119],nd32:1.0818650768024431[&state=77]):0.4638883236673344[&state=108],nd24:1.5457534004697788[&state=100]):0.2043436487550484[&state=120]):0.39633230901339966[&state=120]):1.9597121169290066[&state=80],(nd9:0.1329178102761189[&state=0],((nd29:1.131434224520284[&state=103],nd30:1.131434224520284[&state=100]):0.847687301915666[&state=108],(nd35:0.9469087939689493[&state=77],(nd43:0.513856758554636[&state=119],nd44:0.513856758554636[&state=40]):0.433052035414313[&state=74]):1.0322127324669996[&state=126]):1.5914353732715696[&state=81]):0.5355845754597129[&state=30]):2.0465498790463426[&state=9]):11.86043218194221[&state=7],nd2:0.693044608630614[&state=6]):1.0655764638442484[&state=22]):0.0[&state=22];
