sample	replicate	trs
1	1	((((nd85:1.2726066768548892,(nd101:0.53274374225426,(nd107:0.2633613252808378,(nd111:0.12052571373833512,nd112:0.12052571373833512)nd108:0.14283561154250266)nd102:0.2693824169734222)nd86:0.7398629346006292)nd69:0.8523509066806342,nd70:2.124957583535523)nd21:6.447725529060137,(((nd83:1.4776288341477248,nd84:1.4776288341477248)nd57:1.5533612114616433,(nd71:2.1137278587897885,nd72:2.1137278587897885)nd58:0.9172621868195795)nd53:2.3806782827727644,nd82:5.4116683283821345)nd22:3.1610147842135303)nd10:10.722385027820112,((((((nd99:0.5553884458153113,nd100:0.5553884458153113)nd95:0.11961855426423418,nd96:0.6750070000795454)nd62:3.0863181643842883,((nd79:1.5840915236846829,nd80:1.5840915236846829)nd65:1.1385566602496906,(nd93:0.7372037056355294,nd94:0.7372037056355294)nd66:1.9854444782988445)nd46:1.0386769805294587)nd36:1.7161287785788557,nd32:5.477453943042689)nd24:11.92309239881822,(((((nd103:0.47445948267103655,nd104:0.47445948267103655)nd67:2.0991790345043815,nd68:2.5736385171754184)nd63:0.27070533404858843,(nd105:0.42689176894839037,nd106:0.42689176894839037)nd64:2.417452082275617)nd49:0.8889836257256971,(nd75:1.847710134553712,nd76:1.847710134553712)nd50:1.885617342395991)nd41:0.7550468805177565,(nd87:1.2647643961823727,nd88:1.2647643961823727)nd42:3.2236099612850877)nd16:12.91217198439345)nd5:0.13615059888522868,((((nd97:0.6618021924132351,nd98:0.6618021924132351)nd89:0.36431872783354835,nd90:1.0261209202467834)nd59:1.8908179349397436,(((nd109:0.20605888602338987,nd110:0.20605888602338987)nd91:0.756031389823329,nd92:0.9620902758467187)nd73:0.9534061531118314,nd74:1.91549642895855)nd60:1.0014424262279764)nd52:9.88918738334986,(nd56:4.089722309585514,nd44:4.089722309585513)nd26:8.716403928950875)nd6:4.7305707022097465)nd2:1.7583711996696383)root:0.0;
