sample	replicate	trs
1	1	((((nd33:1.4192873829505976,nd34:1.4192873829505976)nd23:1.8281929409030377,nd24:3.247480323853636)nd21:7.139676591442196,((nd39:0.08394800473953117,nd40:0.08394800473953117)nd13:7.588659991372656,nd32:7.672607996112185)nd10:2.7145489191836436)nd1:5.872279561617606,(((nd37:0.42935989076180725,nd38:0.42935989076180725)nd18:6.951515229275484,(nd19:5.096634920783088,((nd35:1.328737096287325,nd36:1.328737096287325)nd27:1.528265864676873,nd28:2.8570029609641976)nd20:2.2396319598188907)nd16:2.2842401992542016)nd5:7.230091585806196,((nd25:2.9742447501907288,nd26:2.9742447501907288)nd11:5.210446282646436,nd30:8.184691032837161)nd7:6.426275673006321)nd2:1.6484697710699499)root:0.0;
