sample	replicate	trs
1	1	(((nd4:15.092896126308176[&state=5],nd5:15.482147525441233[&state=5]):0.7129254409121515[&state=5],(((((nd42:0.02022504613027512[&state=0],nd43:0.02022504613027512[&state=0]):7.883626038389174[&state=0],(((((nd40:0.6336345642027563[&state=0],nd41:0.6336345642027563[&state=0]):0.7267886660241245[&state=0],(nd36:1.1921842047611302[&state=0],nd37:1.1921842047611302[&state=0]):0.16823902546575062[&state=0]):2.387454690102732[&state=0],nd29:3.7478779203296124[&state=0]):0.1709290510429422[&state=0],(nd32:1.7220270748043947[&state=0],(nd38:0.9141289637898053[&state=0],nd39:0.9141289637898053[&state=0]):0.8078981110145894[&state=0]):2.1967798965681604[&state=0]):2.744396795749182[&state=0],(nd30:3.352248955057921[&state=0],nd31:3.352248955057921[&state=0]):3.3109548120638155[&state=0]):1.2406473173977128[&state=0]):4.987071021200012[&state=0],((nd22:6.56193512957344[&state=0],(nd26:3.9058397719760367[&state=0],nd27:3.9058397719760367[&state=0]):2.6560953575974033[&state=0]):3.734411683958549[&state=0],nd15:1.3428500888440842[&state=0]):2.5945752921874727[&state=0]):0.8155504866217831[&state=16],((nd18:1.2546912452308447[&state=5],nd19:6.988655969892975[&state=5]):3.772303822566732[&state=5],nd13:0.1272969739946165[&state=5]):2.945512799881538[&state=5]):0.24753258405449208[&state=16],nd7:1.639770149088887[&state=5]):2.2410677899576488[&state=16]):0.9575270336466195[&state=16]):0.0[&state=16];
