sample	replicate	trs
1	1	(((((((nd17:0.6065263381861125[&state=120],(nd23:0.29532533994247345[&state=120],nd24:0.29532533994247345[&state=120]):0.31120099824363934[&state=120]):0.2206512142281738[&state=120],nd14:0.827177552414287[&state=106]):0.13380859011324328[&state=107],(nd15:0.8068636370371922[&state=104],(nd19:0.5838100199215815[&state=106],nd20:0.5838100199215815[&state=120]):0.22305361711561014[&state=120]):0.15412250549033796[&state=120]):0.8157280691359354[&state=120],(nd11:0.9242985071788217[&state=104],nd12:0.9242985071788217[&state=120]):0.8524157044846442[&state=120]):4.654978303312877[&state=63],nd6:0.6069063286277364[&state=1]):5.125997982635284[&state=7],(((nd25:0.29170263745269337[&state=108],nd26:0.29170263745269337[&state=107]):0.09188501478365761[&state=37],((nd29:0.18834923417776592[&state=120],(nd31:0.10859198786727238[&state=108],nd32:0.10859198786727238[&state=120]):0.07975724631049358[&state=107]):0.03769716967861258[&state=16],nd28:0.22604640385637853[&state=120]):0.1575412483799725[&state=107]):10.703977922542382[&state=106],nd4:6.79842167229046[&state=6]):0.47012492283289287[&state=22]):0.4268095023883831[&state=22]):0.0[&state=22];
