sample	replicate	trs
1	1	((((nd5:7.65642812236338[&state=0],((((nd17:4.514150503689782[&state=105],(nd19:0.43870623140184156[&state=0],(nd23:3.358172545035046[&state=4],(nd29:2.291237147016238[&state=21],nd30:2.291237147016238[&state=22]):1.0669353980188077[&state=9]):0.4928984734618267[&state=9]):0.6630794851929095[&state=28]):1.9622730344757684[&state=7],(nd35:1.0004179626842122[&state=28],nd36:1.0004179626842122[&state=47]):5.476005575481339[&state=74]):5.290933449006484[&state=7],(nd25:3.0826014445911696[&state=0],nd26:1.9039600953947646[&state=1]):8.684755542580865[&state=7]):0.691200018279522[&state=0],nd10:6.3841134853062655[&state=1]):1.8661052369845477[&state=7]):2.92186148775882[&state=7],((nd13:4.398489852395774[&state=1],((((nd45:0.053706458803413584[&state=3],nd46:0.053706458803413584[&state=1]):0.8462082430571752[&state=11],nd38:0.8999147018605888[&state=6]):0.30115521366923936[&state=52],(nd41:0.28852958337685286[&state=6],nd42:0.28852958337685286[&state=2]):0.9125403321529753[&state=24]):2.4782500308354702[&state=53],(nd27:0.69914716287466[&state=1],(nd31:1.841919018814091[&state=36],((nd43:0.19403406180782864[&state=19],nd44:0.19403406180782864[&state=4]):0.31639072458630346[&state=46],nd40:0.510424786394132[&state=6]):1.3314942324199588[&state=56]):0.7162864723347202[&state=2]):1.121114455216488[&state=31]):4.976559014378175[&state=9]):4.635786255477692[&state=7],nd8:0.23370840038708965[&state=0]):3.9548585139737584[&state=0]):1.3573073565055789[&state=0],nd2:4.883675625124616[&state=6]):0.00436891329950337[&state=22]):0.0[&state=22];
