sample	replicate	trs
1	1	(((nd3:0.626259870231209,nd4:2.302652518682704)nd1:0.8504026988229368,((nd7:0.03485225078116328,(nd9:1.7642938182340209,((((nd23:0.8222797459238511,((nd45:1.3777602466260581,nd46:0.23644390162219794)nd37:0.5171691389727296,nd38:1.8174443670977756)nd24:1.0969707137871816)nd19:1.469586229132841,(((nd47:1.3196929713931476,nd48:1.3196929713931476)nd33:0.7968800210791547,(nd35:1.9151483880885654,(nd61:0.2471752184863203,nd62:0.2471752184863203)nd36:1.6679731696022453)nd34:0.20142460438373727)nd21:0.9253539280133228,((nd41:1.5228988419489848,(nd59:0.24758499535397832,nd60:0.24758499535397832)nd42:1.2753138465950067)nd25:1.459174721863416,(nd53:0.6202717721838784,(nd55:0.36414684241735445,nd56:0.36414684241735445)nd54:0.25612492976652396)nd26:2.361801791628523)nd22:0.05985335667322486)nd20:1.4195594080331853)nd13:5.542920267826827,nd14:3.8690815382227264)nd11:0.8780173067904358,((((nd49:1.2807653889809663,nd50:1.2807653889809663)nd27:1.178775330153653,nd28:0.545802052814429)nd17:2.9761229310920694,((nd31:2.131015055398336,((nd57:0.3513258409076388,nd58:0.3513258409076388)nd39:1.2262693359021961,((nd63:0.06706819544762481,nd64:0.06706819544762481)nd43:1.3929353313028503,nd44:1.460003526750475)nd40:0.11759165005935945)nd32:0.5534198785885015)nd29:0.1808754611342243,(nd51:0.7850256116258798,nd52:0.7850256116258798)nd30:1.5268649049066805)nd18:3.123773133694128)nd15:0.08324271977836094,nd16:1.128573989069625)nd12:5.363517533131024)nd10:0.24623333928631444)nd8:2.6885092857151944)nd5:4.6865567385295055,nd6:1.5267882530652228)nd2:0.9007869515443439)root:0.01998978178856319)origin:0.0;
