sample	replicate	trs
1	1	(((((nd47:5.06446394660012[&state=1],nd48:5.06446394660012[&state=1])nd45:1.265318480530557[&state=1],((nd69:0.11405033581418206[&state=1],nd70:0.11405033581418206[&state=1])nd61:1.2516427782226085[&state=1],nd62:1.3656931140367905[&state=1])nd46:4.964089313093886[&state=1])nd29:9.435111212286195[&state=1],(nd51:13.102773748920129[&state=0],nd16:13.102773748920127[&state=0])nd12:2.662119890496745[&state=0])nd3:2.434992860212854[&state=0],((((nd53:3.545950876997275[&state=0],nd54:3.545950876997275[&state=0])nd49:3.7471003606236186[&state=0],(nd59:2.0657114327806325[&state=0],nd60:2.0657114327806325[&state=0])nd44:5.22733980484026[&state=0])nd41:5.898162553296102[&state=0],(nd23:12.55589923858199[&state=0],nd34:12.555899238581985[&state=0])nd14:0.6353145523350064[&state=0])nd9:0.3419621875961949[&state=7],((nd67:0.20861701719311732[&state=0],nd68:0.20861701719311732[&state=0])nd21:12.787086384986583[&state=0],nd26:12.995703402179698[&state=1])nd10:0.5374725763334913[&state=0])nd4:4.666710521116535[&state=7])nd1:2.405572187255709[&state=0],(nd35:14.18181532121863[&state=0],(nd37:9.617597618440813[&state=0],((nd63:0.7154114078502374[&state=0],nd64:0.7154114078502374[&state=0])nd55:2.2305924204552365[&state=0],(nd65:0.4407240839431133[&state=0],nd66:0.4407240839431133[&state=0])nd56:2.5052797443623605[&state=0])nd40:6.671593790135341[&state=0])nd8:4.564217702777818[&state=0])nd2:6.423643365666801[&state=0])root:0.0[&state=22];
