sample	replicate	trs
1	1	(((nd5:5.165381753356958[&state=0],(((nd51:1.110214161050747[&state=43],(nd59:0.5940545694028732[&state=7],(nd65:0.32836660565655157[&state=35],nd66:0.32836660565655157[&state=21]):0.2656879637463215[&state=102]):0.5161595916478733[&state=75]):0.6544108699645896[&state=14],nd44:1.7646250310153366[&state=53]):4.070860044685807[&state=14],((nd35:2.430356581901493[&state=30],((nd49:1.2792815360429153[&state=29],nd50:0.12672320944175977[&state=3]):1.0530652831270995[&state=11],nd38:2.3323468191700156[&state=38]):0.09800976273147764[&state=63]):3.0459920646222662[&state=63],nd20:0.6121392336620034[&state=6]):0.35913642917738586[&state=23]):8.169724835675304[&state=23]):1.245177330944272[&state=23],((nd7:1.6012065015580388[&state=1],((nd11:0.2725176663361571[&state=6],(((nd57:0.697715126121725[&state=114],nd58:0.697715126121725[&state=21]):3.341736885310314[&state=54],((nd39:2.1372753674288094[&state=2],(nd55:0.7349431644402976[&state=25],nd56:0.7349431644402976[&state=8]):1.402332202988511[&state=80]):0.9311759390113599[&state=12],(((nd67:0.2407948823351529[&state=9],nd68:0.2407948823351529[&state=0]):1.7922090252222351[&state=28],(nd61:0.5340969064074746[&state=19],nd62:0.5340969064074746[&state=110]):1.4989070011499133[&state=52]):0.9684753590376326[&state=50],(nd47:1.5506760502115124[&state=1],nd48:1.5506760502115124[&state=23]):1.4508032163835092[&state=23]):0.0669720398451477[&state=23]):0.9710007049918721[&state=50]):1.628167599563464[&state=7],(nd27:3.723924957133806[&state=117],(nd53:0.8231751294664358[&state=23],nd54:0.8231751294664358[&state=6]):2.900749827667371[&state=23]):1.9436946538616977[&state=78]):6.353378337084431[&state=7]):0.36820315779553003[&state=6],nd10:0.25840079850212816[&state=0]):0.2722877419610955[&state=22]):1.990369643191731[&state=48],(nd13:0.12329115311868039[&state=6],(((nd45:1.595755919061517[&state=0],(nd63:0.3747785467269257[&state=21],nd64:0.3747785467269257[&state=18]):1.2209773723345911[&state=59]):2.2677691593361358[&state=78],nd26:3.8635250783976507[&state=0]):1.4530362454919[&state=0],(nd29:1.002296718215164[&state=6],nd30:3.097149803041714[&state=63]):2.2194115208478378[&state=22]):4.173861751608205[&state=7]):5.161435415530536[&state=23]):0.5985287512924251[&state=48]):3.5708127576792683[&state=22]):0.0[&state=22];
