sample	replicate	trs
1	1	((nd135:0.1632512099403295[&state=6],nd136:0.1632512099403295[&state=6])nd101:20.038699740317558[&state=6],(((((nd125:0.916381093218025[&state=3],(nd133:0.5573827163688141[&state=3],nd134:0.5573827163688141[&state=6])nd126:0.35899837684921093[&state=25])nd105:2.674012893770667[&state=25],((nd129:0.8550240340472788[&state=6],nd128:0.8550240340472788[&state=6])nd123:0.38416811405369755[&state=6],nd124:1.2391921481009762[&state=6])nd109:2.3512018388877154[&state=6])nd100:3.804771773751769[&state=6],nd115:7.395165760740461[&state=6])nd49:4.679459614660071[&state=6],((nd137:0.07685634455580201[&state=6],nd138:0.07685634455580201[&state=6])nd121:1.7176747046029495[&state=6],nd122:1.7945310491587516[&state=6])nd73:10.280094326241782[&state=6])nd28:4.872926825075959[&state=6],(nd132:8.361489110185573[&state=6],(nd113:2.984628880492491[&state=6],nd114:2.984628880492491[&state=6])nd85:5.376860229693079[&state=6])nd33:8.586063090290919[&state=6])nd14:3.2543987497814015[&state=6])nd2:0.0[&state=6];
