sample	replicate	trs
1	1	(((((nd31:0.388764759705493[&state=6],(nd33:0.35529439001539315[&state=6],nd34:0.35529439001539315[&state=6]):0.03347036969009972[&state=6]):0.9639993097193548[&state=6],((((nd53:0.11538037335407851[&state=1],nd54:0.11538037335407851[&state=1]):0.07583898987496712[&state=1],nd46:0.19121936322904567[&state=23]):1.019802783855054[&state=23],(nd13:0.9226930842181122[&state=0],(((nd37:0.31063997982527186[&state=1],((nd55:0.1032969872376391[&state=22],(nd63:0.0186412467956417[&state=6],nd64:0.0186412467956417[&state=6]):0.0846557404419974[&state=6]):0.1802707980280267[&state=6],nd42:0.2835677852656658[&state=0]):0.027072194559606112[&state=48]):0.02776095813468226[&state=48],(nd43:0.1929933001446648[&state=6],(nd61:0.02960878842043012[&state=6],nd62:0.02960878842043012[&state=6]):0.17769787661791822[&state=6]):0.13109427292160583[&state=6]):0.5919549483802812[&state=48],nd20:0.5017348172676248[&state=0]):0.2328544976616909[&state=0]):0.04781176308217347[&state=22]):0.04322295607508945[&state=22],((((nd59:0.00021597512945128252[&state=1],nd60:0.04239349587666649[&state=1]):0.6839375509776896[&state=1],nd24:0.7263310468543561[&state=0]):0.21729645001784686[&state=7],(nd51:0.12267243903318108[&state=1],nd52:0.12267243903318108[&state=1]):0.8209550578390218[&state=1]):0.012850469313371903[&state=1],((nd57:0.101913278896027[&state=1],nd58:0.101913278896027[&state=1]):0.778600808792793[&state=7],nd22:0.8202209091278541[&state=0]):0.07596387849675465[&state=0]):0.29776713697361445[&state=7]):0.09851896626565862[&state=22]):0.2802999731294211[&state=6],((nd25:0.06320370717685195[&state=6],nd26:0.6509980919145664[&state=6]):0.6571398354302724[&state=6],(nd27:0.411509944569578[&state=6],((nd47:0.17379279849486962[&state=6],nd48:0.17379279849486962[&state=6]):0.4257867668527446[&state=6],(nd39:0.30173093341637064[&state=6],(nd49:0.14476935099716012[&state=6],nd50:0.14476935099716012[&state=6]):0.1569615824192107[&state=6]):0.2978486319312434[&state=6]):0.034292996773312295[&state=6]):0.6742653652239123[&state=6]):0.32492611520943004[&state=6]):0.22532002149230462[&state=6],nd2:0.012877205481048778[&state=6]):0.7605559359534262[&state=6]):0.0[&state=23];
