sample	replicate	trs
1	1	(((nd3:1.058326473709694,(((nd9:1.7775989849269762,(nd11:0.8423130234293609,(((((nd57:0.025533430208774337,nd58:0.025533430208774337)nd31:0.2193861406494643,(nd47:0.1014527611793252,nd48:0.1014527611793252)nd32:0.14346680967891345)nd27:0.037081757099209585,(nd43:0.11300521789958345,nd44:0.11300521789958345)nd28:0.16899611005786477)nd15:0.33720064960044,(((((nd41:0.11529987062106806,(nd45:0.10701628530064781,nd46:0.10701628530064781)nd42:0.008283585320420237)nd33:0.0647947318854938,nd34:0.18009460250656184)nd21:0.20156374208812639,(nd35:0.16136192374449362,nd36:0.16136192374449362)nd22:0.2202964208501946)nd19:0.014032981718471449,(((nd61:0.006522652343738809,nd62:0.006522652343738809)nd39:0.11237512732465653,nd40:0.11889777966839533)nd25:0.2091478649727059,nd26:0.32804564464110125)nd20:0.06764568167205844)nd17:0.13553454924590866,((nd49:0.07259992726639357,nd50:0.07259992726639357)nd23:0.29365770492107635,(nd53:0.05647467367914699,nd54:0.05647467367914699)nd24:0.30978295850832294)nd18:0.16496824337159846)nd16:0.08797610199881986)nd13:0.1149370160608985,((nd55:0.037599313487546665,nd56:0.037599313487546665)nd29:0.2112265369746273,(((nd59:0.006813020331211185,nd60:0.006813020331211185)nd51:0.06025457540948162,nd52:0.0670675957406928)nd37:0.06405048859269152,nd38:0.13111808433338434)nd30:0.11770776612878965)nd14:0.4853131431566127)nd12:0.10817402981057422)nd10:0.935285961497615)nd7:9.47533120382625,nd8:0.8094104312738557)nd5:0.07058615317556179,nd6:0.3857141321598897)nd4:0.3552882371522668)nd1:2.921351357857195,nd2:8.349896852662468)root:5.074444063061751)origin:0.0;
