sample	replicate	trs
1	1	(((((nd104:0.19177467644920415[&state=5],nd105:0.19177467644920415[&state=29])nd82:0.8065895300902108[&state=54],nd83:0.9983642065394149[&state=61])nd76:0.2851058194569767[&state=49],nd77:1.2834700259963927[&state=45])nd68:7.150505891064427[&state=35],((nd96:0.3745935147667676[&state=45],nd97:0.3745935147667676[&state=21])nd62:2.414191599473115[&state=42],(((nd108:0.030394980852992425[&state=55],nd109:0.030394980852992425[&state=1])nd74:1.4679654672247948[&state=54],(nd98:0.3095732334399341[&state=38],nd99:0.3095732334399341[&state=1])nd75:1.1887872146378524[&state=52])nd72:0.27672821847836115[&state=24],(nd86:0.8609037336329355[&state=55],nd87:0.8609037336329355[&state=61])nd73:0.9141849329232115[&state=35])nd63:1.0136964476837356[&state=41])nd44:5.645190802820935[&state=18])nd31:12.586671255003598[&state=16],(((nd66:4.2604222882857155[&state=61],(nd84:0.9500282224722376[&state=0],nd85:0.9500282224722376[&state=24])nd58:3.31039406581348[&state=23])nd20:13.291818040651517[&state=16],nd54:17.552240328937234[&state=49])nd4:2.794434470462862[&state=16],(((nd64:2.7525894572482907[&state=0],(nd70:2.0533964725469604[&state=60],((nd95:0.7176773295210565[&state=61],nd91:0.7176773295210563[&state=61])nd88:0.10747159361315717[&state=49],(nd106:0.16409776679163565[&state=5],nd107:0.16409776679163565[&state=49])nd89:0.6610511563425779[&state=49])nd71:1.2282475494127465[&state=24])nd65:0.6991929847013305[&state=49])nd60:0.3573954745341285[&state=16],((nd80:1.1085973354547016[&state=0],nd81:1.1085973354547016[&state=45])nd78:0.14372521524097548[&state=21],nd79:1.2523225506956777[&state=45])nd61:1.8576623810867425[&state=6])nd52:2.308247830423414[&state=21],((nd92:0.7007881284805726[&state=49],nd93:0.7007881284805726[&state=30])nd50:4.568523091661078[&state=24],((nd102:0.23125334208133136[&state=0],nd103:0.23125334208133136[&state=0])nd100:0.025395369061974947[&state=0],nd101:0.2566487111433064[&state=39])nd51:5.012662508998343[&state=32])nd49:0.1489215420641854[&state=16])nd38:14.928442037194262[&state=16])nd3:0.6739723726643168[&state=5])root:0.0[&state=16];
