sample	replicate	trs
1	1	((nd22:5.082455488056438[&state=5],(((nd14:2.764142039407165[&state=0],(((nd88:0.12110804971546942[&state=5],nd89:0.12110804971546942[&state=5])nd68:0.8802559921385747[&state=5],nd69:1.0013640418540442[&state=5])nd18:1.2374941332255471[&state=5],((nd62:1.160618756437269[&state=5],(nd70:0.9651351172903748[&state=5],nd83:0.9651351172903747[&state=5])nd63:0.19548363914689404[&state=5])nd40:0.710747623828609[&state=5],(nd84:1.8234536291421584[&state=5],(nd58:1.2494558750229139[&state=5],(nd92:0.0846802016828436[&state=5],nd93:0.0846802016828436[&state=5])nd76:1.1647756733400705[&state=5])nd35:0.5739977541192447[&state=5])nd33:0.04791275112371942[&state=5])nd20:0.3674917948137133[&state=5])nd15:0.5252838643275727[&state=5])nd10:0.3166398153233862[&state=16],(nd60:1.196632632198727[&state=5],(nd64:1.0954655745264956[&state=5],nd67:1.0954655745264954[&state=5])nd61:0.10116705767223146[&state=5])nd11:1.884149222531823[&state=5])nd6:1.3212627134366353[&state=16],(nd53:2.9980029239084987[&state=5],nd79:2.998002923908499[&state=5])nd8:1.4040416442586863[&state=5])nd5:0.6804109198892522[&state=16])nd2:0.49736431263639463[&state=16],((nd42:1.6868121577337831[&state=5],((nd86:0.20731457318815288[&state=5],(nd90:0.10304203622717188[&state=5],nd91:0.10304203622717188[&state=5])nd87:0.10427253696098099[&state=5])nd75:1.3167469215395067[&state=5],nd47:1.5240614947276596[&state=5])nd44:0.1627506630061237[&state=5])nd28:0.3057849434166145[&state=5],(((nd80:0.5470975142917925[&state=5],nd81:0.5470975142917925[&state=5])nd56:0.7265985764675563[&state=5],nd57:1.2736960907593489[&state=5])nd48:0.24291140071401082[&state=5],nd50:1.5166074914733598[&state=5])nd30:0.4759896096770381[&state=5])nd3:3.5872226995424352[&state=5])root:0.0[&state=16];
