sample	replicate	trs
1	1	(((((nd13:2.3520374978899974[&state=28],(nd35:0.06865943668002523[&state=7],nd36:0.06865943668002523[&state=6]):2.283378061209972[&state=22]):1.5361865227507754[&state=48],((nd15:1.479317478628697[&state=50],(nd21:1.2053244320366432[&state=48],(nd33:0.07693249841948763[&state=2],nd34:0.07693249841948763[&state=78]):1.1283919336171555[&state=78]):0.2739930465920537[&state=23]):1.0999407716166778[&state=23],(nd31:0.19839418861770666[&state=6],nd32:0.49322663215238766[&state=23]):2.0860316180929876[&state=23]):1.3089657703953983[&state=23]):0.9430612429807924[&state=22],nd4:4.831285263621566[&state=78]):0.8565588208324941[&state=6],((((nd19:1.2794915010337569[&state=7],(nd23:1.114489737393385[&state=78],(nd25:1.0990347234517528[&state=28],nd26:1.0990347234517528[&state=28]):0.015455013941632243[&state=7]):0.16500176364037175[&state=7]):0.10007219949324835[&state=1],nd18:1.3795637005270052[&state=78]):1.22718469808959[&state=48],nd10:2.606748398616596[&state=78]):2.0502887702548964[&state=7],(nd27:1.0074813177565691[&state=6],(nd29:0.9064077533894821[&state=23],nd30:0.9064077533894821[&state=23]):0.10107356436708696[&state=6]):3.6495558511149224[&state=6]):1.030806915582568[&state=22]):0.18254591554594207[&state=22]):0.0[&state=24];
