sample	replicate	trs
1	1	((((nd11:3.7438710977848846,nd12:3.7438710977848846)nd5:0.5875103440126529,nd6:0.9980752926462757)nd1:2.650804890899833,(((nd27:1.5425848141867884,(nd35:1.0886067127878474,nd36:1.0886067127878474)nd28:0.45397810139894074)nd13:2.1725846668973947,(((nd31:1.4926107859712228,nd32:1.4926107859712228)nd21:1.858011201071451,nd22:3.3506219870426737)nd19:0.1498744512780032,nd20:3.5004964383206767)nd14:0.21467304276350602)nd3:1.5507007443212721,((nd9:2.676008111505164,(nd25:1.119468709349114,nd26:0.06927934153355114)nd10:2.096399772177073)nd7:0.41060836306077697,(nd15:0.10784518313160774,(nd17:3.6479259697196813,((nd39:1.0640885342647346,nd40:1.0640885342647346)nd23:1.8611983831342895,(nd29:1.5352300213206322,(nd33:1.3132090293112122,(nd37:1.0752365677236373,nd38:1.0752365677236373)nd34:0.23797246158757468)nd30:0.22202099200942002)nd24:1.3900568960783926)nd18:0.7226390523206565)nd16:0.018721718430322554)nd8:0.5189408973086866)nd4:1.0802816399467645)nd2:1.7163161072919157)root:0.020043667302625953)origin:0.0;
