sample	replicate	trs
1	1	((((((nd42:0.24133113403256823[&state=0],nd43:0.24133113403256823[&state=49]):4.281862076783543[&state=41],(nd40:0.4890281239129157[&state=8],nd41:0.028277466581738298[&state=2]):4.0341650869031955[&state=11]):2.6445907301200813[&state=16],(nd18:3.1151783041759504[&state=5],nd19:5.462226220466003[&state=0]):1.705557720470196[&state=16]):1.9682926240635215[&state=16],(((nd24:3.815845187079027[&state=33],nd25:3.815845187079027[&state=7]):4.891311735640979[&state=16],(nd14:6.568757923931876[&state=0],((nd28:1.0357583813439728[&state=5],(nd38:0.8255140327561326[&state=0],nd39:0.8255140327561326[&state=5]):2.5119831771584753[&state=21]):2.052142656964929[&state=16],(nd36:0.8835773814545911[&state=17],nd37:0.8835773814545911[&state=8]):4.506062485424945[&state=24]):1.1791180570523327[&state=16]):2.1383989987881367[&state=16]):0.2866027366522241[&state=16],(nd26:3.5668373881623077[&state=48],nd27:0.4667889187640746[&state=5]):5.426922271209922[&state=16]):0.14231690562748592[&state=16]):0.9646838899590129[&state=16],((nd16:6.022832838931982[&state=49],nd17:6.022832838931982[&state=0]):2.189559248004044[&state=16],((nd34:1.527047562611142[&state=0],nd35:1.527047562611142[&state=49]):1.5079200479607913[&state=6],(nd32:1.7512792540522848[&state=18],nd33:1.7512792540522848[&state=35]):1.2836883565196473[&state=1]):5.177424476364087[&state=46]):1.8883683680227088[&state=16]):3.723539545041284[&state=16]):0.0[&state=16];
