sample	replicate	trs
1	1	((((nd50:2.608615841265251,(nd76:1.2821668242919053,(nd98:0.4496951243705226,nd99:0.4496951243705226)nd77:0.8324716999213825)nd66:1.326449016973346)nd44:0.2724813767238308,nd45:2.881097217989082)nd31:7.616271589370724,((((nd35:4.687515611627649,nd27:4.68751561162765)nd24:0.8920680333858894,(nd72:1.4602380313886567,(((nd90:0.5436812182623733,(nd96:0.4966782138630357,nd97:0.4966782138630357)nd91:0.047003004399337606)nd86:0.3995730051709357,nd87:0.943254223433309)nd84:0.11563644466114119,nd85:1.05889066809445)nd73:0.4013473632942064)nd25:4.1193456136248825)nd22:0.28170059845983125,(nd38:3.0318106465901087,(nd62:1.9351031436791835,(nd88:0.6312545206490155,nd89:0.6312545206490155)nd63:1.3038486230301676)nd39:1.0967075029109257)nd23:2.829473596883261)nd14:2.472354324085512,(nd40:2.995490374428161,((((nd104:0.06313180524929345,nd105:0.06313180524929345)nd56:2.1267709288734844,(((nd94:0.503508039919568,nd95:0.503508039919568)nd70:1.0433479045406104,(nd74:1.3968034283486424,((nd92:0.5162628182125244,nd93:0.5162628182125244)nd78:0.7553302233695389,nd79:1.2715930415820633)nd75:0.12521038676657886)nd71:0.15005251611153642)nd68:0.08200075565701635,nd69:1.6288567001171954)nd57:0.561046034005583)nd52:0.2150873517152559,nd53:2.4049900858380338)nd42:0.5107256759856648,(((nd100:0.159831193093273,nd101:0.159831193093273)nd80:1.0519663403666444,(nd82:1.0602728727135287,nd83:1.0602728727135287)nd81:0.15152466074638882)nd61:1.6436550866654551,((nd102:0.06555963608662074,nd103:0.06555963608662074)nd64:1.6850025641975033,nd65:1.7505622002841241)nd49:1.104890419841249)nd43:0.06026314169832574)nd41:0.07977461260446271)nd33:5.338148193130721)nd11:2.1637302398009233)nd2:2.769761656009845,nd59:13.26713046336965)root:0.0;
