sample	replicate	trs
1	1	((((nd68:0.6202743959477188,nd69:0.6202743959477188)nd24:2.3051108348261273,nd25:2.925385230773846)nd20:0.12189741600694595,(nd22:2.9717300427669016,(nd78:0.2053258942498887,nd79:0.2053258942498887)nd23:2.766404148517013)nd21:0.07555260401389075)nd2:7.294417074649963,((((nd26:2.763806780923733,(nd42:1.975980948342054,(nd52:1.4895939467470192,nd53:1.4895939467470192)nd43:0.486387001595035)nd27:0.7878258325816798)nd10:2.125061013940809,((nd32:2.385048342938607,nd33:2.385048342938607)nd12:2.2900347164183374,((nd50:1.4973546793864951,(nd70:0.27265477785525505,nd71:0.27265477785525505)nd51:1.2246999015312399)nd44:0.2808340945790482,(nd48:1.548280779924415,(nd80:0.1534697701700075,nd81:0.1534697701700075)nd49:1.3948110097544073)nd45:0.2299079940411286)nd13:2.896894285391401)nd11:0.2137847355075971)nd6:3.3595839005202626,(((nd56:1.4135547161615651,(nd58:1.0600994186872765,(nd62:0.9295689039880632,nd63:0.9295689039880632)nd59:0.13053051469921328)nd57:0.35345529747428794)nd36:0.7376039371079041,(((nd72:0.23175349665045228,nd73:0.23175349665045228)nd64:0.6310779828029961,nd65:0.8628314794534484)nd46:0.8962397077644062,nd47:1.759071187217855)nd37:0.392087466051614)nd16:1.2412067818793462,(nd54:1.456235456572764,nd55:1.456235456572764)nd17:1.9361299785760515)nd7:4.8560862602359895)nd4:1.7138024192570134,(nd8:4.909248054943363,(((nd60:1.0543842112824284,nd61:1.0543842112824284)nd18:2.3149199758191594,((nd38:2.108348248852753,(nd40:2.0931701039701003,((nd76:0.212095473042,nd77:0.212095473042)nd74:0.015153103502300314,nd75:0.2272485765443003)nd41:1.8659215274257996)nd39:0.015178144882652346)nd28:0.5854641749714072,(nd34:2.366376739611533,(nd66:0.698630040257777,nd67:0.698630040257777)nd35:1.667746699353756)nd29:0.3274356842126265)nd19:0.6754917632774283)nd14:0.6372128305475265,(nd30:2.614766519339583,nd31:2.614766519339583)nd15:1.3917504983095312)nd9:0.9027310372942489)nd5:5.053006059698454)nd3:0.37944560678893735)root:0.0;
