sample	replicate	trs
1	1	((((nd37:6.353044882283138,nd38:6.353044882283138)nd30:7.931770795624126,(((nd53:3.9286975025859885,nd54:3.9286975025859885)nd15:5.923721232664024,nd45:9.852418735250012)nd11:2.258522046637406,nd59:12.110940781887418)nd6:2.1738748960198473)nd3:1.4880947105963664,nd23:15.772910388503632)nd1:5.722493661129187,(((nd61:2.705843194564411,nd62:2.705843194564411)nd51:1.2324138545099366,nd52:3.9382570490743483)nd19:6.984778657272251,(nd27:8.329441614226882,((nd55:3.7670854738849204,((nd71:0.43364675017525917,nd72:0.43364675017525917)nd63:1.756641982804807,nd64:2.190288732980066)nd57:1.5767967409048538)nd43:1.706328239795274,(nd67:0.929400047716062,nd69:0.929400047716062)nd49:4.544013665964133)nd25:2.8560279005466866)nd18:2.5935940921197176)nd10:10.57236834328622)root:0.0;
