sample	replicate	trs
1	1	((((nd5:4.709020456460549,((((nd41:0.173389533487671,nd42:0.173389533487671)nd33:0.3042055041636418,((nd39:0.3479659934950969,nd40:0.3479659934950969)nd35:0.10147079852150645,nd36:0.44943679201660336)nd34:0.028158245634709145)nd15:1.098888722335089,(nd21:1.0242340546785298,nd22:1.0242340546785298)nd16:0.5522497053078717)nd9:1.6687103438960824,(nd23:0.988678354969186,(nd29:0.5798755688678481,nd30:0.5798755688678481)nd24:0.40880278610133747)nd10:2.2565157489132988)nd6:1.4638263525780713)nd3:1.1794802987131088,nd4:5.88850075517366)nd1:1.7980914025361363,((((((nd31:0.5277651295507774,nd32:0.5277651295507774)nd27:0.10176778770202713,nd28:0.6295329172528048)nd17:0.9180889992733133,(nd37:0.432071222200158,nd38:0.432071222200158)nd18:1.11555069432596)nd13:0.07612721556663227,(nd19:1.4585972935089053,(nd25:0.9813237025361203,nd26:0.9813237025361203)nd20:0.4772735909727861)nd14:0.1651518385838439)nd11:0.39135707512326684,nd12:2.015106207216016)nd7:2.4357323031569065,nd8:0.00661889870175321)nd2:3.2357536473368773)root:0.11405784229020428)origin:0.0;
