sample	replicate	trs
1	1	(((((nd19:1.8082070397340035,nd20:1.8891618357486193)nd17:0.0426510480617269,((nd39:0.7503617077072461,(nd43:0.20133073573205812,nd44:0.20133073573205812)nd40:0.5490309719751879)nd37:0.00156476441855051,nd38:0.7519264721257967)nd18:1.1798864116845493)nd3:2.1823490283383653,(nd7:2.840960515458027,nd8:0.422709800439489)nd4:0.6609890155203977)nd1:1.4165045318523604,(((nd11:0.014887815501864892,((nd15:0.3973637850525688,nd16:0.3170259341568332)nd13:0.05893639303032226,(nd23:1.6197128602083422,(nd31:1.1049553909874201,nd32:1.1049553909874201)nd24:0.5147574692209219)nd14:0.9408798226248078)nd12:0.0013809368382475848)nd9:0.49201021006072276,((nd41:0.37799216603624414,nd42:0.37799216603624414)nd35:0.5303139353188684,nd36:0.9083061013551125)nd10:2.145677728377008)nd5:1.0029032921904169,(((nd45:0.17864955874435076,nd46:0.17864955874435076)nd27:1.164485316644823,nd28:0.3983979336350182)nd21:0.3341388856394891,(nd25:0.43379866794141336,((nd33:1.1047991702515483,nd34:0.15658681212171596)nd29:0.074735430137579,(nd47:0.043481064928530544,nd48:0.043481064928530544)nd30:1.1360535354605972)nd26:0.21537529011935558)nd22:0.2823638705201799)nd6:2.379613360893874)nd2:1.4737793220785345)root:2.062833555998927)origin:0.0;
