sample	replicate	trs
1	1	((nd1:1.574354227775517,((((((((nd37:0.5917187364016768,(nd41:0.5233299456342115,nd42:0.5233299456342115)nd38:0.06838879076746529)nd29:0.8848830530194016,nd30:0.6564027300814792)nd15:2.186496977409418,(((nd39:0.5572555379378156,nd40:0.5572555379378156)nd31:0.8684640191647028,nd32:1.4257195571025183)nd25:0.11922164225129477,nd26:1.5449411993538131)nd16:2.118157567476683)nd13:0.15036363930251376,(nd19:2.791800728672499,nd20:2.791800728672499)nd14:1.0216616774605103)nd11:0.6853425943785619,((nd27:1.5380120991888035,(nd47:0.3353237494048451,nd48:0.17237903363099924)nd28:1.2026883497839584)nd17:1.9805394831767738,nd18:3.518551582365577)nd12:0.9802534181459945)nd9:0.5124900180694326,(nd33:1.2284737712486538,(nd43:0.4864579790479956,nd44:0.4864579790479956)nd34:0.742015792200658)nd10:3.782821247332351)nd5:1.2272254345893918,(nd7:1.2736950249293753,(((nd45:0.38547705738530647,nd46:0.38547705738530647)nd23:1.1910041353326632,(nd35:1.0057637074362513,nd36:1.0057637074362513)nd24:0.5707174852817187)nd21:0.5228084566721375,nd22:2.099289649390107)nd8:3.439876828874091)nd6:0.699353974906198)nd3:0.005445772680627622,nd4:0.05205251470598607)nd2:1.3431488355589765)root:0.03768493858999913)origin:0.0;
