sample	replicate	trs
1	1	(((nd29:0.06116915459259965,nd30:0.06116915459259965)nd25:0.10946774828020733,nd26:0.17063690287280697)nd1:2.7021986206658886,((((nd15:0.2848713007987961,(nd23:0.18349998113195554,nd24:0.18349998113195554)nd16:0.10137131966684058)nd7:1.1913780161197127,((nd17:0.27601956977045006,(nd27:0.11866671891157991,nd28:0.11866671891157991)nd18:0.15735285085887019)nd13:0.539522132698171,nd14:0.815541702468621)nd8:0.6607076144498879)nd5:0.5306149163519627,(((nd21:0.19497243008753248,nd22:0.19497243008753248)nd11:0.6477295245038507,nd12:0.8427019545913831)nd9:0.08417054574288697,(nd19:0.2546217154555837,nd20:0.2546217154555837)nd10:0.6722507848786864)nd6:1.0799917329362017)nd3:0.7117563059332855,(nd31:0.047925315233959674,(nd33:0.035614809347052245,nd34:0.035614809347052245)nd32:0.01231050588690743)nd4:2.670695223969797)nd2:0.15421498433493855)root:0.0;
