sample	replicate	trs
1	1	((((nd31:1.1609289929597613,nd32:1.1609289929597613)nd19:1.1664407886317587,(nd49:0.02389176499553745,nd50:0.02389176499553745)nd29:2.3034780165959825)nd10:1.7357313508651546,((nd27:1.4083029653094068,(nd47:0.43998279152259673,(nd51:0.005443236007317578,nd52:0.005443236007317578)nd46:0.4345395555152791)nd28:0.9683201737868101)nd21:0.5575520589559514,(nd37:1.0231083234769935,nd38:1.0231083234769935)nd22:0.9427467007883644)nd8:2.0972461081913165)nd3:0.8817009959409073,((nd40:3.6510863115582355,(nd43:1.5618324535168715,(nd41:0.9012543305009693,nd42:0.9012543305009693)nd26:0.6605781230159021)nd12:2.0892538580413635)nd5:0.43178886938812816,nd16:4.082875180946363)nd4:0.8619269474512191)nd1:0.0;
