sample	replicate	trs
1	1	((((((nd9:1.0132765862658102,nd10:1.2094954902797217)nd7:0.07980274443056998,(nd11:0.8718606106451247,(((nd73:1.3075526827437733,(nd75:1.024365292245555,nd76:0.8334368781022985)nd74:0.283187390498218)nd19:9.001626186233851,nd20:1.5338861439773495)nd13:1.0234223504777022,(nd15:0.32434205541111505,nd16:6.361941174187532)nd14:0.6524629921421445)nd12:0.11503567000849645)nd8:0.38411489669562526)nd5:0.5625780622780824,((nd25:1.1960076809484446,nd26:1.218237475045332)nd17:1.1660383123329081,((nd23:1.2475421677701406,(((nd45:1.7033191508417442,nd46:0.7849071209956147)nd33:2.4370019549233715,nd34:0.13655186157159746)nd27:0.7079989972200122,(((nd53:1.5980801426546627,(((nd83:0.45623918794497065,nd84:0.45623918794497065)nd77:0.46610758511107003,nd78:0.7941070525437337)nd63:1.1531211044927612,nd64:2.0754678775488014)nd54:1.1383670403823245)nd37:3.333036696545203,(nd43:2.8407975591735304,((nd65:0.6011731035858566,nd66:1.8759232939058257)nd55:1.292585020298168,nd56:3.013783647775425)nd44:2.1101444247584076)nd38:1.268218875513929)nd31:1.075721266769848,nd32:4.250290461681289)nd28:0.3834588369039226)nd24:1.2829196932615696)nd21:0.8589431908898643,(nd29:0.2564582520778409,(nd35:0.34350909635959775,(((((nd69:1.609977061851037,(nd79:0.6214019932488132,nd80:0.6214019932488132)nd70:0.988575068602224)nd59:0.9195362282581702,(nd81:0.58370753227157,nd82:0.58370753227157)nd60:1.945805757837637)nd49:1.1851693817157023,(((nd61:1.2126229450478254,nd62:1.836636194074908)nd57:0.5015023508265212,((nd71:1.320768243502706,((nd87:0.301218854716533,nd88:0.301218854716533)nd85:0.0994943844641143,nd86:0.40071323918064733)nd72:0.9200550043220588)nd67:0.4061401871117265,nd68:1.3760985688615883)nd58:1.1185212794795842)nd51:0.6734589227148889,nd52:1.3994125825176331)nd50:0.19579403901600362)nd47:0.31358192524762385,nd48:1.6942056156090692)nd39:2.416331784870551,(nd41:0.8655477586907743,nd42:0.3185672530305495)nd40:0.1811092553484621)nd36:0.5293690208667279)nd30:0.9900323068361276)nd22:2.183916892655594)nd18:0.2815043955376051)nd6:1.964910850598391)nd3:0.28911154901031544,nd4:2.2303684391015732)nd1:0.07367207981643233,nd2:2.814087649853572)root:0.22788652273570834)origin:0.0;
