sample	replicate	trs
1	1	((((nd158:6.288921979089996[&state=0],(((nd239:0.34429395663328033[&state=0],nd240:0.34429395663328033[&state=0])nd189:2.0313080088204436[&state=0],nd190:2.375601965453724[&state=0])nd187:1.9777728954794593[&state=0],((nd238:1.5328339679835248[&state=2],((nd215:1.3516003369806942[&state=2],nd216:1.3516003369806942[&state=2])nd209:0.16786345354390458[&state=2],(nd217:1.1817678481897091[&state=2],(nd243:0.031093863087291194[&state=15],nd244:0.031093863087291194[&state=4])nd218:1.150673985102418[&state=15])nd210:0.33769594233489014[&state=2])nd208:0.013370177458925558[&state=2])nd173:1.9775505045648034[&state=2],((nd236:1.7784760186244464[&state=0],nd202:1.7784760186244464[&state=0])nd193:0.2237123996545834[&state=0],(nd233:0.6063806160273401[&state=2],(nd241:0.3069513101787523[&state=8],nd242:0.3069513101787523[&state=2])nd234:0.29942930584858785[&state=2])nd194:1.39580780225169[&state=2])nd174:1.5081960542692983[&state=8])nd156:0.8429903883848553[&state=8])nd148:1.9355471181568111[&state=0])nd112:4.691185083187126[&state=0],((nd197:1.845670335203745[&state=0],nd198:1.845670335203745[&state=0])nd118:8.247664249548512[&state=0],(nd177:3.4455135602013502[&state=0],(nd223:0.8542196796734252[&state=0],(nd225:0.8516777055307607[&state=0],nd226:0.8516777055307607[&state=0])nd224:0.0025419741426644135[&state=0])nd178:2.591293880527925[&state=0])nd126:6.647821024550904[&state=0])nd72:0.8867724775248651[&state=0])nd64:1.1812786650742377[&state=0],(nd182:6.231496196045426[&state=0],nd183:6.231496196045425[&state=0])nd114:5.929889531305933[&state=0])nd32:4.148766349237571[&state=0],((((nd213:1.3815258593610915[&state=0],nd214:1.3815258593610915[&state=0])nd205:0.19781583366109726[&state=0],(nd221:0.8650291368040045[&state=0],nd222:0.8650291368040045[&state=0])nd206:0.7143125562181843[&state=0])nd179:6.956134655635302[&state=0],((((nd231:0.7154493973367044[&state=0],nd232:0.7154493973367044[&state=0])nd227:0.11209346648854404[&state=0],nd228:0.8275428638252484[&state=0])nd191:1.3601769644647959[&state=0],nd192:2.1877198282900445[&state=0])nd165:1.5596036758763683[&state=0],nd200:3.7473235041664124[&state=0])nd121:4.788152844491078[&state=0])nd81:5.568305539110659[&state=0],((nd219:1.061416356836363[&state=0],nd220:1.061416356836363[&state=0])nd204:3.552724942286013[&state=0],nd171:4.614141299122377[&state=0])nd127:9.489640588645777[&state=0])nd40:2.2063701888207787[&state=0])nd14:0.0[&state=0];
