sample	replicate	trs
1	1	((nd37:4.550802798424395,((nd34:3.0228206482472206,((nd50:2.5299346636356024,nd26:2.5299346636356024)nd19:0.44905745458183743,(nd39:1.8944637261895316,nd40:1.8944637261895316)nd20:1.0845283920279083)nd18:0.043828530029780814)nd13:1.1068664222547346,(nd43:1.7001039022247113,nd44:1.7001039022247113)nd14:2.4295831682772437)nd10:0.42111572792244006)nd7:2.2370875944261037,((nd15:3.5179140233353476,((nd31:2.161409878066247,(nd35:1.919020084788007,nd36:1.919020084788007)nd32:0.24238979327824028)nd29:0.0894505221941464,(nd45:1.632411683761089,((nd53:0.08566521764334997,(nd55:0.020381880274065296,nd56:0.020381880274065296)nd54:0.06528333736928468)nd51:0.31841563384774263,nd52:0.4040808514910926)nd46:1.2283308322699964)nd30:0.6184487164993048)nd27:1.2670536230749534)nd11:0.8657598976648495,((nd47:0.8231103595201813,nd48:0.8231103595201813)nd21:2.13439234430992,nd22:2.957502703830102)nd12:1.4261712171700953)nd6:2.4042164718503023)nd2:0.0;
