sample	replicate	trs
1	1	((((nd26:2.777796453072332[&state=0],nd27:2.777796453072332[&state=0])nd20:4.336304431378481[&state=0],nd19:7.114100884450811[&state=0])nd4:12.222893551703548[&state=0],(((nd28:2.433558728986257[&state=0],(nd30:2.2859321985098906[&state=0],nd31:2.2859321985098906[&state=0])nd29:0.14762653047636604[&state=0])nd10:8.772050893347169[&state=0],(((nd34:1.8879673122934397[&state=0],nd35:1.8879673122934397[&state=0])nd32:0.3329521573830319[&state=0],nd33:2.220919469676472[&state=0])nd12:6.750504532525732[&state=0],((nd24:2.867272005325641[&state=0],nd25:2.867272005325641[&state=0])nd22:1.084588943980685[&state=0],nd23:3.951860949306326[&state=0])nd13:5.019563052895879[&state=0])nd11:2.2341856201312194[&state=0])nd8:0.6660975224994881[&state=0],((nd36:0.9222301057405655[&state=1],nd37:0.9222301057405655[&state=5])nd14:8.039814329155705[&state=17],(nd16:8.459610563521426[&state=5],nd17:8.459610563521426[&state=0])nd15:0.5024338713748425[&state=16])nd9:2.9096627099366397[&state=16])nd7:7.465287291321447[&state=16])nd2:2.111230851001488[&state=5],nd3:21.44822528715585[&state=5])root:0.0[&state=16];
