sample	replicate	trs
1	1	(((((nd78:2.8629196082623576,(nd88:0.4664746415624645,(nd94:0.03672857374075805,nd95:0.03672857374075805)nd89:0.42974606782170643)nd79:2.3964449666998933)nd60:1.0469797207024878,(nd86:0.918966385902674,nd87:0.918966385902674)nd66:2.990932943062172)nd20:5.504936425084232,((nd40:5.248101170255422,(nd58:3.963562231229532,nd59:3.963562231229532)nd46:1.2845389390258881)nd22:3.6776868075437465,((nd82:1.669544301084987,nd83:1.669544301084987)nd65:6.202608159926442,(nd76:3.0815377657035916,nd77:3.0815377657035916)nd30:4.790614695307838)nd23:1.0536355167877376)nd21:0.4890477762499116)nd12:6.557706789992401,((((nd70:3.429378615917219,nd71:3.429378615917219)nd38:1.9490504618974096,(nd80:2.550219065747852,nd81:2.550219065747852)nd39:2.8282100120667772)nd28:1.3609049542325597,nd29:6.73933403204719)nd8:6.474246980875019,(((nd74:3.2271313361311345,nd75:3.2271313361311345)nd48:1.54510234168104,(nd92:0.1299580535088906,nd93:0.1299580535088906)nd62:4.642275624303285)nd42:0.1725524957286961,(nd44:4.90858620646265,nd45:4.90858620646265)nd43:0.03619996707822252)nd9:8.268794839381336)nd5:2.758961531119271)nd2:0.1870138106788902,(((nd90:0.15808724989128847,nd91:0.15808724989128847)nd18:9.672919687033607,nd68:9.831006936924895)nd14:2.3534671763385946,((nd52:4.658490110639732,(nd72:3.2947410212613764,(nd84:1.2496705637680035,nd85:1.2496705637680035)nd73:2.0450704574933734)nd53:1.363749089378354)nd34:3.814602232326221,(nd36:5.948188235369114,nd33:5.948188235369114)nd25:2.524904107596841)nd11:3.71138177029754)nd3:3.975082241456877)root:0.0;
