sample	replicate	trs
1	1	((((((nd41:0.6301495682889864,nd42:0.6301495682889864)nd39:0.177919025148524,nd40:0.8080685934375105)nd33:1.4009345267415945,nd34:2.209003120179105)nd21:1.0727857581734275,nd22:3.2817888783525326)nd9:0.9347161617701043,(((nd29:2.7206544594278292,nd30:2.7206544594278292)nd23:0.5565186195313223,nd28:3.2771730789591516)nd17:0.47306311479068847,(nd19:3.381651597880721,(nd36:2.5583564932745637,nd32:2.5583564932745633)nd20:0.8232951046061578)nd12:0.3685845958691186)nd10:0.46626884637279703)nd7:0.7473809112856877,(nd25:3.5894615819230236,(nd37:1.5889883182048368,(nd43:0.47380629966614135,nd44:0.47380629966614135)nd38:1.1151820185386956)nd16:2.0004732637181863)nd8:1.3744243694853013)nd1:0.0;
