sample	replicate	trs
1	1	((((nd8:12.830957239604707[&state=0],nd9:12.830957239604707[&state=0]):0.691949292305771[&state=0],nd7:4.108514473261021[&state=5]):1.823489023443281[&state=16],((((nd24:8.071000173236198[&state=5],nd25:0.56557997641315[&state=5]):1.1110210999156886[&state=5],nd19:7.251316614962649[&state=5]):0.026977347851331816[&state=5],nd17:9.208998621003216[&state=5]):4.568076864143969[&state=5],(nd10:12.63135957142939[&state=0],((((nd38:1.026322559192574[&state=5],nd39:1.026322559192574[&state=5]):2.956609081301038[&state=5],nd35:1.4831913746162435[&state=5]):7.529698992120905[&state=5],(nd26:1.1024385348408072[&state=5],(nd30:4.720025265147692[&state=5],(nd40:0.09701229483104577[&state=5],nd41:0.09701229483104577[&state=5]):4.623012970316646[&state=5]):1.5151647093066065[&state=5]):5.27744065816022[&state=5]):0.2826998601017878[&state=5],(nd20:9.150751359230041[&state=0],(nd22:8.531116124232234[&state=0],(((nd36:1.0946887211280962[&state=0],nd37:1.0946887211280962[&state=0]):2.991797096997805[&state=0],nd33:4.086485818125902[&state=0]):1.873220425166484[&state=0],nd29:0.47247171068515686[&state=5]):2.5714098809398496[&state=16]):0.6196352349978069[&state=0]):2.6445791334862623[&state=0]):0.8360290787130884[&state=16]):1.1457159137177944[&state=16]):1.569320070206574[&state=5]):0.6947044446462368[&state=16]):0.0[&state=16];
