sample	replicate	trs
1	1	((((((nd30:1.2802990884761065[&state=4],((nd45:1.1468236269610161[&state=4],nd46:1.1468236269610161[&state=16])nd31:0.09327748733177506[&state=4],nd32:1.2401011142927914[&state=4])nd28:0.040197974183315076[&state=4])nd9:0.08854525387921705[&state=4],(nd37:1.2149528882413438[&state=4],nd38:1.2149528882413438[&state=4])nd10:0.15389145411397961[&state=4])nd7:0.019405643744386226[&state=4],(((nd55:1.1027448578696881[&state=4],nd56:1.1027448578696881[&state=4])nd43:0.06385785305649642[&state=4],nd44:1.1666027109261845[&state=4])nd11:0.19902693798322144[&state=4],((nd19:1.3296681460745543[&state=4],(nd25:1.2997757935463252[&state=4],nd26:1.2997757935463252[&state=26])nd20:0.02989235252822902[&state=4])nd13:0.019397435923953474[&state=4],((nd51:1.1173469220379881[&state=4],(nd53:1.1033478304939899[&state=4],((nd63:0.23623886542498163[&state=5],nd64:0.23623886542498163[&state=5])nd59:0.223139223141763[&state=5],(nd65:0.22063150431038056[&state=5],(nd67:0.21752451363007616[&state=5],nd68:0.21752451363007616[&state=5])nd66:0.0031069906803044296[&state=5])nd60:0.23874658425636403[&state=5])nd54:0.6439697419272452[&state=5])nd52:0.01399909154399835[&state=4])nd39:0.21671599238382855[&state=4],nd57:1.3340629144218168[&state=4])nd14:0.015002667576690944[&state=4])nd12:0.01656406691089843[&state=4])nd8:0.022620337190303628[&state=4])nd5:0.011277875646280673[&state=4],((nd35:1.216038526268268[&state=4],nd36:1.216038526268268[&state=4])nd21:0.10009835723423834[&state=4],nd22:1.3161368835025065[&state=4])nd6:0.08339097824348399[&state=4])nd3:0.08258821879533618[&state=4],((nd61:0.33891315532145777[&state=4],nd62:0.33891315532145777[&state=6])nd17:0.9917177866763713[&state=26],((nd33:1.217090744422024[&state=4],nd34:1.217090744422024[&state=4])nd23:0.08883192513506497[&state=4],(nd48:1.170995624468749[&state=4],nd50:1.170995624468749[&state=4])nd24:0.1349270450883399[&state=4])nd18:0.024708272440740066[&state=4])nd4:0.15148513854349752[&state=26])nd1:18.106648252465945[&state=26],nd2:19.588764333007266[&state=0])root:0.0[&state=22];
