sample	replicate	trs
1	1	((((((((((nd53:0.6289364359926339,nd54:0.6289364359926339)nd39:0.316631158838467,nd40:0.9455675948311006)nd23:0.7644233970646017,((((nd63:0.3651159768565639,(nd65:0.28828536664288845,nd66:0.28828536664288845)nd64:0.0768306102136754)nd59:0.1274136439361691,(nd61:0.4063932558951609,((nd69:0.13074084750780396,nd70:0.13074084750780396)nd67:0.06724220588769146,nd68:0.1979830533954954)nd62:0.2084102024996655)nd60:0.08613636489757213)nd43:0.3715446858812014,nd44:0.8640743066739344)nd31:0.4888965139889997,(nd41:0.935045909187099,nd42:0.935045909187099)nd32:0.4179249114758348)nd24:0.3570201712327684)nd15:1.5018884861466288,((nd47:0.799203797667179,(nd49:0.7878057567576806,nd50:0.7878057567576806)nd48:0.011398040909498414)nd17:1.9196587856228986,(nd25:1.4867073787954657,nd26:1.4867073787954657)nd18:1.2321552044946114)nd16:0.49301689475225496)nd11:2.584802310940428,nd12:0.43756758384691324)nd9:0.7436966619197403,((((nd29:0.17255628659225508,(nd45:0.8364166321016447,(nd75:0.013453509615075484,nd76:0.013453509615075484)nd46:0.8229631224865692)nd30:0.570781009336481)nd27:0.07489890030744834,nd28:1.482096541745574)nd19:0.7171866196980468,((((((nd57:0.5414996893081827,nd58:0.5414996893081827)nd55:0.002723195919313001,nd56:0.4773560007924229)nd51:0.08813664576879005,(nd73:0.028613701022921746,nd74:0.028613701022921746)nd52:0.6037458299733641)nd37:0.3287839046941921,nd38:0.8707109261945708)nd33:0.19806432121953363,(nd71:0.09268525763892237,nd72:0.09268525763892237)nd34:1.0665224992710887)nd21:1.0070953983106468,(nd35:1.130672012144012,nd36:0.050711094884424796)nd22:1.035631143076646)nd20:0.032980006222963265)nd13:1.8301977618705119,nd14:1.1477626671886063)nd10:2.510897527588367)nd5:2.1598992943710447,(nd7:0.9497281063832619,nd8:0.6173424702071968)nd6:0.32315344753148706)nd3:6.128555762453911,nd4:4.795365536702486)nd1:6.5555584727962035,nd2:2.4647220428143997)root:0.54960801947635)origin:0.0;
