sample	replicate	trs
1	1	(((((nd9:1.658437499603473,((nd31:1.1609289929597613,nd32:1.1609289929597613)nd19:1.1664407886317587,((nd49:0.02389176499553745,nd50:0.02389176499553745)nd29:1.152051892709966,nd30:0.10673018499527001)nd20:1.1514261238860164)nd10:1.7167440500709406)nd7:0.01898730079421403,((nd27:1.4083029653094068,((nd47:0.19429011416794914,nd48:0.028323849258251845)nd45:0.2456926773546476,(nd51:0.005443236007317578,nd52:0.005443236007317578)nd46:0.4345395555152791)nd28:0.9683201737868101)nd21:0.5575520589559514,(nd37:1.0231083234769935,nd38:1.0231083234769935)nd22:0.9427467007883644)nd8:2.0972461081913165)nd3:0.8817009959409073,((((nd23:1.404796220808347,nd24:0.2731937807067598)nd17:0.7532885544264215,((nd39:0.2385878973362609,nd40:0.90303644123059)nd33:0.2539390686379472,nd34:0.5605420213929612)nd18:1.3673663561769005)nd11:1.1267444455127975,((nd35:0.6163845326312096,(nd43:0.5580076178194406,nd44:0.2865582059250763)nd36:0.49033792455427627)nd25:0.5134869111431545,(nd41:0.9012543305009693,nd42:0.9012543305009693)nd26:0.6605781230159021)nd12:2.0892538580413635)nd5:0.43178886938812816,((nd15:1.0929360136280521,nd16:3.033914417892292)nd13:0.5400706076792189,nd14:2.2003941436987438)nd6:0.5088901553748525)nd4:0.8619269474512191)nd1:0.4592027136845976,nd2:0.1589273967762288)root:0.41398515791781926)origin:0.0;
