sample	replicate	trs
1	1	(((((nd136:2.560410190631911,nd137:2.560410190631911)nd92:5.478487638492819,(((nd184:0.7873876519777112,(nd194:0.09601312934890399,nd195:0.09601312934890399)nd185:0.6913745226288072)nd148:1.3398414717179918,nd160:2.127229123695703)nd124:1.0022757651851628,nd131:3.129504888880866)nd79:4.909392940243863)nd62:1.3839298647463083,((((nd178:1.2481555360283205,(nd174:1.0653862277712065,(nd188:0.4573372973258481,nd189:0.4573372973258481)nd175:0.6080489304453586)nd165:0.18276930825711388)nd155:0.7247690553519266,nd153:1.9729245913802471)nd138:0.4319225402966739,((nd196:0.037146818710337565,nd197:0.037146818710337565)nd172:1.038304328025817,nd173:1.0754511467361545)nd139:1.3293959849407664)nd122:0.9551437573928689,nd143:3.3599908890697896)nd103:6.062836804801247)nd44:4.050277161374206,(nd97:13.013230628888419,(((nd176:1.0293655995157425,nd177:1.0293655995157425)nd108:3.0043195815034407,nd129:4.033685181019183)nd86:2.118442793311358,(((nd186:2.8566905848562905,(nd190:0.3581372605430509,nd191:0.3581372605430509)nd147:2.498553324313239)nd126:0.18446961045311522,nd127:3.041160195309406)nd95:2.935460547572611,((nd192:0.1949947004424549,nd193:0.1949947004424549)nd144:2.121633211131602,(nd150:2.0367764499449734,((nd162:1.3686695584219475,(nd169:1.181672200269534,(nd170:1.1109446703201793,nd171:1.1109446703201793)nd167:0.07072752994935462)nd163:0.1869973581524134)nd156:0.15118290232542853,nd181:1.519852460747376)nd151:0.5169239891975975)nd145:0.2798514616290837)nd113:3.6599928313079606)nd87:0.17550723144852332)nd68:6.861102654557875)nd45:0.4598742263568262)nd41:8.307958325027105,(nd140:2.363271120616794,nd141:2.363271120616794)nd101:19.417792059655554)nd5:0.0;
