sample	replicate	trs
1	1	((((nd58:0.5177573000730427[&state=0],nd59:0.5177573000730427[&state=0])nd54:0.16255406358408922[&state=0],nd67:0.6803113636571319[&state=0])nd49:3.2126454158381677[&state=0],((nd32:2.581646925421602[&state=1],(nd42:1.5467153471547552[&state=0],(nd68:0.27202826633326715[&state=0],nd69:0.27202826633326715[&state=0])nd60:1.274687080821488[&state=0])nd31:1.0349315782668476[&state=0])nd19:1.2560947935089568[&state=0],(nd64:0.34698836544631817[&state=0],(nd70:0.16366145920163513[&state=0],nd71:0.16366145920163513[&state=0])nd65:0.18332690624468306[&state=0])nd40:3.490753353484241[&state=0])nd9:0.05521506056473933[&state=0])nd5:2.7019096639981224[&state=0],(((nd52:0.7023556560228087[&state=0],(nd62:0.37098757146435146[&state=0],nd63:0.37098757146435146[&state=0])nd53:0.33136808455845723[&state=0])nd24:2.0684610975116366[&state=0],nd51:2.7708167535344455[&state=0])nd6:1.2284980203309923[&state=0],(nd16:3.477830109797046[&state=0],(nd34:2.403046941975525[&state=0],(nd72:0.1365114586376417[&state=0],nd73:0.1365114586376417[&state=0])nd35:2.2665354833378832[&state=0])nd23:1.0747831678215214[&state=0])nd7:0.5214846640683909[&state=0])nd3:2.5955516696279837[&state=0])root:0.0[&state=16];
