sample	replicate	trs
1	1	(((((((nd33:1.2914440987847415,((nd65:0.03381829774149818,nd66:0.03381829774149818)nd59:0.17034134240531815,nd60:0.20415964014681634)nd34:1.0872844586379249)nd25:0.9368214685478226,((nd57:0.2298046080321177,nd58:0.2298046080321177)nd43:0.5124856790733021,((nd61:0.0674001004413801,nd62:0.0674001004413801)nd51:0.38924649875386247,nd52:0.45664659919524264)nd44:0.28564368791017675)nd26:1.4859752802271435)nd23:1.4755372392504578,((nd45:0.7250091155386156,(nd47:0.6234726618749898,(nd55:0.3812793463120886,nd56:0.3812793463120886)nd48:0.24219331556290127)nd46:0.10153645366362564)nd27:1.3625198273394914,(nd31:0.014810282284284295,(nd37:1.2073005698334538,(((nd63:0.04481555044395232,nd64:0.04481555044395232)nd49:0.5242760477757582,nd50:0.5690915982197106)nd39:0.40418157679034156,nd40:0.9732731750100518)nd38:0.23402739482340135)nd32:0.3452098345579932)nd28:0.5350185384866607)nd24:1.6162738637049143)nd13:4.2532758972595515,nd14:5.999479589146419)nd3:2.779011681781344,(((((nd41:0.7482728741374951,nd42:0.7482728741374951)nd21:3.912265529715334,(nd29:1.809527901519062,nd30:0.041595330419405455)nd22:2.8510105023337675)nd19:1.4885379970677022,nd20:0.37150094637212194)nd11:2.5229228456992336,nd12:1.9690102588168352)nd7:1.113462773843025,(nd15:0.11575546486054053,((nd53:0.031798040517043845,nd54:0.4009049389051589)nd35:0.8556121673554882,nd36:1.2565171062606473)nd16:5.746482415763602)nd8:2.7824624984385387)nd4:0.9506283651611269)nd1:1.4570317431122437,(((nd17:0.852178330503716,nd18:1.9035634676723752)nd9:2.595830096794048,nd10:2.094385724219156)nd5:0.6955795890819405,nd6:1.1632487258310715)nd2:2.0616902456085997)root:1.063477871263843)origin:0.0;
