sample	replicate	trs
1	1	(nd2:10.334696687976551[&state=0],((nd8:3.9460054199258243[&state=5],nd9:3.9460054199258243[&state=5])nd4:1.6168894783828693[&state=5],((nd12:1.405236750256138[&state=40],(nd18:0.3581704087378132[&state=62],nd19:0.3581704087378132[&state=5])nd13:1.0470663415183248[&state=62])nd6:4.113761909958647[&state=17],(nd10:2.967794729386372[&state=16],(((nd22:0.23214673419151793[&state=15],nd23:0.23214673419151793[&state=15])nd20:0.016713274232404877[&state=4],nd21:0.2488600084239228[&state=61])nd14:0.4845724564618964[&state=61],((nd26:0.18293968914824257[&state=4],nd27:0.18293968914824257[&state=20])nd16:0.4939132590314934[&state=20],(nd24:0.20709797452343198[&state=4],(nd28:0.18185615863039645[&state=4],nd29:0.18185615863039645[&state=4])nd25:0.025241815893035528[&state=4])nd17:0.46975497365630403[&state=4])nd15:0.05657951670608315[&state=4])nd11:2.234362264500552[&state=61])nd7:2.5512039308284136[&state=16])nd5:0.04389623809390819[&state=16])nd3:4.771801789667852[&state=16])root:0.0[&state=16];
