sample	replicate	trs
1	1	(((nd35:0.8634594228199357[&state=31],nd36:0.8634594228199357[&state=63])nd14:4.368192625710147[&state=31],nd15:5.231652048530079[&state=63])nd1:0.6755144901695852[&state=7],(((nd25:1.9336060294164843[&state=6],nd26:1.9336060294164843[&state=6])nd22:1.1040960160552213[&state=6],((nd33:1.0377799530947875[&state=63],(nd37:0.40981029998595614[&state=63],(nd43:0.0833442861100555[&state=31],nd44:0.0833442861100555[&state=12])nd38:0.3264660138759006[&state=12])nd34:0.6279696531088311[&state=12])nd31:0.38142399848639014[&state=31],nd32:1.419203951581178[&state=12])nd18:1.6184980938905287[&state=7])nd11:0.688184152143288[&state=6],((nd39:0.3388035457442126[&state=50],(nd41:0.17018702861946994[&state=3],nd42:0.17018702861946994[&state=11])nd40:0.16861651712474268[&state=31])nd23:1.710066841356869[&state=9],(nd27:1.8464338761328773[&state=63],(nd29:1.7207917680115197[&state=81],nd30:1.7207917680115197[&state=29])nd28:0.1256421081213574[&state=8])nd24:0.20243651096820475[&state=8])nd20:1.6770158105139106[&state=28])nd2:2.181280341084673[&state=48])root:0.0[&state=48];
