sample	replicate	trs
1	1	((((nd47:3.6847957615723326,nd56:3.6847957615723326)nd24:6.7319457392587205,(nd51:7.722530058442661,(nd73:0.37053400778711376,nd74:0.37053400778711376)nd38:7.351996050655549)nd22:2.6942114423883887)nd19:0.10974003108559009,((nd61:1.8029171186667348,nd62:1.8029171186667348)nd33:3.8912518999443875,(nd45:3.713554869357704,nd64:3.7135548693577043)nd34:1.9806141492534182)nd20:4.832312513305518)nd17:2.977746567254825,((nd57:2.444580186590571,(nd71:0.9167403457018974,nd68:0.9167403457018976)nd58:1.527839840888674)nd49:0.6079006283033929,(nd69:0.47091633222522644,(nd75:0.06922504869555306,nd76:0.06922504869555306)nd70:0.4016912835296734)nd66:2.5815644826687376)nd42:10.4517472842775)nd5:0.0;
