sample	replicate	trs
1	1	((((((nd55:3.029394064757388[&state=0],nd56:3.029394064757388[&state=0]):0.3483601211560586[&state=0],nd52:3.3777541859134463[&state=0]):6.739681088901979[&state=0],((nd57:2.431448449229441[&state=0],nd58:2.431448449229441[&state=0]):4.979648474617798[&state=0],(nd41:6.8019963277901425[&state=0],nd42:6.8019963277901425[&state=7]):0.6091005960570951[&state=0]):2.7063383509681884[&state=0]):12.547763298067562[&state=0],((((nd37:6.938641675987753[&state=0],((nd63:1.1828887309598093[&state=0],(nd65:0.049984558000927576[&state=0],nd66:0.049984558000927576[&state=0]):1.1329041729588818[&state=0]):3.3628595599883555[&state=0],nd48:4.545748290948165[&state=0]):2.392893385039588[&state=0]):0.5570898912472508[&state=0],(nd45:4.913633156377866[&state=0],nd46:4.913633156377866[&state=0]):2.5820984108571374[&state=0]):4.729050081658485[&state=0],nd20:6.8473255300921005[&state=0]):0.17423578744009163[&state=0],((nd39:6.9077677502749175[&state=0],nd40:6.9077677502749175[&state=0]):3.1309173848053766[&state=0],((nd43:4.929237470252977[&state=1],nd44:4.929237470252977[&state=1]):2.2724451499230787[&state=7],((nd53:2.3380943105987666[&state=0],nd54:3.342278371777461[&state=0]):0.6278559057519565[&state=0],nd50:3.970134277529417[&state=0]):3.2315483426466383[&state=0]):2.8370025149042375[&state=7]):2.3603323012532877[&state=0]):10.266181136549406[&state=0]):1.0849468244324771[&state=0],((nd59:1.9497737510715472[&state=0],nd60:1.9497737510715472[&state=0]):19.941223350573622[&state=0],((nd15:12.963581816422296[&state=6],(nd61:1.5882000172633712[&state=6],nd62:1.5882000172633712[&state=6]):13.495198820769508[&state=6]):6.805168783954825[&state=6],((((nd29:7.715263909853414[&state=6],nd30:1.666305043184301[&state=6]):3.2677887818881213[&state=6],nd24:0.22591826668876142[&state=6]):6.616023074618868[&state=6],(nd13:7.8712250925329466[&state=6],(nd21:7.950758022624775[&state=6],nd22:5.966779957566519[&state=6]):4.999886828819484[&state=6]):0.8149251155017798[&state=6]):0.7957757886881822[&state=6],nd10:14.67119695848595[&state=6]):3.493716066939117[&state=22]):0.002429479657470855[&state=22]):1.8591482956702918[&state=22]):1.2546546026845418[&state=22]):0.0[&state=22];
