sample	replicate	trs
1	1	(((nd53:5.488246464110486[&state=6],(nd78:4.103423031051525[&state=6],((nd83:1.606204383783882[&state=6],(nd87:0.5277493358486123[&state=6],nd88:0.5277493358486123[&state=6])nd84:1.0784550479352697[&state=6])nd73:0.9721129317885939[&state=6],nd74:2.578317315572476[&state=6])nd66:1.5251057154790488[&state=6])nd57:1.3848234330589615[&state=6])nd51:3.6191744027028974[&state=6],((nd89:0.06808597289167222[&state=6],nd90:0.06808597289167222[&state=6])nd69:4.891458760520258[&state=6],nd62:4.9595447334119305[&state=6])nd36:4.1478761334014544[&state=6])nd9:8.427068930749604[&state=6],(((nd91:0.0010669293626376919[&state=6],nd92:0.0010669293626376919[&state=6])nd75:2.545591146441201[&state=6],(nd85:0.7107591660044745[&state=6],nd86:0.7107591660044745[&state=6])nd76:1.8358989097993637[&state=6])nd55:10.636501774058484[&state=6],(nd46:8.25891799595485[&state=6],(nd59:5.234667106099588[&state=6],nd60:5.234667106099588[&state=6])nd42:3.0242508898552622[&state=6])nd34:4.9242418539074695[&state=6])nd11:4.351329947700668[&state=6])root:0.0[&state=6];
