sample	replicate	trs
1	1	(((((nd44:0.1576659440775186,nd45:0.1576659440775186)nd27:2.131080032265429,(nd42:0.5128544482036793,nd43:0.5128544482036793)nd13:1.7758915281392684)nd8:0.17183285914635232,((nd22:1.9361714183093888,nd31:1.9361714183093888)nd10:0.35334413788349356,(nd39:1.165644477955931,(nd34:1.0185425560591603,nd37:1.0185425560591603)nd29:0.14710192189677057)nd11:1.1238710782369514)nd9:0.17106327929641735)nd6:0.7786189418974301,(nd16:2.225761782332308,nd17:2.225761782332308)nd7:1.0134359950544214)nd4:0.45542886697169616,((nd24:1.6458866976784123,(nd40:0.5153442410588969,nd41:0.5153442410588969)nd32:1.1305424566195152)nd20:0.2961564832893957,nd21:1.9420431809678078)nd5:1.752583463390618)nd2:0.0;
