sample	replicate	trs
1	1	(((nd3:0.3613872171406791,(nd13:0.4060610500066068,((nd43:1.3826159180240711,nd44:1.3826159180240711)nd23:2.5885764475605058,((nd51:0.970609582220639,nd52:0.970609582220639)nd37:0.7701972284377265,nd38:1.7408068106583652)nd24:2.2303855549262117)nd14:4.256682678842773)nd4:3.155107399634567)nd1:1.9196856445457267,((nd11:0.48011142051485756,(((nd29:2.916037113263064,nd30:2.916037113263064)nd19:3.0137323459178225,(nd21:0.22858166515871542,((nd27:3.2228394596457606,nd28:3.2228394596457606)nd25:0.010295046342084144,((((nd55:0.6427777037690813,nd56:0.6427777037690813)nd45:0.6716166786895629,nd46:0.026919505684195152)nd39:0.40226892482002824,nd40:1.7166633072786717)nd31:1.1585277072935736,(nd41:1.3879620523156775,(((nd53:0.6961663995515467,nd54:0.6961663995515467)nd49:0.5488711038531814,nd50:1.245037503404728)nd47:0.06448479175141475,nd48:1.3095222951561434)nd42:0.07843975715953476)nd32:1.487228962256568)nd26:0.35794349141560156)nd22:1.927218419454467)nd20:0.7694165337385751)nd15:0.7440318146366457,(nd33:2.297510991176322,nd34:2.297510991176322)nd16:4.37629028264121)nd12:1.7184644638153075)nd5:2.7873111577677796,((nd9:1.55816722409655,(nd17:0.17388062549804462,((nd57:0.5513688088540749,(nd59:0.4710545826843791,nd60:0.4710545826843791)nd58:0.08031422616969608)nd35:1.7257359548592843,nd36:0.139361662430872)nd18:3.6770469170913356)nd10:3.0543522881722676)nd7:1.1304549807819093,nd8:2.5931867805220703)nd6:1.0406179456417497)nd2:2.123091193207022)root:1.4139319113923519)origin:0.0;
