sample	replicate	trs
1	1	(((((nd31:2.176946006412607[&state=126],(nd33:1.9062897003134542[&state=126],(nd39:0.815193217585305[&state=102],nd40:0.815193217585305[&state=103])nd34:1.0910964827281484[&state=126])nd32:0.27065630609915337[&state=108])nd27:1.9050729076306903[&state=104],(nd35:1.5088038334970224[&state=119],nd36:1.5088038334970224[&state=71])nd28:2.5732150805462752[&state=120])nd23:1.8754216695546062[&state=78],(nd43:0.4976928875541698[&state=6],(nd45:0.16802568926739994[&state=101],nd46:0.16802568926739994[&state=107])nd44:0.32966719828676994[&state=126])nd24:5.45974769604373[&state=125])nd5:8.906225713893388[&state=48],((((nd37:0.8802102122160277[&state=125],nd38:0.8802102122160277[&state=126])nd21:5.736862526502966[&state=126],(nd29:3.0416947044989313[&state=126],nd30:3.0416947044989313[&state=111])nd22:3.5753780342200643[&state=79])nd17:1.7390599000878164[&state=23],nd18:8.356132638806821[&state=99])nd15:0.38879163149913143[&state=48],(nd19:7.2773752094745365[&state=119],(nd25:5.663747245773399[&state=126],nd26:5.663747245773399[&state=119])nd20:1.6136279637011386[&state=49])nd16:1.4675490608314012[&state=7])nd13:6.118742027185351[&state=1])nd3:2.644317087898771[&state=7],(nd41:0.708222893868996[&state=123],nd42:0.708222893868996[&state=126])nd11:16.79976049152105[&state=126])nd1:0.0[&state=48];
