sample	replicate	trs
1	1	(((((nd53:0.6289364359926339[&state=47],nd54:0.6289364359926339[&state=40])nd39:0.316631158838467[&state=103],nd40:0.9455675948311006[&state=6])nd23:0.7644233970646017[&state=104],((((nd63:0.3651159768565639[&state=5],(nd65:0.28828536664288845[&state=43],nd66:0.28828536664288845[&state=0])nd64:0.0768306102136754[&state=63])nd59:0.1274136439361691[&state=68],(nd61:0.4063932558951609[&state=67],((nd69:0.13074084750780396[&state=15],nd70:0.13074084750780396[&state=101])nd67:0.06724220588769146[&state=103],nd68:0.1979830533954954[&state=32])nd62:0.2084102024996655[&state=119])nd60:0.08613636489757213[&state=125])nd43:0.3715446858812014[&state=67],nd44:0.8640743066739344[&state=6])nd31:0.4888965139889997[&state=55],(nd41:0.935045909187099[&state=40],nd42:0.935045909187099[&state=99])nd32:0.4179249114758348[&state=112])nd24:0.3570201712327684[&state=98])nd15:1.5018884861466288[&state=120],((nd47:0.799203797667179[&state=0],(nd49:0.7878057567576806[&state=101],nd50:0.7878057567576806[&state=6])nd48:0.011398040909498414[&state=24])nd17:1.9196587856228986[&state=49],(nd25:1.4867073787954657[&state=64],nd26:1.4867073787954657[&state=37])nd18:1.2321552044946114[&state=120])nd16:0.49301689475225496[&state=11])nd11:3.328498972860168[&state=31],(((nd45:0.8364166321016447[&state=43],(nd75:0.013453509615075484[&state=6],nd76:0.013453509615075484[&state=6])nd46:0.8229631224865692[&state=6])nd30:0.6456799096439294[&state=118],nd28:1.482096541745574[&state=103])nd19:0.7171866196980468[&state=107],((((nd57:0.5414996893081827[&state=0],nd58:0.5414996893081827[&state=32])nd55:0.09085984168810304[&state=0],(nd73:0.028613701022921746[&state=2],nd74:0.028613701022921746[&state=43])nd52:0.6037458299733641[&state=43])nd37:0.5268482259137257[&state=102],(nd71:0.09268525763892237[&state=42],nd72:0.09268525763892237[&state=8])nd34:1.0665224992710887[&state=70])nd21:1.0070953983106468[&state=107],nd35:2.1663031552206578[&state=119])nd20:0.032980006222963265[&state=8])nd13:4.341095289458879[&state=28])nd5:0.0[&state=7];
