sample	replicate	trs
1	1	((((nd27:0.031120034343886133,nd28:0.031120034343886133)nd3:2.116226388440884,(nd7:1.478513456455683,(((nd21:0.25897317513399376,nd22:0.25897317513399376)nd19:0.08408167919712449,nd20:0.34305485433111826)nd11:0.5256305141444594,(nd13:0.8140984578933456,(nd23:0.2161322577286954,nd24:0.2161322577286954)nd14:0.5979662001646501)nd12:0.05458691058223205)nd8:0.6098280879801055)nd4:0.6688329663290874)nd1:1.1250309403241097,((nd15:0.7306862454736421,(nd17:0.6178571461632459,(nd25:0.17677518262948808,nd26:0.17677518262948808)nd18:0.44108196353375784)nd16:0.11282909931039614)nd5:1.0444657374860855,(nd9:1.3744268219044227,nd10:1.3744268219044227)nd6:0.40072516105530503)nd2:1.4972253801491524)root:0.42926263689111943)origin:0.0;
