sample	replicate	trs
1	1	(((((nd150:0.22445130302587596,nd151:0.22445130302587596)nd78:0.8763235296819851,(nd134:0.2884787979218654,(((nd152:0.22190708272222615,nd153:0.22190708272222615)nd140:0.04911355570727022,nd141:0.27102063842949636)nd136:0.006027418837223853,nd137:0.27704805726672027)nd135:0.011430740655145166)nd107:0.812296034785996)nd69:0.685713177580733,((((nd112:0.5424563670929022,nd113:0.5424563670929022)nd92:0.3384238256398926,(((nd128:0.33772417144466976,nd129:0.33772417144466976)nd116:0.1560994923923308,nd154:0.4938236638370005)nd100:0.2189414114730794,((nd148:0.227502233682354,nd149:0.227502233682354)nd123:0.3993369822795364,((nd162:0.12906120340373126,(nd164:0.06327548050979748,(nd166:0.036073451375751166,nd167:0.036073451375751166)nd165:0.027202029134046304)nd163:0.06578572289393378)nd110:0.42462622944323397,(nd146:0.24512996549543867,nd147:0.24512996549543867)nd111:0.3085574673515265)nd105:0.0731517831149253)nd101:0.08592585934818936)nd93:0.1681151174227151)nd86:0.11273970707396234,(nd168:0.022945806664441678,nd169:0.022945806664441678)nd98:0.9706740931423152)nd66:0.29704929045409184,((nd160:0.14131398146558102,nd161:0.14131398146558102)nd158:0.017907424886089547,nd159:0.15922140635167056)nd73:1.131447783909178)nd59:0.49581882002774536)nd51:1.2677336109802584,(nd89:1.4800924000975435,(nd132:1.117452343483332,(nd94:0.8301818054654816,nd95:0.8301818054654816)nd91:0.28727053801785)nd61:0.36264005661421184)nd54:1.574129221171309)nd44:0.9377079221923553,(nd97:2.8323408794536666,(((nd138:0.27139859298955665,nd144:0.2713985929895566)nd108:0.2968376215235859,(nd118:0.474128614037212,(nd156:0.46446759630687534,(nd142:0.2510634390284331,nd143:0.2510634390284331)nd130:0.2134041572784422)nd119:0.009661017730336669)nd109:0.09410760047593057)nd64:0.7499663575531645,(nd80:1.0659849974601396,(nd102:0.682782918189318,nd103:0.682782918189318)nd81:0.3832020792708221)nd65:0.25221757460616695)nd56:1.51413830738736)nd45:1.1595886640075408)nd43:0.0;
