sample	replicate	trs
1	1	((((nd20:5.4083977183699705[&state=0],(nd32:0.8855385571828096[&state=36],(nd34:0.562058968710052[&state=0],nd35:0.562058968710052[&state=33])nd33:0.3234795884727574[&state=31])nd21:4.522859161187163[&state=41])nd9:2.7222738834856264[&state=16],(((nd36:0.4205475143796008[&state=33],nd37:0.4205475143796008[&state=0])nd24:4.252150897577378[&state=41],(nd26:3.67117100118572[&state=49],(nd38:0.18924449689325562[&state=49],nd39:0.18924449689325562[&state=5])nd27:3.481926504292464[&state=49])nd25:1.001527410771258[&state=33])nd12:2.501257648414734[&state=16],nd22:7.173956060371711[&state=0])nd7:0.9567155414838843[&state=0])nd4:4.112967315581885[&state=16],(nd14:6.034141394318259[&state=57],nd30:6.034141394318262[&state=11])nd5:6.209497523119225[&state=16])nd2:0.1241790104698223[&state=16],((nd28:2.7503502577948424[&state=1],nd29:2.7503502577948424[&state=57])nd16:3.225600535071639[&state=16],(nd18:5.949730383028871[&state=0],nd19:5.949730383028871[&state=41])nd17:0.02622040983761061[&state=0])nd3:6.391867135040826[&state=16])root:0.0[&state=16];
