sample	replicate	trs
1	1	(((nd15:14.398522185446815[&state=7],((nd37:3.613562908856155[&state=6],nd38:3.613562908856155[&state=6]):5.582053407921244[&state=6],nd24:9.1956163167774[&state=6]):5.202905868669413[&state=6]):7.841274815666695[&state=22],((((((nd31:3.8042240290866784[&state=0],nd32:4.457380566725731[&state=0]):4.834821712589469[&state=0],(nd25:0.8163991552242411[&state=0],nd26:7.902571494258532[&state=0]):1.3896307850566694[&state=0]):4.4164569646049285[&state=0],(nd33:4.316578571193863[&state=7],nd34:4.316578571193863[&state=2]):9.392080672726268[&state=7]):3.977666805179092[&state=0],(nd43:0.13329322229791135[&state=0],nd44:0.13329322229791135[&state=0]):17.55303282680131[&state=0]):0.6032514510480815[&state=0],nd6:15.826482595865585[&state=0]):3.830467097929752[&state=0],((nd19:6.640224479331854[&state=0],(nd39:3.4552603255514236[&state=0],nd40:3.4552603255514236[&state=0]):5.850670688669192[&state=0]):8.866718150992948[&state=0],((nd13:7.286397228738563[&state=0],((nd41:1.7589423997566842[&state=0],nd42:1.7589423997566842[&state=8]):5.399973376868541[&state=0],(nd29:7.066665823491291[&state=0],(nd35:4.099873752979317[&state=0],nd36:4.099873752979317[&state=0]):2.966792070511973[&state=0]):0.09224995313393503[&state=0]):7.681226760625716[&state=0]):1.5268809826944634[&state=0],nd12:4.050258591479606[&state=0]):1.805625645268159[&state=0]):3.94739543286349[&state=0]):0.11975240303645389[&state=0]):2.3659029988864795[&state=22]):0.0[&state=22];
