sample	replicate	trs
1	1	(((((((nd31:0.6125528091521737,nd32:0.6125528091521737)nd21:1.1961200588651943,((nd39:0.06108418259586739,nd40:0.06108418259586739)nd33:0.5238231772944828,(nd35:0.056083572176799525,nd36:0.29202338469746053)nd34:0.2928839751928896)nd22:1.223765508127018)nd11:1.4838158705671511,((nd29:1.1584441261722296,nd30:1.1584441261722296)nd17:1.5807883503314286,nd18:2.739232476503657)nd12:0.5532562620808616)nd5:2.5494720430058195,(((nd15:2.7496734102233114,nd16:2.7496734102233114)nd9:1.5871787131973312,(nd13:3.2399951255715904,(nd19:1.8440783707631052,nd20:1.8440783707631052)nd14:1.3959167548084885)nd10:1.0968569978490512)nd7:1.0109982777475448,nd8:0.9422883232694825)nd6:0.49411038042215133)nd3:0.44532771964831375,(((nd27:1.395794917734424,nd28:1.395794917734424)nd25:0.13377788265779214,(nd37:0.1379344629253176,nd38:0.1379344629253176)nd26:1.3916383374668984)nd23:0.16275106897259123,nd24:1.6923238693648077)nd4:4.594964631873847)nd1:0.3797111205037107,nd2:6.666999621742359)root:2.329370378257633)origin:0.0;
