sample	replicate	trs
1	1	(nd3:4.5541714616596005,((((nd23:0.8708279977635929,nd24:0.8708279977635929)nd11:1.3504545618473949,(((nd33:0.13726032261263213,nd34:0.13726032261263213)nd27:0.5446846115799826,nd28:0.6819449341926145)nd21:0.19189807951196663,(nd25:0.7900688655212417,nd26:0.7900688655212417)nd22:0.08377414818333939)nd12:1.3474395459064068)nd9:0.24821451777323497,(((nd29:0.3694511220412592,nd30:0.3694511220412592)nd17:1.0458048561143471,(nd19:0.9232294805603305,(nd31:0.19528600228180637,nd32:0.19528600228180637)nd20:0.7279434782785243)nd18:0.49202649759527617)nd13:0.772661454471198,nd15:2.1879174326268047)nd10:0.28157964475741826)nd5:1.5979253338524364,(nd35:0.12415052286470324,nd36:0.12415052286470324)nd8:3.9432718883719557)nd4:0.48674905042294303)nd1:0.0;
