sample	replicate	trs
1	1	((nd1:1.3775297058002502,(((nd37:0.04462000902002711,nd38:0.04462000902002711)nd5:0.25348660963544445,(((nd21:0.12728082400034416,(nd25:0.08658857317322213,nd26:0.08658857317322213)nd22:0.040692250827122016)nd13:0.0973619254341477,nd14:0.22464274943449186)nd7:0.06371997671711421,(nd9:0.23410820396306645,((((nd41:0.03444488048872181,(nd43:0.025765809341306026,(nd45:0.016239698779113108,nd46:0.016239698779113108)nd44:0.009526110562192918)nd42:0.008679071147415783)nd39:0.0006589480937954125,nd40:0.03510382858251722)nd23:0.08887171509013812,nd24:0.12397554367265534)nd17:0.006935888406449949,((((nd35:0.0452573522167241,nd36:0.0452573522167241)nd31:0.022555144562455685,nd32:0.06781249677917979)nd27:0.018294860028700326,nd28:0.08610735680788012)nd19:0.041841194799034705,(nd33:0.0540693943042895,nd34:0.0540693943042895)nd20:0.0738791573026253)nd18:0.002962880472190489)nd10:0.10319677188396115)nd8:0.05425452218853961)nd6:0.009743892503865493)nd3:0.05964111201135441,(((nd29:0.07412335763583291,nd30:0.07412335763583291)nd15:0.12096507623281283,nd16:0.19508843386864574)nd11:0.031180139466664265,nd12:0.22626857333531)nd4:0.13147915733151594)nd2:2.507294363998752)root:7.019697905334421)origin:0.0;
