sample	replicate	trs
1	1	((((nd15:1.1813899690035456[&state=4],(((nd25:0.4991529559170776[&state=4],(nd29:0.20331631052183424[&state=11],nd30:0.20331631052183424[&state=0]):0.29583664539524335[&state=7]):0.32458514238232494[&state=13],nd24:0.8237380982994024[&state=4]):0.044169594971754864[&state=4],((nd35:0.0898711458781399[&state=16],nd36:0.0898711458781399[&state=21]):0.3352544506544476[&state=47],(nd31:0.2021410530112304[&state=5],nd32:0.2021410530112304[&state=5]):0.22298454352135708[&state=5]):0.4427820967385699[&state=102]):0.3134822757323882[&state=77]):12.5542784670514[&state=37],((nd9:0.7508431642351473[&state=1],((nd17:1.1753064136435887[&state=36],nd18:1.1753064136435887[&state=21]):0.14156458478230466[&state=4],(((nd33:0.1570974761367072[&state=71],nd34:0.1570974761367072[&state=5]):0.6995910820385716[&state=42],nd22:0.8566885581752787[&state=19]):0.3963409265521327[&state=42],nd14:1.2530294847274117[&state=2]):0.06384151369848166[&state=14]):2.816036940118366[&state=14]):4.491928460821152[&state=1],nd8:2.525806238278209[&state=1]):5.110832036689535[&state=7]):4.028873093774336[&state=0],(nd5:2.7877433799092293[&state=1],nd6:1.818331842873607[&state=1]):6.301832720944472[&state=7]):0.04035847017072403[&state=22]):0.0[&state=22];
