sample	replicate	trs
1	1	(((((nd31:0.19977117030552113,nd32:0.19977117030552113)nd5:0.6787822304540646,(((nd11:0.6195768636505444,(nd17:0.3102318243858155,((nd29:0.2029607062849412,nd30:0.2029607062849412)nd25:0.04045440019510006,nd26:0.24341510648004128)nd18:0.06681671790577422)nd12:0.309345039264729)nd9:0.0091137583050455,(((nd21:0.25685947436806467,nd22:0.15186713457122178)nd15:0.24013872996139993,((nd37:0.05982926226127356,nd38:0.05982926226127356)nd19:0.20079013316513755,(nd27:0.23036205641286273,nd28:0.23036205641286273)nd20:0.03025733901354835)nd16:0.23637880890305346)nd13:0.010056395053029512,nd14:0.507054599382494)nd10:0.12163602257309589)nd7:0.16238388658782138,(nd23:0.24433993374271315,(nd33:0.11119695551586682,(nd35:0.09853265580570832,nd36:0.09853265580570832)nd34:0.012664299710158502)nd24:0.13314297822684634)nd8:0.5467345748006982)nd6:0.0874788922161743)nd3:2.3536293324750415,nd4:0.14773581944844327)nd1:0.4269209997628884,nd2:0.754844336204063)root:4.625846267002475)origin:0.0;
