sample	replicate	trs
1	1	((nd9:1.4612107391750877[&state=6],((nd39:0.19562491539839652[&state=6],nd40:0.19562491539839652[&state=6])nd13:0.9597477709959202[&state=6],(nd15:0.9976842423019948[&state=0],(nd43:0.030072121149071783[&state=6],nd44:0.030072121149071783[&state=6])nd16:0.967612121152923[&state=6])nd14:0.15768844409232194[&state=7])nd10:0.3058380527807708[&state=22])nd1:0.3279417374474797[&state=6],((((nd37:0.42619942648078807[&state=6],nd32:0.426199426480788[&state=1])nd11:0.8618228162271315[&state=23],(nd27:0.5172784980088192[&state=6],nd28:0.5172784980088192[&state=6])nd12:0.7707437446991003[&state=6])nd5:0.3464888211857068[&state=6],(nd7:1.5189088788904523[&state=6],(nd33:0.9189715080137213[&state=7],((nd41:0.13778301403402363[&state=6],nd42:0.13778301403402363[&state=6])nd29:0.31399551908104434[&state=6],nd30:0.4517785331150679[&state=6])nd23:0.4671929748986534[&state=6])nd8:0.5999373708767309[&state=22])nd6:0.11560218500317412[&state=6])nd3:0.07374343567735235[&state=6],(nd35:0.2258257350093534[&state=6],nd36:0.2258257350093534[&state=6])nd4:1.4824287645616252[&state=6])nd2:0.08089797705158865[&state=6])root:0.0[&state=6];
