sample	replicate	trs
1	1	(((((nd31:1.4259586576889733[&state=0],(nd33:1.3624893351937517[&state=0],nd34:1.3624893351937517[&state=0]):0.06346932249522183[&state=0]):4.720004756916092[&state=0],(((nd43:0.7829412458323998[&state=8],(nd49:0.6537498137699634[&state=0],nd50:0.6537498137699634[&state=101]):0.12919143206243636[&state=98]):4.4280249514443195[&state=98],((nd37:1.227267447809599[&state=7],((nd57:0.3893975969678739[&state=108],nd58:0.3893975969678739[&state=1]):0.1730272259655442[&state=81],nd52:0.5624248229334182[&state=1]):0.6648426248761812[&state=81]):3.6941535849691176[&state=108],(nd21:0.0353410011427383[&state=0],((nd41:0.40560268724614124[&state=0],nd42:1.0637155736602033[&state=0]):0.2468675472646113[&state=0],nd36:1.3105831209248149[&state=0]):2.489906116991733[&state=0]):1.1209317948621687[&state=0]):0.28954516449800266[&state=7]):0.25379382932280176[&state=7],(((nd61:0.017074708498180893[&state=1],nd62:0.017074708498180893[&state=69]):0.41740728381704395[&state=69],nd56:0.43448199231522483[&state=0]):3.5248410991284036[&state=38],((nd25:2.847442612393462[&state=0],(nd47:0.6939442471943807[&state=7],nd48:0.6939442471943807[&state=0]):2.1534983651990807[&state=7]):1.019496163028256[&state=0],nd20:3.8669387754217164[&state=30]):0.09238431602191204[&state=0]):1.5054369351558925[&state=0]):0.6812033880055428[&state=7]):0.5848672949392256[&state=0],((((nd53:0.5221336526651796[&state=29],nd54:0.051580030650424775[&state=3]):3.0554713293048468[&state=29],nd24:3.577604981970027[&state=1]):0.5747339556133235[&state=7],(nd27:0.29320804852073284[&state=0],nd28:2.479549693881678[&state=0]):1.6727892437016731[&state=0]):1.6185724007896425[&state=0],(nd29:1.4744293193888889[&state=0],((nd45:0.7790165902527851[&state=0],nd46:0.7790165902527851[&state=25]):0.3805562277512726[&state=10],(nd59:0.13582577009088576[&state=17],nd60:0.13582577009088576[&state=0]):1.023747047913172[&state=17]):1.2371803222640594[&state=10]):3.374158198104876[&state=0]):0.9599193711712972[&state=0]):12.701700103752161[&state=0],nd2:9.962101597929095[&state=0]):3.8727691867035423[&state=0]):0.0[&state=22];
