sample	replicate	trs
1	1	((((nd29:0.7856169119692415[&state=6],nd30:0.7856169119692415[&state=6])nd27:0.23178835689831992[&state=6],nd28:1.0174052688675617[&state=6])nd9:4.112729053295159[&state=6],((nd31:0.7006222460673178[&state=6],nd32:0.7006222460673178[&state=6])nd13:3.0180071633358283[&state=6],((nd23:1.94242246324783[&state=6],nd24:1.94242246324783[&state=6])nd15:1.3525577815838243[&state=6],(nd21:2.0206314232276212[&state=6],nd22:2.0206314232276212[&state=6])nd16:1.274348821604033[&state=6])nd14:0.4236491645714918[&state=6])nd10:1.4115049127595745[&state=6])nd7:1.218760433299082[&state=6],(((nd37:0.04295476372883433[&state=6],nd38:0.04295476372883433[&state=6])nd19:2.288302580245281[&state=6],(nd25:1.702789864118945[&state=6],nd26:1.702789864118945[&state=6])nd20:0.6284674798551704[&state=6])nd11:1.7399975958999017[&state=6],(nd17:2.9217677535159146[&state=6],((nd35:0.14940184255258876[&state=80],nd36:0.14940184255258876[&state=6])nd33:0.246962551074548[&state=80],nd34:0.39636439362713677[&state=2])nd18:2.5254033598887777[&state=53])nd12:1.1494871863581027[&state=6])nd3:2.277639815587786[&state=6])root:0.0[&state=6];
