sample	replicate	trs
1	1	((nd1:2.146384567977859[&state=6],(((nd13:0.3353886738228684[&state=6],((((nd37:0.22888328214413703[&state=6],nd38:0.22888328214413703[&state=6]):0.07654679800140911[&state=6],(nd43:0.15312882508057898[&state=6],nd44:0.15312882508057898[&state=6]):0.15230125506496717[&state=6]):0.14346045546492875[&state=6],(nd31:0.21794754395291832[&state=6],nd32:0.368018396959938[&state=6]):0.08087213865053688[&state=6]):0.8190472720946719[&state=6],(nd41:0.18947444026571583[&state=6],nd42:0.18947444026571583[&state=6]):1.0784633674394308[&state=6]):0.0837750019569645[&state=6]):0.2883998370672223[&state=6],(((nd35:0.3035293623183599[&state=6],nd36:0.3035293623183599[&state=6]):0.2891119068596549[&state=6],nd24:0.5926412691780147[&state=6]):0.5064929120607626[&state=6],((nd25:0.4857809946721696[&state=6],(nd29:0.3699935464234615[&state=6],nd30:0.3699935464234615[&state=6]):0.11578744824870815[&state=6]):0.21840963460805993[&state=6],(nd39:0.19582395010686424[&state=6],nd40:0.19582395010686424[&state=6]):0.5083666791733654[&state=6]):0.3949435519585479[&state=6]):0.5409784654905561[&state=6]):0.4661544099906574[&state=6],((nd9:1.6603057172547167[&state=6],nd10:0.05004710182120807[&state=6]):0.2817903669146029[&state=6],(nd7:1.8138206938105228[&state=6],(nd21:0.5132413304524611[&state=6],nd22:0.6140871430933466[&state=6]):1.1997335507171767[&state=6]):0.1282753903587967[&state=6]):0.16417097255067098[&state=6]):0.04011751125786786[&state=6]):0.1336854320221405[&state=6]):0.0[&state=24];
