sample	replicate	trs
1	1	(((((nd31:0.19977117030552113[&state=16],nd32:0.19977117030552113[&state=108]):0.6787822304540646[&state=57],(((nd11:0.6195768636505444[&state=15],(nd17:0.3102318243858155[&state=67],((nd29:0.2029607062849412[&state=52],nd30:0.2029607062849412[&state=2]):0.04045440019510006[&state=87],nd26:0.24341510648004128[&state=26]):0.06681671790577422[&state=87]):0.309345039264729[&state=87]):0.0091137583050455[&state=4],(((nd21:0.25685947436806467[&state=25],nd22:0.15186713457122178[&state=4]):0.24013872996139993[&state=4],((nd37:0.05982926226127356[&state=56],nd38:0.05982926226127356[&state=4]):0.20079013316513755[&state=26],(nd27:0.23036205641286273[&state=4],nd28:0.23036205641286273[&state=4]):0.03025733901354835[&state=26]):0.23637880890305346[&state=26]):0.010056395053029512[&state=4],nd14:0.507054599382494[&state=6]):0.12163602257309589[&state=4]):0.16238388658782138[&state=4],(nd23:0.24433993374271315[&state=32],(nd33:0.11119695551586682[&state=15],(nd35:0.09853265580570832[&state=16],nd36:0.09853265580570832[&state=15]):0.012664299710158502[&state=4]):0.13314297822684634[&state=15]):0.5467345748006982[&state=63]):0.0874788922161743[&state=32]):2.3536293324750415[&state=105],nd4:0.14773581944844327[&state=6]):0.4269209997628884[&state=6],nd2:0.754844336204063[&state=6]):4.625846267002475[&state=6]):0.0[&state=23];
