sample	replicate	trs
1	1	(((nd66:1.219442126273332,((nd84:0.028562949150957112,nd85:0.028562949150957112)nd78:0.8519377264315809,nd71:0.8805006755825382)nd68:0.33894145069079373)nd60:0.3561320433067821,nd61:1.5755741695801142)nd49:10.27684607882749,(nd44:3.147412005495112,(((((nd80:0.2872153187784642,nd81:0.2872153187784642)nd64:0.9907967124551467,(nd72:0.8407846196244115,(nd74:0.6597342352068577,nd75:0.6597342352068577)nd73:0.18105038441755364)nd65:0.43722741160919937)nd56:0.5759712601575802,(nd58:1.84822012148394,(nd82:0.25212671975140205,nd83:0.25212671975140205)nd59:1.5960934017325379)nd57:0.005763169907251038)nd54:0.05260053950303374,nd55:1.906583830894225)nd50:0.2529303283663024,(nd76:0.35573156441733067,nd77:0.35573156441733067)nd62:1.8037825948431965)nd47:0.9878978462345853)nd30:8.705008242912491)root:0.0;
