sample	replicate	trs
1	1	((nd1:0.6631128366106955[&state=6],((nd5:4.751365596226189[&state=0],nd6:2.406148975575739[&state=6]):0.6831004625563485[&state=0],((nd9:0.42182595174335985[&state=6],((nd13:0.3922914872951902[&state=6],((((((nd33:0.6980483508880244[&state=104],nd34:0.6980483508880244[&state=107]):0.3426850407699829[&state=56],((nd49:0.00827476886300301[&state=4],nd50:0.20583341812397024[&state=86]):0.6467608070989251[&state=83],nd32:0.8525942252228953[&state=120]):0.1881391664351118[&state=98]):0.22805807898717068[&state=52],(nd35:0.6590010398587327[&state=87],(nd37:0.6274098536008013[&state=108],nd38:0.6274098536008013[&state=83]):0.03159118625793138[&state=120]):0.6097904307864455[&state=105]):0.3592631358449363[&state=81],nd20:0.4406714291218306[&state=6]):0.23185158495125285[&state=24],(nd25:1.0522220193652052[&state=105],((nd43:0.2679725428751415[&state=52],(nd53:0.02894431210015192[&state=4],nd54:0.02894431210015192[&state=66]):0.23902823077498964[&state=66]):0.6550336375494913[&state=87],nd30:0.9230061804246326[&state=37]):0.12921583894057267[&state=16]):0.8076841720761619[&state=67]):2.3730299551789087[&state=63],((nd39:0.44648350625999284[&state=37],((nd51:0.15332531015410436[&state=108],nd52:0.15332531015410436[&state=55]):0.2694432018434972[&state=86],(nd45:0.26403610270853656[&state=87],(nd47:0.25199513532849344[&state=15],nd48:0.25199513532849344[&state=67]):0.01204096738004319[&state=107]):0.1587324092890649[&state=83]):0.023714994262391244[&state=120]):0.8424550895487987[&state=120],nd22:1.2889385958087916[&state=108]):2.943997550811484[&state=31]):1.7181394362168871[&state=0]):3.183377055290514[&state=6],nd12:0.4948451255068534[&state=6]):2.295340644824319[&state=6]):0.8926313936280814[&state=6],nd8:0.8160948719011106[&state=6]):0.7729571365292109[&state=6]):0.09907294974781218[&state=6]):0.6750452371428914[&state=6]):0.0[&state=22];
