sample	replicate	trs
1	1	((nd1:12.083206309639392[&state=6],((nd13:1.4949836618251917[&state=57],(nd29:0.38390263651578804[&state=5],(nd33:0.12549253351868617[&state=5],nd34:0.12549253351868617[&state=14]):0.25841010299710193[&state=95]):1.1110810253094037[&state=95]):2.4285929365364565[&state=32],((nd11:1.6657210761344263[&state=2],((nd21:1.2330356719168392[&state=12],nd22:1.2330356719168392[&state=4]):0.06253506088695349[&state=4],((((nd31:0.2601691664105199[&state=5],nd32:0.2601691664105199[&state=5]):0.36895616277144794[&state=5],nd28:0.6291253291819678[&state=20]):0.06447074194226007[&state=5],nd26:0.6935960711242279[&state=77]):0.524520899486891[&state=103],nd24:1.218116970611119[&state=16]):0.07745376219267372[&state=15]):0.370150343330634[&state=4]):1.6983493226307138[&state=37],((nd9:2.988154037265042[&state=10],nd10:2.988154037265042[&state=14]):0.20519439408299706[&state=7],(nd15:1.459116696832259[&state=37],(nd17:1.3309499921634118[&state=4],nd18:1.3309499921634118[&state=47]):0.12816670466884716[&state=4]):1.7342317345157798[&state=16]):0.17072196741710194[&state=28]):0.5595061995965076[&state=28]):14.948187784096376[&state=28]):0.5384356175419736[&state=22]):0.0[&state=22];
