sample	replicate	trs
1	1	((((((nd27:0.21869415260060723[&state=104],nd28:0.21869415260060723[&state=120]):0.3906098776975268[&state=120],(nd37:0.11099011824719597[&state=81],nd38:0.11099011824719597[&state=108]):0.49831391205093833[&state=120]):0.226987270670202[&state=104],(nd33:0.13539095181281371[&state=104],nd34:0.13539095181281371[&state=104]):0.7009003491555227[&state=120]):0.24988254180135888[&state=120],nd4:1.0861738427696954[&state=120]):3.889362154846856[&state=120],(((nd15:0.5999031446849441[&state=104],((nd21:0.3430505015729454[&state=120],nd22:0.3430505015729454[&state=104]):0.18451049669674066[&state=120],(nd23:0.3285927682290796[&state=104],nd24:0.3285927682290796[&state=120]):0.19896823004060643[&state=105]):0.07234214641525723[&state=120]):0.26991801635650275[&state=120],(nd19:0.47809104401148733[&state=104],(((nd39:0.10298720766268996[&state=120],nd40:0.10298720766268996[&state=87]):0.1042456619885766[&state=108],(nd31:0.0008267285485613964[&state=4],nd32:0.20202544492213587[&state=120]):0.005207424729130784[&state=107]):0.09218406071799638[&state=120],nd26:0.2994169303692631[&state=120]):0.17867411364222407[&state=120]):0.39173011702995914[&state=120]):0.13533465497714192[&state=120],((nd35:0.12266542768843411[&state=120],nd36:0.12266542768843411[&state=104]):0.4943661842359564[&state=120],(nd41:0.058738100684228[&state=31],nd42:0.058738100684228[&state=120]):0.5582935112401626[&state=81]):0.3881242040941977[&state=120]):3.9703801815979625[&state=120]):10.295964002383437[&state=7]):0.0[&state=23];
