sample	replicate	trs
1	1	((((nd23:3.9875720495942777[&state=2],nd26:3.987572049594278[&state=77])nd19:0.2115945403973171[&state=2],(nd29:2.2819994518803357[&state=2],nd40:2.2819994518803357[&state=3])nd20:1.9171671381112594[&state=12])nd15:0.18001460581408746[&state=2],((nd37:1.1434881431240511[&state=3],nd38:1.1434881431240511[&state=16])nd17:3.142228434045695[&state=3],((nd27:2.2930294174198376[&state=2],nd31:2.293029417419838[&state=2])nd21:1.903697453698085[&state=2],(nd45:0.2827988944596451[&state=2],nd46:0.2827988944596451[&state=20])nd22:3.913927976658277[&state=43])nd18:0.08898970605182323[&state=2])nd16:0.09346461863593625[&state=2])nd9:4.766130178099099[&state=2],(nd33:1.7438874586996593[&state=2],((nd41:0.9296089014158762[&state=4],nd42:0.9296089014158762[&state=4])nd35:0.7780618109073208[&state=4],(nd43:0.31454663995645027[&state=2],(nd47:0.19393398245431243[&state=5],nd48:0.19393398245431243[&state=5])nd44:0.12061265750213782[&state=5])nd36:1.3931240723667468[&state=19])nd34:0.036216746376462355[&state=2])nd12:7.401423915205121[&state=2])root:0.0[&state=7];
