sample	replicate	trs
1	1	((nd247:3.1615020652070096,((nd252:0.3874830255221411,nd253:0.3874830255221411)nd248:0.35936386615360755,nd249:0.7468468916757489)nd209:2.414655173531262)nd198:14.181966545345434,(((nd232:3.1736492277356527,((nd229:2.979856100126353,(nd242:2.70746207903429,(nd244:0.9015095537385576,nd245:0.9015095537385576)nd217:1.805952525295732)nd213:0.2723940210920632)nd210:0.09534634922843041,(nd240:0.9204095990089896,nd241:0.9204095990089896)nd230:2.1547928503457943)nd207:0.09844677838086963)nd184:7.090616191649033,(nd222:2.5100439679843016,(nd224:2.394467990984307,(nd250:0.63585100583582,nd251:0.63585100583582)nd225:1.7586169851484874)nd223:0.11557597699999468)nd219:7.754221451400385)nd106:0.4662340548618158,(nd238:1.002646625113578,nd239:1.002646625113578)nd235:9.727852849132926)nd27:6.61296913630594)root:0.0;
