sample	replicate	trs
1	1	(((((nd23:4.0038562872136625[&state=6],nd24:4.0038562872136625[&state=6])nd19:2.2230300351357255[&state=6],(nd25:3.6748495824129566[&state=6],nd26:3.6748495824129566[&state=6])nd20:2.5520367399364305[&state=6])nd17:0.06698459701265773[&state=6],nd18:6.293870919362048[&state=6])nd11:12.441815534996998[&state=6],(nd30:5.510752551994672[&state=6],(nd35:0.49185995879450317[&state=12],nd36:0.49185995879450317[&state=6])nd32:5.018892593200169[&state=53])nd5:13.22493390236437[&state=6])nd1:2.9668102078055294[&state=6],((nd33:0.655231380957412[&state=0],(nd37:0.41165641592875335[&state=0],nd38:0.41165641592875335[&state=0])nd34:0.24357496502865864[&state=0])nd13:10.21888265718[&state=0],((nd27:3.6145187838000923[&state=0],nd28:3.6145187838000923[&state=0])nd15:3.0321664645020827[&state=0],(nd39:0.30002245795068905[&state=2],nd40:0.30002245795068905[&state=34])nd16:6.3466627903514885[&state=9])nd14:4.227428789835235[&state=0])nd2:10.828382624027162[&state=0])root:0.0[&state=22];
