sample	replicate	trs
1	1	(((((nd21:2.6509028637248693,(nd23:2.2385407843145524,nd24:2.2385407843145524)nd22:0.412362079410317)nd9:2.3428248901692172,(nd17:3.8099711753264742,nd18:3.8099711753264742)nd10:1.1837565785676123)nd5:0.8611809533957492,nd6:5.854908707289835)nd3:0.4189459015382919,((nd13:4.1207281576684585,nd14:4.1207281576684585)nd7:1.6412152978415646,((nd27:0.19653426361057763,nd28:0.19653426361057763)nd19:2.8028145934097135,nd20:2.999348857020291)nd8:2.7625945984897315)nd4:0.5119111533181048)nd1:0.5267223104418168,(((nd25:0.5195206879522825,nd26:0.5195206879522825)nd15:3.475154755818744,nd16:3.994675443771026)nd11:0.6720359255725421,nd12:4.6667113693435684)nd2:2.133865549926376)root:0.0;
