sample	replicate	trs
1	1	(((nd78:1.721676268584095,(((nd132:0.5697239651393866,nd133:0.5697239651393866)nd121:0.5545089945338763,nd113:1.1242329596732628)nd91:0.5267569738476201,nd81:1.6509899335208829)nd79:0.07068633506321247)nd56:3.2416178798255517,(nd98:2.2004873510981797,(((nd86:1.524423839856392,((((nd138:0.3556777691705436,nd139:0.3556777691705436)nd116:0.5703863772063622,(nd145:0.31784446524620114,nd143:0.31784446524620114)nd117:0.6082196811307048)nd110:0.15185611790929507,nd111:1.0779202642862011)nd92:0.31155675665859545,(nd94:1.383581520263633,nd95:1.383581520263633)nd93:0.005895500681163267)nd87:0.13494681891159568)nd82:0.06591381619181072,((nd126:0.6518148088401016,nd127:0.6518148088401016)nd122:0.05324664266825388,((nd146:0.11443693236459385,nd147:0.11443693236459385)nd124:0.5734629611539911,nd125:0.6878998935185849)nd123:0.017161557989770405)nd83:0.8852762045398475)nd66:0.5074664553553327,((((nd136:0.3673099307575396,nd137:0.3673099307575396)nd130:0.23355460812549272,nd131:0.6008645388830323)nd104:0.5295803117542792,nd105:1.1304448506373115)nd101:0.5945973391458148,(nd141:1.4143920611123304,nd89:1.4143920611123302)nd77:0.3106501286707959)nd67:0.37276192162040944)nd61:0.10268323969464455)nd47:2.762806797311467)nd34:9.886631660621275,((nd128:0.63430226346613,nd129:0.63430226346613)nd115:1.3138505746644833,(nd103:1.3567491637291318,nd135:1.356749163729132)nd75:0.5914036744014814)nd59:12.901772970900314)nd14:0.0;
