sample	replicate	trs
1	1	(((((nd44:0.1576659440775186[&state=5],nd45:0.1576659440775186[&state=5])nd27:2.131080032265429[&state=5],(nd42:0.5128544482036793[&state=5],nd43:0.5128544482036793[&state=5])nd13:1.7758915281392684[&state=5])nd8:0.17183285914635232[&state=5],((nd22:1.9361714183093888[&state=5],nd31:1.9361714183093888[&state=5])nd10:0.35334413788349356[&state=5],(nd39:1.165644477955931[&state=5],(nd34:1.0185425560591603[&state=5],nd37:1.0185425560591603[&state=5])nd29:0.14710192189677057[&state=5])nd11:1.1238710782369514[&state=5])nd9:0.17106327929641735[&state=5])nd6:0.7786189418974301[&state=5],(nd16:2.225761782332308[&state=5],nd17:2.225761782332308[&state=5])nd7:1.0134359950544214[&state=5])nd4:0.45542886697169616[&state=5],((nd24:1.6458866976784123[&state=5],(nd40:0.5153442410588969[&state=5],nd41:0.5153442410588969[&state=5])nd32:1.1305424566195152[&state=5])nd20:0.2961564832893957[&state=5],nd21:1.9420431809678078[&state=5])nd5:1.752583463390618[&state=5])nd2:0.0[&state=5];
