sample	replicate	trs
1	1	(((nd19:2.4972250170396793[&state=119],(((nd49:0.8389952847945075[&state=75],nd50:0.8389952847945075[&state=119])nd46:0.7137340517066249[&state=119],(((nd53:0.7237378644932319[&state=98],(nd59:0.2859991235684897[&state=53],(nd61:0.18957089738285984[&state=74],nd62:0.18957089738285984[&state=121])nd60:0.09642822618562993[&state=126])nd54:0.43773874092474147[&state=109])nd41:0.2673953447690751[&state=119],nd42:0.9911332092623071[&state=119])nd33:0.4508498427309029[&state=119],nd34:1.4419830519932078[&state=100])nd30:0.11074628450792258[&state=120])nd21:0.6552561576145811[&state=63],((((nd57:0.45848920283760347[&state=119],nd58:0.45848920283760347[&state=103])nd43:0.5129735620131618[&state=119],nd44:0.9714627648507662[&state=77])nd31:0.48356744104732063[&state=118],(nd55:0.6496084433538529[&state=11],nd56:0.6496084433538529[&state=119])nd32:0.8054217625442333[&state=99])nd27:0.24040734504597583[&state=108],(nd47:0.8734430065645646[&state=6],nd48:0.8734430065645646[&state=119])nd28:0.8219945443794976[&state=123])nd22:0.5125479431716509[&state=120])nd20:0.289239522923966[&state=81])nd13:2.4663409118820563[&state=104],((nd51:0.7510231171515156[&state=75],nd52:0.7510231171515156[&state=77])nd15:2.6119976716865936[&state=126],((nd37:1.0605111820359314[&state=126],(nd63:0.14232964464076844[&state=98],nd64:0.14232964464076844[&state=98])nd38:0.918181537395163[&state=119])nd23:0.8374455592920058[&state=107],(nd35:1.1469533194402097[&state=119],nd36:1.1469533194402097[&state=119])nd24:0.7510034218877273[&state=120])nd16:1.4650640475101697[&state=120])nd14:1.6005451400836281[&state=30])nd5:12.629580628932604[&state=9],((nd25:1.8563856294385392[&state=119],(nd39:1.038099104449651[&state=6],nd40:1.038099104449651[&state=119])nd26:0.8182865249888926[&state=121])nd17:1.3489324424048876[&state=120],nd18:3.205318071843433[&state=119])nd11:14.387828486010909[&state=63])root:0.0[&state=48];
