sample	replicate	trs
1	1	(((((nd7:2.5942411481390804[&state=1],(nd11:1.4681463898649236[&state=1],((nd25:3.2293183383097364[&state=1],nd26:1.9557133225307501[&state=6]):1.6703504383984364[&state=7],(nd29:2.2109794328346917[&state=24],nd30:2.2109794328346917[&state=2]):4.301423578070223[&state=2]):1.363082026877747[&state=1]):0.5897828570938766[&state=1]):1.3444555861900072[&state=1],((((nd45:0.021869405040150093[&state=43],nd46:0.021869405040150093[&state=5]):0.2531683807966381[&state=43],nd44:0.2750377858367882[&state=2]):5.369412122557283[&state=43],nd22:1.1370386395055516[&state=0]):2.767987901556161[&state=1],nd10:2.2495069551019[&state=6]):1.3972856711163122[&state=23]):0.2859394984989654[&state=1],((nd15:6.621986599529724[&state=47],nd16:4.384101000371197[&state=0]):0.433231048659919[&state=7],((nd47:0.00409713413157653[&state=102],nd48:0.00409713413157653[&state=3]):5.348448169293488[&state=102],nd24:3.0431686272166427[&state=1]):1.702672344764578[&state=1]):3.0404453313758677[&state=7]):3.5942072731164294[&state=7],((nd27:2.8024452430968125[&state=74],((nd35:1.0645880151684206[&state=1],(nd39:0.6056513565741288[&state=6],nd40:0.6056513565741288[&state=0]):0.45893665859429156[&state=22]):0.6499556359336771[&state=0],(((nd41:0.5393951897965439[&state=4],nd42:0.5393951897965439[&state=5]):0.44846016711415615[&state=4],nd38:0.9878553569106998[&state=12]):0.3269919541964638[&state=35],nd34:1.3148473111071637[&state=0]):0.399696339994934[&state=10]):1.087901591994715[&state=0]):3.454704818076848[&state=0],nd20:6.25715006117366[&state=18]):7.432720191508282[&state=7]):5.252529747318071[&state=0]):0.0[&state=22];
