sample	replicate	trs
1	1	(((((nd7:3.1400897257754026[&state=6],(nd29:1.4689462641542947[&state=6],nd30:1.4689462641542947[&state=6]):6.845968516997523[&state=6]):0.062007101488380054[&state=6],((nd15:5.129595593591942[&state=6],(nd31:0.7472724090420281[&state=6],nd32:0.7472724090420281[&state=6]):4.3823231845499135[&state=6]):0.6428789389995796[&state=6],nd12:5.772474532591521[&state=6]):2.6044473500486753[&state=6]):1.15640451914705[&state=6],(nd23:3.574029451933508[&state=6],nd24:3.574029451933508[&state=6]):5.959296949853739[&state=6]):2.8413324576291084[&state=6],(nd9:0.8116611800128356[&state=6],((nd19:4.149325070839707[&state=6],nd20:4.149325070839707[&state=6]):1.0265679975344209[&state=6],(nd17:4.899617083719627[&state=6],((nd27:2.0475612660407303[&state=6],nd28:2.0475612660407303[&state=6]):1.540588608374077[&state=6],(nd25:3.39870224074104[&state=6],nd26:3.39870224074104[&state=6]):0.18944763367376719[&state=6]):1.3114672093048192[&state=6]):0.27627598465450065[&state=6]):2.2604787358322587[&state=6]):4.938287055209969[&state=6]):6.419241140583642[&state=6]):0.0[&state=22];
