sample	replicate	trs
1	1	(((((nd27:0.6867537331860397,((nd37:0.26140288075237494,nd38:0.26140288075237494)nd31:0.12823279875548702,nd32:0.38963567950786193)nd28:0.29711805367817756)nd19:0.8678192953886733,nd20:1.5545730285747126)nd15:0.6929143896480052,(nd41:0.12391290021882206,nd42:0.12391290021882206)nd16:2.1235745180038967)nd3:1.2378869174369296,nd4:3.4853743356596483)nd1:0.04875403581484107,((((nd23:0.8821460695609254,nd24:0.8821460695609254)nd13:1.6510164115838644,((nd39:0.13619035724515283,nd40:0.13619035724515283)nd25:0.7036720735932819,(nd43:0.06953699265227647,nd44:0.06953699265227647)nd26:0.7703254381861583)nd14:1.6933000503063549)nd9:0.2579391840895191,((nd45:0.06474865462418695,nd46:0.06474865462418695)nd17:1.536824811197862,((nd35:0.2660272986527274,nd36:0.2660272986527274)nd21:1.0193883851348595,(nd33:0.281518162560862,nd34:0.281518162560862)nd22:1.003897521226725)nd18:0.31615778203446243)nd10:1.1895281994122593)nd5:0.6002982778090165,((nd29:0.6361148653396108,nd30:0.6361148653396108)nd7:2.566496615177929,nd11:3.2026114805175405)nd6:0.18878846252578566)nd2:0.1427284284311635)root:0.0;
