sample	replicate	trs
1	1	((((nd5:6.815735825760383[&state=0],(((nd31:1.770259022323621[&state=0],nd32:1.770259022323621[&state=0]):0.061207710193976035[&state=0],nd30:1.831466732517597[&state=0]):3.850209885849673[&state=0],(nd39:1.0336520371293385[&state=0],nd40:1.0336520371293385[&state=0]):4.648024581237931[&state=0]):1.1340592073931126[&state=0]):0.45380543981471955[&state=0],(nd7:6.635749553052811[&state=0],(nd17:4.4370094748279705[&state=0],nd18:4.4370094748279705[&state=0]):2.198740078224842[&state=0]):0.6337917125222908[&state=0]):3.4148909713393305[&state=0],(((nd23:0.01930166104297927[&state=1],((nd27:0.9386280201319146[&state=6],(nd37:1.1988859637848535[&state=6],(nd43:0.15508913722422835[&state=23],nd44:0.15508913722422835[&state=6]):1.0437968265606252[&state=23]):1.9291322168791738[&state=6]):0.11179884758080465[&state=6],nd26:3.239817028244832[&state=6]):0.009489462005013384[&state=23]):1.0483457470321778[&state=23],nd20:0.8866772697609435[&state=6]):2.005419660115692[&state=6],((nd21:3.5777027657071163[&state=6],(nd35:1.6223165025780246[&state=6],nd36:1.6223165025780246[&state=6]):1.9553862631290913[&state=6]):2.6005098381826537[&state=6],(nd15:5.5288705552704[&state=6],((nd41:0.2156934922578591[&state=6],nd42:0.2156934922578591[&state=6]):1.5096594755993697[&state=6],nd34:1.725352967857229[&state=6]):3.8035175874131713[&state=6]):0.6493420486193691[&state=6]):0.12485929350794624[&state=6]):4.381360339516719[&state=6]):0.4895677630855651[&state=22]):0.0[&state=22];
