sample	replicate	trs
1	1	((nd14:4.171780738301913[&state=0],nd15:4.171780738301913[&state=0])nd2:9.839363166111703[&state=0],(nd4:12.610727953256486[&state=5],((((nd16:3.4679991101821663[&state=5],(nd28:1.130660913504436[&state=5],nd29:1.130660913504436[&state=5])nd17:2.337338196677731[&state=5])nd10:2.6225778804971833[&state=5],((nd20:2.6176480390448003[&state=2],nd21:2.6176480390448003[&state=8])nd18:0.07009628577657212[&state=2],(((nd30:1.044414957394145[&state=5],(nd32:0.4150542089886679[&state=0],nd33:0.4150542089886679[&state=60])nd31:0.6293607484054771[&state=53])nd26:0.29579175176725764[&state=34],(nd34:0.135169598001123[&state=3],nd35:0.135169598001123[&state=24])nd27:1.2050371111602796[&state=24])nd24:0.11149019010954445[&state=34],nd25:1.4516968992709471[&state=3])nd19:1.2360474255504248[&state=34])nd11:3.4028326658579777[&state=32])nd8:2.3998415040943013[&state=16],(nd22:1.660674833755372[&state=18],nd23:1.660674833755372[&state=5])nd9:6.829743661018279[&state=5])nd6:3.801014021706466[&state=5],nd13:12.291432516480118[&state=0])nd5:0.31929543677636735[&state=16])nd3:1.4004159511571306[&state=16])root:0.0[&state=16];
