sample	replicate	trs
1	1	((((nd109:0.1376202725172504,nd110:0.1376202725172504)nd77:2.9344487268754738,((((nd101:0.3281577828304924,nd102:0.3281577828304924)nd93:0.247724180488914,nd94:0.5758819633194064)nd90:0.927845660509126,((nd99:0.3286905095322298,(nd103:0.2893649411780542,(nd105:0.2553369400354251,nd106:0.2553369400354251)nd104:0.034028001142629084)nd100:0.03932556835417554)nd97:0.011196214734077729,nd98:0.33988672426630745)nd84:1.163840899562225)nd82:1.1690734071489373,((nd91:0.6799606496079109,nd92:0.6799606496079109)nd85:0.6930296011736746,(nd87:1.3563078770870725,nd88:1.3563078770870725)nd86:0.016682373694513176)nd80:1.299810780195884)nd78:0.39926796841525425)nd75:0.8183058219095258,nd76:3.8903748213022498)nd59:10.921893105964344,(nd95:0.5288122501816949,(nd107:0.20726955144439096,nd108:0.20726955144439096)nd96:0.32154269873730384)nd66:14.283455677084898)nd3:0.0;
