sample	replicate	trs
1	1	((nd17:1.0197168777947954,(nd25:0.5315703537657578,nd26:0.5315703537657578)nd18:0.4881465240290378)nd1:1.601219086238237,((((nd19:0.953303474113172,nd20:0.953303474113172)nd11:0.6181826679122657,nd15:1.5714861420254378)nd7:0.5309853024918673,(((nd31:0.039861934253706766,nd32:0.039861934253706766)nd21:0.8890899018195083,(nd29:0.2441165204591669,nd30:0.2441165204591669)nd22:0.6848353156140482)nd9:1.1020292615001464,nd10:2.0309810975733615)nd8:0.07149034694394354)nd3:0.3889759900583345,((((nd27:0.2930473611139897,nd28:0.2930473611139897)nd23:0.42556836904079454,nd24:0.7186157301547843)nd13:0.6934407078095801,nd14:1.4120564379643643)nd5:0.7814424552763551,nd6:2.1934988932407196)nd4:0.29794854133492005)nd2:0.12948852945739336)root:0.0;
