sample	replicate	trs
1	1	(((((nd44:0.6161568137161191[&state=0],nd45:0.6161568137161191[&state=0]):4.943099519459518[&state=0],((((nd48:0.08810734943658283[&state=0],nd49:0.08810734943658283[&state=0]):2.215325135775719[&state=0],nd33:1.2689127603500554[&state=0]):2.2340601580657755[&state=0],(nd46:0.3335925549766352[&state=0],nd47:0.3335925549766352[&state=0]):4.203900088301443[&state=0]):0.7539746985089939[&state=0],(((nd42:0.6895082455257365[&state=0],nd43:0.6895082455257365[&state=0]):3.442808080573186[&state=0],((nd26:0.34063159089957046[&state=0],nd27:3.3859005594683955[&state=0]):0.11256042647521962[&state=0],(nd34:2.1930684230957707[&state=0],nd35:2.1930684230957707[&state=0]):1.3053925628478442[&state=0]):0.6338553401553075[&state=0]):0.6265397832691169[&state=0],(nd16:4.390999054951138[&state=0],((nd40:0.7763720482934724[&state=0],nd41:0.7763720482934724[&state=0]):0.7218781909157174[&state=0],nd39:1.4982502392091899[&state=0]):2.892748815741948[&state=0]):0.3678570544169026[&state=0]):0.5326112324190311[&state=0]):0.2677889913885675[&state=0]):1.4737453702546621[&state=0],(nd18:4.218211322840058[&state=0],((nd36:1.909651795265943[&state=0],nd37:1.909651795265943[&state=0]):0.5973021166439234[&state=0],nd31:2.5069539119098665[&state=0]):1.711257410930191[&state=0]):2.814790380590243[&state=0]):0.15927910557884645[&state=16],((nd22:1.4200018986867449[&state=5],(nd28:1.0394530781239626[&state=5],nd29:0.767148362768467[&state=5]):0.34585443759825607[&state=5]):1.3208401777374628[&state=5],nd11:2.2604623674980275[&state=5]):2.3095883551355425[&state=5]):0.23650919099085504[&state=16]):0.0[&state=16];
