sample	replicate	trs
1	1	((((((nd37:0.03907041262317124,nd38:0.03907041262317124)nd31:0.7111676785197439,nd32:0.7502380911429153)nd9:2.410523833967684,nd10:3.1607619251105983)nd3:5.029497347988911,((nd15:2.609817259116822,(nd17:2.05355978511008,(nd25:1.259813735077823,(nd33:0.4164578402511512,nd34:0.4164578402511512)nd26:0.8433558948266716)nd18:0.793746050032256)nd16:0.556257474006742)nd5:2.951083595298177,((nd21:1.2673854624666165,nd22:1.2673854624666165)nd7:2.538933219505513,(((nd19:1.8777481167019754,nd20:1.8777481167019754)nd13:0.7710595284659336,(nd27:1.2380036950303919,(nd35:0.21665384435958515,nd36:0.21665384435958515)nd28:1.0213498506708072)nd14:1.410803950137516)nd11:0.2295265809906683,(nd23:1.2606130583298278,(nd29:1.0680618557391108,(nd39:0.016665561584934242,nd40:0.016665561584934242)nd30:1.0513962941541766)nd24:0.19255120259071717)nd12:1.6177211678287489)nd8:0.9279844558135529)nd6:1.7545821724428685)nd4:2.629358418684511)nd1:2.279166726466898,nd2:4.560464508577526)root:0.20527400043359173)origin:0.0;
