sample	replicate	trs
1	1	((nd1:0.887985785706571[&state=0],(((((nd17:3.420941993614864[&state=64],(nd27:0.873029897152417[&state=6],(nd29:0.823514771796716[&state=3],(nd31:0.7327740141151275[&state=52],(nd33:0.0976901819560095[&state=4],nd34:0.2549282894977165[&state=37]):0.47784572461741115[&state=16]):0.09074075768158832[&state=81]):0.04951512535570107[&state=53]):2.5479120964624475[&state=53]):2.6360928284007263[&state=2],nd12:4.218535375091475[&state=0]):0.4913890641273252[&state=1],nd10:6.548423886142917[&state=10]):4.016623642794113[&state=7],(((nd21:2.684238834809835[&state=30],nd22:2.684238834809835[&state=77]):3.235892848544605[&state=29],(((nd25:1.974758515523688[&state=1],nd26:1.974758515523688[&state=63]):0.3564138609665387[&state=65],nd24:2.331172376490227[&state=32]):1.1335819907832734[&state=7],((nd35:0.02464840750950123[&state=65],nd36:0.02464840750950123[&state=2]):3.0849920122207073[&state=103],nd20:3.1096404197302085[&state=8]):0.35511394754329006[&state=7]):2.455377316080942[&state=7]):2.2623058564296947[&state=7],nd8:0.41301926645362347[&state=0]):2.3826099891528925[&state=7]):0.9990967503602606[&state=7],nd4:11.564144279297283[&state=0]):0.2929063571146495[&state=7]):8.721349363588066[&state=0]):0.0[&state=22];
