sample	replicate	trs
1	1	(((((((nd32:0.9214228924040162[&state=0],nd33:0.9214228924040162[&state=0]):6.436608941994441[&state=0],((nd30:0.9644388701053298[&state=0],(nd34:0.8206034966098162[&state=0],nd35:0.8206034966098162[&state=0]):0.14383537349551356[&state=0]):3.282498391750444[&state=0],(nd24:3.393475816237756[&state=0],nd25:3.393475816237756[&state=0]):0.8534614456180176[&state=0]):3.1110945725426853[&state=0]):0.14819613140867316[&state=0],(((((nd36:0.29044727761442846[&state=5],nd37:0.29044727761442846[&state=5]):3.2967356998402275[&state=5],(nd26:2.0606515775827097[&state=0],nd27:2.0606515775827097[&state=0]):1.5265313998719459[&state=0]):0.04179637450191517[&state=16],nd21:3.6289793519565716[&state=0]):0.11459259578214104[&state=16],nd19:3.7435719477387126[&state=0]):3.0566672171210043[&state=16],((nd38:0.058714858508177814[&state=5],nd39:0.058714858508177814[&state=5]):1.5739796270297317[&state=5],nd29:1.6326944855379095[&state=5]):5.167544679321806[&state=5]):0.7059888009474157[&state=16]):3.3952751698480985[&state=16],(nd12:4.842988021341679[&state=5],nd13:4.588710305007576[&state=5]):3.8680816418893853[&state=5]):1.9960055397365384[&state=16],nd5:4.428124062913647[&state=0]):0.2326871678485126[&state=16],nd3:13.130195843240283[&state=0]):1.0617041567597196[&state=16]):0.0[&state=16];
