sample	replicate	trs
1	1	(((nd36:0.7504221197469041[&state=74],(nd39:0.4551789125876753[&state=46],((nd47:0.20524061081107195[&state=19],nd48:0.20524061081107195[&state=103])nd41:0.22724309676801208[&state=42],nd42:0.43248370757908394[&state=5])nd40:0.022695205008591155[&state=76])nd30:0.2952432071592284[&state=47])nd11:0.8505121452607834[&state=118],(((nd43:0.34289124035487784[&state=44],nd44:0.34289124035487784[&state=20])nd37:0.1357308876711086[&state=21],nd38:0.4786221280259866[&state=119])nd15:0.9083342103457568[&state=100],(nd57:0.038249143447643956[&state=5],nd58:0.038249143447643956[&state=126])nd20:1.3487071949240994[&state=122])nd12:0.2139779266359435[&state=87])nd5:0.08660652643408466[&state=37],(((nd13:1.4099365291495867[&state=103],((nd53:0.10758352752872782[&state=5],nd54:0.10758352752872782[&state=103])nd26:1.2784511824875626[&state=71],(nd21:1.2059926931617722[&state=103],(nd27:0.7515036783041964[&state=103],((nd51:0.1726023123050667[&state=0],nd52:0.1726023123050667[&state=119])nd31:0.5246272348993934[&state=65],(nd33:0.6745387372620251[&state=34],(nd49:0.18461298206581692[&state=102],nd50:0.18461298206581692[&state=37])nd34:0.48992575519620807[&state=20])nd32:0.022690809942435365[&state=5])nd28:0.054274131099735966[&state=77])nd22:0.4544890148575764[&state=77])nd18:0.18004201685451793[&state=26])nd14:0.0239018191332959[&state=107])nd9:0.20964447794829572[&state=107],(nd45:0.26122136752439845[&state=78],nd46:0.26122136752439845[&state=77])nd23:1.3583596395734836[&state=115])nd7:0.0431217074273411[&state=107],(nd55:0.04535099410707452[&state=19],nd56:0.04535099410707452[&state=103])nd8:1.6173517204181498[&state=74])nd6:0.02483807691654813[&state=107])nd4:0.0[&state=85];
