sample	replicate	trs
1	1	((((nd90:0.6173849540792276[&state=0],(nd92:0.5915864776735336[&state=0],(nd96:0.2707694445605756[&state=0],nd97:0.2707694445605756[&state=0])nd93:0.3208170331129579[&state=0])nd91:0.025798476405694035[&state=0])nd80:2.119331790657325[&state=0],nd53:2.736716744736553[&state=0])nd51:1.4956115138007449[&state=0],(nd83:3.2923158979196216[&state=0],((nd86:0.6782769454495698[&state=0],nd89:0.6782769454495698[&state=0])nd76:1.2372751901697796[&state=0],(nd94:0.4464056930662393[&state=0],nd95:0.4464056930662393[&state=0])nd71:1.4691464425531102[&state=0])nd45:1.376763762300272[&state=0])nd36:0.940012360617676[&state=0])nd28:2.667407252626295[&state=0],((nd79:1.366152363367774[&state=0],((nd100:0.12391314292664161[&state=0],nd101:0.12391314292664161[&state=0])nd99:1.2323252684247223[&state=0],nd75:1.356238411351364[&state=0])nd73:0.009913952016409858[&state=0])nd59:3.3023633468672653[&state=0],(nd46:3.1144485987120256[&state=0],nd47:3.1144485987120256[&state=0])nd33:1.554067111523015[&state=0])nd22:2.2312198009285527[&state=0])nd7:0.0[&state=0];
