sample	replicate	trs
1	1	(((((nd39:0.5606373543637965,nd40:0.5606373543637965)nd23:2.7182511323743235,(nd25:2.518033044840142,(nd31:1.8681479790065192,(nd35:0.9585657508433232,nd36:0.9585657508433232)nd32:0.9095822281631947)nd26:0.6498850658336203)nd24:0.7608554418979806)nd21:0.02574495889532818,(nd33:1.8556811268966975,(nd37:0.6809129476892403,((nd45:0.006269737356090392,nd46:0.006269737356090392)nd43:0.00589512717881527,nd44:0.012164864534905662)nd38:0.6687480831543346)nd34:1.1747681792074567)nd22:1.4489523187367523)nd17:0.146457866060598,(nd27:2.4275209120390504,nd28:2.4275209120390504)nd18:1.023570399654996)nd11:7.362305270255478,((((nd29:1.8760385932916315,(nd41:0.5304138276037739,nd42:0.5304138276037739)nd30:1.345624765687857)nd19:1.569075769127339,(nd47:0.0022225307090308144,nd48:0.0022225307090308144)nd20:3.442891831709942)nd14:2.4229820363554406,nd10:5.868096398774414)nd7:1.1690486734076848,nd15:7.037145072182096)nd3:3.776251509767429)root:0.0;
