sample	replicate	trs
1	1	(nd1:20.914534823660276,((((((nd81:3.6471265101815433,nd82:3.6471265101815433)nd69:0.7953368574792546,nd70:4.442463367660799)nd47:2.3247553031810737,(nd89:2.458643719134254,nd90:2.458643719134254)nd48:4.308574951707617)nd25:7.370734612937481,((nd63:5.122115877329423,(nd85:2.546492850846981,nd86:2.546492850846981)nd64:2.575623026482443)nd27:6.911519636789441,(((((nd79:3.647578529233531,nd80:3.647578529233531)nd45:3.2855637368712296,((nd97:0.9143607372236824,nd98:0.9143607372236824)nd61:4.3875704763185714,nd62:5.301931213542254)nd46:1.6312110525625072)nd41:0.9356210324522778,(nd49:6.681691558293145,(nd95:1.1169614026286319,nd96:1.1169614026286319)nd50:5.564730155664513)nd42:1.187071740263895)nd39:1.8722113310482569,(nd71:4.405156490143396,nd87:4.405156490143395)nd40:5.335818139461901)nd37:0.1460181684813394,(nd73:4.064046286432705,nd74:4.064046286432705)nd38:5.82294651165393)nd28:2.146642716032231)nd18:2.1043177696604856)nd11:3.7241702684439577,((nd55:6.074870444998442,((nd83:2.9176450594494803,nd84:2.9176450594494803)nd59:2.816985804262079,nd94:5.734630863711558)nd56:0.3402395812868841)nd36:10.592164928613732,(nd53:6.35850518786502,(nd67:4.6063843147872925,(nd99:0.7584218743889759,nd100:0.7584218743889759)nd68:3.8479624403983164)nd54:1.752120873077728)nd34:10.308530185747154)nd6:1.195088178611135)nd3:1.7066896992447678,(nd31:13.683844478887373,((((nd77:3.774532860457211,nd78:3.774532860457211)nd75:0.2119236321403256,(nd91:2.350648525545421,nd92:2.350648525545421)nd76:1.6358079670521148)nd57:2.0250255724153927,(nd101:0.4803285694361692,nd102:0.4803285694361692)nd58:5.531153495576758)nd43:0.9779094464355773,(nd65:6.557075186932991,nd52:6.55707518693299)nd44:0.43231632451551455)nd21:6.694452967438872)nd9:5.8849687725807)nd2:1.3457215721921985)root:0.0;
