sample	replicate	trs
1	1	(((((nd7:2.7983218368477534,nd8:1.143665734795983)nd5:0.3078195984456489,((((nd49:3.6796301971284584,((nd53:5.488246464110486,(((nd67:2.571847952594335,(nd77:0.22265876373419477,nd78:2.484884147009069)nd68:1.409506003326382)nd65:0.20903288071607404,((nd83:1.606204383783882,(nd87:0.5277493358486123,nd88:0.5277493358486123)nd84:1.0784550479352697)nd73:0.9721129317885939,nd74:2.578317315572476)nd66:1.5251057154790488)nd57:1.1923048681028874,(nd71:1.4946016252085066,(nd79:0.22439620357955764,nd80:1.7945361390840047)nd72:1.1601406092138191)nd58:1.8902938123519222)nd54:0.1925185649560741)nd51:0.6328126561544988,nd52:0.38284739288723524)nd50:0.3303636126813043)nd37:2.3025823717677234,nd38:0.5250276620053637)nd35:0.3534157620993709,(((nd89:0.06808597289167222,nd90:0.06808597289167222)nd69:3.8262933439064586,nd70:3.2385326909723116)nd61:1.0651654166138,nd62:4.9595447334119305)nd36:4.1478761334014544)nd9:5.2067178904074,(nd21:0.5055629512233314,(nd23:0.3438905126785786,(nd29:3.380977786159295,(nd31:2.713082365395281,(nd39:0.24644498294568706,((nd47:1.5025230277223738,nd48:2.281473483738158)nd43:0.3615596152123453,nd44:0.04513344561129326)nd40:0.47364541402600957)nd32:0.8350557955772995)nd30:0.15628799432469317)nd24:2.167334848067704)nd22:0.4007347136793834)nd10:2.223271554436581)nd6:1.3139229598568223)nd3:0.9323684104514596,nd4:0.3856688471719821)nd1:0.9740596700339229,(((((nd91:0.0010669293626376919,nd92:0.0010669293626376919)nd75:2.545591146441201,(nd85:0.7107591660044745,nd86:0.7107591660044745)nd76:1.8358989097993637)nd55:2.9310105297587885,nd56:2.3223988503006168)nd13:7.705491244299695,(((nd33:2.803548063680123,((nd45:2.854419701525888,nd46:7.7925073065770984)nd41:0.46641068937775076,(nd59:5.234667106099588,nd60:5.234667106099588)nd42:3.0242508898552622)nd34:1.0038875386676986)nd17:2.885156027926962,((((nd81:1.190899742979986,nd82:0.4307202983241484)nd63:2.8285413777709567,nd64:1.9385904079682024)nd27:5.780869086923566,nd28:3.915725353104282)nd19:1.552911554046173,(nd25:0.06531181750424796,nd26:0.06202474205798634)nd20:1.4806676552542082)nd18:0.03275645364746479)nd15:0.2452426906147893,nd16:3.813884530633358)nd14:0.7899555966980201)nd11:1.0002950663786319,nd12:3.927794769282496)nd2:3.351034881322036)root:4.170510202437017)origin:0.0;
