sample	replicate	trs
1	1	(((((nd25:0.9777833109572065[&state=16],((nd29:0.6215421684782799[&state=56],nd30:0.6215421684782799[&state=25]):0.17934116769836456[&state=6],nd28:0.8008833361766444[&state=56]):0.17689997478056207[&state=86]):4.336827497237759[&state=29],(nd13:4.565160193683587[&state=0],nd14:4.565160193683587[&state=1]):0.7494506145113781[&state=7]):2.8847704309576514[&state=7],nd4:2.4018965301451405[&state=1]):0.17505790359363835[&state=0],(((nd15:1.9499366037481474[&state=0],(nd21:1.543236724594196[&state=55],(nd35:0.2466992232048396[&state=6],nd36:0.2466992232048396[&state=108]):1.2965375013893563[&state=120]):1.6052205158710833[&state=7]):2.0185317358949315[&state=0],((nd19:1.5652574809369084[&state=120],(((nd37:0.20209100765765825[&state=1],nd38:0.20209100765765825[&state=1]):0.33317460997131926[&state=1],nd34:0.5352656176289774[&state=67]):0.9362312845779537[&state=98],nd24:0.044351732214441233[&state=1]):0.09376057872997727[&state=1]):0.3768111414032254[&state=1],nd18:0.1679607015714705[&state=1]):3.224920354020077[&state=1]):0.6672345894759016[&state=7],((nd31:0.5602800612171102[&state=0],nd32:0.5602800612171102[&state=66]):4.280631174218669[&state=8],nd12:4.8409112354357795[&state=106]):0.9933123304003324[&state=0]):2.540215576910143[&state=0]):0.40529085725375213[&state=0]):0.0[&state=22];
