sample	replicate	trs
1	1	(((nd29:5.859649519421184[&state=6],nd47:5.859649519421184[&state=6])nd19:12.265619864218442[&state=6],(((nd35:4.55840745888888[&state=6],(nd55:1.0376132046730726[&state=3],((nd61:0.4721670878316608[&state=6],(nd63:0.39884134366170276[&state=6],nd64:0.39884134366170276[&state=6])nd62:0.07332574416995802[&state=6])nd57:0.4123562727555725[&state=6],nd58:0.8845233605872334[&state=6])nd56:0.15308984408583914[&state=6])nd43:3.5207942542158066[&state=25])nd31:1.151175002366734[&state=6],(nd49:1.936150096149946[&state=6],((nd65:0.39545571069601715[&state=6],nd66:0.39545571069601715[&state=6])nd59:0.34363886233529733[&state=6],nd60:0.7390945730313145[&state=6])nd50:1.1970555231186317[&state=6])nd46:3.7734323651056676[&state=6])nd27:11.11785476271234[&state=6],(nd33:5.347667580691438[&state=6],((nd41:2.648860107220371[&state=6],nd53:2.6488601072203704[&state=6])nd37:1.8624509258990956[&state=6],nd38:4.511311033119466[&state=6])nd34:0.8363565475719716[&state=6])nd12:11.479769643276516[&state=6])nd10:1.2978321596716724[&state=6])nd4:7.54902168998176[&state=6],(nd23:8.725984893109736[&state=0],(nd39:3.8451229452996056[&state=0],nd40:3.8451229452996056[&state=0])nd24:4.88086194781013[&state=0])nd21:16.94830618051165[&state=0])root:0.0[&state=22];
