sample	replicate	trs
1	1	(((nd28:2.6111009927314823[&state=0],nd29:2.6111009927314823[&state=0])nd14:7.951333772334534[&state=0],nd15:10.562434765066014[&state=0])nd4:7.718726114472593[&state=0],(((nd42:1.1803577197179178[&state=0],nd43:1.1803577197179178[&state=0])nd16:8.189588862719761[&state=0],(((nd32:2.372860555025091[&state=0],nd33:2.372860555025091[&state=0])nd30:0.002033938792161816[&state=0],nd31:2.374894493817253[&state=0])nd24:1.8085503733075476[&state=0],(nd38:1.89833388002831[&state=0],nd39:1.89833388002831[&state=0])nd25:2.2851109870964903[&state=0])nd17:5.18650171531288[&state=0])nd12:4.481982761342993[&state=0],((nd22:8.078660236689094[&state=0],(((nd36:2.038988349123281[&state=0],nd40:2.038988349123281[&state=0])nd34:0.22828900870153135[&state=0],nd35:2.2672773578248124[&state=0])nd26:0.9308172363566268[&state=0],nd27:3.1980945941814394[&state=0])nd23:4.880565642507655[&state=0])nd21:1.1805976158659937[&state=0],nd19:9.259257852555086[&state=0])nd11:4.592671491225584[&state=0])nd6:4.429231535757937[&state=0])nd3:0.0[&state=16];
