sample	replicate	trs
1	1	(((nd12:1.548096863964937,nd13:1.548096863964937)nd2:1.8755773301916803,(((nd18:0.6804858988307511,nd19:0.5570216077183124)nd10:1.0523059882899197,(nd28:0.19644094987805277,nd29:0.19644094987805277)nd11:1.5363509372426183)nd4:1.251276222085276,((((nd16:0.6868279116316716,((nd26:0.2669961886867032,nd27:0.2669961886867032)nd20:0.22311914342682934,nd21:0.4901153321135326)nd17:0.19671257951813897)nd14:0.34069100767327265,(((nd32:0.12728067134508397,nd33:0.12728067134508397)nd30:0.058268789646520804,(nd34:0.08938670698113577,nd35:0.08938670698113577)nd31:0.09616275401046902)nd24:0.12490655359168784,nd25:0.31045601458329264)nd15:0.7170629047216515)nd8:0.7567500261223156,(nd22:0.4337794172754897,nd23:0.4337794172754897)nd9:1.3504895281517706)nd6:0.07937189977826058,nd7:1.8636408452055206)nd5:1.1204272640004265)nd3:0.43960608495067044)root:0.17683580584338363)origin:0.0;
