sample	replicate	trs
1	1	(((nd3:3.655632050296463,(((nd17:1.7780424098141512,((nd25:0.697878126235701,nd26:0.697878126235701)nd21:0.20253944330897816,nd22:0.900417569544679)nd18:0.8776248402694714)nd15:0.23925447897710359,nd16:2.0172968887912544)nd7:1.6725774416404282,(nd29:0.30003106551811004,(nd31:0.29414846747944534,nd32:0.29414846747944534)nd30:0.0058825980386646845)nd8:3.389843264913572)nd4:1.130536699455189)nd1:6.0987760759578045,((((nd33:0.09375801896633695,nd34:0.09375801896633695)nd13:2.5543379661757997,(nd23:0.7634307891639417,nd24:0.7634307891639417)nd14:1.8846651959781942)nd9:0.6866315204552829,(nd19:0.9764170424203554,nd20:0.9764170424203554)nd10:2.3583104631770637)nd5:0.5223929339919933,((nd27:0.6514604890754883,nd28:0.6514604890754883)nd11:2.3666494678798227,nd12:0.709027542490174)nd6:0.8390104826341012)nd2:7.062066666255264)root:0.09981289415531806)origin:0.0;
