sample	replicate	trs
1	1	((((nd33:0.03781412765033865[&state=7],nd34:0.03781412765033865[&state=1]):1.2836023923729987[&state=1],(nd19:0.7596791101047314[&state=0],nd20:0.7596791101047314[&state=7]):0.5617374099186059[&state=22]):0.994188191787894[&state=23],((nd27:0.3093232601685885[&state=6],nd28:0.3093232601685885[&state=1]):1.9167906962101304[&state=23],(((((nd17:0.9064350884421652[&state=1],(nd31:0.21930271256805067[&state=6],nd32:0.21930271256805067[&state=6]):0.6871323758741146[&state=6]):0.16747744415696197[&state=23],nd16:1.073912532599127[&state=0]):0.07822096490537211[&state=22],nd14:1.1521334975044992[&state=0]):0.8589502882031652[&state=22],((nd21:0.6392494750118048[&state=0],nd22:0.6392494750118048[&state=6]):1.282412350797597[&state=22],((nd25:0.340982371999089[&state=1],nd26:0.340982371999089[&state=6]):0.04808129485752749[&state=23],(nd29:0.2513252374054531[&state=23],nd30:0.2513252374054531[&state=0]):0.13773842945116338[&state=22]):1.5325981589527855[&state=22]):0.08942195989826254[&state=6]):0.16844155450192333[&state=6],nd6:0.18887858797539706[&state=6]):0.046588616169130834[&state=6]):0.08949075543251267[&state=6]):0.2324352881887679[&state=6]):0.0[&state=23];
