sample	replicate	trs
1	1	(((((nd24:1.6996184035366118,(nd36:0.7564288928475644,nd37:0.7564288928475644)nd25:0.9431895106890473)nd20:0.3379997257433043,nd21:0.432209477815228)nd8:1.562093687966152,nd9:3.599711817246068)nd2:1.224312934444916,((nd6:0.051243259438969464,((((nd30:1.0754196819739965,(nd38:0.09231882899144672,nd39:0.09231882899144672)nd31:0.9831008529825498)nd28:0.34285391673754373,nd29:0.2934768718597567)nd16:1.1853901588605624,(nd18:2.0526473764166027,((nd34:0.9536723284691531,nd35:0.9536723284691531)nd26:0.5301449050559635,(nd32:0.961911906182473,nd33:0.961911906182473)nd27:0.5219053273426434)nd19:0.5688301428914864)nd17:0.5510163811554997)nd14:0.22543582413537847,(nd22:1.9381071305857924,nd23:1.9381071305857924)nd15:0.8909924511216885)nd7:0.8127144792165029)nd4:0.03457839345374879,(nd10:1.227638759790719,(nd12:3.200339388652593,nd13:0.6994770842308177)nd11:0.39687707987112336)nd5:0.07917598585401632)nd3:1.1476322973132516)root:1.790705248309015)origin:0.0;
