sample	replicate	trs
1	1	(((nd4:0.20983558642406244[&state=0],((nd26:0.717566050767171[&state=0],((nd48:0.6115722705645323[&state=0],((nd58:0.5177573000730427[&state=0],nd59:0.5177573000730427[&state=0]):0.16255406358408922[&state=0],(nd56:0.006457448821410676[&state=0],(nd66:0.2272165601252945[&state=0],nd67:0.29195850452997973[&state=0]):0.26292699988648954[&state=0]):0.12542585924066257[&state=0]):0.49986575281321954[&state=0]):0.03794842781682095[&state=0],nd45:0.2678706091573647[&state=0]):1.4446857730194023[&state=0]):1.2301454621887247[&state=0],((((nd36:1.690249047512221[&state=0],nd37:0.5180339320703472[&state=0]):1.400449847758207[&state=0],nd15:0.023867617857221548[&state=0]):0.24521533053916045[&state=0],(nd18:2.3501493755067875[&state=5],((nd32:2.5233896992612475[&state=1],nd33:0.524269783944459[&state=0]):0.05825722616035454[&state=0],(nd42:1.5467153471547552[&state=0],(nd46:0.3636187968363886[&state=0],((nd68:0.27202826633326715[&state=0],nd69:0.27202826633326715[&state=0]):0.1882127410876609[&state=0],nd61:0.3020884739196962[&state=0]):0.7509002870673884[&state=0]):0.3355740526664388[&state=0]):1.0349315782668476[&state=0]):0.8901842224338469[&state=0]):0.34982573411705825[&state=0]):0.01608483695805164[&state=0],(nd38:0.17136933135627808[&state=0],((nd64:0.34698836544631817[&state=0],(nd70:0.16366145920163513[&state=0],nd71:0.16366145920163513[&state=0]):0.18332690624468306[&state=0]):1.3842858904507036[&state=0],nd41:0.6579524651107471[&state=0]):0.16623537643561123[&state=0]):1.9402320865979263[&state=0]):0.05521506056473933[&state=0]):0.8546920867501533[&state=0]):1.847217577247969[&state=0],(((nd52:0.7023556560228087[&state=0],(nd62:0.37098757146435146[&state=0],nd63:0.37098757146435146[&state=0]):0.33136808455845723[&state=0]):2.0684610975116366[&state=0],(nd50:0.5839866535853254[&state=0],nd51:1.042274871733608[&state=0]):1.7285418818008371[&state=0]):1.2284980203309923[&state=0],(nd16:3.477830109797046[&state=0],(((nd28:1.3737886664079797[&state=0],nd29:0.5602154728420055[&state=0]):0.25912038942058174[&state=0],(nd34:2.403046941975525[&state=0],(nd72:0.1365114586376417[&state=0],nd73:0.1365114586376417[&state=0]):2.2665354833378832[&state=0]):0.4497137416183115[&state=0]):0.5132017866847725[&state=0],nd21:0.40799579746176357[&state=0]):0.11186763951843755[&state=0]):0.5214846640683909[&state=0]):2.5955516696279837[&state=0]):0.10491355650658005[&state=16]):0.0[&state=16];
