sample	replicate	trs
1	1	(((((nd17:0.8067420100916576[&state=7],(nd27:0.07331634791028112[&state=1],nd28:0.07331634791028112[&state=6]):0.7334256621813764[&state=23]):0.8582652474052562[&state=23],((nd15:0.17724791033857523[&state=6],nd16:0.8617323182361294[&state=6]):0.1085032193842515[&state=6],nd14:0.9702355376203808[&state=48]):0.6947717198765331[&state=48]):1.142120492427756[&state=22],((nd19:0.729860021842649[&state=7],nd20:0.729860021842649[&state=6]):0.4643187046971391[&state=22],(((nd29:0.06462679503415868[&state=23],nd30:0.06462679503415868[&state=0]):0.17594887219561206[&state=48],nd26:0.24057566722977072[&state=6]):0.3896673429055404[&state=23],nd22:0.6302430101353111[&state=22]):0.5639357164044769[&state=48]):1.6129490233848818[&state=22]):0.40907502640132004[&state=22],(nd5:2.7503120082123225[&state=7],((nd23:0.3330145339879789[&state=7],nd24:0.3330145339879789[&state=1]):1.089038727877602[&state=7],nd10:1.4220532618655808[&state=7]):1.328258746346741[&state=48]):0.46589076811366786[&state=22]):0.4109072236740097[&state=22]):0.0[&state=23];
