sample	replicate	trs
1	1	((nd11:5.550433726364955[&state=63],nd6:5.550433726364958[&state=6])nd1:0.9523617905692552[&state=6],(((nd29:0.21097403241762938[&state=11],(nd31:0.139444555292381[&state=63],nd32:0.139444555292381[&state=1])nd30:0.07152947712524838[&state=29])nd9:4.0272190360477245[&state=31],(nd13:3.688058744967438[&state=6],((nd33:0.13047417353563084[&state=63],nd34:0.13047417353563084[&state=1])nd23:0.34195740215694725[&state=63],nd24:0.4724315756925781[&state=63])nd14:3.21562716927486[&state=29])nd10:0.5501343234979161[&state=22])nd3:1.4244548225160278[&state=7],(nd7:4.533121742744975[&state=63],((((nd25:0.373556223786934[&state=30],nd26:0.373556223786934[&state=9])nd21:1.0399925897266664[&state=31],nd22:1.413548813513601[&state=63])nd17:1.0717597410642112[&state=7],(nd35:0.08336997234542867[&state=8],(nd37:0.08020424022946572[&state=1],nd38:0.08020424022946572[&state=11])nd36:0.0031657321159629403[&state=11])nd18:2.401938582232383[&state=63])nd15:0.742265836327063[&state=7],(nd19:1.8948157545270803[&state=28],(nd27:0.21363222792026154[&state=30],nd28:0.21363222792026154[&state=28])nd20:1.6811835266068182[&state=63])nd16:1.3327586363777946[&state=7])nd8:1.3055473518401044[&state=7])nd4:1.1295261482364047[&state=48])nd2:0.8401476259528291[&state=48])root:0.0[&state=6];
