sample	replicate	trs
1	1	(((nd123:0.7068242382303074[&state=1],nd124:0.7068242382303074[&state=1])nd85:2.600426513590288[&state=1],nd100:3.307250751820595[&state=12])nd24:15.428423088301155[&state=1],((((((nd95:2.3768034105849667[&state=8],(nd103:1.5821690341751138[&state=1],nd104:1.5821690341751138[&state=1])nd96:0.7946343764098517[&state=1])nd93:0.029603851180714[&state=0],(nd97:2.2951335849246215[&state=3],(nd119:0.7609585292839386[&state=8],nd120:0.7609585292839386[&state=2])nd98:1.5341750556406828[&state=8])nd94:0.11127367684105846[&state=10])nd65:5.549507794553968[&state=10],((nd73:4.036361836179388[&state=0],(nd127:0.19098434210610124[&state=0],nd128:0.19098434210610124[&state=0])nd74:3.845377494073287[&state=0])nd63:2.9529842053343573[&state=0],((nd75:3.851653664189998[&state=0],((nd91:2.8576541097322865[&state=6],(nd111:1.1327739947240296[&state=0],nd112:1.1327739947240296[&state=0])nd92:1.724880115008257[&state=0])nd83:0.7856336998077802[&state=0],nd84:3.643287809540066[&state=0])nd76:0.2083658546499315[&state=0])nd71:0.2789069730698588[&state=0],((((nd117:0.8406788265158294[&state=0],nd118:0.8406788265158294[&state=0])nd113:0.27160838561864553[&state=0],(nd121:0.725953959799915[&state=0],nd122:0.725953959799915[&state=0])nd114:0.38633325233456006[&state=0])nd107:0.1507979116726615[&state=0],nd108:1.2630851238071361[&state=1])nd105:0.08572456577512111[&state=0],(nd115:0.9634863743522372[&state=0],(nd125:0.20422722890678355[&state=0],nd126:0.20422722890678355[&state=0])nd116:0.7592591454454536[&state=0])nd106:0.38532331523002034[&state=0])nd90:2.7817509476775992[&state=0])nd64:2.8587854042538887[&state=0])nd60:0.9665690148059012[&state=0])nd51:0.7995576403589897[&state=7],nd67:8.755472696678636[&state=1])nd45:2.3041173798553833[&state=7],(nd109:1.1608287420590278[&state=1],nd110:1.1608287420590278[&state=1])nd70:9.898761334474994[&state=1])nd37:6.857737210268011[&state=1],(nd40:14.225559532949024[&state=3],(nd81:3.6660391438080886[&state=0],(nd101:1.9279954548097653[&state=0],nd102:1.9279954548097653[&state=0])nd82:1.7380436889983233[&state=0])nd57:10.559520389140937[&state=0])nd21:3.691767753853005[&state=0])nd10:0.8183465533197188[&state=0])nd7:0.0[&state=0];
