sample	replicate	trs
1	1	((((((nd19:0.8801847885398086[&state=0],nd20:0.8801847885398086[&state=0]):0.5887522245190284[&state=0],((nd23:0.5362400348081967[&state=7],nd24:0.19319151262213327[&state=2]):0.3751794106178654[&state=28],nd16:0.9114194454260621[&state=7]):0.5575175676327749[&state=7]):0.9404516539375538[&state=0],(nd27:0.14461818918132358[&state=0],nd28:0.14461818918132358[&state=0]):2.2647704778150675[&state=0]):0.07049081051202612[&state=22],((nd21:0.8363210266693668[&state=28],nd22:0.8363210266693668[&state=28]):0.7942636460758925[&state=7],(nd29:0.1302443393113439[&state=0],nd30:0.1302443393113439[&state=1]):1.5003403334339154[&state=7]):0.8492948047631574[&state=7]):0.7818644136465999[&state=22],(((nd25:0.3931324847870957[&state=7],nd26:0.3931324847870957[&state=28]):0.49142778658559627[&state=1],nd18:0.8845602713726919[&state=28]):0.44552099153699937[&state=7],(nd13:0.9594437209333518[&state=28],nd14:0.9594437209333518[&state=9]):0.37063754197633947[&state=7]):1.9316626282453258[&state=7]):0.7851061088449818[&state=22]):0.0[&state=23];
