sample	replicate	trs
1	1	((nd100:6.827343182814531[&state=2],((nd131:0.07162690521820415[&state=1],nd132:0.07162690521820415[&state=1])nd113:0.4688807186969376[&state=1],(nd128:0.2121195081888701[&state=3],(nd123:0.11129709942938297[&state=3],nd124:0.11129709942938297[&state=3])nd122:0.10082240875948713[&state=3])nd114:0.3283881157262716[&state=3])nd111:6.286835558899388[&state=11])nd9:1.8415045088848672[&state=1],(((nd101:0.980305139914107[&state=0],nd102:0.980305139914107[&state=0])nd41:4.647323625900133[&state=28],nd77:5.627628765814242[&state=1])nd19:1.3382031506738243[&state=0],(((nd125:0.10824182224267326[&state=6],nd126:0.10824182224267326[&state=23])nd89:1.5340678801653929[&state=23],nd92:1.642309702408066[&state=0])nd33:4.201487285700568[&state=7],(nd68:3.6595583285803714[&state=0],(nd95:1.4482739085764735[&state=1],(((nd105:0.7686153456558815[&state=2],(nd116:0.6854081524721747[&state=23],nd110:0.6854081524721747[&state=2])nd106:0.0832071931837068[&state=25])nd103:0.06694221947909462[&state=3],(nd130:0.4404515426887235[&state=12],nd118:0.4404515426887235[&state=24])nd104:0.39510602244625254[&state=12])nd97:0.4317876262533191[&state=3],nd120:1.2673451913882952[&state=1])nd96:0.18092871718817902[&state=3])nd80:2.211284420003896[&state=11])nd40:2.1842386595282663[&state=0])nd30:1.1220349283794293[&state=0])nd16:1.7030157752113315[&state=0])nd1:0.0[&state=0];
