sample	replicate	trs
1	1	((nd11:3.7438710977848846[&state=0],nd12:3.7438710977848846[&state=10])nd5:3.238315234912486[&state=0],(((nd27:1.5425848141867884[&state=7],(nd35:1.0886067127878474[&state=0],nd36:1.0886067127878474[&state=1])nd28:0.45397810139894074[&state=7])nd13:2.1725846668973947[&state=1],(((nd31:1.4926107859712228[&state=31],nd32:1.4926107859712228[&state=1])nd21:1.858011201071451[&state=7],nd22:3.3506219870426737[&state=1])nd19:0.1498744512780032[&state=1],nd20:3.5004964383206767[&state=0])nd14:0.21467304276350602[&state=1])nd3:1.5507007443212721[&state=1],(nd17:3.6479259697196813[&state=0],((nd39:1.0640885342647346[&state=7],nd40:1.0640885342647346[&state=10])nd23:1.8611983831342895[&state=22],(nd29:1.5352300213206322[&state=50],(nd33:1.3132090293112122[&state=0],(nd37:1.0752365677236373[&state=1],nd38:1.0752365677236373[&state=1])nd34:0.23797246158757468[&state=1])nd30:0.22202099200942002[&state=7])nd24:1.3900568960783926[&state=23])nd18:0.7226390523206565[&state=6])nd16:1.6179442556857737[&state=22])nd2:1.7163161072919157[&state=22])root:0.0[&state=22];
