sample	replicate	trs
1	1	((((nd29:0.48130960287168634,(nd31:0.09684415255291755,nd32:0.09684415255291755)nd30:0.3844654503187688)nd7:1.5157154802018569,((nd15:1.065359081311613,(nd17:0.8569959413857008,nd18:0.8569959413857008)nd16:0.20836313992591227)nd13:0.4193591549343061,(nd25:0.707132112815592,nd26:0.707132112815592)nd14:0.7775861234303271)nd8:0.5123068468276242)nd3:1.446071105990948,(nd5:2.90187939680133,((nd21:0.7793398253437601,nd22:0.7793398253437601)nd19:0.07581069581378413,(nd27:0.5610367851582739,nd28:0.5610367851582739)nd20:0.2941137359992704)nd6:2.046728875643787)nd4:0.54121679226316)nd1:1.1838234437512052,(nd9:1.7824336055980678,(nd11:1.67751233806815,(nd23:0.7539372847409457,(nd33:0.08950430313621562,(nd35:0.023886448451835615,nd36:0.023886448451835615)nd34:0.06561785468438)nd24:0.66443298160473)nd12:0.9235750533272046)nd10:0.10492126752991777)nd2:2.8444860272176284)root:0.0;
