sample	replicate	trs
1	1	((nd12:3.778062839898844,(nd18:2.232789588047155,((nd26:1.2134401283001326,(nd30:0.4335732271852022,nd31:0.4335732271852022)nd27:0.7798669011149304)nd22:0.2944031547556673,((nd28:0.46281606428808947,nd29:0.46281606428808947)nd24:0.7814242655858832,nd25:1.2442403298739728)nd23:0.2636029531818272)nd19:0.7249463049913552)nd13:1.5452732518516892)nd2:1.3577265049703218,(((nd20:1.729778360352384,nd21:1.729778360352384)nd16:1.510475701161869,nd17:3.2402540615142534)nd6:1.0652203685922297,((nd14:3.2838224738257544,nd15:3.2838224738257544)nd8:0.8091083259144016,(nd10:3.8224886565990515,nd11:3.8224886565990515)nd9:0.2704421431411043)nd7:0.21254363036632704)nd5:0.8303149147626832)root:0.0;
