sample	replicate	trs
1	1	(((nd9:1.9555795880808566,((nd27:0.6478685656987864,nd28:0.6478685656987864)nd13:0.9741090173824786,((nd23:0.9862364613567313,(nd29:0.48517702286056946,(nd37:0.13627602106674197,nd38:0.13627602106674197)nd30:0.34890100179382755)nd24:0.5010594384961613)nd21:0.005741984138102568,nd22:0.8148412593574009)nd14:0.6299991375864311)nd10:0.33360200499959247)nd1:2.883431358152843,((nd7:0.0004796476849620605,(((nd39:0.02100527823936278,nd40:0.02100527823936278)nd35:0.1767198707933769,nd36:0.1977251490327397)nd17:1.1404238991744045,nd18:1.338149048207144)nd8:0.9845275967612452)nd3:1.6495783454362065,((nd11:1.807056503922194,((nd25:0.040383611030802395,nd26:0.743856777118601)nd19:0.4721859557446413,nd20:1.2160427328632422)nd12:0.5910137710589521)nd5:1.7789194630847567,((nd31:0.409426346943947,nd32:0.409426346943947)nd15:1.0343604453908248,(nd33:0.31867237404517124,nd34:0.31867237404517124)nd16:1.1251144182896005)nd6:2.142189174672179)nd4:0.38627902339764436)nd2:0.8667559558291043)root:1.0795390537663003)origin:0.0;
