sample	replicate	trs
1	1	((((nd95:0.4749968931093431[&state=7],(nd113:0.06037609047496763[&state=6],nd114:0.06037609047496763[&state=6])nd96:0.4146208026343755[&state=6])nd75:0.4685729104244036[&state=23],(nd91:0.6014823549604327[&state=53],nd92:0.6014823549604327[&state=2])nd76:0.3420874485733142[&state=24])nd27:2.741722016277987[&state=23],((nd68:2.7773048562587825[&state=9],((nd87:0.6305111447744594[&state=3],(nd107:0.16497065225216528[&state=3],(nd111:0.10719988395462424[&state=3],nd112:0.10719988395462424[&state=3])nd108:0.05777076829754105[&state=3])nd93:0.465540492522294[&state=3])nd71:1.7889723440894016[&state=10],(nd69:1.319204686740022[&state=2],(nd105:0.1955282973064773[&state=8],nd106:0.1955282973064773[&state=2])nd70:1.1236763894335449[&state=8])nd52:1.1002788021238388[&state=2])nd38:0.3578213673949221[&state=2])nd32:0.7099231470336747[&state=2],((((nd117:0.028750732798319766[&state=2],nd118:0.028750732798319766[&state=2])nd81:0.7827572762609469[&state=2],(nd83:0.6406418634923725[&state=10],nd98:0.6406418634923723[&state=2])nd82:0.1708661455668946[&state=12])nd59:0.9472212946787991[&state=2],(((nd109:0.16176559639488455[&state=1],(nd115:0.04571039405602902[&state=0],nd116:0.04571039405602902[&state=7])nd110:0.11605520233885552[&state=7])nd101:0.19204053690472955[&state=28],nd102:0.35380613329961413[&state=0])nd73:0.8114259595925997[&state=28],(nd119:0.022555850285698564[&state=2],nd120:0.022555850285698564[&state=2])nd74:1.1426762426065147[&state=2])nd60:0.5934972108458524[&state=28])nd57:0.013234350883591678[&state=2],nd65:1.7719636546216577[&state=3])nd49:1.7152643486707997[&state=2])nd28:0.19806381651927632[&state=9])nd17:4.576884814478353[&state=9],((nd104:0.6393015789054581[&state=1],nd86:0.6393015789054581[&state=1])nd42:5.86083603231988[&state=1],nd54:6.500137611225338[&state=7])nd24:1.7620390230647494[&state=0])nd2:0.0[&state=0];
