sample	replicate	trs
1	1	(((nd5:3.5990634714067093,(((((nd71:0.11621968249184535,nd72:0.11621968249184535)nd49:0.3281290728946166,((nd77:0.05684779240898316,nd78:0.05684779240898316)nd63:0.14028918155689393,nd64:0.1971369739658771)nd50:0.24721178142058484)nd39:0.27936650149153897,nd40:0.7237152568780008)nd27:0.3650396067277836,(nd41:0.7065428191939055,nd42:0.7065428191939055)nd28:0.3822120444118788)nd11:1.049455367418776,((nd23:1.1616715436023846,(nd31:0.9868021904264339,(nd47:0.566252340623097,(nd57:0.24077733410931065,nd58:0.24077733410931065)nd48:0.3254750065137863)nd32:0.4205498498033375)nd24:0.17486935317595032)nd15:0.7059599439637718,(((nd61:0.20462231956359936,nd62:0.20462231956359936)nd35:0.7430357888123996,(nd55:0.2613576856804653,nd56:0.2613576856804653)nd36:0.6863004226955337)nd21:0.28828044130870273,(nd33:0.97425790071475,(((nd69:0.170953087827961,nd70:0.170953087827961)nd43:0.4864597748038269,nd44:0.6574128626317878)nd37:0.2534698110286141,nd38:0.9108826736604019)nd34:0.06337522705434834)nd22:0.2616806489699515)nd16:0.6316929378814548)nd12:0.27057874345840377)nd6:1.460853240382149)nd3:0.8274204883002001,(nd19:1.2707040437666137,((nd53:0.4137247553259292,(nd75:0.07013008095156884,nd76:0.07013008095156884)nd54:0.34359467437436036)nd51:0.020837741588402542,(nd65:0.19026226518916892,nd66:0.19026226518916892)nd52:0.2443002317251628)nd20:0.8361415468522821)nd8:3.155779915940296)nd1:0.20539139807776594,((nd60:2.0566684222173297,(((nd67:0.17710787432391867,nd68:0.17710787432391867)nd29:0.8173895292421952,(nd73:0.07693302162961689,nd74:0.07693302162961689)nd30:0.9175643819364969)nd25:0.13295913003227572,(nd45:0.5914731744577428,nd46:0.5914731744577428)nd26:0.5359833591406472)nd14:0.9292118886189389)nd9:0.6509215985564017,(nd17:1.3259043489814535,nd18:1.3259043489814535)nd10:1.3816856717922772)nd2:1.9242853370109445)root:0.0;
