sample	replicate	trs
1	1	((nd1:0.253082220731636,(nd3:0.7826480148853308,((((((nd31:0.15587917516329103,(nd81:0.02040090081965661,nd82:0.02040090081965661)nd32:0.13547827434363446)nd21:0.15018749456646366,(nd59:0.05357538467280472,nd60:0.05357538467280472)nd22:0.25249128505694995)nd17:0.054762564464691854,(((nd55:0.06285615704193076,(nd91:0.009724159697919775,nd92:0.009724159697919775)nd56:0.05313199734401099)nd43:0.04540355041710636,(nd47:0.09395325912960482,(nd63:0.043617075156696106,nd64:0.043617075156696106)nd48:0.050336183972908725)nd44:0.014306448329432286)nd19:0.21380514416918958,((nd89:0.010911030606220888,nd90:0.010911030606220888)nd53:0.06518118481678949,((nd83:0.019706556172767762,((nd93:0.005609344676850595,nd94:0.005609344676850595)nd85:0.011728986622663825,nd86:0.01733833129951442)nd84:0.0023682248732533415)nd67:0.021531049040678665,(nd87:0.016295840422421628,nd88:0.016295840422421628)nd68:0.024941764791024796)nd54:0.034854610209563944)nd20:0.24597263620521634)nd18:0.03876438256621987)nd11:0.049916206694277786,((nd49:0.09273677867591704,(nd73:0.03262338479191057,nd74:0.03262338479191057)nd50:0.06011339388400647)nd33:0.0620115167419074,nd34:0.15474829541782442)nd12:0.2559971454708999)nd9:0.1794258692401383,((nd29:0.15724441646795312,(nd51:0.08735501176497609,(nd61:0.04688246323174762,((nd79:0.024919405405692107,nd80:0.024919405405692107)nd77:0.00020846055953790054,nd78:0.02512786596523001)nd62:0.021754597266517614)nd52:0.04047254853322846)nd30:0.06988940470297707)nd13:0.23115667113183244,(((nd45:0.1058438214838911,nd46:0.1058438214838911)nd23:0.189709915557258,(nd25:0.19420090594993517,(nd39:0.1352007891688501,nd40:0.1352007891688501)nd26:0.05900011678108512)nd24:0.1013528310912139)nd15:0.0706080133671287,((((nd75:0.032613109339337254,nd76:0.032613109339337254)nd57:0.021172339606961122,nd58:0.053785448946298386)nd37:0.09314521312889565,nd38:0.14693066207519398)nd27:0.014176366207730459,(((nd69:0.03520326602529071,nd70:0.03520326602529071)nd65:0.007557219001211285,(nd71:0.03340386482597807,nd72:0.03340386482597807)nd66:0.009356620200523922)nd35:0.10535747449229883,(nd41:0.1083604401379725,nd42:0.1083604401379725)nd36:0.03975751938082832)nd28:0.012989068764123665)nd16:0.2050547221253533)nd14:0.022239337191507762)nd10:0.2017702225290771)nd5:0.1461509875655861,(nd7:0.6991285591446824,nd8:0.6991285591446824)nd6:0.037193738549766674)nd4:1.7800450120899525)nd2:0.943757990815603)root:8.401174699399991)origin:0.0;
