sample	replicate	trs
1	1	(((nd3:0.3154254649620252,(((((nd53:1.7672814388964198,nd54:1.7672814388964198)nd49:0.29833971342817767,(nd55:1.5649460867818556,nd56:1.5649460867818556)nd50:0.5006750655427419)nd33:8.745200775600438,nd34:2.7439307969747633)nd25:2.2034274230731277,((nd37:10.383035236992573,nd38:10.49924171558218)nd31:0.7058786688653815,(nd45:4.839636411261884,nd46:4.839636411261884)nd32:6.365483973185681)nd26:1.8091289665506007)nd5:7.482058105393186,((((nd39:2.1294308325287643,(nd43:5.49993829456409,(nd61:0.6489855761118608,nd62:0.6489855761118608)nd44:4.850952718452228)nd40:3.373879211848403)nd19:6.136030875943939,(nd27:12.796574540231479,((nd41:1.20781656546606,nd42:5.859904391947949)nd35:4.640390215442306,((nd51:1.849734366665321,(nd57:0.4344961305324555,nd58:1.2795650759303674)nd52:0.5701692907349539)nd47:2.2751583951503447,(nd59:1.1675930627375857,nd60:1.1675930627375857)nd48:2.95729969907808)nd36:6.375401845574588)nd28:2.2962799328412262)nd20:2.2132738421249516)nd17:1.2825696089512872,nd18:3.5814504320664144)nd9:3.049332969054607,((nd15:15.827068648513722,nd16:17.139728199123653)nd11:1.3617423500782284,((nd29:7.546036066682282,nd30:3.6233259369610504)nd23:1.8593607782706434,nd24:0.2418149018037449)nd12:5.036862847077485)nd10:0.8402804111604416)nd6:1.1545564960290242)nd4:1.825141730525537)nd1:3.490419230251956,(nd7:2.317942068477497,(nd13:5.662570080093659,(nd21:11.39551801536851,nd22:6.6730668778684725)nd14:2.974590258975956)nd8:2.471577200352117)nd2:5.846057139962316)root:0.30843158283115607)origin:0.0;
