sample	replicate	trs
1	1	((((((nd39:0.059287056318588854[&state=2],nd40:0.059287056318588854[&state=2])nd25:2.147163654325888[&state=2],(nd37:0.78007092412386[&state=0],nd38:0.78007092412386[&state=0])nd26:1.4263797865206171[&state=0])nd23:0.3739135457311696[&state=8],nd24:2.5803642563756464[&state=37])nd17:11.10251145601298[&state=8],((nd35:5.895087495162835[&state=7],nd20:5.895087495162835[&state=35])nd13:2.835752222324291[&state=0],(nd33:1.018673799428788[&state=11],nd34:1.018673799428788[&state=17])nd16:7.7121659180583375[&state=7])nd9:4.952035994901502[&state=0])nd3:4.091487214314815[&state=0],(nd21:4.5086847472508635[&state=0],((nd31:1.2432555580009623[&state=4],nd32:1.2432555580009623[&state=102])nd29:0.4127317564305673[&state=66],nd30:1.6559873144315294[&state=30])nd22:2.8526974328193333[&state=30])nd4:13.265678179452575[&state=0])nd1:1.508021081161373[&state=0],((nd27:1.7701469862115686[&state=28],nd28:1.7701469862115686[&state=6])nd11:15.681796640511081[&state=81],nd6:17.45194362672265[&state=6])nd2:1.830440381142167[&state=6])root:0.0[&state=22];
