sample	replicate	trs
1	1	(((((nd33:0.13426089211657538,nd34:0.13426089211657538)nd17:2.308686759954285,nd18:2.4429476520708606)nd3:1.0022072818035221,(nd5:3.439888316770105,((nd11:3.1691542652594227,(((nd31:0.2617654429354133,nd32:0.2617654429354133)nd25:0.37331751601713886,(nd27:0.6213754609220054,nd28:0.6213754609220054)nd26:0.01370749803054674)nd15:2.080351129074947,(nd23:1.2999400205958005,nd24:1.2999400205958005)nd16:1.4154940674316991)nd12:0.45372017723192365)nd7:0.2081317770137105,nd8:2.156140531306187)nd6:0.0626022744969712)nd4:0.005266617104278205)nd1:0.1463059286494344,(((nd35:0.004824382506107658,nd36:0.004824382506107658)nd13:2.9200794304628053,(nd29:0.3851382500472345,nd30:0.3851382500472345)nd14:2.5397655629216787)nd9:0.33021188686284364,(nd19:0.7100866080620707,(nd21:1.427575849157941,nd22:0.14648213367841795)nd20:0.0927375558641811)nd10:1.7348022948096342)nd2:0.33634516269206083)root:2.5069391374761807)origin:0.0;
