sample	replicate	trs
1	1	((((nd53:1.7672814388964198,nd54:1.7672814388964198)nd49:0.29833971342817767,(nd55:1.5649460867818556,nd56:1.5649460867818556)nd50:0.5006750655427419)nd33:10.948628198673566,(nd38:11.20512038444756,(nd45:4.839636411261884,nd46:4.839636411261884)nd32:6.365483973185681)nd26:1.8091289665506007)nd5:7.482058105393186,(((nd43:5.49993829456409,(nd61:0.6489855761118608,nd62:0.6489855761118608)nd44:4.850952718452228)nd40:9.509910087792342,(nd27:12.796574540231479,(nd42:10.500294607390256,((nd51:1.849734366665321,nd58:1.8497343666653214)nd47:2.2751583951503447,(nd59:1.1675930627375857,nd60:1.1675930627375857)nd48:2.95729969907808)nd36:6.375401845574588)nd28:2.2962799328412262)nd20:2.2132738421249516)nd17:4.331902578005894,nd16:19.341750960362322)nd6:1.1545564960290242)nd4:0.0;
