sample	replicate	trs
1	1	(((nd4:9.869221234211581,(nd10:8.170634084088666,(nd28:2.381564909865476,nd29:2.381564909865476)nd11:5.78906917422319)nd5:1.6985871501229173)nd2:1.388047640905324,((((nd16:5.076640308176205,nd17:5.076640308176205)nd14:0.14238043236707146,nd15:4.046932067635294)nd8:4.19304700340993,(((nd32:0.27439039949036914,nd33:0.27439039949036914)nd26:2.544133255651589,nd27:2.8185236551419584)nd12:2.916689711956626,(nd18:2.5310760764011766,(((nd24:3.2435242908336614,(nd34:0.14360500808674176,nd35:0.14360500808674176)nd25:3.0999192827469195)nd22:0.24386303120972602,nd23:3.4873873220433875)nd20:0.38544416323078545,nd21:2.257305929622606)nd19:0.6712370272388019)nd13:1.1911448545856094)nd9:3.6768543768546227)nd6:0.4488041886726949,(nd30:0.4204983191395356,nd31:0.4204983191395356)nd7:9.440373613486365)nd3:1.3963969424910045)root:0.1259311248830985)origin:0.0;
