sample	replicate	trs
1	1	(((nd31:2.8020743929562,(nd27:2.6711053183401186,(nd43:0.6812019158950897,nd44:0.6812019158950897)nd28:1.9899034024450288)nd26:0.13096907461608157)nd11:4.6991496066168175,((nd21:6.208882503800948,(nd37:1.8319179840818092,nd38:1.8319179840818092)nd16:4.376964519719138)nd13:1.2828576174670325,((nd29:2.3911273390470225,(nd35:1.9501973477763122,nd36:1.9501973477763122)nd30:0.44092999127071025)nd19:2.8062543854689745,nd20:5.1973817245159974)nd14:2.294358396751983)nd12:0.009483878305036933)nd1:8.05737882475217,((nd17:5.687969276148124,nd24:5.687969276148122)nd7:4.546321664093276,((nd39:1.1425461542545423,(nd41:0.9290996975629799,nd42:0.9290996975629799)nd40:0.21344645669156234)nd33:0.9132840799317288,nd34:2.055830234186271)nd10:8.178460706055128)nd6:5.324311884083788)root:0.0;
