sample	replicate	trs
1	1	((nd239:2.4229554225160896,((nd297:1.6198659730605867,nd268:1.619865973060587)nd257:0.45428104092364474,(nd309:0.8446091642661511,nd310:0.8446091642661511)nd258:1.2295378497180809)nd248:0.3488084085318588)nd212:15.625748037398877,(((((nd349:0.022560811040189997,nd350:0.022560811040189997)nd260:4.550286459741288,((nd313:1.1177344742463668,(nd337:0.26777317262865274,nd338:0.26777317262865274)nd290:0.849961301617714)nd263:0.6453173079936072,((nd327:0.43756344557600363,(nd336:0.3987742915338771,(nd339:0.2511078641747333,nd340:0.2511078641747333)nd332:0.14766642735914376)nd328:0.03878915404212657)nd305:0.4497958106822254,(nd321:0.49849029450658583,nd322:0.49849029450658583)nd306:0.3888689617516432)nd264:0.8756925259817453)nd192:2.8097954885415035)nd171:1.2866049669951904,((((nd293:0.9964412683591677,nd294:0.9964412683591677)nd277:0.4480347857008017,nd278:1.44447605405997)nd242:1.9532821860195084,(nd311:0.8210609480158249,nd312:0.8210609480158249)nd218:2.576697292063652)nd198:2.4378894148835384,(((nd301:0.9221642724634476,nd302:0.9221642724634476)nd299:0.01709629314272288,nd300:0.9392605656061705)nd245:1.2625580910009233,((nd347:0.10275991457164038,nd348:0.10275991457164038)nd291:0.9247363641101117,nd323:1.0274962786817523)nd246:1.1743223779253418)nd236:3.6338289983559227)nd164:0.02380458281365211)nd159:1.1010314946236417,(((nd287:1.9580749834516187,(((nd316:0.8469546646325871,nd308:0.8469546646325872)nd275:0.6232717102385505,(nd341:0.4210025709839519,nd330:0.42100257098395194)nd276:1.0492238038871855)nd269:0.10903553969898461,nd334:1.579261914570122)nd265:0.3788130688814961)nd237:2.210664930564797,nd344:4.168739914016414)nd189:2.6919326539296553,((((nd319:0.6440630841072973,nd320:0.6440630841072973)nd317:0.5188363637598091,nd296:1.1628994478671062)nd249:2.0947315295225404,nd220:3.2576309773896437)nd195:1.107448709180769,(nd326:0.8991603164350432,(nd345:0.11604687308506703,nd346:0.11604687308506703)nd304:0.783113443349976)nd196:3.4659193701353717)nd156:2.4955928813756563)nd143:0.09981116445423913)nd125:6.0486201966320845,nd223:13.009103929032394)nd35:5.039599530882574)nd16:0.0;
