sample	replicate	trs
1	1	(((nd3:0.626259870231209[&state=6],nd4:2.302652518682704[&state=6]):0.8504026988229368[&state=6],((nd7:0.03485225078116328[&state=0],(nd9:1.7642938182340209[&state=0],((((nd23:0.8222797459238511[&state=0],((nd45:1.3777602466260581[&state=0],nd46:0.23644390162219794[&state=0]):0.5171691389727296[&state=0],nd38:1.8174443670977756[&state=0]):1.0969707137871816[&state=0]):1.469586229132841[&state=28],(((nd47:1.3196929713931476[&state=0],nd48:1.3196929713931476[&state=10]):0.7968800210791547[&state=0],(nd35:1.9151483880885654[&state=1],(nd61:0.2471752184863203[&state=28],nd62:0.2471752184863203[&state=12]):1.6679731696022453[&state=8]):0.20142460438373727[&state=7]):0.9253539280133228[&state=0],((nd41:1.5228988419489848[&state=7],(nd59:0.24758499535397832[&state=66],nd60:0.24758499535397832[&state=0]):1.2753138465950067[&state=30]):1.459174721863416[&state=8],(nd53:0.6202717721838784[&state=0],(nd55:0.36414684241735445[&state=1],nd56:0.36414684241735445[&state=31]):0.25612492976652396[&state=31]):2.361801791628523[&state=28]):0.05985335667322486[&state=0]):1.4195594080331853[&state=0]):5.542920267826827[&state=0],nd14:3.8690815382227264[&state=0]):0.8780173067904358[&state=7],((((nd49:1.2807653889809663[&state=1],nd50:1.2807653889809663[&state=38]):1.178775330153653[&state=50],nd28:0.545802052814429[&state=1]):2.9761229310920694[&state=1],((nd31:2.131015055398336[&state=0],((nd57:0.3513258409076388[&state=9],nd58:0.3513258409076388[&state=7]):1.2262693359021961[&state=34],((nd63:0.06706819544762481[&state=0],nd64:0.06706819544762481[&state=0]):1.3929353313028503[&state=0],nd44:1.460003526750475[&state=98]):0.11759165005935945[&state=0]):0.5534198785885015[&state=7]):0.1808754611342243[&state=0],(nd51:0.7850256116258798[&state=12],nd52:0.7850256116258798[&state=0]):1.5268649049066805[&state=0]):3.123773133694128[&state=7]):0.08324271977836094[&state=7],nd16:1.128573989069625[&state=1]):5.363517533131024[&state=7]):0.24623333928631444[&state=7]):2.6885092857151944[&state=7]):4.6865567385295055[&state=0],nd6:1.5267882530652228[&state=0]):0.9007869515443439[&state=0]):0.01998978178856319[&state=22]):0.0[&state=22];
