sample	replicate	trs
1	1	(((((((nd47:5.06446394660012,nd48:5.06446394660012)nd45:1.265318480530557,((nd69:0.11405033581418206,nd70:0.11405033581418206)nd61:1.2516427782226085,nd62:1.3656931140367905)nd46:4.964089313093886)nd29:5.0134246960680855,nd30:3.353924466776001)nd5:4.421686516218109,(nd11:2.8143045631462287,((nd51:4.339177475159146,nd52:1.934556833448564)nd15:8.763596273760982,nd16:13.102773748920127)nd12:0.2603798868265715)nd6:2.4017400036701733)nd3:2.434992860212854,(((nd27:1.5854559893756686,((((nd53:3.545950876997275,nd54:3.545950876997275)nd49:1.2233204842088636,(nd57:2.2083745067956633,nd58:2.7577066349303268)nd50:1.8501237893809346)nd43:2.5237798764147548,(nd59:2.0657114327806325,nd60:2.0657114327806325)nd44:5.22733980484026)nd41:0.6625367821885891,nd42:1.024225102543705)nd28:3.929250686228864)nd13:1.3063750848786488,(nd23:12.55589923858199,((nd33:0.7904267788052256,nd34:10.199338250863647)nd31:0.4956311121166682,nd32:0.3658585414250747)nd24:1.86092987560167)nd14:0.6353145523350064)nd9:0.3419621875961949,((((nd67:0.20861701719311732,nd68:0.20861701719311732)nd21:12.482622862949425,nd22:0.660732703770972)nd19:0.024880816325527164,nd20:0.4496083511692078)nd17:0.27958270571163174,(nd25:2.5639366882120767,nd26:12.121081834901812)nd18:0.8746215672778865)nd10:0.5374725763334913)nd4:4.666710521116535)nd1:2.405572187255709,((nd35:10.069687929290374,nd36:1.8507766242136858)nd7:4.112127391928256,(nd37:9.617597618440813,(nd39:6.05127377770491,((nd63:0.7154114078502374,nd64:0.7154114078502374)nd55:2.2305924204552365,(nd65:0.4407240839431133,nd66:0.4407240839431133)nd56:2.5052797443623605)nd40:5.43756879510035)nd38:1.2340249950349913)nd8:4.564217702777818)nd2:6.423643365666801)root:0.26804131311456536)origin:0.0;
