sample	replicate	trs
1	1	((((nd34:1.1113376623197904,nd35:1.1113376623197904)nd31:3.4350367854432213,nd21:4.546374447763012)nd14:4.203189837252095,(((nd42:0.0479944423562617,nd43:0.0479944423562617)nd16:5.448492025998613,(((nd44:0.023768413694950363,nd45:0.023768413694950363)nd26:2.4536907214976513,((nd38:0.5633992579176301,nd39:0.5633992579176301)nd32:1.3695643894925051,nd33:1.9329636474101353)nd27:0.5444954877824668)nd22:0.6681651218926337,(nd24:2.978042916081984,nd25:2.978042916081984)nd23:0.1675813410032512)nd17:2.35086221126964)nd8:2.1081893989160454,(((nd40:0.35796409855359274,nd41:0.35796409855359274)nd18:4.792287724880196,nd19:5.150251823433789)nd12:1.923165811768866,nd29:7.073417635202656)nd9:0.5312582320682651)nd5:1.1448884177441856)nd2:0.8602978638813176,nd6:9.609862148896424)root:0.0;
