sample	replicate	trs
1	1	(((nd29:1.094028435855741,nd30:1.094028435855741)nd21:2.0780554605729202,(((nd45:0.42670611034864536,nd46:0.42670611034864536)nd33:0.44477857113172165,((nd37:0.762865807589095,(nd47:0.3374615287950094,(nd53:0.042752092999956894,nd54:0.042752092999956894)nd48:0.2947094357950525)nd38:0.42540427879408527)nd35:0.018830940901505822,nd36:0.7816967484906007)nd34:0.08978793298976658)nd23:2.092401241381586,(((nd51:0.045443138076608776,nd52:0.045443138076608776)nd43:0.4213793624507804,nd44:0.46682250052738916)nd31:0.46247931452354435,nd32:0.9293018150509337)nd24:2.0345841078110194)nd22:0.20819797356670816)nd15:2.469176108655099,(nd27:3.9475342983587707,(nd19:3.8659041971380836,(((nd41:0.4972275934530105,nd42:0.4972275934530105)nd39:0.04541775856752983,(nd49:0.27264845799066884,nd50:0.27264845799066884)nd40:0.2699968940298715)nd25:1.5679740837916722,nd26:2.110619435812212)nd20:1.7552847613258709)nd18:0.0816301012206875)nd16:1.69372570672499)nd14:0.0;
