sample	replicate	trs
1	1	((((nd35:0.06500167924326011,(nd37:0.05501372127338758,nd38:0.05501372127338758)nd36:0.009987957969872532)nd5:1.163992741336474,((nd33:0.07196338209862632,nd34:0.07196338209862632)nd9:0.7587674133808237,(nd11:0.7793756147110518,(nd23:0.3790387015668101,(nd39:0.03481467296391609,nd40:0.03481467296391609)nd24:0.34422402860289397)nd12:0.40033691314424175)nd10:0.05135518076839815)nd6:0.3982636251002839)nd3:0.13014976594076147,((nd19:0.6751041352195293,(nd25:0.36837370669041414,nd26:0.36837370669041414)nd20:0.3067304285291151)nd13:0.07260070469467492,((nd17:0.6968383090597238,(nd31:0.2961053585572163,nd32:0.2961053585572163)nd18:0.4007329505025074)nd15:0.004187204205056459,(nd21:0.6149909686057287,nd22:0.6149909686057287)nd16:0.0860345446590515)nd14:0.04667932664942399)nd4:0.611439346606291)nd1:0.4053761125109232,((nd27:0.3544100051811593,nd28:0.3544100051811593)nd7:0.5754326309539397,(nd29:0.3029398591294065,nd30:0.3029398591294065)nd8:0.6269027770056924)nd2:0.8346776628963195)root:0.0;
