sample	replicate	trs
1	1	(((nd15:10.55742132264279,(((nd51:1.1660355293189004,nd52:1.1660355293189004)nd27:6.367672499111962,nd28:7.533708028430863)nd25:0.39200641900272776,(nd37:5.637072217922717,(nd49:4.6746495002572885,(nd45:3.7343187786273435,nd46:3.7343187786273435)nd42:0.9403307216299442)nd38:0.9624227176654289)nd26:2.2886422295108733)nd16:2.6317068752092023)nd7:3.7130982592900597,(nd39:4.698504472617385,nd40:4.698504472617385)nd20:9.572015109315467)nd3:3.3576458693902747,((nd17:9.589216213719343,nd30:9.589216213719345)nd5:6.649802659485898,((nd47:13.212570180647441,((nd31:8.62062017771299,(nd53:0.9048685412826674,nd54:0.9048685412826674)nd24:7.715751636430321)nd13:3.1766325626471943,(nd35:5.742242103978858,nd44:5.7422421039788585)nd33:6.0550106363813265)nd12:1.4153174402872553)nd9:0.4482802513870659,nd10:13.660850432034504)nd6:2.578168441170737)nd4:1.3891465781178842)nd1:0.0;
