sample	replicate	trs
1	1	((((nd82:0.4788719061973[&state=0],(nd92:0.14682120688240252[&state=0],nd93:0.14682120688240252[&state=0])nd83:0.3320506993148975[&state=0])nd28:5.841481617765648[&state=16],((nd58:1.576481031916771[&state=5],(((nd86:0.27538770905880655[&state=0],nd87:0.27538770905880655[&state=0])nd78:0.38910242060017786[&state=0],(nd94:0.027614122361851623[&state=0],nd95:0.027614122361851623[&state=0])nd79:0.6368760072971329[&state=0])nd72:0.3408003351237463[&state=0],(nd80:0.5314447865571805[&state=0],nd81:0.5314447865571805[&state=0])nd73:0.4738456782255501[&state=0])nd59:0.5711905671340404[&state=0])nd55:2.886470133631657[&state=16],((((nd62:3.2588362140650213[&state=0],nd45:3.2588362140650218[&state=0])nd42:0.46154933920580354[&state=0],(nd64:1.4783690930493456[&state=0],(nd70:1.1258690873181214[&state=16],(nd74:1.0013660196208818[&state=0],nd75:1.0013660196208818[&state=0])nd71:0.12450306769723957[&state=0])nd65:0.35250000573122436[&state=16])nd50:2.2420164602214796[&state=16])nd40:0.21974298839971718[&state=0],((nd89:0.2965273373884087[&state=0],nd85:0.2965273373884087[&state=0])nd60:1.271139726886068[&state=0],nd61:1.5676670642744766[&state=0])nd41:2.3724614773960657[&state=0])nd38:0.05547172810050321[&state=0],nd39:3.9956002697710447[&state=0])nd37:0.46735089577738304[&state=0])nd33:1.857402358414519[&state=0])nd22:4.5462962570013845[&state=16],nd26:10.866649780964332[&state=5])nd12:8.853794266236289[&state=16],(((nd76:0.8812188141567894[&state=0],nd77:0.8812188141567894[&state=0])nd68:3.60353298035419[&state=0],(nd90:0.2098015454160681[&state=0],nd91:0.2098015454160681[&state=0])nd53:4.274950249094912[&state=0])nd20:7.068107749703094[&state=0],(nd66:1.2784513396434667[&state=0],nd67:1.2784513396434667[&state=0])nd21:10.274408204570612[&state=0])nd19:8.167584502986548[&state=16])nd2:0.0[&state=16];
