sample	replicate	trs
1	1	((nd1:1.574354227775517[&state=6],((((((((nd37:0.5917187364016768[&state=7],(nd41:0.5233299456342115[&state=0],nd42:0.5233299456342115[&state=0]):0.06838879076746529[&state=0]):0.8848830530194016[&state=0],nd30:0.6564027300814792[&state=0]):2.186496977409418[&state=0],(((nd39:0.5572555379378156[&state=1],nd40:0.5572555379378156[&state=1]):0.8684640191647028[&state=1],nd32:1.4257195571025183[&state=1]):0.11922164225129477[&state=1],nd26:1.5449411993538131[&state=7]):2.118157567476683[&state=1]):0.15036363930251376[&state=22],(nd19:2.791800728672499[&state=0],nd20:2.791800728672499[&state=0]):1.0216616774605103[&state=0]):0.6853425943785619[&state=22],((nd27:1.5380120991888035[&state=9],(nd47:0.3353237494048451[&state=2],nd48:0.17237903363099924[&state=2]):1.2026883497839584[&state=2]):1.9805394831767738[&state=8],nd18:3.518551582365577[&state=0]):0.9802534181459945[&state=0]):0.5124900180694326[&state=22],(nd33:1.2284737712486538[&state=6],(nd43:0.4864579790479956[&state=6],nd44:0.4864579790479956[&state=6]):0.742015792200658[&state=6]):3.782821247332351[&state=6]):1.2272254345893918[&state=6],(nd7:1.2736950249293753[&state=6],(((nd45:0.38547705738530647[&state=6],nd46:0.38547705738530647[&state=6]):1.1910041353326632[&state=6],(nd35:1.0057637074362513[&state=6],nd36:1.0057637074362513[&state=6]):0.5707174852817187[&state=6]):0.5228084566721375[&state=6],nd22:2.099289649390107[&state=6]):3.439876828874091[&state=6]):0.699353974906198[&state=6]):0.005445772680627622[&state=6],nd4:0.05205251470598607[&state=6]):1.3431488355589765[&state=6]):0.03768493858999913[&state=6]):0.0[&state=23];
