sample	replicate	trs
1	1	((nd1:8.572304877169739,(nd3:1.0240795663150601,((((nd35:0.09897924492417397,nd36:0.6667946099495761)nd29:0.08362750979732798,(nd39:0.4551789125876753,((nd47:0.20524061081107195,nd48:0.20524061081107195)nd41:0.22724309676801208,nd42:0.43248370757908394)nd40:0.022695205008591155)nd30:0.2952432071592284)nd11:0.8505121452607834,(((nd43:0.34289124035487784,nd44:0.34289124035487784)nd37:0.1357308876711086,nd38:0.4786221280259866)nd15:0.9083342103457568,(nd19:0.6573031309998546,(nd57:0.038249143447643956,nd58:0.038249143447643956)nd20:1.2643467462714912)nd16:0.08436044865260814)nd12:0.2139779266359435)nd5:0.08660652643408466,(((nd13:1.4099365291495867,((nd25:0.10292749770600296,(nd53:0.10758352752872782,nd54:0.10758352752872782)nd26:0.8181188401941074)nd17:0.4603323422934552,(nd21:1.2059926931617722,(nd27:0.7515036783041964,((nd51:0.1726023123050667,nd52:0.1726023123050667)nd31:0.5246272348993934,(nd33:0.6745387372620251,(nd49:0.18461298206581692,nd50:0.18461298206581692)nd34:0.48992575519620807)nd32:0.022690809942435365)nd28:0.054274131099735966)nd22:0.4544890148575764)nd18:0.18004201685451793)nd14:0.0239018191332959)nd9:0.20964447794829572,((nd45:0.26122136752439845,nd46:0.26122136752439845)nd23:0.9359882958564031,nd24:0.048127651824655865)nd10:0.4223713437170806)nd7:0.0431217074273411,(nd55:0.04535099410707452,nd56:0.04535099410707452)nd8:1.6173517204181498)nd6:0.02483807691654813)nd4:14.200782380258191)nd2:3.1559479362656853)root:5.783528892034335)origin:0.0;
