sample	replicate	trs
1	1	(nd73:15.652880573253672,(((nd93:1.4789763979931105,nd91:1.4789763979931108)nd66:1.3407795864718068,(((nd116:0.16410421271009487,nd117:0.16410421271009487)nd112:0.4359375405839423,(nd114:0.278967390842794,nd115:0.278967390842794)nd113:0.3210743624512432)nd94:0.5828329240850739,((nd108:0.8328305785586,nd111:0.8328305785586)nd106:0.014523915215005588,nd107:0.8473544937736056)nd99:0.3355201836055056)nd79:1.6368813070858064)nd55:6.886462613866015,(((nd86:1.5309191481545077,nd87:1.5309191481545077)nd60:2.3230509214241257,nd103:3.8539700695786343)nd52:5.837002113906185,((nd64:3.3087146143794706,((nd120:0.00037510753525990537,nd121:0.00037510753525990537)nd68:2.8042128873570573,((nd96:1.1390325840975215,nd97:1.1390325840975215)nd88:0.3756698457080132,nd89:1.514702429805535)nd76:1.2898855650867835)nd65:0.504126619487153)nd62:0.007935250140554295,((nd118:0.07812336014516029,nd119:0.07812336014516029)nd100:0.9185746863821013,(nd104:0.8822767399466779,nd105:0.8822767399466779)nd101:0.11442130658058369)nd84:2.319951817992764)nd43:6.374322318964793)nd39:0.015246414846114992)nd35:5.9466619749227405)nd3:0.0;
