sample	replicate	trs
1	1	((((((nd42:0.09385107249156[&state=5],nd43:0.09385107249156[&state=5])nd34:0.370207166910577[&state=5],nd35:0.464058239402137[&state=5])nd26:0.5670941834977002[&state=5],((nd36:0.4053601759582688[&state=5],nd37:0.4053601759582688[&state=5])nd30:0.5734043223365831[&state=5],(nd38:0.2530302014608398[&state=5],nd39:0.2530302014608398[&state=5])nd29:0.7257342968340121[&state=5])nd27:0.05238792460498529[&state=5])nd16:2.294602615101232[&state=5],nd21:3.3257550380010685[&state=5])nd12:0.4650757138608455[&state=5],((nd32:0.7249537423227679[&state=5],(nd40:0.22797822840668644[&state=5],nd41:0.22797822840668644[&state=5])nd33:0.49697551391608147[&state=5])nd22:1.4384840412828812[&state=5],nd23:2.163437783605649[&state=5])nd13:1.6273929682562651[&state=5])nd4:3.5929390723664785[&state=5],((nd24:1.4581176773815376[&state=5],nd25:1.4581176773815376[&state=5])nd18:0.9917920656921981[&state=5],nd19:2.4499097430737358[&state=5])nd8:4.933860081154657[&state=5])root:0.0[&state=5];
