sample	replicate	trs
1	1	(nd3:4.5541714616596005[&state=7],((((nd23:0.8708279977635929[&state=2],nd24:0.8708279977635929[&state=63])nd11:1.3504545618473949[&state=78],(((nd33:0.13726032261263213[&state=9],nd34:0.13726032261263213[&state=50])nd27:0.5446846115799826[&state=24],nd28:0.6819449341926145[&state=28])nd21:0.19189807951196663[&state=9],(nd25:0.7900688655212417[&state=78],nd26:0.7900688655212417[&state=7])nd22:0.08377414818333939[&state=80])nd12:1.3474395459064068[&state=48])nd9:0.24821451777323497[&state=1],(((nd29:0.3694511220412592[&state=23],nd30:0.3694511220412592[&state=48])nd17:1.0458048561143471[&state=48],(nd19:0.9232294805603305[&state=7],(nd31:0.19528600228180637[&state=0],nd32:0.19528600228180637[&state=78])nd20:0.7279434782785243[&state=48])nd18:0.49202649759527617[&state=7])nd13:0.772661454471198[&state=7],nd15:2.1879174326268047[&state=28])nd10:0.28157964475741826[&state=7])nd5:1.5979253338524364[&state=7],(nd35:0.12415052286470324[&state=2],nd36:0.12415052286470324[&state=24])nd8:3.9432718883719557[&state=24])nd4:0.48674905042294303[&state=0])nd1:0.0[&state=7];
