sample	replicate	trs
1	1	(((nd31:6.772240233329539[&state=6],(nd49:0.3157664722701726[&state=6],nd50:0.3157664722701726[&state=6])nd32:6.4564737610593665[&state=6])nd5:12.398071921781124[&state=6],(((nd29:7.986530252882513[&state=6],((nd45:0.9573918653476384[&state=6],(nd47:0.8418809512582258[&state=6],nd48:0.8418809512582258[&state=6])nd46:0.11551091408941258[&state=6])nd35:4.024891694635101[&state=6],nd36:4.982283559982739[&state=2])nd30:3.004246692899774[&state=24])nd18:3.7767447886297125[&state=6],(nd33:5.720886448320158[&state=6],nd34:5.720886448320158[&state=6])nd26:6.042388593192067[&state=6])nd7:2.6788441148667195[&state=6],(nd41:2.2835373317541476[&state=3],nd42:2.2835373317541476[&state=6])nd24:12.158581824624795[&state=25])nd6:4.728192998731718[&state=6])nd3:2.0020285368168294[&state=6],((nd27:8.407238972408908[&state=6],nd38:8.407238972408908[&state=6])nd9:4.3458497004672285[&state=6],(nd39:4.062518404653044[&state=6],(nd43:2.0589150794463733[&state=6],nd44:2.0589150794463733[&state=6])nd40:2.0036033252066714[&state=6])nd10:8.690570268223091[&state=6])nd4:8.419252019051356[&state=6])nd1:0.0[&state=6];
