sample	replicate	trs
1	1	(((nd7:1.7585538998933048[&state=1],(((nd27:0.2839310256114122[&state=6],nd28:0.2839310256114122[&state=1])nd19:0.17816019527962562[&state=23],nd20:0.4620912208910379[&state=1])nd13:0.3769600922259102[&state=23],nd14:0.8390513131169481[&state=1])nd12:0.919502586776357[&state=23])nd3:2.288802189679555[&state=22],(((nd15:0.779266045603628[&state=8],nd16:0.779266045603628[&state=6])nd9:0.7150885251735836[&state=22],(nd25:0.35553707969914156[&state=2],nd26:0.35553707969914156[&state=1])nd10:1.13881749107807[&state=9])nd5:1.848746018064449[&state=23],(nd17:0.5511828686149167[&state=6],nd18:0.5511828686149167[&state=6])nd6:2.7919177202267424[&state=23])nd4:0.7042555007311996[&state=23])nd1:0.5982716345548154[&state=22],(nd21:0.41373189863873955[&state=6],((nd29:0.05585430580395738[&state=9],nd30:0.05585430580395738[&state=6])nd23:0.33959419183335926[&state=50],nd24:0.39544849763731665[&state=0])nd22:0.01828340100142289[&state=78])nd2:4.231895825488935[&state=78])root:0.0[&state=22];
