sample	replicate	trs
1	1	((nd7:9.658523535005306[&state=66],((nd33:0.20185514416442382[&state=0],nd34:0.20185514416442382[&state=116])nd13:5.4337086908218[&state=126],((nd29:0.26968404881111935[&state=119],nd30:0.26968404881111935[&state=102])nd27:0.3431708302820531[&state=98],nd28:0.6128548790931724[&state=119])nd14:5.022708955893053[&state=126])nd11:4.022959700019089[&state=2])nd1:5.243085924034104[&state=7],(((nd31:0.26902948600217474[&state=103],nd32:0.26902948600217474[&state=101])nd15:8.207231148433625[&state=117],(nd19:3.5766302038703084[&state=65],(nd21:1.7506027345991133[&state=119],(nd23:0.8153182412562449[&state=6],(nd25:0.7629886423387924[&state=101],nd26:0.7629886423387924[&state=103])nd24:0.05232959891745256[&state=119])nd22:0.9352844933428689[&state=125])nd20:1.8260274692711917[&state=104])nd10:4.899630430565485[&state=63])nd3:1.7580723408230639[&state=23],(nd17:4.939480737707617[&state=119],nd18:4.939480737707617[&state=69])nd6:5.294852237551238[&state=28])nd2:4.667276483780556[&state=7])root:0.0[&state=7];
