sample	replicate	trs
1	1	((((nd8:0.21217625945623336[&state=0],nd9:0.04408091115457738[&state=0]):0.17969292653916005[&state=0],(((((nd50:0.034779648789031184[&state=0],nd51:0.034779648789031184[&state=0]):0.6215152470632486[&state=0],(nd46:0.12982943547392117[&state=0],nd47:0.12982943547392117[&state=0]):0.5264654603783586[&state=0]):0.7638700195317505[&state=0],nd27:1.4201649153840306[&state=0]):0.379882282836128[&state=0],((nd32:0.23252905272911992[&state=0],(nd36:0.5065204821376622[&state=0],nd37:0.5065204821376622[&state=0]):0.1297555487363482[&state=0]):1.1349032729350796[&state=0],((nd48:0.06245443017470581[&state=0],(nd54:0.02117660114123406[&state=0],nd55:0.02117660114123406[&state=0]):0.041277829033471755[&state=0]):0.19451424459143463[&state=0],nd43:0.25696867476614044[&state=0]):1.5142106290429496[&state=0]):0.02886789441106837[&state=0]):0.50479057285333[&state=0],(nd38:0.4088152753123551[&state=0],nd39:0.12575347710225632[&state=0]):1.8960224957611331[&state=0]):2.8939254246421724[&state=0]):0.2959593416967542[&state=0],((nd10:0.05207909699817156[&state=0],(((nd34:0.5775534498373124[&state=0],nd35:0.5775534498373124[&state=0]):1.0289848778041417[&state=0],((nd52:0.025541828592041866[&state=0],nd53:0.025541828592041866[&state=0]):1.4102077615218833[&state=0],nd25:0.47816380153307425[&state=0]):0.17078873752752904[&state=0]):1.7404834795333344[&state=0],nd13:0.9355175098261944[&state=0]):1.3333341662325215[&state=0]):0.5614103346009058[&state=0],((nd44:0.18160046078291603[&state=0],nd45:0.18160046078291603[&state=0]):2.3442139652717753[&state=0],((nd40:0.2725777593650872[&state=0],nd41:0.2725777593650872[&state=0]):0.70746902530584[&state=0],nd29:0.9800467846709272[&state=0]):1.5457676413837644[&state=0]):2.715951881953524[&state=0]):0.25295622940419793[&state=0]):1.8668174625875866[&state=0]):0.0[&state=16];
