sample	replicate	trs
1	1	((((nd7:0.8733321471661214,((((nd21:0.16738102205955083,nd22:0.16738102205955083)nd19:0.002091230526769005,nd20:0.16947225258631982)nd11:0.10421355389898097,(nd13:0.2281992173169049,(((nd27:0.07813752274904193,nd28:0.07813752274904193)nd25:0.006396091867638945,nd26:0.08453361461668087)nd17:0.10922451660869639,nd18:0.19375813122537727)nd14:0.03444108609152763)nd12:0.04548658916839591)nd9:0.06120873579046253,nd10:0.3348945422757633)nd8:0.5384376048903582)nd5:0.11142559887630521,nd6:0.9847577460424265)nd3:0.05288043285897573,nd4:1.0376381789014022)nd1:0.3317282246068208,((nd23:0.1333994105203761,nd24:0.1333994105203761)nd15:0.07510266300532634,nd16:0.20850207352570244)nd2:1.1608643299825208)root:0.0;
