sample	replicate	trs
1	1	(((((nd51:0.30432954667362777[&state=0],(nd53:0.27508770804887883[&state=0],(nd69:0.051132673717010316[&state=48],nd70:0.051132673717010316[&state=6])nd54:0.22395503433186859[&state=22])nd52:0.029241838624748905[&state=0])nd35:0.23331142956448855[&state=0],nd55:0.5376409762381162[&state=0])nd31:0.034618648711217836[&state=0],((nd67:0.05445892804831649[&state=0],nd68:0.05445892804831649[&state=0])nd43:0.44635186974216645[&state=0],nd40:0.5008107977904829[&state=1])nd32:0.07144882715885127[&state=7])nd7:1.2922622637770538[&state=7],((nd21:1.0263527463132476[&state=48],((((nd65:0.07101310120887916[&state=6],(nd71:0.027011256426016303[&state=6],nd72:0.027011256426016303[&state=6])nd66:0.04400184478286285[&state=6])nd49:0.3178341877938141[&state=6],nd50:0.38884728900269316[&state=22])nd45:0.06150601719451314[&state=6],nd46:0.45035330619720637[&state=6])nd29:0.291921094220509[&state=6],(nd61:0.1882780717371963[&state=1],nd60:0.1882780717371963[&state=7])nd42:0.5539963286805192[&state=1])nd22:0.2840783458955324[&state=7])nd13:0.2106378151316343[&state=0],(nd19:1.0326472699868736[&state=0],(nd47:0.41015562432126096[&state=7],nd48:0.41015562432126096[&state=22])nd20:0.6224916456656127[&state=48])nd18:0.20434329145800822[&state=0])nd8:0.6275313272815057[&state=0])nd3:0.6449872361681096[&state=48],((nd37:0.5027344830914151[&state=22],((nd63:0.07650974195241865[&state=7],nd64:0.07650974195241865[&state=0])nd57:0.12299665671880011[&state=7],nd58:0.19950639867121875[&state=0])nd38:0.30322808442019644[&state=7])nd9:0.9362898678108648[&state=7],nd24:1.4390243509022798[&state=6])nd5:1.0704847739922176[&state=6])root:0.0[&state=6];
