sample	replicate	trs
1	1	((nd28:8.679923219940266,((((nd99:0.5715690031087047,nd100:0.5715690031087047)nd86:2.8600164717478007,((nd84:3.0281444889517886,nd62:3.028144488951789)nd53:0.3856631738751029,nd92:3.4138076628268914)nd52:0.017777812029614027)nd45:0.8104010874414571,nd46:4.2419865622979644)nd35:0.5989303345839179,nd36:4.840916896881882)nd10:3.839006323058385)nd1:2.1553659921742137,(((nd93:0.8463539463978774,nd94:0.8463539463978774)nd89:3.761914975185129,nd40:4.608268921583009)nd3:5.5054663854667805,(((nd79:1.9487488015716452,((nd101:0.12012357636553714,nd102:0.12012357636553714)nd87:0.9810852438116424,nd88:1.1012088201771795)nd80:0.8475399813944657)nd33:4.970821406818712,((nd103:0.07291150860852669,nd104:0.07291150860852669)nd71:3.0936065241872273,nd58:3.1665180327957554)nd50:3.753052175594602)nd20:2.851012073966718,((nd67:2.6844540533843415,(nd77:2.08196556308607,nd78:2.08196556308607)nd74:0.602488490298271)nd60:5.918871973318959,(((nd95:0.8246888810684506,(nd97:0.7509979115082656,nd98:0.7509979115082656)nd96:0.07369096956018509)nd63:2.1718221433682263,nd64:2.9965110244366775)nd47:1.0479000266777883,nd48:4.044411051114466)nd29:4.558914975588835)nd8:1.167256255653775)nd6:0.34315302469271064)nd2:0.7215539050646932)root:0.0;
