sample	replicate	trs
1	1	((nd6:6.165718607457514[&state=7],(nd24:1.4971652740791976[&state=10],nd25:1.4971652740791976[&state=0])nd13:4.668553333378315[&state=22])nd2:2.418769085550362[&state=0],(((nd28:1.0651086727546057[&state=16],(nd32:0.44651868611736684[&state=1],nd33:0.44651868611736684[&state=5])nd29:0.6185899866372389[&state=17])nd22:0.7034068958604311[&state=5],nd23:1.768515568615037[&state=5])nd4:4.404093412479144[&state=5],((((nd30:0.973347277835134[&state=0],nd31:0.973347277835134[&state=5])nd26:0.4070838636180715[&state=16],nd27:1.3804311414532053[&state=5])nd18:1.5049656185898332[&state=5],(nd20:2.2938838103219874[&state=5],nd21:2.2938838103219874[&state=5])nd19:0.5915129497210508[&state=5])nd15:3.194434725992504[&state=5],(nd10:5.836115534432122[&state=5],((nd34:0.135664103037596[&state=5],nd35:0.135664103037596[&state=5])nd16:3.8403893989665354[&state=5],nd17:3.9760535020041314[&state=5])nd11:1.8600620324279884[&state=5])nd9:0.2437159516034224[&state=5])nd5:0.0927774950586384[&state=16])nd3:2.4118787119136935[&state=16])root:0.0[&state=16];
