sample	replicate	trs
1	1	(((nd12:1.548096863964937[&state=0],nd13:1.548096863964937[&state=8]):1.8755773301916803[&state=6],(((nd18:0.6804858988307511[&state=0],nd19:0.5570216077183124[&state=0]):1.0523059882899197[&state=0],(nd28:0.19644094987805277[&state=5],nd29:0.19644094987805277[&state=5]):1.5363509372426183[&state=5]):1.251276222085276[&state=16],((((nd16:0.6868279116316716[&state=31],((nd26:0.2669961886867032[&state=6],nd27:0.2669961886867032[&state=0]):0.22311914342682934[&state=6],nd21:0.4901153321135326[&state=33]):0.19671257951813897[&state=6]):0.34069100767327265[&state=6],(((nd32:0.12728067134508397[&state=0],nd33:0.12728067134508397[&state=0]):0.058268789646520804[&state=0],(nd34:0.08938670698113577[&state=0],nd35:0.08938670698113577[&state=0]):0.09616275401046902[&state=0]):0.12490655359168784[&state=0],nd25:0.31045601458329264[&state=6]):0.7170629047216515[&state=0]):0.7567500261223156[&state=6],(nd22:0.4337794172754897[&state=0],nd23:0.4337794172754897[&state=46]):1.3504895281517706[&state=46]):0.07937189977826058[&state=0],nd7:1.8636408452055206[&state=2]):1.1204272640004265[&state=31]):0.43960608495067044[&state=5]):0.17683580584338363[&state=16]):0.0[&state=16];
