sample	replicate	trs
1	1	((((nd42:1.6886919582725182[&state=87],nd40:1.6886919582725177[&state=87])nd21:2.6835941621510515[&state=22],((nd35:2.9067461748034233[&state=120],(nd49:0.9485795800507576[&state=108],nd50:0.9485795800507576[&state=34])nd36:1.9581665947526659[&state=120])nd29:0.8707056833989504[&state=28],nd30:3.7774518582023724[&state=52])nd22:0.5948342622211957[&state=7])nd16:3.0886165040016365[&state=48],((nd43:1.2327805207624125[&state=108],nd44:1.2327805207624125[&state=107])nd19:3.6948896628517764[&state=6],((nd31:3.050288040867875[&state=107],nd33:3.0502880408678745[&state=86])nd27:0.8731128362474979[&state=24],(nd37:1.784392698823876[&state=87],nd38:1.784392698823876[&state=108])nd28:2.1390081782914963[&state=6])nd26:1.004269306498816[&state=6])nd12:2.533232440811017[&state=23])nd7:2.14466576952192[&state=22],((nd47:1.218455127184512[&state=120],nd48:1.218455127184512[&state=67])nd45:0.00253752431349857[&state=3],nd46:1.2209926514980105[&state=87])nd13:8.384575742449123[&state=25])nd6:0.0[&state=22];
