sample	replicate	trs
1	1	((((nd29:0.1037155021586402[&state=23],nd30:0.1037155021586402[&state=30])nd7:4.819225132947595[&state=120],(nd11:2.9041089222277026[&state=98],(nd17:2.000855038853334[&state=78],nd18:2.000855038853334[&state=105])nd16:0.9032538833743702[&state=28])nd8:2.0188317128785322[&state=28])nd5:0.8273754625944478[&state=48],(((nd25:0.9275343647337965[&state=25],nd26:0.9275343647337965[&state=104])nd19:0.8554058302360484[&state=53],nd20:1.782940194969846[&state=104])nd9:1.4936815504980867[&state=79],nd10:3.276621745467931[&state=120])nd4:2.4736943522327515[&state=7])nd1:4.8830403868242325[&state=7],((nd23:1.0530878134310597[&state=87],nd24:1.0530878134310597[&state=48])nd13:1.6043949775666055[&state=6],((nd31:0.002100578126285193[&state=6],nd32:0.002100578126285193[&state=52])nd21:1.1575708078616167[&state=52],(nd27:0.7158931509868683[&state=24],nd28:0.7158931509868683[&state=120])nd22:0.443778235001033[&state=54])nd14:1.4978114050097633[&state=78])nd2:7.975873693527252[&state=48])root:0.0[&state=22];
