sample	replicate	trs
1	1	((((((((nd36:0.22631718395959158[&state=5],nd37:0.3973689723561208[&state=5]):1.339127738068494[&state=5],(nd34:1.1113376623197904[&state=5],nd35:1.1113376623197904[&state=5]):0.9960495596906513[&state=5]):2.43898722575257[&state=5],nd21:4.546374447763012[&state=5]):2.3124599404384445[&state=5],nd15:2.2087911189744274[&state=5]):0.3642325294833255[&state=5],nd11:6.684448132059387[&state=5]):1.5264973673303248[&state=5],(((nd42:0.0479944423562617[&state=5],nd43:0.0479944423562617[&state=5]):5.448492025998613[&state=5],(((nd44:0.023768413694950363[&state=5],nd45:0.023768413694950363[&state=5]):2.4536907214976513[&state=5],((nd38:0.5633992579176301[&state=5],nd39:0.5633992579176301[&state=5]):1.3695643894925051[&state=5],nd33:1.9329636474101353[&state=5]):0.5444954877824668[&state=5]):0.6681651218926337[&state=5],(nd24:2.978042916081984[&state=5],nd25:2.978042916081984[&state=5]):0.1675813410032512[&state=5]):2.35086221126964[&state=5]):2.1081893989160454[&state=5],(((nd40:0.35796409855359274[&state=5],nd41:0.35796409855359274[&state=5]):4.792287724880196[&state=5],nd19:5.150251823433789[&state=5]):1.923165811768866[&state=5],(nd28:1.3627591469977125[&state=5],nd29:2.447092461110055[&state=5]):4.6263251740926[&state=5]):0.5312582320682651[&state=5]):1.1448884177441856[&state=5]):0.8602978638813176[&state=5],(nd6:8.069927491001371[&state=5],nd7:1.4423666123290586[&state=5]):1.5399346578950532[&state=5]):6.646237851103577[&state=5]):0.0[&state=16];
