sample	replicate	trs
1	1	(((nd5:0.2068113269820509[&state=2],(((nd33:0.04092803024522072[&state=11],nd34:0.04092803024522072[&state=81]):0.7840413622555373[&state=81],nd20:0.8249693925007585[&state=81]):0.2637666313795507[&state=104],nd14:1.0887360238803094[&state=81]):1.310543400512219[&state=63]):2.5052725336765502[&state=8],((((nd27:0.31732601788120435[&state=78],nd28:0.31732601788120435[&state=53]):0.9854990551541783[&state=104],(nd11:1.1717459037491031[&state=9],(((nd23:0.5396278187301241[&state=7],nd24:0.5396278187301241[&state=104]):0.2700151423650326[&state=7],nd22:0.8096429610951564[&state=53]):0.2580203023657127[&state=104],((nd35:0.015423306528223605[&state=0],nd36:0.015423306528223605[&state=104]):0.26360408492545284[&state=104],nd30:0.27902739145367655[&state=48]):0.7886358720071923[&state=104]):0.10408264028823333[&state=7]):0.13107916928628036[&state=7]):0.6008763464257202[&state=29],(nd25:0.4500325002309987[&state=104],nd26:0.4500325002309987[&state=104]):1.4536689192301049[&state=104]):1.0716609909105232[&state=28],(nd17:0.8337953325410953[&state=104],(nd31:0.2234663361736584[&state=104],nd32:0.2234663361736584[&state=53]):0.6103289963674363[&state=104]):2.1415670778305333[&state=104]):1.929189547697452[&state=8]):4.240768041930928[&state=7]):0.0[&state=22];
