sample	replicate	trs
1	1	(((nd3:2.273784393298866,nd4:2.9168860635215523)nd1:0.24287419567307372,(((nd17:0.382712009551529,(nd53:0.8170980711965335,nd54:0.8170980711965335)nd18:4.299250855757125)nd7:2.469420496656982,(((nd49:1.4001348802971023,nd50:1.4001348802971023)nd21:3.2845581740559657,(nd37:2.727896754001855,nd38:0.4889177848432107)nd22:1.9567963003512128)nd9:2.1505746405263064,(nd11:0.5596833807476846,(nd15:0.8837322975871106,(((nd51:0.9111350486631096,nd52:0.9111350486631096)nd29:2.6023888908375374,((nd55:0.7128930213268466,(nd63:0.20414405513391864,nd64:0.20414405513391864)nd56:0.508748966192928)nd41:1.8689950184333122,nd42:2.5818880397601585)nd30:0.9316358997404885)nd27:0.14292224254216587,(nd47:1.7144673880923667,(nd59:0.29922521413441905,nd60:0.29922521413441905)nd48:1.4152421739579475)nd28:1.9419787939504467)nd16:2.132480042105106)nd12:0.9919362478420323)nd10:0.05440522288942345)nd8:0.7505017287312655)nd5:6.902357402189157,((((((nd57:0.3680420105373522,nd58:0.3680420105373522)nd39:2.259000802440484,nd40:2.627042812977836)nd33:0.4025393833263051,nd34:3.029582196304141)nd23:1.3196273378809464,(nd31:3.2883864190478613,(nd43:0.6059369013215075,(nd45:0.1270278821706692,nd46:1.843842072246413)nd44:0.37924675972076644)nd32:1.0652975870806822)nd24:1.060823115137226)nd19:0.5577789973775507,nd20:1.2351572135063495)nd13:1.171427677893556,(nd25:4.202740274255818,(nd35:2.998628577523097,(nd61:0.28900066840245303,nd62:0.28900066840245303)nd36:2.709627909120644)nd26:1.204111696732722)nd14:1.875675935200375)nd6:8.409710616343602)nd2:5.074408874297513)root:0.018964299902678675)origin:0.0;
