sample	replicate	trs
1	1	((((nd10:7.125651458712716,nd11:7.125651458712716)nd6:0.5817854147122585,nd13:7.707436873424973)nd4:1.5181861576543678,(nd28:1.1861609624120386,nd29:1.1861609624120386)nd14:8.039462068667303)nd2:0.6102464470683069,((nd22:2.013519537187889,((nd32:0.805072928018182,(nd40:0.1766202110631111,nd41:0.1766202110631111)nd33:0.6284527169550709)nd26:0.5037754685483511,(nd30:1.1827184134569957,nd31:1.1827184134569957)nd27:0.12612998310953755)nd23:0.7046711406213557)nd20:0.4898637069282678,(nd24:1.5923782868527487,(nd34:0.5896240731607505,((nd38:0.18925354394070618,nd39:0.18925354394070618)nd36:0.33200482385907365,nd37:0.5212583677997799)nd35:0.0683657053609706)nd25:1.0027542136919982)nd21:0.911004957263408)nd8:7.332486234031492)root:0.0;
