sample	replicate	trs
1	1	((((nd131:0.16880203095186[&state=6],nd132:0.16880203095186[&state=6])nd116:3.388125706171582[&state=6],(nd129:0.1971705153433174[&state=6],nd130:0.1971705153433174[&state=6])nd105:3.3597572217801246[&state=6])nd91:0.034804450306200926[&state=6],nd92:3.591732187429643[&state=6])nd87:3.582265172948232[&state=6],(((nd127:1.0022014853210703[&state=6],(nd137:0.017230675115221354[&state=6],nd138:0.017230675115221354[&state=6])nd120:0.984970810205849[&state=6])nd109:5.301051725723933[&state=6],(nd108:4.621479528082985[&state=6],((nd121:0.9991268665611035[&state=6],nd122:0.9991268665611035[&state=6])nd117:0.20875429057040537[&state=6],nd118:1.207881157131509[&state=6])nd103:3.413598370951476[&state=6])nd66:1.6817736829620176[&state=6])nd63:0.12412712170743775[&state=6],(nd125:0.6561184901371349[&state=6],((nd135:0.020624630861567083[&state=6],nd136:0.020624630861567083[&state=6])nd133:0.1254946579649922[&state=6],nd134:0.1461192888265593[&state=6])nd126:0.5099992013105755[&state=6])nd64:5.7712618426153055[&state=6])nd54:0.7466170276254348[&state=6])nd44:0.0[&state=6];
