sample	replicate	trs
1	1	(((((nd55:3.029394064757388[&state=0],nd56:3.029394064757388[&state=0])nd51:0.3483601211560586[&state=0],nd52:3.3777541859134463[&state=0])nd25:6.739681088901979[&state=0],((nd57:2.431448449229441[&state=0],nd58:2.431448449229441[&state=0])nd33:4.979648474617798[&state=0],(nd41:6.8019963277901425[&state=0],nd42:6.8019963277901425[&state=7])nd34:0.6091005960570951[&state=0])nd26:2.7063383509681884[&state=0])nd3:12.547763298067562[&state=0],(((nd37:6.938641675987753[&state=0],((nd63:1.1828887309598093[&state=0],(nd65:0.049984558000927576[&state=0],nd66:0.049984558000927576[&state=0])nd64:1.1329041729588818[&state=0])nd47:3.3628595599883555[&state=0],nd48:4.545748290948165[&state=0])nd38:2.392893385039588[&state=0])nd31:0.5570898912472508[&state=0],(nd45:4.913633156377866[&state=0],nd46:4.913633156377866[&state=0])nd32:2.5820984108571374[&state=0])nd19:4.9032858690985766[&state=0],((nd39:6.9077677502749175[&state=0],nd40:6.9077677502749175[&state=0])nd27:3.1309173848053766[&state=0],((nd43:4.929237470252977[&state=1],nd44:4.929237470252977[&state=1])nd35:2.2724451499230787[&state=7],(nd54:3.9701342775294175[&state=0],nd50:3.970134277529417[&state=0])nd36:3.2315483426466383[&state=0])nd28:2.8370025149042375[&state=7])nd18:2.3603323012532877[&state=0])nd4:10.266181136549406[&state=0])nd1:1.0849468244324771[&state=0],((nd59:1.9497737510715472[&state=0],nd60:1.9497737510715472[&state=0])nd5:19.941223350573622[&state=0],((nd61:1.5882000172633712[&state=6],nd62:1.5882000172633712[&state=6])nd16:20.300367604724332[&state=6],nd29:21.888567621987704[&state=6])nd6:0.002429479657470855[&state=22])nd2:1.8591482956702918[&state=22])root:0.0[&state=22];
