sample	replicate	trs
1	1	(((nd3:0.12986367522914408,((nd9:0.7956584609181971,nd10:4.810246629689341)nd5:1.450354658286676,((((nd17:3.106541586426374,nd18:2.6404325696893975)nd15:0.5445976997122834,(((nd41:0.17067632006541544,nd42:1.3241389920010356)nd39:0.36455296627148254,nd40:1.6886919582725177)nd21:2.6835941621510515,((nd35:2.9067461748034233,(nd49:0.9485795800507576,nd50:0.9485795800507576)nd36:1.9581665947526659)nd29:0.8707056833989504,nd30:3.7774518582023724)nd22:0.5948342622211957)nd16:1.2766617217267404)nd11:1.811954782274896,((nd43:1.2327805207624125,nd44:1.2327805207624125)nd19:3.6948896628517764,(nd23:0.04220186611176052,(nd25:0.86893323499442,((nd31:3.050288040867875,(nd33:2.9096301785099445,nd34:1.2995372952212627)nd32:0.14065786235793004)nd27:0.8731128362474979,(nd37:1.784392698823876,nd38:1.784392698823876)nd28:2.1390081782914963)nd26:0.17301249191924858)nd24:0.19982379607921302)nd20:0.6314330185003545)nd12:2.533232440811017)nd7:2.14466576952192,(((nd47:1.218455127184512,nd48:1.218455127184512)nd45:0.00253752431349857,nd46:1.2209926514980105)nd13:5.7456924845064785,nd14:0.6204115898131473)nd8:2.638883257942643)nd6:0.44327934032501637)nd4:4.455157731108196)nd1:3.0106941526806494,nd2:2.288406011900088)root:0.14670038193902898)origin:0.0;
