sample	replicate	trs
1	1	((((((nd18:1.5722563165383203[&state=3],(nd20:1.3186016890249845[&state=3],(nd24:1.2427996866173332[&state=11],nd25:1.2427996866173332[&state=3]):0.07580200240765116[&state=3]):0.25365462751333584[&state=3]):0.1409220340510154[&state=3],(nd16:1.6031552947041674[&state=3],nd17:1.6031552947041674[&state=17]):0.11002305588516832[&state=19]):2.464111054985213[&state=19],nd9:4.177289405574549[&state=5]):5.797844011327182[&state=5],(((nd14:1.6055851359394995[&state=5],nd15:1.6055851359394995[&state=5]):0.2684593521945189[&state=5],(((nd30:0.6402191939077548[&state=5],nd31:0.6402191939077548[&state=5]):0.20830330476844483[&state=5],(nd32:0.5719930010870982[&state=0],nd33:0.5719930010870982[&state=3]):0.27652949758910145[&state=9]):0.4013741976301531[&state=34],nd23:1.2498966963063527[&state=0]):0.6241477918276656[&state=16]):5.500410339139049[&state=16],nd7:7.374454827273066[&state=0]):2.600678589628664[&state=16]):1.6750359291908186[&state=16],(nd26:0.9938800516554775[&state=0],nd27:0.9938800516554775[&state=0]):10.656289294437071[&state=0]):2.4966306539074536[&state=16]):0.0[&state=16];
