sample	replicate	trs
1	1	((((nd27:4.1739285326689375,(nd35:2.9082027866322906,(nd47:0.28502735034680543,nd48:0.28502735034680543)nd36:2.623175436285485)nd28:1.2657257460366473)nd8:8.518774180799896,(((nd43:0.8422396933352094,nd44:0.8422396933352094)nd15:5.180249134229516,(nd34:4.13814688937297,(nd37:2.7842105154203467,(nd45:0.7153690475678844,nd46:0.7153690475678844)nd38:2.068841467852462)nd30:1.3539363739526238)nd16:1.884341938191756)nd11:1.8903992653849178,nd12:7.912888092949643)nd6:4.779814620519189)nd3:0.5162203558804126,nd4:13.208923069349247)nd1:0.5184614105432443,((nd21:4.560601866651107,nd22:4.560601866651107)nd13:1.9695992699345655,(nd32:5.744578934241726,(nd19:5.101096121907493,(((nd49:0.22420526954762757,nd50:0.22420526954762757)nd41:2.1424639461581574,nd42:2.366669215705785)nd39:0.014589126539971688,nd40:2.3812583422457565)nd25:2.719837779661738)nd18:0.6434828123342328)nd14:0.7856222023439461)nd10:7.1971833433068175)root:0.0;
