sample	replicate	trs
1	1	((((((((nd94:1.9911473662897385,nd95:2.2041608936292216)nd46:5.367051640163801,(nd50:7.418789710781785,(nd86:2.764900029211443,nd87:0.6912203632594578)nd51:4.653889681570344)nd47:0.15242282301123522)nd18:4.476655752290653,nd19:0.004656146250444942)nd12:3.2092603921181913,(nd14:13.339587067666857,((((nd92:2.424125188248126,nd93:2.424125188248126)nd58:3.9038774276859125,nd59:6.328002615934037)nd26:3.792821755247766,(nd80:3.7304833228647967,nd81:3.7304833228647967)nd27:6.390341048317006)nd20:0.2950807680924721,(((nd64:2.708023413749336,nd65:5.919323807201141)nd28:3.724544303656764,nd29:1.8167516910455328)nd24:0.6136357044473296,(nd32:8.78393997078223,((((nd56:6.549543092056464,((nd74:4.491403836169128,nd75:4.491403836169128)nd68:0.5362907145700134,nd69:5.027694550739141)nd57:1.521848541317324)nd54:0.4399914107765493,nd55:4.178107275153477)nd40:1.3547447073763783,nd41:7.881499546446288)nd36:0.30960051178437253,nd37:8.653879721993762)nd33:0.13006024878846767)nd25:1.4735638445230017)nd21:0.15840132396904066)nd15:2.923681928392576)nd13:1.917541610535015)nd8:1.721848507166523,((nd30:6.617567048834887,((nd72:4.577038091734256,nd73:0.2721741664545439)nd70:0.30569072797619096,(nd88:2.571035143983868,nd89:2.571035143983868)nd71:2.3116936757265787)nd31:4.677092084476132)nd16:2.918076319257912,((nd62:6.031892171473437,nd63:2.078691223625365)nd38:2.4262451310709308,nd39:4.560650300363375)nd17:4.019759920900121)nd9:4.501079961923899)nd4:3.9666200558321756,nd5:1.9765365807558881)nd2:0.1532531057594681,(((((nd60:6.294748357309005,(nd66:5.73868915279646,(nd90:0.7770591997830317,nd91:2.3731143440134193)nd67:3.1772201413326457)nd61:0.556059204512546)nd34:2.440515136866527,(nd42:1.9959545587307057,(nd76:4.460183103678943,nd77:4.460183103678943)nd43:3.3187079365268866)nd35:0.9563724539697032)nd22:1.5550368218031836,(nd44:7.650720078137193,nd45:0.49574612221270725)nd23:2.6395802378415216)nd10:5.079938103516501,nd11:0.4907923650393594)nd6:2.017657332549598,((nd52:5.94740501374183,(nd78:2.967367321718236,(nd82:3.5252053445915363,nd83:3.5252053445915363)nd79:0.4653965190272443)nd53:3.050109739509987)nd48:0.395801438904927,(nd84:2.7874721425645186,(nd96:0.9962278331525175,nd97:0.9962278331525175)nd85:1.7912443094120016)nd49:4.649040899469175)nd7:9.951382710011124)nd3:3.710954594915218)root:3.6880496530399896)origin:0.0;
