sample	replicate	trs
1	1	((((nd25:2.9564509259570078[&state=6],nd26:2.9564509259570078[&state=6])nd19:4.767281880964556[&state=6],(nd31:1.6108702323610582[&state=90],nd32:1.6108702323610582[&state=19])nd20:6.112862574560507[&state=28])nd11:9.594344763941729[&state=6],((((nd27:2.1624173605966295[&state=23],(nd33:0.9663060419632248[&state=6],nd34:0.9663060419632248[&state=10])nd28:1.1961113186334043[&state=23])nd23:3.0546501479777346[&state=6],(nd45:0.15604050912812373[&state=3],nd46:0.15604050912812373[&state=6])nd24:5.0610269994462405[&state=25])nd13:6.397790396366331[&state=6],(((nd47:0.06374932803723701[&state=1],nd48:0.06374932803723701[&state=6])nd17:7.734182049289141[&state=23],nd18:7.797931377326378[&state=6])nd15:0.4761458041304738[&state=6],(nd35:0.9190366485927703[&state=46],nd36:0.9190366485927703[&state=6])nd16:7.355040532864081[&state=56])nd14:3.340780723483846[&state=6])nd10:3.4919863973527363[&state=6],(nd41:0.40650879573571463[&state=1],(nd43:0.34302706197001176[&state=8],nd44:0.34302706197001176[&state=68])nd42:0.06348173376570296[&state=68])nd8:14.700335506557717[&state=68])nd6:2.211233268569862[&state=22])nd4:1.5012510066061844[&state=0],(nd21:6.324425236171865[&state=0],((nd39:0.6641343471023254[&state=6],nd40:0.6641343471023254[&state=9])nd29:1.169481019221002[&state=23],(nd37:0.7217287977950773[&state=6],nd38:0.7217287977950773[&state=0])nd30:1.1118865685282502[&state=22])nd22:4.490809869848536[&state=6])nd2:12.494903341297615[&state=22])root:0.0[&state=22];
