sample	replicate	trs
1	1	((nd39:0.4874616075352045,nd40:0.4874616075352045)nd16:10.2319539835078,(((nd27:1.5235873618203981,(nd33:0.9174818445958575,nd34:0.9174818445958575)nd28:0.6061055172245399)nd24:5.540767292774968,(((nd31:1.2635286372722043,(nd35:0.9006198404205553,(nd43:0.05870909592675928,nd44:0.05870909592675928)nd36:0.841910744493796)nd32:0.36290879685164884)nd29:0.23639404116919013,((nd41:0.059195037803237774,nd42:0.059195037803237774)nd37:0.5274730916940358,nd38:0.5866681294972736)nd30:0.9132545489441206)nd25:1.5457846868449583,(nd45:0.014731710337489441,nd46:0.014731710337489441)nd26:3.030975654948864)nd22:4.018647289309015)nd17:0.1860177203964104,nd19:7.2503723749917715)nd14:3.4690432160512295)nd1:0.0;
