sample	replicate	trs
1	1	((((nd17:4.514150503689782,(nd23:3.358172545035046,(nd29:2.291237147016238,nd30:2.291237147016238)nd24:1.0669353980188077)nd20:1.155977958654736)nd15:1.9622730344757684,(nd35:1.0004179626842122,nd36:1.0004179626842122)nd16:5.476005575481339)nd11:5.290933449006484,nd25:11.767356987172034)nd9:5.47916674302289,((((nd45:0.053706458803413584,nd46:0.053706458803413584)nd37:0.8462082430571752,nd38:0.8999147018605888)nd33:0.30115521366923936,(nd41:0.28852958337685286,nd42:0.28852958337685286)nd34:0.9125403321529753)nd21:2.4782500308354702,(nd31:1.841919018814091,((nd43:0.19403406180782864,nd44:0.19403406180782864)nd39:0.31639072458630346,nd40:0.510424786394132)nd32:1.3314942324199588)nd28:1.8374009275512082)nd14:13.567203783829626)nd1:0.0;
