sample	replicate	trs
1	1	(((nd30:2.4926597523205842,nd14:2.4926597523205847)nd3:0.6203362364932669,(nd37:0.37193652388693665,(nd39:0.13017089740064608,nd40:0.13017089740064608)nd38:0.24176562648629063)nd4:2.7410594649269133)nd1:0.30245776777041816,(nd21:2.6530011937864337,(((nd23:1.214016209847361,(nd34:0.9644674678136052,(nd43:0.041331992350778585,nd44:0.041331992350778585)nd28:0.9231354754628266)nd24:0.24954874203375518)nd15:0.3884293425287511,(nd31:1.566509748829736,(nd25:1.0679244175415494,nd26:1.0679244175415494)nd18:0.4985853312881865)nd16:0.035935803546375725)nd11:0.5727350574108221,(nd42:0.7295687764824627,nd36:0.7295687764824625)nd20:1.4456118333044714)nd8:0.47782058399949967)nd6:0.762452562797836)root:0.0;
