sample	replicate	trs
1	1	(((((nd34:0.5042214650408139,nd35:0.5042214650408139)nd28:0.7068003861143631,((nd32:0.6401280925846772,nd33:0.6401280925846772)nd30:0.11523740679516947,nd31:0.7553654993798466)nd29:0.45565635177533026)nd26:1.5987139513005038,nd19:2.80973580245568)nd10:5.409550973085359,((((nd16:3.513416879024463,(nd22:2.1267823717720344,nd23:2.1267823717720344)nd17:1.3866345072524344)nd14:1.1407309153608032,(nd24:2.053368584141631,nd25:2.053368584141631)nd15:2.600779210243641)nd13:1.872052737472543,nd9:6.526200531857812)nd6:0.7732944220708625,nd7:7.299494953928675)nd5:0.9197918216123637)nd2:3.874325022051825,(nd20:2.65053745962244,nd21:2.65053745962244)nd3:9.443074337970423)root:0.0;
