sample	replicate	trs
1	1	(((nd37:0.9383617811843923[&state=6],nd38:0.9383617811843923[&state=103])nd33:0.05143990191933717[&state=89],nd34:0.9898016831037293[&state=99])nd28:0.840992693368277[&state=114],(((nd41:0.5798126253383576[&state=74],(nd43:0.548480064791807[&state=36],nd44:0.548480064791807[&state=119])nd42:0.031332560546550745[&state=37])nd35:0.37042950912798034[&state=37],((nd47:0.4230685309361009[&state=67],nd48:0.4230685309361009[&state=67])nd45:0.0557403091190812[&state=20],nd46:0.47880884005518204[&state=47])nd36:0.4714332944111563[&state=79])nd29:0.4965937876125231[&state=115],(((nd51:0.06492757644732415[&state=37],nd52:0.06492757644732415[&state=101])nd49:0.2800450891052743[&state=101],(nd53:0.008224452723146314[&state=1],nd54:0.008224452723146314[&state=42])nd50:0.33674821282945216[&state=42])nd31:0.8711057291330928[&state=45],(nd39:0.849856037162943[&state=19],nd40:0.849856037162943[&state=119])nd32:0.36622235752274834[&state=101])nd30:0.2307575273931699[&state=67])nd26:0.3839584543931447[&state=83])nd24:0.0[&state=108];
