sample	replicate	trs
1	1	((((nd17:4.514150503689782[&state=105],(nd23:3.358172545035046[&state=4],(nd29:2.291237147016238[&state=21],nd30:2.291237147016238[&state=22])nd24:1.0669353980188077[&state=9])nd20:1.155977958654736[&state=9])nd15:1.9622730344757684[&state=7],(nd35:1.0004179626842122[&state=28],nd36:1.0004179626842122[&state=47])nd16:5.476005575481339[&state=74])nd11:5.290933449006484[&state=7],nd25:11.767356987172034[&state=0])nd9:5.47916674302289[&state=0],((((nd45:0.053706458803413584[&state=3],nd46:0.053706458803413584[&state=1])nd37:0.8462082430571752[&state=11],nd38:0.8999147018605888[&state=6])nd33:0.30115521366923936[&state=52],(nd41:0.28852958337685286[&state=6],nd42:0.28852958337685286[&state=2])nd34:0.9125403321529753[&state=24])nd21:2.4782500308354702[&state=53],(nd31:1.841919018814091[&state=36],((nd43:0.19403406180782864[&state=19],nd44:0.19403406180782864[&state=4])nd39:0.31639072458630346[&state=46],nd40:0.510424786394132[&state=6])nd32:1.3314942324199588[&state=56])nd28:1.8374009275512082[&state=2])nd14:13.567203783829626[&state=9])nd1:0.0[&state=0];
