sample	replicate	trs
1	1	(((((nd43:1.3007763212849357,nd44:1.3007763212849357)nd5:8.962947417928525,((((nd45:1.1885174286799767,nd46:1.1885174286799767)nd39:0.3565929475333339,(nd41:1.4470075810364877,nd42:1.4470075810364877)nd40:0.09810279517682319)nd29:2.787348796453855,(nd49:0.7148823579745925,nd50:0.7148823579745925)nd30:3.617576814692574)nd11:3.265748453857534,(nd15:6.967729661243678,(nd51:0.5421276847964206,nd52:0.5421276847964206)nd16:6.425601976447258)nd12:0.6304779652810236)nd6:2.6655161126887603)nd3:1.928625070803705,(((nd47:0.9509217890368751,(nd55:0.4889980525814951,nd56:0.4889980525814951)nd48:0.4619237364553801)nd13:6.4694001144034425,(nd23:6.313142862124307,(((nd57:0.06630841635619311,nd58:0.06630841635619311)nd31:3.6731654088537393,nd32:3.7394738252099327)nd27:0.7867534195237214,nd28:4.526227244733654)nd24:1.7869156173906526)nd14:1.1071790413160096)nd9:0.3598412290848719,((nd19:6.7175557142948135,(nd21:2.414128631801086,nd22:6.526237746314695)nd20:0.19131796798011713)nd17:0.21074165055544325,(nd25:3.157912789846327,nd26:5.397029032603227)nd18:1.5312683322470286)nd10:0.8518657676749328)nd4:4.412185677491978)nd1:6.310945858939388,((nd33:2.9493368178315054,nd34:2.9493368178315054)nd7:5.119381386458317,(nd35:2.8194580368069726,(nd37:2.3734273956455034,(nd53:0.5117562343088704,nd54:0.5117562343088704)nd38:1.861671161336633)nd36:0.44603064116146884)nd8:5.2492601674828485)nd2:10.434576464666732)root:1.5056053310434407)origin:0.0;
