sample	replicate	trs
1	1	((((nd75:1.2330309907263477[&state=0],nd114:1.233030990726348[&state=0])nd41:1.4347032236014858[&state=0],((nd111:1.6238115924818923[&state=3],(nd117:0.3818041492860215[&state=8],nd118:0.3818041492860215[&state=13])nd62:1.2420074431958712[&state=8])nd53:0.05248626023673175[&state=0],((nd100:1.062124292785691[&state=0],(nd115:0.4177873597875117[&state=8],((nd131:0.06525290881461587[&state=0],nd132:0.06525290881461587[&state=0])nd129:0.016547462990058426[&state=0],nd130:0.08180037180467428[&state=0])nd116:0.3359869879828374[&state=0])nd86:0.6443369329981798[&state=8])nd79:0.12108876172615607[&state=0],nd110:1.1832130545118473[&state=0])nd54:0.49308479820677675[&state=0])nd42:0.9914363616092093[&state=0])nd40:1.3012442392328045[&state=0],(((nd123:0.2860458902446223[&state=6],nd124:0.2860458902446223[&state=25])nd36:3.0518612642628016[&state=6],((nd135:0.05824543153450821[&state=0],nd136:0.05824543153450821[&state=0])nd71:1.3532355507322615[&state=0],(nd133:0.5208745452692649[&state=0],nd108:0.5208745452692649[&state=2])nd81:0.8906064369975045[&state=0])nd30:1.926426172240655[&state=0])nd26:0.4421463994435523[&state=0],(nd68:1.5399425343625044[&state=0],nd126:1.539942534362505[&state=0])nd56:2.2401110195884724[&state=0])nd18:0.18892489960966113[&state=0])nd16:1.2244120506804306[&state=0],(nd49:3.408177852513176[&state=1],((((nd127:0.1192442904031202[&state=7],nd128:0.1192442904031202[&state=0])nd103:0.5174812643092777[&state=7],(nd105:0.6091307978542808[&state=1],nd106:0.6091307978542808[&state=7])nd104:0.027594756858117065[&state=1])nd52:1.8249338167034557[&state=1],nd78:2.461659371415854[&state=3])nd37:0.6641601080206363[&state=1],(((nd101:0.6718636401558007[&state=56],((nd137:0.006461173000953095[&state=2],nd138:0.006461173000953095[&state=2])nd119:0.32784933730884325[&state=2],nd120:0.33431051030979636[&state=2])nd102:0.33755312984600455[&state=2])nd84:0.9549450232922656[&state=34],((nd121:0.2892256648594047[&state=1],nd122:0.2892256648594047[&state=1])nd87:0.7233086330014069[&state=1],nd88:1.0125342978608114[&state=0])nd64:0.614274365587255[&state=1])nd57:0.00027797905774517277[&state=1],nd58:1.6270866425058117[&state=3])nd38:1.4987328369306787[&state=1])nd28:0.28235837307668593[&state=1])nd13:1.7852126517278921[&state=7])nd9:0.0[&state=0];
