sample	replicate	trs
1	1	(nd32:4.796049528161528[&state=6],((nd49:0.5734905691950325[&state=2],nd50:0.5734905691950325[&state=87])nd25:2.3032581269492605[&state=53],((nd55:0.2245603278373565[&state=6],nd56:0.2245603278373565[&state=6])nd27:2.2260141361214614[&state=6],(nd33:1.1671338105654894[&state=6],((((nd53:0.3044618993704505[&state=57],(nd57:0.21986951755495085[&state=4],((nd65:0.15607182486408863[&state=4],nd66:0.15607182486408863[&state=4])nd61:0.021184683473901737[&state=4],nd62:0.1772565083379904[&state=4])nd58:0.04261300921696046[&state=4])nd54:0.08459238181549952[&state=4])nd47:0.29260634954072157[&state=57],((nd67:0.06594157470937292[&state=16],nd68:0.06594157470937292[&state=4])nd51:0.3769525365880383[&state=4],(nd69:0.03889566604292316[&state=26],nd70:0.03889566604292316[&state=4])nd52:0.4039984452544881[&state=26])nd48:0.15417413761376078[&state=4])nd37:0.2524048157474159[&state=4],((nd45:0.6687810419490006[&state=4],nd46:0.6687810419490006[&state=6])nd39:0.16580070647948755[&state=4],nd40:0.8345817484284879[&state=26])nd38:0.014891316230099665[&state=56])nd35:0.01282676031949151[&state=56],((nd43:0.707029636226813[&state=4],(nd59:0.20755809212378093[&state=4],(nd63:0.15762716531268647[&state=4],nd64:0.15762716531268647[&state=4])nd60:0.049930926811094456[&state=4])nd44:0.4994715441030323[&state=4])nd41:0.07302543455570469[&state=4],nd42:0.7800550707825178[&state=4])nd36:0.08224475419556138[&state=4])nd34:0.3048339855874101[&state=56])nd28:1.2834406533933287[&state=6])nd26:0.4261742321854748[&state=6])nd21:1.919300832017235[&state=6])nd16:0.0[&state=6];
