sample	replicate	trs
1	1	(((((nd33:0.13426089211657538[&state=11],nd34:0.13426089211657538[&state=0]):2.308686759954285[&state=29],nd18:2.4429476520708606[&state=28]):1.0022072818035221[&state=1],(nd5:3.439888316770105[&state=28],((nd11:3.1691542652594227[&state=0],(((nd31:0.2617654429354133[&state=1],nd32:0.2617654429354133[&state=6]):0.37331751601713886[&state=23],(nd27:0.6213754609220054[&state=1],nd28:0.6213754609220054[&state=10]):0.01370749803054674[&state=29]):2.080351129074947[&state=29],(nd23:1.2999400205958005[&state=12],nd24:1.2999400205958005[&state=2]):1.4154940674316991[&state=28]):0.45372017723192365[&state=1]):0.2081317770137105[&state=1],nd8:2.156140531306187[&state=1]):0.0626022744969712[&state=1]):0.005266617104278205[&state=1]):0.1463059286494344[&state=1],(((nd35:0.004824382506107658[&state=6],nd36:0.004824382506107658[&state=6]):2.9200794304628053[&state=6],(nd29:0.3851382500472345[&state=6],nd30:0.3851382500472345[&state=1]):2.5397655629216787[&state=23]):0.33021188686284364[&state=6],(nd19:0.7100866080620707[&state=2],(nd21:1.427575849157941[&state=78],nd22:0.14648213367841795[&state=2]):0.0927375558641811[&state=9]):1.7348022948096342[&state=9]):0.33634516269206083[&state=6]):2.5069391374761807[&state=23]):0.0[&state=23];
