sample	replicate	trs
1	1	((((nd219:1.7499137819006942,(nd249:0.20388939622136523,nd250:0.20388939622136523)nd224:1.5460243856793288)nd207:1.2911692960966723,(((nd247:0.37107651516913454,nd248:0.37107651516913454)nd235:0.49938204194763103,nd236:0.8704585571167655)nd221:0.6478640570080338,(nd229:0.9913965040706632,nd230:0.9913965040706632)nd222:0.526926110054136)nd216:1.522760463872567)nd191:10.521481875128812,(nd237:0.7892077312871585,nd238:0.7892077312871585)nd205:12.77335722183902)nd25:7.411062197308025,(nd185:4.237993333691397,(((nd245:0.5092218877691698,nd246:0.5092218877691698)nd239:0.2684150600005356,nd242:0.7776369477697054)nd189:3.348893221767476,(((nd243:0.5170973835299095,(nd251:0.0507949617729572,nd252:0.0507949617729572)nd244:0.4663024217569523)nd231:0.40338005114930603,nd232:0.9204774346792154)nd197:2.4245989147421048,(nd199:3.3407970637851685,nd228:3.3407970637851694)nd198:0.004279285636151016)nd190:0.7814538201158618)nd186:0.11146316415421526)nd177:16.73563381674281)root:0.0;
