sample	replicate	trs
1	1	(((nd4:2.4346306786461223,(nd22:1.5174952232672656,(nd30:0.5668600687254308,nd31:0.5487071890734052)nd23:1.3424980126470205)nd5:1.0405267485539058)nd2:0.7595670200586119,(nd6:0.4291591333301797,(((nd20:4.250270512838939,((nd42:0.7850534706653766,(nd46:0.9088357317499223,nd47:0.4592716631985413)nd43:0.46322858523485383)nd24:2.6609694400009523,(nd56:0.34507843823955175,nd57:0.34507843823955175)nd25:3.687955318746177)nd21:0.21723675585321067)nd16:0.17397690330870053,((nd60:0.06911017247503964,nd61:0.06911017247503964)nd18:4.261449587852711,nd19:0.05473661021353742)nd17:0.09368765581988787)nd8:0.6392277251902141,(nd10:0.8659408880265491,(((nd34:0.6889041955696763,(nd36:1.8484866712267598,nd37:1.6783462361161847)nd35:0.27821178772508726)nd14:2.617213312899453,((((nd48:0.7290986860818274,nd49:0.7290986860818274)nd32:1.9837506234219764,((nd58:0.2458354138184318,nd59:0.2458354138184318)nd38:1.4812317854157733,nd39:1.727067199234205)nd33:0.9857821102695989)nd28:0.29375984032125674,nd29:0.20481191704353702)nd26:0.4786283555940888,((nd50:0.41409900631468444,(nd52:0.39119728646630003,nd53:0.2619590914814975)nd51:0.02290171984838442)nd44:0.7070274127889419,nd45:1.1211264191036263)nd27:2.3641110863155235)nd15:1.2586742664321506)nd12:0.1012305583757116,(nd40:0.8117936346600669,(nd54:0.3598195502525216,nd55:0.24422970634997754)nd41:1.3608910958089875)nd13:3.124431684165503)nd11:0.15446230636062358)nd9:0.06387050475021908)nd7:0.05016697982933453)nd3:0.8454448769553744)root:1.402453001877437)origin:0.0;
