sample	replicate	trs
1	1	((nd5:1.1969085958082817,((nd15:1.11348188523744,nd16:1.11348188523744)nd13:0.029170345772768832,(nd37:0.20249089138061185,(nd39:0.2003919451667293,(nd43:0.03359152735590369,(nd45:0.030586737498052314,nd46:0.030586737498052314)nd44:0.0030047898578513745)nd40:0.1668004178108256)nd38:0.0020989462138825306)nd14:0.9401613396295978)nd6:0.054256364798073116)nd1:0.10735907125732161,((nd7:1.187945066800786,((nd29:0.39817096889540227,nd30:0.39817096889540227)nd23:0.4807447538446884,(nd35:0.2629393331908285,nd36:0.2629393331908285)nd24:0.6159763895492618)nd8:0.30902934406069715)nd3:0.07667969043882863,((((nd25:0.8208148082362242,nd26:0.8208148082362242)nd21:0.17311839561833028,nd22:0.9939332038545544)nd19:0.10620754086083793,(nd41:0.1329115767361939,nd42:0.1329115767361939)nd20:0.9672291679791986)nd9:0.05513700640250051,((nd17:1.1068167283276058,(nd31:0.32117926876527064,nd32:0.32117926876527064)nd18:0.7856374595623362)nd11:0.041724914339087656,((nd33:0.29140995676348175,nd34:0.29140995676348175)nd27:0.35678679928136897,nd28:0.6481967560448504)nd12:0.500344886621844)nd10:0.006736108451198848)nd4:0.10934700612172264)nd2:0.039642909825988726)root:0.0;
