sample	replicate	trs
1	1	((((((nd65:0.22398760643206653[&state=12],nd66:0.22398760643206653[&state=0]):0.44778827474765964[&state=10],(nd63:0.3573929723553879[&state=12],nd64:0.16083677606704616[&state=1]):0.3143829088243382[&state=11]):1.8495935793322793[&state=10],(nd39:1.012236839681372[&state=6],(nd51:0.6684656409139318[&state=0],nd52:0.18996611056234286[&state=2]):0.3437711987674404[&state=24]):1.5091326208306337[&state=53]):3.0198778779337645[&state=7],(nd7:1.8492761480271334[&state=6],(((nd61:0.09162436735876309[&state=0],nd62:0.35872563838811694[&state=7]):0.6083907216434992[&state=0],nd42:0.967116360031616[&state=0]):4.04379340325956[&state=0],(((nd25:1.7469677766728933[&state=8],(((nd59:0.38865733271421843[&state=2],nd60:0.38865733271421843[&state=6]):0.5251087943976387[&state=30],nd46:0.913766127111857[&state=8]):0.6225014339330026[&state=30],(nd43:0.9588732016085482[&state=0],(nd55:0.5573074668053574[&state=1],nd56:0.5573074668053574[&state=6]):0.40156573480319085[&state=7]):0.5773943594363115[&state=7]):0.21070021562803323[&state=0]):0.5066952239555749[&state=0],nd24:0.3594871237938528[&state=6]):0.25808868188132095[&state=22],((nd47:0.8506528879388501[&state=24],nd48:0.8506528879388501[&state=6]):0.75916736963225[&state=24],nd30:0.04246307023810454[&state=0]):0.9019314249386887[&state=0]):2.4991580807813873[&state=0]):0.10632346634859632[&state=7]):0.4240141088059969[&state=7]):0.02321261883331697[&state=0],(((nd13:0.882957585272025[&state=1],((nd67:0.20511928618453243[&state=48],nd68:0.20511928618453243[&state=7]):0.9816547014192014[&state=7],(nd69:0.08053714389410774[&state=8],nd70:0.08053714389410774[&state=1]):1.1062368437096257[&state=28]):3.0669400085541745[&state=7]):0.268106208794338[&state=23],nd12:0.21988081244850038[&state=0]):0.6269775339348244[&state=48],(nd15:3.6213251490931837[&state=50],((nd27:0.6978215963880442[&state=0],nd28:0.07461490539721156[&state=0]):0.5517842183004334[&state=0],((nd53:0.6192938433628855[&state=6],nd54:0.6192938433628855[&state=6]):0.7827191918702645[&state=6],((nd57:0.12332711775508522[&state=0],nd58:0.379879443090754[&state=0]):0.8111360300723147[&state=22],nd36:1.2009410420864663[&state=8]):0.20107199314668334[&state=7]):0.869158718374846[&state=7]):1.3501533954851868[&state=22]):1.5274725897938881[&state=22]):0.4156622183920151[&state=0]):2.097590042720917[&state=0]):0.0[&state=23];
