sample	replicate	trs
1	1	((((nd9:1.4871467732576509,((nd33:0.5060289132084608,nd34:0.5060289132084608)nd15:0.6343272720404122,nd16:1.140356185248873)nd10:0.346790588008778)nd7:0.047858284473822114,((nd19:0.8948528620577434,nd20:0.8948528620577434)nd17:0.35530435024155743,((nd31:0.5411908993995316,nd32:0.5411908993995316)nd27:0.15996459866918,(nd35:0.207521745306398,nd36:0.207521745306398)nd28:0.4936337527623136)nd14:0.5490017142305892)nd8:0.28484784543217223)nd5:0.5450197608680447,(((nd23:0.7516318941314579,(nd25:0.7187203372443429,nd26:0.7187203372443429)nd24:0.03291155688711498)nd21:0.03110548359069665,(nd29:0.6055626622281649,nd30:0.6055626622281649)nd22:0.1771747154939897)nd11:0.5607635778501138,(nd37:0.17837932530200862,nd38:0.17837932530200862)nd12:1.1651216302702596)nd6:0.7365238630272495)nd3:1.0065684182851553,(nd39:0.1392852039839572,(nd41:0.10183361286301433,nd42:0.10183361286301433)nd40:0.037451591120942845)nd4:2.9473080329007155)nd2:0.0;
