sample	replicate	trs
1	1	(((nd5:5.165381753356958,(((nd51:1.110214161050747,(nd59:0.5940545694028732,(nd65:0.32836660565655157,nd66:0.32836660565655157)nd60:0.2656879637463215)nd52:0.5161595916478733)nd43:0.6544108699645896,nd44:1.7646250310153366)nd15:4.070860044685807,((nd35:2.430356581901493,((nd49:1.2792815360429153,nd50:0.12672320944175977)nd37:1.0530652831270995,nd38:2.3323468191700156)nd36:0.09800976273147764)nd19:3.0459920646222662,nd20:0.6121392336620034)nd16:0.35913642917738586)nd6:8.169724835675304)nd1:1.245177330944272,((nd7:1.6012065015580388,((nd11:0.2725176663361571,(((nd57:0.697715126121725,nd58:0.697715126121725)nd23:3.341736885310314,((nd39:2.1372753674288094,(nd55:0.7349431644402976,nd56:0.7349431644402976)nd40:1.402332202988511)nd31:0.9311759390113599,(((nd67:0.2407948823351529,nd68:0.2407948823351529)nd41:1.7922090252222351,(nd61:0.5340969064074746,nd62:0.5340969064074746)nd42:1.4989070011499133)nd33:0.9684753590376326,(nd47:1.5506760502115124,nd48:1.5506760502115124)nd34:1.4508032163835092)nd32:0.0669720398451477)nd24:0.9710007049918721)nd17:1.628167599563464,(nd27:3.723924957133806,(nd53:0.8231751294664358,nd54:0.8231751294664358)nd28:2.900749827667371)nd18:1.9436946538616977)nd12:6.353378337084431)nd9:0.36820315779553003,nd10:0.25840079850212816)nd8:0.2722877419610955)nd3:1.990369643191731,(nd13:0.12329115311868039,(((nd45:1.595755919061517,(nd63:0.3747785467269257,nd64:0.3747785467269257)nd46:1.2209773723345911)nd25:2.2677691593361358,nd26:3.8635250783976507)nd21:1.4530362454919,(nd29:1.002296718215164,nd30:3.097149803041714)nd22:2.2194115208478378)nd14:4.173861751608205)nd4:5.161435415530536)nd2:0.5985287512924251)root:3.5708127576792683)origin:0.0;
