sample	replicate	trs
1	1	(((((nd49:1.146459125777124,nd50:1.146459125777124)nd47:0.338164777213761,nd48:1.484623902990885)nd39:5.0953038430954996,(nd41:1.7023871341097792,(nd51:0.8315686617088087,nd52:0.8315686617088087)nd42:0.8708184724009709)nd24:4.877540611976604)nd3:6.080177634766734,(((nd53:0.3125112561650728,nd54:0.3125112561650728)nd43:2.6378270121271155,nd38:2.950338268292189)nd33:0.28884559630181195,nd34:3.2391838645940005)nd17:9.420921516259117)nd1:2.1796507305159647,((nd21:5.7477715214917735,((nd45:1.5629204631087725,nd46:1.5629204631087725)nd31:1.9709794453844012,nd35:3.533899908493174)nd29:2.213871612998598)nd15:6.290166577863385,nd9:12.037938099355156)nd2:2.801818012013926)root:0.0;
