sample	replicate	trs
1	1	((nd1:0.9205918895025776[&state=6],(((nd7:3.380016897981325[&state=6],(nd9:6.116232545291415[&state=6],(nd11:1.0829430525334525[&state=6],((nd23:2.85455802300395[&state=6],((nd35:3.9025025671499547[&state=6],((nd39:5.398036742545719[&state=6],nd40:5.398036742545719[&state=6]):0.20272917461957707[&state=6],nd38:5.600765917165297[&state=6]):0.2470498925586199[&state=6]):2.8572976492951776[&state=6],nd26:8.705113459019094[&state=23]):0.6019397891249727[&state=6]):2.638653162180675[&state=6],nd20:8.423976342715601[&state=6]):7.7093310399489825[&state=6]):3.7475633443358656[&state=6]):0.47832289433811714[&state=6]):0.2521743067625585[&state=6],((((nd49:0.9124128137715263[&state=0],nd50:0.9124128137715263[&state=0]):5.876514321946631[&state=0],nd30:6.788927135718158[&state=0]):6.227579424820749[&state=0],((nd33:5.875541414321615[&state=0],nd34:5.875541414321615[&state=0]):5.523288102564109[&state=0],nd22:11.398829516885725[&state=0]):1.6176770436531822[&state=0]):1.9603628100780746[&state=0],(((nd45:0.3380909131884387[&state=0],(nd47:1.55519657139132[&state=0],nd48:1.55519657139132[&state=0]):1.068772271926902[&state=0]):4.584808001353335[&state=0],(nd41:4.6140175509408206[&state=0],(nd43:2.8337273559338567[&state=0],nd44:4.603781862724803[&state=0]):0.010235688216017629[&state=0]):2.5947592937307364[&state=0]):5.326440648822141[&state=0],(nd31:6.786968842474954[&state=0],nd32:6.786968842474954[&state=0]):5.748248651018744[&state=0]):2.441651877123283[&state=0]):9.156228625093283[&state=0]):1.323888375534533[&state=22],nd4:1.3142162027002275[&state=0]):0.9411728573314404[&state=22]):0.16474077142376348[&state=22]):0.0[&state=22];
