sample	replicate	trs
1	1	(((nd15:2.579635053993425,(nd17:2.415142073672261,(nd27:1.4072739746938079,((nd35:0.5303455401284255,(nd43:0.008617453636400207,nd44:0.008617453636400207)nd36:0.5217280864920253)nd31:0.40181705453693545,nd32:0.932162594665361)nd28:0.4751113800284467)nd18:1.007868098978454)nd16:0.1644929803211635)nd5:1.8230409320576972,((nd29:1.0386893744096954,nd30:1.0386893744096954)nd10:2.8833553562375847,((nd39:0.1056535170785254,nd40:0.1056535170785254)nd37:0.31617471171511496,nd38:0.42182822879364035)nd20:3.5002165018536395)nd6:0.48063125540384255)nd1:0.8833726851661803,((nd23:1.8074408901183925,nd33:1.8074408901183927)nd14:2.942919313929738,(nd41:0.06507038206929801,nd42:0.06507038206929801)nd4:4.685289821978834)nd2:0.5356884671691721)root:0.0;
