sample	replicate	trs
1	1	((((nd60:4.111354836518052[&state=0],(nd64:2.957021717635736[&state=5],nd65:2.957021717635736[&state=18])nd61:1.1543331188823152[&state=16])nd51:18.80446194663048[&state=0],((nd57:18.49818855435043[&state=0],nd38:18.498188554350442[&state=0])nd23:3.3997109732899373[&state=16],((((nd68:1.5695396651989009[&state=1],(nd70:1.005757322535922[&state=8],nd71:1.005757322535922[&state=1])nd69:0.5637823426629783[&state=1])nd66:0.3180461729309954[&state=1],(nd76:0.2207957181489648[&state=6],nd77:0.2207957181489648[&state=0])nd67:1.6667901199809312[&state=6])nd54:6.726237355911[&state=21],(nd46:7.114660297815728[&state=5],nd47:7.114660297815728[&state=0])nd45:1.499162896225166[&state=16])nd43:1.5095975367036756[&state=16],(nd78:0.030549980725385256[&state=1],nd79:0.030549980725385256[&state=5])nd41:10.09287075001919[&state=17])nd21:11.774478796895801[&state=16])nd13:1.0179172555081548[&state=16])nd9:2.6700854470306252[&state=16],(nd72:0.7393834340995535[&state=0],nd73:0.7393834340995535[&state=0])nd62:24.846518796079593[&state=0])nd2:0.3928529950872303[&state=16],(nd74:0.4286194935056937[&state=0],nd75:0.4286194935056937[&state=0])nd30:25.550135731760683[&state=0])root:0.0[&state=16];
