sample	replicate	trs
1	1	((((nd47:1.3720322267425826[&state=9],nd48:1.3720322267425826[&state=1])nd11:14.253005298810564[&state=31],(((nd53:0.5065195848444672[&state=15],nd54:0.5065195848444672[&state=12])nd37:3.780878326418316[&state=12],nd39:4.287397911262783[&state=1])nd31:1.725158589980535[&state=7],nd32:6.012556501243319[&state=29])nd16:9.612481024309833[&state=1])nd5:2.279538541542331[&state=0],nd25:17.904576067095483[&state=6])nd1:3.251915111051493[&state=0],((nd21:15.042108151325374[&state=0],(nd45:1.6780252805282176[&state=8],((nd51:0.5864236221181844[&state=0],nd52:0.5864236221181844[&state=13])nd49:0.21199609406434886[&state=0],nd50:0.7984197161825332[&state=10])nd46:0.8796055643456844[&state=0])nd41:13.364082870797152[&state=8])nd3:3.227108998275934[&state=0],(((nd55:0.15385881251094546[&state=6],nd56:0.15385881251094546[&state=1])nd33:5.458928875541169[&state=23],nd34:5.612787688052114[&state=1])nd23:11.570954525216003[&state=1],(nd43:1.740432953638071[&state=6],nd44:1.740432953638071[&state=6])nd30:15.443309259630041[&state=6])nd4:1.0854749363331888[&state=22])nd2:2.8872740285456717[&state=0])root:0.0[&state=0];
