sample	replicate	trs
1	1	((((nd5:0.8834499472162145,((nd9:0.5664925572703767,(nd11:1.6142227319949998,((nd15:1.4880341069750482,nd16:1.6879985428235753)nd13:1.0298775793864534,(nd17:0.7912515357685941,(nd19:2.3079600745022684,(nd21:0.6213559030408669,(((((nd87:0.13929669048259957,nd88:0.5372536176393679)nd57:1.7211703988016138,nd58:2.2584240164409817)nd51:0.7713623216750246,nd52:1.2092183653969135)nd25:1.7345873319062248,((nd31:4.086096108092451,(((nd67:1.573040901919657,nd68:1.573040901919657)nd61:0.4126836896238001,((nd83:0.6846539419878861,nd84:0.1298248023383032)nd65:1.0916757168712963,(nd71:1.3167790405738335,((((nd89:0.21146188785298553,nd90:0.21146188785298553)nd85:0.35346109956838984,nd86:0.4559417762858033)nd75:0.3072257242010522,nd76:0.8721487116224276)nd73:0.22388451528565204,nd74:1.0960332269080797)nd72:0.2207458136657538)nd66:0.4595506182853491)nd62:0.20939493268427473)nd41:1.5728727500625839,nd42:0.5159107909088577)nd32:0.5274987664864088)nd27:0.5374996794790379,((nd35:0.712606018240887,((nd59:0.33018902063327926,nd60:0.16082300386500786)nd37:1.5509831108848864,nd38:2.893630663192657)nd36:0.03963895764815202)nd29:0.44496129122603434,(((nd77:0.8131739543274121,nd78:0.8131739543274121)nd39:2.850361114039539,(nd47:2.678190037600216,nd48:0.7104150025656998)nd40:0.535939398094505)nd33:0.3608613448548917,((((nd79:0.7409522671695397,nd80:0.5851546001619634)nd63:1.2121076797706758,nd64:0.14191679211839103)nd45:1.242172165035584,((nd91:0.09231925903355354,nd92:0.09231925903355354)nd53:2.522321887676494,(nd55:2.3564450652390483,nd56:2.3564450652390483)nd54:0.25819608147099876)nd46:0.5805909652657526)nd43:0.029980252394990328,(nd49:3.060960424540389,((nd81:0.7291020525298044,nd82:0.7291020525298044)nd69:0.6042044833089009,nd70:1.3333065358387053)nd50:1.7276538887016846)nd44:0.1642519398304001)nd34:0.7991840488510528)nd30:0.24790156034996974)nd28:0.3512978139996757)nd26:0.14077788245074296)nd23:0.5380700179938274,nd24:0.40404817721806346)nd22:1.1098116521199797)nd20:1.5989961605674772)nd18:1.5610214113381462)nd14:2.7422540302052503)nd12:3.194119561613313)nd10:0.7846321185026203)nd7:0.20740407998589935,nd8:0.08819883951568323)nd6:1.3719850341748083)nd3:1.9702992540356594,nd4:1.9826967890443152)nd1:0.42306239572036963,nd2:2.861300210481946)root:5.864870613720419)origin:0.0;
