sample	replicate	trs
1	1	(((nd24:1.4302031620172508[&state=6],(nd27:0.6589027519935815[&state=6],nd28:0.6589027519935815[&state=6])nd22:0.7713004100236694[&state=6])nd3:2.4870468212062127[&state=6],(nd5:2.9618946508324706[&state=6],(((nd13:1.9044633040099672[&state=49],(nd19:1.5622691892807812[&state=6],(nd25:1.0980631573308255[&state=2],(nd35:0.14361402220916986[&state=6],nd36:0.14361402220916986[&state=6])nd33:0.9544491351216555[&state=6])nd20:0.46420603194995563[&state=6])nd14:0.3421941147291859[&state=6])nd9:0.5644092966769824[&state=6],nd10:2.4688726006869492[&state=6])nd7:0.22519686480497592[&state=6],nd37:2.6940694654919253[&state=6])nd6:0.26782518534054456[&state=6])nd4:0.9553553323909937[&state=6])nd1:0.2896493160145251[&state=6],((nd15:1.7989121386226858[&state=6],nd16:1.7989121386226858[&state=6])nd11:0.45245278102211306[&state=6],(nd29:0.6567186535335096[&state=24],(nd31:0.5336453078009754[&state=2],nd32:0.5336453078009754[&state=8])nd30:0.123073345732534[&state=2])nd18:1.5946462661112895[&state=24])nd2:1.9555343795931897[&state=6])root:0.0[&state=6];
