sample	replicate	trs
1	1	(((((nd11:8.379145337047213,(((nd37:0.3946518359833804,nd38:0.3946518359833804)nd29:1.5636940781986914,nd30:1.9583459141820718)nd15:4.632671831435379,nd16:6.591017745617451)nd12:1.7881275914297603)nd9:2.3183601595499463,((nd39:0.07432776146435477,nd40:0.07432776146435477)nd23:6.529123671566037,nd28:6.603451433030392)nd10:4.094054063566765)nd7:0.13462667915867899,nd8:10.83213217575584)nd5:1.5160143741346497,(((nd35:1.3600780308202685,nd36:1.3600780308202685)nd25:3.15446077507374,nd26:4.514538805894009)nd17:0.9412988898958322,(nd31:1.945167488841507,nd32:1.945167488841507)nd18:3.5106702069483338)nd6:6.892308854100644)nd3:4.9369305329140865,(nd33:1.6952153437101556,nd34:1.6952153437101556)nd22:15.58986173909442)root:0.0;
