sample	replicate	trs
1	1	((nd1:4.669395027027668,((((nd9:2.8644202725891117,(((((nd31:0.3663203825080176,(nd33:0.2063657301604985,((nd37:0.09084456269184266,nd38:0.09084456269184266)nd35:0.08381171426526335,nd36:0.17465627695710606)nd34:0.03170945320339247)nd32:0.15995465234751893)nd21:0.938589259873223,nd22:1.3049096423812407)nd17:0.630291113566119,nd18:1.722060799747323)nd13:0.35926220911671686,nd14:2.294462965064077)nd11:0.15014732859987853,(((nd25:0.6730199081008802,nd26:0.6730199081008802)nd23:0.611993786523284,(nd39:0.06575214241687496,nd40:0.06575214241687496)nd24:1.2192615522072894)nd15:0.6715336521529012,((nd29:0.5578560332164126,nd30:0.5578560332164126)nd19:0.914728522193691,(nd27:0.5978298188085079,nd28:0.5978298188085079)nd20:0.8747547366015956)nd16:0.4839627913669613)nd12:0.4880629468868896)nd10:0.4198099789251553)nd7:1.9077383763992835,nd8:4.772158648988397)nd5:2.159145577234158,nd6:0.13298724688620644)nd3:2.6146105923255556,nd4:1.5450241730975343)nd2:4.230363794641671)root:0.07462138681021895)origin:0.0;
