sample	replicate	trs
1	1	(nd1:18.716660374463803,(((nd13:5.012749052333775,(nd17:2.6631695638878172,(nd25:1.264284364885814,nd26:1.264284364885814)nd24:1.3988851990020028)nd14:2.349579488445958)nd11:3.506354361077504,nd20:8.51910341341128)nd3:8.84866719861383,(((nd27:0.6921946009013852,nd28:0.6921946009013852)nd15:3.4843363062841695,((nd31:0.33130012946300674,nd32:0.33130012946300674)nd21:1.3459875141662567,(nd29:0.39241822548241767,nd30:0.39241822548241767)nd22:1.2848694181468459)nd16:2.4992432635562913)nd5:12.337932553518527,((nd35:0.15298288266330407,nd36:0.15298288266330407)nd33:0.16989351447217751,nd34:0.3228763971354816)nd9:16.1915870635686)nd4:0.853307151321026)nd2:1.3488897624386982)root:0.0;
