sample	replicate	trs
1	1	((nd1:2.199009415531241,(((((nd37:1.9111819324604125,nd38:1.1460747375416929)nd23:0.9342808068508544,nd24:0.9636408138943624)nd9:1.705340059113128,((((nd41:1.07801778993491,nd42:1.0726220946583547)nd33:0.26616491426292394,nd34:2.1590252254105624)nd17:0.8637954228366581,(((nd49:0.36241591861874234,nd50:0.46362647027981246)nd25:2.06630819335579,nd26:2.5299346636356024)nd19:0.44905745458183743,(nd39:1.8944637261895316,nd40:1.8944637261895316)nd20:1.0845283920279083)nd18:0.043828530029780814)nd13:1.1068664222547346,(nd43:1.7001039022247113,nd44:1.7001039022247113)nd14:2.4295831682772437)nd10:0.42111572792244006)nd7:1.1057988856615821,nd8:0.7364640300104587)nd3:1.1312887087645218,(nd5:2.7408117420694063,((nd15:3.5179140233353476,(((nd31:2.161409878066247,(nd35:1.919020084788007,nd36:1.919020084788007)nd32:0.24238979327824028)nd29:0.0894505221941464,(nd45:1.632411683761089,((nd53:0.08566521764334997,(nd55:0.020381880274065296,nd56:0.020381880274065296)nd54:0.06528333736928468)nd51:0.31841563384774263,nd52:0.4040808514910926)nd46:1.2283308322699964)nd30:0.6184487164993048)nd27:0.2407906177038122,nd28:1.9739204816232248)nd16:1.0262630053711412)nd11:0.8657598976648495,((nd47:0.8231103595201813,nd48:0.8231103595201813)nd21:2.13439234430992,nd22:2.957502703830102)nd12:1.4261712171700953)nd6:2.2793413530365068)nd4:0.12487511881379565)nd2:0.5629834113640915)root:0.4073361957854084)origin:0.0;
