sample	replicate	trs
1	1	(((nd31:2.093818907543739,nd32:2.093818907543739)nd15:2.5361571167564603,((((nd55:0.11712982920711201,nd56:0.11712982920711201)nd49:0.725465888422376,nd50:0.8425957176294879)nd48:0.3419940732294582,nd38:1.1845897908589462)nd33:0.6466102006943886,(nd45:1.0671729869527768,nd46:1.0671729869527768)nd34:0.7640270046005581)nd16:2.798776032746865)nd4:2.039504433239905,((nd11:5.292106890638737,(((nd43:1.101316231685336,nd44:1.101316231685336)nd35:0.20406317645513877,nd36:1.3053794081404742)nd29:1.175567711070296,nd30:2.48094711921077)nd22:2.811159771427966)nd5:0.9130521782625689,(((nd53:0.17045307911325283,nd54:0.17045307911325283)nd27:2.748265951699643,((nd41:1.1067323053609488,(nd51:0.4854421355637801,nd52:0.4854421355637801)nd42:0.6212901697971687)nd39:0.03889166217257904,nd40:1.145623967533528)nd28:1.7730950632793676)nd24:1.6395313669708975,nd26:4.558250397783793)nd14:1.6469086711175123)nd2:0.4643213886387992)root:0.0;
