sample	replicate	trs
1	1	((((((nd76:0.14653981851000403,nd77:0.14653981851000403)nd46:0.9734149179301871,nd47:1.119954736440191)nd42:0.12637395359613351,(nd66:0.37895173436903606,(nd68:0.3651605953065171,nd69:0.3651605953065171)nd67:0.013791139062518951)nd43:0.8673769556672885)nd16:0.6769975534100411,(nd54:0.9259707106528179,(nd60:0.5900595835684262,(nd72:0.3316676893445993,nd73:0.3316676893445993)nd61:0.2583918942238269)nd55:0.33591112708439164)nd17:0.9973555327935479)nd8:0.4235168972426128,((((nd48:1.1132523038917224,nd49:1.1132523038917224)nd18:0.7935606855421963,(((nd78:0.12081509422850219,nd79:0.12081509422850219)nd32:1.5118014216194904,((nd44:1.246213797708894,((nd74:0.18631708873983693,nd75:0.18631708873983693)nd52:0.7727177580801384,nd53:0.9590348468199754)nd45:0.28717895088891887)nd40:0.12228527508636357,nd41:1.3684990727952577)nd33:0.2641174430527344)nd26:0.06689929776234793,nd27:1.6995158136103399)nd19:0.2072971758235785)nd12:0.032908935594772606,(nd14:1.9259134322836444,(nd50:1.0698843440508432,nd51:1.0698843440508432)nd15:0.8560290882328015)nd13:0.013808492745046447)nd10:0.18907851086064212,((nd64:0.39756502093833185,(nd80:0.09311693354237273,nd81:0.09311693354237273)nd65:0.30444808739595913)nd20:1.3788104254272044,(nd38:1.5734722507708314,((nd58:0.8072264022640226,nd59:0.8072264022640226)nd56:0.06427319907928293,nd57:0.8714996013433056)nd39:0.7019726494275259)nd21:0.20290319559470452)nd11:0.3524249895237974)nd9:0.21804270479964522)nd4:2.225428735789569,(((nd70:0.352708517781111,nd71:0.352708517781111)nd24:1.4091783248526304,(((nd62:0.5310066992906207,nd63:0.5310066992906207)nd30:1.1367305061169264,(nd36:1.5943117593303069,nd37:1.5943117593303069)nd35:0.07342544607723973)nd28:0.018517493363444163,nd29:1.6862546987709912)nd25:0.07563214386275006)nd22:0.006717869263243181,nd23:1.7686047118969843)nd6:2.803667164581563)nd3:0.0;
