sample	replicate	trs
1	1	((((nd11:1.9616101305916196[&state=0],(nd15:8.374803147001886[&state=0],(nd19:3.3947065333599937[&state=0],(nd21:3.921269804193777[&state=0],(((nd55:0.17625044335123252[&state=0],nd56:0.17625044335123252[&state=0]):3.3256555178489418[&state=0],nd38:3.5019059612001744[&state=0]):3.5166473624722294[&state=0],(((nd39:3.1994611024939346[&state=0],nd40:3.1994611024939346[&state=0]):0.8456293356423448[&state=0],(nd47:1.0455760727894947[&state=0],(nd53:0.22059752576577807[&state=0],nd54:0.22059752576577807[&state=0]):0.8249785470237166[&state=0]):2.999514365346785[&state=0]):1.9019454781169303[&state=0],((nd43:1.412870030071045[&state=0],nd44:1.412870030071045[&state=0]):0.22803940831114602[&state=0],nd42:1.6409094383821912[&state=0]):4.306126477871018[&state=0]):1.0715174074191942[&state=0]):3.759193371614295[&state=0]):0.5010688092892288[&state=0]):2.092797542055629[&state=0]):2.161440192490517[&state=0]):2.505752391473809[&state=0],(nd5:3.982277733900072[&state=0],(nd7:0.6532253560811858[&state=0],nd8:1.0743625349960244[&state=0]):0.5046287175925473[&state=0]):0.3554505243829894[&state=0]):4.9044323259428415[&state=0],((((((nd49:0.8182975443481971[&state=0],nd50:0.8182975443481971[&state=0]):6.307908396427483[&state=0],nd28:1.7418278406889978[&state=0]):2.7003417387839574[&state=0],(nd31:0.5062492647772596[&state=0],nd32:0.35706370738385335[&state=0]):3.0951263889026097[&state=0]):0.3032126320117759[&state=0],((nd51:0.2675512796813271[&state=0],nd52:0.2675512796813271[&state=0]):1.0954604010581983[&state=0],nd46:1.3630116807395254[&state=0]):8.766748630831886[&state=0]):4.203146273666922[&state=0],(nd17:1.2044307994359795[&state=0],nd18:3.9215788898984165[&state=0]):1.370296255323482[&state=0]):1.9992867840705086[&state=0],nd10:4.042520846622822[&state=0]):6.6110445872298795[&state=0]):1.8624620434612722[&state=0]):0.0[&state=22];
