sample	replicate	trs
1	1	((nd1:0.9428095666906238[&state=6],(nd3:2.638744438780221[&state=0],((nd7:1.8938368114351607[&state=6],((nd19:1.7156641378838082[&state=6],((((nd49:0.04416660845650933[&state=108],nd50:0.04416660845650933[&state=98]):0.534752015165372[&state=120],(nd41:0.25530088910962123[&state=120],(nd43:0.17443290768463554[&state=107],nd44:0.17443290768463554[&state=108]):0.08086798142498572[&state=120]):0.32361773451226[&state=120]):0.359781782621946[&state=120],nd34:0.9387004062438277[&state=106]):1.9799619968533793[&state=108],nd30:2.9186624030972057[&state=120]):4.26396945889138[&state=6]):1.5650349876963185[&state=6],((nd23:0.7622452727468116[&state=6],nd24:1.0626736914375552[&state=6]):2.001803536673288[&state=6],(nd15:0.17528243903567947[&state=6],(nd21:6.74313759312674[&state=120],(((nd37:0.6678448123179498[&state=120],(nd45:0.15745438344626894[&state=67],nd46:0.15745438344626894[&state=120]):0.5103904288716806[&state=120]):1.1703615358046602[&state=120],((nd47:0.08644386607868451[&state=6],nd48:0.08644386607868451[&state=108]):0.5864855987032334[&state=120],(nd51:0.001001875894012896[&state=1],nd52:0.001001875894012896[&state=105]):0.6719275888879052[&state=105]):1.165276883340692[&state=108]):1.801551614681679[&state=6],nd26:1.4795558574096208[&state=6]):3.1033796303224523[&state=6]):1.1663651045868801[&state=6]):0.059977426875015435[&state=6]):0.7781867250962688[&state=6]):1.3724725584318467[&state=6]):0.26037997916716843[&state=6],(nd9:0.40463114619539825[&state=6],(nd17:0.5368107162860152[&state=6],(nd27:1.1167337781419777[&state=6],nd28:1.2458323367312638[&state=6]):3.9461119605107333[&state=6]):2.4487922001451725[&state=6]):0.5834355782530338[&state=6]):3.23210169218215[&state=6]):1.0593957627132[&state=22]):2.490883157820731[&state=6]):0.0[&state=23];
