sample	replicate	trs
1	1	((((nd33:0.13426089211657538[&state=11],nd34:0.13426089211657538[&state=0])nd17:2.308686759954285[&state=29],nd18:2.4429476520708606[&state=28])nd3:1.0022072818035221[&state=1],(nd5:3.439888316770105[&state=28],(nd11:3.1691542652594227[&state=0],(((nd31:0.2617654429354133[&state=1],nd32:0.2617654429354133[&state=6])nd25:0.37331751601713886[&state=23],(nd27:0.6213754609220054[&state=1],nd28:0.6213754609220054[&state=10])nd26:0.01370749803054674[&state=29])nd15:2.080351129074947[&state=29],(nd23:1.2999400205958005[&state=12],nd24:1.2999400205958005[&state=2])nd16:1.4154940674316991[&state=28])nd12:0.45372017723192365[&state=1])nd7:0.2707340515106817[&state=1])nd4:0.005266617104278205[&state=1])nd1:0.1463059286494344[&state=1],(((nd35:0.004824382506107658[&state=6],nd36:0.004824382506107658[&state=6])nd13:2.9200794304628053[&state=6],(nd29:0.3851382500472345[&state=6],nd30:0.3851382500472345[&state=1])nd14:2.5397655629216787[&state=23])nd9:0.33021188686284364[&state=6],nd21:3.255115699831756[&state=78])nd2:0.33634516269206083[&state=6])root:0.0[&state=23];
