sample	replicate	trs
1	1	((((nd15:3.808501232562934,(((nd45:0.6649699830051463,nd46:0.6649699830051463)nd43:0.11390393678813292,nd44:0.7788739197932792)nd23:2.133860180744262,nd24:2.9127341005375413)nd16:0.8957671320253928)nd13:0.16263335777403853,(nd53:0.5303547918745243,nd54:0.5303547918745243)nd14:3.4407797984624477)nd11:0.4848098323016577,((nd27:2.350568494945079,nd31:2.350568494945079)nd17:1.4344149503509023,((nd39:1.239704783559775,(nd59:0.09029205093107284,nd60:0.09029205093107284)nd40:1.149412732628702)nd29:0.8826140905989163,((nd51:0.5671441525549887,(nd55:0.3398366595355394,nd56:0.3398366595355394)nd52:0.22730749301944933)nd41:0.6396189562848743,nd42:1.206763108839863)nd36:0.9155557653188281)nd18:1.6626645711372903)nd12:0.6709609773426487)nd9:0.00392476431156242,((nd37:1.4645452386637872,(nd49:0.6069209597516485,nd50:0.6069209597516485)nd38:0.8576242789121384)nd19:2.129138881931134,((nd33:1.649401867133769,nd34:1.649401867133769)nd21:1.7980030242085452,(nd25:2.9061468839603144,((nd57:0.1920530550218754,nd58:0.1920530550218754)nd47:0.4385124847249732,nd48:0.6305655397468486)nd26:2.2755813442134656)nd22:0.5412580073820001)nd20:0.14627922925260695)nd10:0.8661850663552711)nd7:0.0;
