sample	replicate	trs
1	1	((nd10:7.813898938491576,(((((nd65:0.14843925763724894,nd66:0.14843925763724894)nd57:0.19501093513412002,(nd63:0.18518965801812817,nd64:0.18518965801812817)nd58:0.15826053475324076)nd53:0.5794463166124028,nd54:0.9228965093837717)nd51:0.047953463939474764,(nd61:0.19163744368339253,nd62:0.19163744368339253)nd52:0.779212529639854)nd23:4.9641601941596445,(nd32:5.377670128468992,((nd47:1.5878312746719856,(nd59:0.25222540818434874,nd60:0.25222540818434874)nd48:1.335605866487637)nd37:0.9365837762758297,nd40:2.524415050947816)nd20:2.8532550775211765)nd16:0.5573400390138988)nd8:1.8788887710086846)nd5:0.06901081498567502,((nd55:0.518281140506475,nd56:0.518281140506475)nd17:5.0525865457819865,(((nd45:1.588970399290281,nd46:1.588970399290281)nd41:0.34931528744813206,nd42:1.938285686738413)nd33:1.8444561148454945,(nd49:1.41416420939558,nd50:1.41416420939558)nd44:2.3685775921883274)nd22:1.7881258847045558)nd6:2.3120420671887865)nd3:0.0;
