sample	replicate	trs
1	1	(((((nd17:0.8067420100916576,(nd27:0.07331634791028112,nd28:0.07331634791028112)nd18:0.7334256621813764)nd7:0.8582652474052562,((nd15:0.17724791033857523,nd16:0.8617323182361294)nd13:0.1085032193842515,nd14:0.9702355376203808)nd8:0.6947717198765331)nd3:1.142120492427756,((nd19:0.729860021842649,nd20:0.729860021842649)nd11:0.4643187046971391,(((nd29:0.06462679503415868,nd30:0.06462679503415868)nd25:0.17594887219561206,nd26:0.24057566722977072)nd21:0.3896673429055404,nd22:0.6302430101353111)nd12:0.5639357164044769)nd4:1.6129490233848818)nd1:0.40907502640132004,(nd5:2.7503120082123225,((nd23:0.3330145339879789,nd24:0.3330145339879789)nd9:1.089038727877602,nd10:1.4220532618655808)nd6:1.328258746346741)nd2:0.46589076811366786)root:0.4109072236740097)origin:0.0;
