sample	replicate	trs
1	1	(nd2:7.362590806303892,(((nd8:3.4551888787193,(nd16:2.430317299611419,(nd18:2.4127330745841555,nd19:2.4127330745841555)nd17:0.017584225027263548)nd9:1.0248715791078815)nd6:3.062902580821454,((nd26:0.6099167432595802,(nd28:0.2316660544358471,nd29:0.2316660544358471)nd27:0.3782506888237332)nd12:1.9158132198222646,nd13:2.525729963081845)nd7:3.9923614964589094)nd4:0.4669703232590191,(nd10:3.202016819882511,((nd20:1.4262072802878536,nd21:1.4262072802878536)nd14:1.017596917900343,(nd22:0.8490003922421341,(nd24:0.7214534047872223,nd25:0.7214534047872223)nd23:0.12754698745491183)nd15:1.5948038059460623)nd11:0.7582126216943144)nd5:3.783044962917262)nd3:0.3775290235041186)root:0.0;
