sample	replicate	trs
1	1	((((((((nd35:0.5789315811237529,nd36:0.5789315811237529)nd21:0.631462896455133,nd22:1.210394477578886)nd17:0.04717209095136495,nd18:1.257566568530251)nd13:0.05355659275177399,nd14:1.311123161282025)nd5:0.4427652311667519,(nd7:1.7129801145744294,(nd9:1.6742545099227784,(((nd25:1.106998392559602,(nd31:0.7605224439150751,nd32:0.7605224439150751)nd26:0.3464759486445268)nd15:0.15886880675808057,((nd27:0.9715748745694635,((nd33:0.645230059904997,(nd37:0.08434981123163977,nd38:0.08434981123163977)nd34:0.5608802486733573)nd29:0.18048948812678023,nd30:0.8257195480317773)nd28:0.1458553265376862)nd19:0.28232598959604216,nd20:1.2539008641655058)nd16:0.011966335152176752)nd11:0.07832446649834204,(nd23:0.2293971025285183,nd24:1.133623111316345)nd12:0.21056855449967968)nd10:0.3300628441067538)nd8:0.038725604651651105)nd6:0.040908277874347414)nd3:10.932619738083547,nd4:5.268953225244332)nd1:6.929956248584627,nd2:1.5557545566260864)root:0.35153562088304424)origin:0.0;
