sample	replicate	trs
1	1	(((nd53:0.8170980711965335[&state=0],nd54:0.8170980711965335[&state=0])nd18:6.768671352414108[&state=0],(((nd49:1.4001348802971023[&state=0],nd50:1.4001348802971023[&state=0])nd21:3.2845581740559657[&state=0],nd37:4.684693054353068[&state=0])nd9:2.1505746405263064[&state=0],(((nd51:0.9111350486631096[&state=0],nd52:0.9111350486631096[&state=0])nd29:2.6023888908375374[&state=0],((nd55:0.7128930213268466[&state=0],(nd63:0.20414405513391864[&state=0],nd64:0.20414405513391864[&state=0])nd56:0.508748966192928[&state=0])nd41:1.8689950184333122[&state=0],nd42:2.5818880397601585[&state=0])nd30:0.9316358997404885[&state=0])nd27:0.14292224254216587[&state=0],(nd47:1.7144673880923667[&state=0],(nd59:0.29922521413441905[&state=0],nd60:0.29922521413441905[&state=0])nd48:1.4152421739579475[&state=0])nd28:1.9419787939504467[&state=0])nd16:3.178821512836562[&state=0])nd8:0.7505017287312655[&state=0])nd5:6.902357402189157[&state=0],(((((nd57:0.3680420105373522[&state=0],nd58:0.3680420105373522[&state=0])nd39:2.259000802440484[&state=0],nd40:2.627042812977836[&state=0])nd33:0.4025393833263051[&state=0],nd34:3.029582196304141[&state=0])nd23:1.3196273378809464[&state=0],(nd31:3.2883864190478613[&state=0],nd46:3.2883864190478613[&state=0])nd24:1.060823115137226[&state=0])nd19:1.7292066752711066[&state=0],(nd25:4.202740274255818[&state=0],(nd35:2.998628577523097[&state=0],(nd61:0.28900066840245303[&state=0],nd62:0.28900066840245303[&state=0])nd36:2.709627909120644[&state=0])nd26:1.204111696732722[&state=0])nd14:1.875675935200375[&state=0])nd6:8.409710616343602[&state=0])nd2:0.0[&state=0];
