sample	replicate	trs
1	1	(((((nd19:1.7215884001305184,(nd23:1.4843660930365155,nd24:1.4843660930365155)nd20:0.2372223070940028)nd11:1.0325476666348776,((nd35:0.473684811231817,nd36:0.473684811231817)nd29:0.32957954469336687,nd30:0.8032643559251839)nd12:1.9508717108402125)nd3:1.5666804673550205,((nd27:1.1059413924691437,nd28:1.1059413924691437)nd21:0.5211861096165289,nd22:1.627127502085672)nd4:2.693689032034744)nd1:0.2704278909175318,(((((nd39:0.06027480156543197,nd40:0.06027480156543197)nd13:2.588143053164654,nd14:2.648417854730086)nd9:0.5909265889816604,nd10:3.239344443711746)nd7:0.5866324011647668,(nd17:2.1313759101861187,((nd31:0.7749623679385996,(nd33:0.5070867481204218,(nd37:0.3794507602087662,nd38:0.3794507602087662)nd34:0.1276359879116556)nd32:0.26787561981817787)nd25:0.4017976831651679,nd26:1.1767600511037677)nd18:0.954615859082351)nd8:1.6946009346903945)nd5:0.03766945256168431,(nd15:2.3529850362805185,nd16:2.3529850362805185)nd6:1.510661261157679)nd2:0.7275981275997506)root:0.3289055749620541)origin:0.0;
