sample	replicate	trs
1	1	(nd2:9.716732424916753[&state=1],((((nd44:2.823423655026979[&state=0],nd45:2.823423655026979[&state=0])nd25:5.569033205351197[&state=16],((nd32:4.385015527509595[&state=0],(nd62:0.1115351220866338[&state=0],nd63:0.1115351220866338[&state=2])nd58:4.273480405422961[&state=7])nd14:2.5134374882128414[&state=0],(((nd48:2.596737421649177[&state=0],(nd50:2.5038998169372624[&state=0],nd51:2.5038998169372624[&state=0])nd49:0.09283760471191449[&state=0])nd30:1.879728320562515[&state=0],nd40:4.476465742211692[&state=0])nd16:2.162731625659998[&state=0],nd22:6.639197367871691[&state=0])nd15:0.2592556478507469[&state=0])nd9:1.4940038446557384[&state=0])nd6:0.20748900358989886[&state=16],((nd36:3.405889170825449[&state=0],(nd55:3.1884268701846565[&state=0],nd46:3.1884268701846565[&state=0])nd37:0.21746230064079206[&state=0])nd12:3.7663755972260953[&state=0],(nd20:6.597165837514537[&state=0],(nd52:2.4677105951824863[&state=0],nd61:2.467710595182486[&state=0])nd42:4.1294552423320505[&state=0])nd13:0.5750989305370078[&state=0])nd7:1.4276810959165296[&state=0])nd4:0.9740646817483554[&state=0],nd5:9.574010545716428[&state=0])nd3:0.14272187920032472[&state=16])root:0.0[&state=16];
