sample	replicate	trs
1	1	((((nd5:2.6380756782083457[&state=78],((nd19:0.7745672368227589[&state=7],nd20:0.7745672368227589[&state=78]):0.026871638552306527[&state=7],(nd23:0.4959601975402178[&state=78],nd24:0.4959601975402178[&state=28]):0.30547867783484767[&state=78]):1.836636802833281[&state=78]):0.015361463386898118[&state=1],((nd15:1.0239223374708952[&state=28],(nd29:0.11848028496840315[&state=6],nd30:0.11848028496840315[&state=7]):0.9054420525024922[&state=48]):1.397548262802962[&state=49],((nd11:2.3307190669003286[&state=28],nd12:2.3307190669003286[&state=78]):0.03459474650416912[&state=1],(nd21:0.5033524751296743[&state=28],(nd27:0.47343758227928495[&state=28],((nd35:0.014073698890849907[&state=1],nd36:0.014073698890849907[&state=48]):0.05936899145620279[&state=7],nd32:0.0734426903470527[&state=9]):0.39999489193223237[&state=50]):0.029914892850389372[&state=78]):1.8619613382748232[&state=78]):0.056156786869359675[&state=1]):0.2319665413213872[&state=1]):0.09022917947622917[&state=1],(nd13:2.2406980573827586[&state=78],(nd25:0.4837794468044563[&state=49],(nd33:0.07045087310912719[&state=1],nd34:0.07045087310912719[&state=28]):0.4133285736953292[&state=9]):1.756918610578302[&state=24]):0.5029682636887153[&state=1]):3.015023678928535[&state=7]):0.0[&state=23];
