sample	replicate	trs
1	1	(((((nd49:0.04416660845650933,nd50:0.04416660845650933)nd39:0.534752015165372,(nd41:0.25530088910962123,(nd43:0.17443290768463554,nd44:0.17443290768463554)nd42:0.08086798142498572)nd40:0.32361773451226)nd33:0.359781782621946,nd34:0.9387004062438277)nd29:1.9799619968533793,nd30:2.9186624030972057)nd20:5.829004446587699,(nd21:6.74313759312674,((nd37:0.6678448123179498,(nd45:0.15745438344626894,nd46:0.15745438344626894)nd38:0.5103904288716806)nd31:1.1703615358046602,((nd47:0.08644386607868451,nd48:0.08644386607868451)nd35:0.5864855987032334,(nd51:0.001001875894012896,nd52:0.001001875894012896)nd36:0.6719275888879052)nd32:1.165276883340692)nd25:4.904931245004131)nd16:2.0045292565581647)nd8:0.0;
