sample	replicate	trs
1	1	(((((nd9:0.849429013620483[&state=6],((((nd23:4.0038562872136625[&state=6],nd24:4.0038562872136625[&state=6]):2.2230300351357255[&state=6],(nd25:3.6748495824129566[&state=6],nd26:3.6748495824129566[&state=6]):2.5520367399364305[&state=6]):0.06698459701265773[&state=6],nd18:6.293870919362048[&state=6]):6.38832240349361[&state=6],nd12:2.1028520077651076[&state=6]):2.5757708158105634[&state=6]):1.0351418612757017[&state=6],nd8:9.08579723954037[&state=6]):2.442580454417123[&state=6],(((nd29:2.4499240983780233[&state=6],nd30:3.312299172567602[&state=6]):2.19845337942707[&state=6],(nd31:1.0329396451601023[&state=6],(nd35:0.49185995879450317[&state=12],nd36:0.49185995879450317[&state=6]):0.9342421541545064[&state=53]):4.084650439045663[&state=6]):11.287264407584933[&state=6],nd6:0.3786158841704311[&state=6]):1.937669494779437[&state=6]):2.9668102078055294[&state=6],((nd33:0.655231380957412[&state=0],(nd37:0.41165641592875335[&state=0],nd38:0.41165641592875335[&state=0]):0.24357496502865864[&state=0]):10.21888265718[&state=0],((nd27:3.6145187838000923[&state=0],nd28:3.6145187838000923[&state=0]):3.0321664645020827[&state=0],(nd39:0.30002245795068905[&state=2],nd40:0.30002245795068905[&state=34]):6.3466627903514885[&state=9]):4.227428789835235[&state=0]):10.828382624027162[&state=0]):1.2448033378354304[&state=22]):0.0[&state=22];
