sample	replicate	trs
1	1	(((nd24:1.4302031620172508,(nd27:0.6589027519935815,nd28:0.6589027519935815)nd22:0.7713004100236694)nd3:2.4870468212062127,(nd5:2.9618946508324706,(((nd13:1.9044633040099672,(nd19:1.5622691892807812,(nd25:1.0980631573308255,(nd35:0.14361402220916986,nd36:0.14361402220916986)nd33:0.9544491351216555)nd20:0.46420603194995563)nd14:0.3421941147291859)nd9:0.5644092966769824,nd10:2.4688726006869492)nd7:0.22519686480497592,nd37:2.6940694654919253)nd6:0.26782518534054456)nd4:0.9553553323909937)nd1:0.2896493160145251,((nd15:1.7989121386226858,nd16:1.7989121386226858)nd11:0.45245278102211306,(nd29:0.6567186535335096,(nd31:0.5336453078009754,nd32:0.5336453078009754)nd30:0.123073345732534)nd18:1.5946462661112895)nd2:1.9555343795931897)root:0.0;
