sample	replicate	trs
1	1	(((nd4:3.0387079076124093,(((((nd22:0.24176485306209886,nd23:2.102305821650028)nd18:0.015295898843167495,((nd26:0.6318366696144518,((nd52:1.171502033630219,nd53:1.171502033630219)nd30:0.6840680881870702,nd31:1.8555701218172898)nd27:0.038532540721086014)nd24:0.1331637835853152,nd25:1.0594001384104774)nd19:0.09033527436950436)nd10:0.2318200308641627,nd11:0.14072843218206002)nd8:0.16789419453539267,(((((nd46:1.2882717334277354,(nd54:1.1069304554949697,nd55:1.1069304554949697)nd47:0.18134127793276558)nd36:0.15589971392689128,(nd44:1.303196501294837,(nd64:0.7091750456652475,(nd74:0.22826371491704575,nd75:0.22826371491704575)nd65:0.4809113307482018)nd45:0.5940214556295894)nd37:0.14097494605978986)nd34:0.29557079306912254,(nd66:0.6875373053403224,nd67:0.6875373053403224)nd35:1.0522049350834266)nd16:0.4104091500683698,nd17:0.3271291502386673)nd12:0.08830749643928572,((nd20:0.08035537153442314,(((nd40:1.4328953956559545,nd41:0.5476890517999953)nd38:0.004410539618603957,((nd76:0.22203392183214438,nd77:0.22203392183214438)nd50:0.9895552568583075,((nd68:0.6148696830890906,nd69:0.6148696830890906)nd60:0.2515244881764368,(nd70:0.38914739726058856,nd71:0.27645027228422936)nd61:0.47724677400493887)nd51:0.3451950074249245)nd39:0.22571675658410678)nd28:0.4249668454887087,(((nd80:0.1410640055794702,nd81:0.1410640055794702)nd42:1.2826875213291205,(nd48:0.7293896194577186,nd49:1.2522824464127407)nd43:0.1479121650214492)nd32:0.3245352114354227,(nd58:0.9482739037518656,nd59:0.3868788524345637)nd33:0.8000128345921476)nd29:0.11398604241925395)nd21:0.251113436824982)nd14:0.06335252017365338,(((nd72:0.24514171261358264,nd73:0.24514171261358264)nd62:0.5716640154024563,nd63:0.8168057280160388)nd56:0.2731790833693295,(nd78:0.19635332127482968,nd79:0.19635332127482968)nd57:0.8936314901105388)nd15:1.086753926376534)nd13:0.06172014916950211)nd9:0.2788570589613458)nd6:1.2911824998091097,nd7:2.0237732576989016)nd5:2.0606777333081507)nd2:0.1049033336581559,nd3:0.1383299364122945)root:0.7742204873318344)origin:0.0;
