sample	replicate	trs
1	1	((((((nd50:0.034779648789031184[&state=0],nd51:0.034779648789031184[&state=0])nd30:0.6215152470632486[&state=0],(nd46:0.12982943547392117[&state=0],nd47:0.12982943547392117[&state=0])nd31:0.5264654603783586[&state=0])nd26:0.7638700195317505[&state=0],nd27:1.4201649153840306[&state=0])nd18:0.379882282836128[&state=0],((nd36:0.5065204821376622[&state=0],nd37:0.5065204821376622[&state=0])nd33:1.2646588216714278[&state=0],((nd48:0.06245443017470581[&state=0],(nd54:0.02117660114123406[&state=0],nd55:0.02117660114123406[&state=0])nd49:0.041277829033471755[&state=0])nd42:0.19451424459143463[&state=0],nd43:0.25696867476614044[&state=0])nd21:1.5142106290429496[&state=0])nd19:0.02886789441106837[&state=0])nd16:0.50479057285333[&state=0],nd38:2.304837771073488[&state=0])nd7:3.1898847663389267[&state=0],(((nd34:0.5775534498373124[&state=0],nd35:0.5775534498373124[&state=0])nd22:1.0289848778041417[&state=0],(nd52:0.025541828592041866[&state=0],nd53:0.025541828592041866[&state=0])nd24:1.5809964990494123[&state=0])nd12:3.6352279803667615[&state=0],((nd44:0.18160046078291603[&state=0],nd45:0.18160046078291603[&state=0])nd14:2.3442139652717753[&state=0],((nd40:0.2725777593650872[&state=0],nd41:0.2725777593650872[&state=0])nd28:0.70746902530584[&state=0],nd29:0.9800467846709272[&state=0])nd15:1.5457676413837644[&state=0])nd5:2.715951881953524[&state=0])nd3:0.25295622940419793[&state=0])root:0.0[&state=0];
