sample	replicate	trs
1	1	(((((nd51:0.30432954667362777,(nd53:0.27508770804887883,(nd69:0.051132673717010316,nd70:0.051132673717010316)nd54:0.22395503433186859)nd52:0.029241838624748905)nd35:0.23331142956448855,nd55:0.5376409762381162)nd31:0.034618648711217836,((nd67:0.05445892804831649,nd68:0.05445892804831649)nd43:0.44635186974216645,nd40:0.5008107977904829)nd32:0.07144882715885127)nd7:1.2922622637770538,((nd21:1.0263527463132476,((((nd65:0.07101310120887916,(nd71:0.027011256426016303,nd72:0.027011256426016303)nd66:0.04400184478286285)nd49:0.3178341877938141,nd50:0.38884728900269316)nd45:0.06150601719451314,nd46:0.45035330619720637)nd29:0.291921094220509,(nd61:0.1882780717371963,nd60:0.1882780717371963)nd42:0.5539963286805192)nd22:0.2840783458955324)nd13:0.2106378151316343,(nd19:1.0326472699868736,(nd47:0.41015562432126096,nd48:0.41015562432126096)nd20:0.6224916456656127)nd18:0.20434329145800822)nd8:0.6275313272815057)nd3:0.6449872361681096,((nd37:0.5027344830914151,((nd63:0.07650974195241865,nd64:0.07650974195241865)nd57:0.12299665671880011,nd58:0.19950639867121875)nd38:0.30322808442019644)nd9:0.9362898678108648,nd24:1.4390243509022798)nd5:1.0704847739922176)root:0.0;
