sample	replicate	trs
1	1	(((nd37:0.11620289413022443[&state=2],(nd41:0.0963432845967669[&state=52],nd42:0.0963432845967669[&state=6])nd38:0.019859609533457508[&state=52])nd19:1.0135458670244781[&state=81],((nd43:0.0686372030686798[&state=23],nd44:0.0686372030686798[&state=3])nd27:0.592655405114806[&state=52],nd28:0.6612926081834857[&state=16])nd20:0.4684561529712167[&state=11])nd16:12.35049372305708[&state=31],((((nd31:0.5515198667625549[&state=15],nd32:0.5515198667625549[&state=2])nd29:0.07610115719407852[&state=8],nd30:0.6276210239566332[&state=48])nd17:0.9299983333011194[&state=78],(((nd35:0.25396166050627456[&state=4],nd36:0.25396166050627456[&state=4])nd33:0.20151911979379392[&state=4],(nd39:0.11062918084969021[&state=4],nd40:0.11062918084969021[&state=4])nd34:0.34485159945037824[&state=4])nd23:0.31429200912499067[&state=4],(nd25:0.6830905267846713[&state=12],(nd45:0.035923882589927084[&state=108],nd46:0.035923882589927084[&state=4])nd26:0.6471666441947442[&state=67])nd24:0.08668226264038777[&state=12])nd18:0.7878465678326936[&state=37])nd13:2.2054003684670174[&state=10],(nd21:1.0039805558057822[&state=29],nd22:1.0039805558057822[&state=2])nd14:2.759039169918988[&state=12])nd12:9.717222758487011[&state=0])nd2:0.0[&state=0];
