sample	replicate	trs
1	1	((((((nd26:2.777796453072332,nd27:2.777796453072332)nd20:1.9859663304004478,nd21:3.511271075091422)nd18:2.350338100978033,nd19:7.114100884450811)nd4:12.222893551703548,(nd6:2.5848335555450754,(((nd28:2.433558728986257,(nd30:2.2859321985098906,nd31:2.2859321985098906)nd29:0.14762653047636604)nd10:8.772050893347169,(((nd34:1.8879673122934397,nd35:1.8879673122934397)nd32:0.3329521573830319,nd33:2.220919469676472)nd12:6.750504532525732,((nd24:2.867272005325641,nd25:2.867272005325641)nd22:1.084588943980685,nd23:3.951860949306326)nd13:5.019563052895879)nd11:2.2341856201312194)nd8:0.6660975224994881,((nd36:0.9222301057405655,nd37:0.9222301057405655)nd14:8.039814329155705,(nd16:8.459610563521426,nd17:8.459610563521426)nd15:0.5024338713748425)nd9:2.9096627099366397)nd7:4.917100914793382)nd5:2.5481863765280655)nd2:2.111230851001488,nd3:21.44822528715585)root:1.4669747128441455)origin:0.0;
