sample	replicate	trs
1	1	(((((nd32:1.1923801480832208,(nd34:0.5278187683670859,nd35:0.5278187683670859)nd33:0.664561379716135)nd24:0.7652431711080748,nd25:1.9576233191912957)nd12:1.3669177334701712,(nd20:2.7286654986199235,nd21:2.7286654986199235)nd13:0.5958755540415434)nd6:3.439966768978846,nd7:6.764507821640311)nd2:1.2875609099373082,((((nd22:2.3841004477378385,nd23:2.3841004477378385)nd16:0.6805968243498736,((nd30:1.2715633000755042,nd31:1.2715633000755042)nd18:1.5934038125509191,nd19:2.8649671126264233)nd17:0.1997301594612889)nd10:0.4534780169624404,((nd36:0.4496192269607273,nd37:0.4496192269607273)nd28:1.1395789109354144,nd29:1.5891981378961417)nd11:1.9289771511540112)nd4:3.2585108724162506,(((nd26:1.634403316826606,nd27:1.634403316826606)nd14:1.5782791678319885,nd15:3.2126824846585946)nd8:0.4410695947348199,nd9:3.653752079393414)nd5:3.1229340820729887)nd3:1.2753825701112176)root:0.0;
