sample	replicate	trs
1	1	((((nd19:0.18834932028256485[&state=6],nd20:0.18834932028256485[&state=6])nd17:0.05544837265692407[&state=6],nd18:0.24379769293948894[&state=6])nd11:0.12073922312246255[&state=6],(nd29:0.014348179391112548[&state=6],nd30:0.014348179391112548[&state=6])nd12:0.35018873667083894[&state=6])nd1:0.5057317409578741[&state=6],((nd5:0.7024912329010576[&state=6],((((nd23:0.1169858232305466[&state=6],nd24:0.1169858232305466[&state=6])nd15:0.16201171445051765[&state=6],nd16:0.2789975376810642[&state=6])nd13:0.0037891540838549307[&state=6],nd14:0.28278669176491916[&state=6])nd7:0.278653093094268[&state=6],((nd25:0.050308181003237196[&state=6],nd26:0.050308181003237196[&state=6])nd21:0.07430110625853749[&state=6],(nd27:0.025469198613395975[&state=6],nd28:0.025469198613395975[&state=6])nd22:0.09914008864837871[&state=6])nd8:0.43683049759741255[&state=6])nd6:0.14105144804187061[&state=6])nd3:0.02351779222121419[&state=6],(nd9:0.5051363644551433[&state=6],nd10:0.5051363644551433[&state=6])nd4:0.22087266066712866[&state=6])nd2:0.14425963189755361[&state=6])root:0.0[&state=6];
