sample	replicate	trs
1	1	((((((nd29:0.1037155021586402,nd30:0.1037155021586402)nd7:4.819225132947595,(nd11:2.9041089222277026,(nd15:0.21049726241687766,(nd17:2.000855038853334,nd18:2.000855038853334)nd16:0.5559207553099962)nd12:0.34733312806437405)nd8:2.0188317128785322)nd5:0.5361398617198158,nd6:1.5411073693301969)nd3:0.2912356008746321,(((nd25:0.9275343647337965,nd26:0.9275343647337965)nd19:0.8554058302360484,nd20:1.782940194969846)nd9:1.4936815504980867,nd10:3.276621745467931)nd4:2.4736943522327515)nd1:4.8830403868242325,((nd23:1.0530878134310597,nd24:1.0530878134310597)nd13:1.6043949775666055,((nd31:0.002100578126285193,nd32:0.002100578126285193)nd21:1.1575708078616167,(nd27:0.7158931509868683,nd28:0.7158931509868683)nd22:0.443778235001033)nd14:1.4978114050097633)nd2:7.975873693527252)root:0.12944351547508123)origin:0.0;
