sample	replicate	trs
1	1	((((nd17:1.4449512533195572[&state=50],nd18:1.4449512533195572[&state=104])nd13:1.7482755237935959[&state=48],((nd23:0.24978150263664967[&state=63],(nd31:0.07953964322305346[&state=0],nd32:0.07953964322305346[&state=24])nd24:0.17024185941359635[&state=49])nd21:0.36165303837238544[&state=50],((nd33:0.051189697720509575[&state=104],nd34:0.051189697720509575[&state=78])nd27:0.15081487228587012[&state=78],nd28:0.20200457000637964[&state=78])nd22:0.4094299710026555[&state=104])nd14:2.581792236104121[&state=78])nd7:1.71077877905737[&state=28],(((nd25:0.21935090816846203[&state=104],nd26:0.21935090816846203[&state=7])nd19:0.887411127366164[&state=0],nd20:1.106762035534627[&state=78])nd15:1.4560129977775973[&state=63],(nd29:0.09813663365462386[&state=9],nd30:0.09813663365462386[&state=48])nd16:2.464638399657598[&state=78])nd8:2.3412305228583006[&state=78])nd3:4.794589609410996[&state=7],(nd11:3.8421199534590693[&state=104],nd10:3.8421199534590693[&state=78])nd2:5.856475212122449[&state=28])root:0.0[&state=6];
