sample	replicate	trs
1	1	((nd1:1.4333150014345455,((nd5:1.8101068027500606,nd6:0.14814896000830097)nd3:0.22708436428488135,((nd9:0.15391637419659251,((nd15:0.3062425084397404,(nd17:0.15458672166991239,nd18:0.012426623909025672)nd16:0.6568270435735268)nd13:0.1921536030759527,(nd25:0.06463293747870759,nd26:0.4188779989070022)nd14:2.3387988547330605)nd10:0.3138598118205837)nd7:0.03696049067020847,((nd19:0.4675233963687172,((((((((nd49:1.4579559267478437,nd50:1.4579559267478437)nd41:1.0521937236975727,(nd43:0.5511962182997627,nd44:0.4069316313425711)nd42:0.19742936512870957)nd37:0.05077513852360137,(((nd57:0.7423617381070866,((nd81:0.15026512626267907,nd82:0.15026512626267907)nd65:0.388885252082973,nd66:0.5391503783456522)nd58:0.20321135976143456)nd53:0.13844208159017418,nd54:0.8808038196972611)nd45:0.7215652472602228,(((nd77:0.1890018332767513,nd78:0.06877508508056918)nd75:0.025306452808928362,nd76:0.33847683759490843)nd69:0.11007960550558679,(nd71:0.3490321922667094,(nd79:0.276988334387734,nd80:0.276988334387734)nd72:0.07204385787897535)nd70:0.09952425083378583)nd46:1.1538126238569884)nd38:0.9585557220115342)nd31:0.5358022334425563,(nd33:0.0474780254222399,(nd35:0.008890219133798281,(((nd63:0.6304981644161655,(nd83:0.05319647133175794,nd84:0.05319647133175794)nd64:0.5773016930844075)nd51:0.5106507525915942,(((nd61:0.20016103655318315,nd62:0.43256596699723027)nd59:0.02198703479873664,(nd73:0.34266104946119663,(nd85:0.008361364445939141,nd86:0.008361364445939141)nd74:0.3342996850152575)nd60:0.3145208953587729)nd55:0.2073853897564794,nd56:0.07690826349896271)nd52:0.2765815824313107)nd39:1.3917860413947312,nd40:1.9381470729020267)nd36:0.16234819799098765)nd34:0.20650783509349224)nd32:0.19493603092460324)nd29:0.35256935844943665,(nd47:1.0068831049596234,(nd67:0.4663670911891857,nd68:0.15975839135804393)nd48:1.0836102059997026)nd30:1.8993190836721225)nd27:0.6121106891574122,nd28:0.09175915804034306)nd23:0.9167900898096949,nd24:0.6228326324346037)nd21:0.41571792896877746,nd22:0.47250102100349367)nd20:0.41480031031883313)nd11:1.6474385862080176,nd12:1.0734767331761965)nd8:0.12250858798929999)nd4:0.5798116979231221)nd2:1.4677138308875863)root:1.0445118978762427)origin:0.0;
