sample	replicate	trs
1	1	((((((((nd19:2.6677989346182236[&state=104],(nd27:0.49781027403802464[&state=107],(nd31:0.20641017214992993[&state=53],nd32:0.20641017214992993[&state=79]):0.29140010188809473[&state=104]):2.1699886605801977[&state=81]):1.373530813730992[&state=6],(nd33:0.19430277332726664[&state=25],nd34:0.19430277332726664[&state=104]):3.84702697502195[&state=104]):1.4573219358453442[&state=22],(nd17:3.394039480640718[&state=78],((nd23:1.735856564208338[&state=104],nd24:1.735856564208338[&state=104]):0.8430736576292864[&state=78],nd22:1.1586656175800816[&state=6]):0.8151092588030906[&state=6]):2.104612203553844[&state=6]):0.1910105779282888[&state=6],(nd11:5.21909487319009[&state=53],(nd13:4.973949633894864[&state=120],nd14:1.4373982695821212[&state=6]):0.24514523929522467[&state=6]):0.47056738893276306[&state=6]):0.4174524311373287[&state=6],nd6:6.107114693260182[&state=79]):0.8754838012099463[&state=6],nd4:4.576883010537577[&state=6]):0.7981592903829305[&state=6],(nd25:1.7104138455252822[&state=78],(nd29:0.37946429631132866[&state=81],nd30:0.37946429631132866[&state=50]):1.3309495492139538[&state=50]):6.07034393932777[&state=6]):3.369642215146958[&state=6]):0.0[&state=23];
