sample	replicate	trs
1	1	((nd65:5.242695780379921,(nd101:4.464079825796446,(nd73:4.009745938223391,(nd107:0.3723815601123394,nd108:0.3723815601123394)nd74:3.6373643781110516)nd72:0.4543338875730559)nd69:0.7786159545834752)nd48:16.2469763291774,((nd79:3.7942184382998043,(((nd99:1.3480936025300725,nd100:1.3480936025300725)nd93:0.5511136051692345,nd94:1.8992072076993072)nd91:0.5965168035161164,nd92:2.4957240112154233)nd80:1.298494427084381)nd67:1.1914612461056642,((nd106:2.50913597345993,nd98:2.5091359734599306)nd84:1.206964184066743,((nd109:0.08908716311004426,nd110:0.08908716311004426)nd85:2.7690748353281434,(nd103:0.4720015429327443,nd104:0.4720015429327443)nd86:2.3861604555054434)nd82:0.857938159088486)nd68:1.269579526878795)nd50:16.503992425151857)nd1:0.0;
