sample	replicate	trs
1	1	(((nd30:0.45343378883416824,(nd34:0.4055973004623049,nd35:0.4055973004623049)nd31:0.04783648837186333)nd4:1.593084675859496,((((nd22:1.2873722569324848,(nd28:0.4880716324056728,nd29:0.4880716324056728)nd26:0.7993006245268119)nd20:0.24212934336435127,(nd24:0.5757081755480351,(nd32:0.4339875602842834,nd33:0.4339875602842834)nd25:0.14172061526375176)nd21:0.9537934247488008)nd10:0.41516981769574257,nd11:1.9446714179925784)nd6:0.09669164096465968,(nd16:1.7247508949045351,nd17:1.7247508949045351)nd15:0.31661216405270265)nd5:0.005155405736426417)nd2:2.0725586173910657,((nd18:1.6100782738104846,nd19:1.6100782738104846)nd12:0.31203086757160303,nd13:1.9221091413820877)nd3:2.196967940702643)root:0.0;
