sample	replicate	trs
1	1	((((nd24:5.486298477895406,(((nd44:0.40028816264965217,nd45:0.40028816264965217)nd34:1.0684116589478525,(nd48:0.06920795998114254,nd49:0.06920795998114254)nd35:1.3994918616163623)nd18:3.7202167620599025,((nd32:1.5333213531157128,nd33:1.5333213531157128)nd28:1.2161955866481087,nd29:2.7495169397638217)nd19:2.4393996438935863)nd15:0.297381894237999)nd10:0.5703507484334667,(nd26:3.9111266044740947,(nd46:0.18500624218298978,nd47:0.18500624218298978)nd27:3.726120362291105)nd11:2.145522621854778)nd4:1.7289266756874038,((nd12:5.61341956768752,(nd36:1.0434403149552194,nd37:1.0434403149552194)nd13:4.569979252732301)nd6:1.2837608778981071,(nd22:5.132874822686478,(nd42:0.5357042318989403,nd43:0.5357042318989403)nd21:4.597170590787538)nd7:1.7643056228991485)nd5:0.8883954564306493)nd2:0.3079896773934522,((nd30:2.095971210877581,((nd40:0.633763687161488,nd41:0.633763687161488)nd38:0.038240464514505225,nd39:0.6720041516759934)nd31:1.423967059201588)nd16:3.289818325821437,nd17:5.385789536699018)nd8:2.7077760427107096)root:0.0;
