sample	replicate	trs
1	1	((nd4:11.548329356831449,(nd24:3.885485242136759,nd25:3.885485242136759)nd5:7.662844114694677)nd2:0.9593148260917479,((((nd28:2.8200998996660047,nd29:2.8200998996660047)nd22:1.0970111637598485,(nd32:2.7192588537259494,(nd40:0.19485574098803748,nd41:0.19485574098803748)nd33:2.524403112737912)nd23:1.1978522096999031)nd13:6.967533104846337,(((nd38:0.9352080392132818,nd39:0.9352080392132818)nd34:0.647466126173713,nd35:1.5826741653869956)nd26:1.5347471990545858,nd30:3.117421364441581)nd9:7.767222803830611)nd6:0.04857430905089111,(nd18:4.75150324128875,(nd36:1.1384313258824168,nd37:1.1384313258824168)nd17:3.6130719154063358)nd11:6.181715236034329)nd3:1.574425705600101)root:0.0;
