sample	replicate	trs
1	1	((nd4:1.6773143773465322,nd5:1.6773143773465322)nd2:3.666967191640225,((((((nd36:0.0066076413130611855,nd37:0.0066076413130611855)nd34:0.0016774850059820224,nd35:0.008285126319043209)nd20:0.05986525277024835,nd21:0.06815037908929156)nd14:0.04725242369732032,(nd16:0.10067397651923166,((nd24:0.04273993075228775,(nd26:0.04249452613803394,(nd32:0.013988281930336525,nd33:0.013988281930336525)nd27:0.02850624420769742)nd25:0.0002454046142538063)nd18:0.0332536303941738,nd19:0.07599356114646155)nd17:0.0246804153727701)nd15:0.014728826267380235)nd8:0.09297922847132359,((nd12:0.12262606349108318,((nd28:0.03238460484549451,nd29:0.03238460484549451)nd22:0.018850719897621368,(nd30:0.01514019876623967,nd31:0.01514019876623967)nd23:0.03609512597687621)nd13:0.07139073874796731)nd10:0.03150426694909972,nd11:0.15413033044018293)nd9:0.05425170081775257)nd6:0.1878196707043684,nd7:0.3962017019623039)nd3:4.948079867024454)root:0.0;
