sample	replicate	trs
1	1	(((nd3:1.5199766111000865,(((nd17:3.828485650587892,nd18:3.828485650587892)nd15:0.6640901172938466,((nd55:0.6668288329393243,(nd67:0.14460199368211177,(nd71:0.048640788299901976,(nd75:0.016168477800955088,nd76:0.016168477800955088)nd72:0.03247231049894689)nd68:0.09596120538220979)nd56:0.5222268392572124)nd19:3.1509793718380767,nd20:0.13932400695994382)nd16:0.6747675631043383)nd13:0.11283658234061666,nd14:0.22771315625116817)nd4:6.937162790649126)nd1:0.7040687689990345,(nd5:0.0883068122457142,((nd9:0.5081840978601071,nd10:2.6544831433088816)nd7:2.1097164324881374,(((((nd43:0.06339438246666505,((nd53:0.7929310202961593,nd54:0.7929310202961593)nd51:0.02434979571983309,nd52:0.8172808160159923)nd44:0.40543578222781756)nd31:0.6374023703338286,(((nd37:1.3508792057543273,((nd69:0.08883507259322028,nd70:0.08883507259322028)nd39:1.151731588887815,(((nd61:0.4040561414979744,nd62:0.4040561414979744)nd49:0.5356751144821438,nd50:0.9397312559801185)nd41:0.2972520899787878,((((nd73:0.042135283958523874,nd74:0.042135283958523874)nd63:0.29378440359166735,(nd65:0.2798285810515256,nd66:0.2798285810515256)nd64:0.056091106498665624)nd59:0.11352233178898481,nd60:0.44944201933917627)nd45:0.6953269853002918,nd46:1.1447690046394678)nd42:0.092214341319439)nd40:0.0035833155221284465)nd38:0.11031254427329228)nd35:0.01652281290971258,nd36:1.36740201866404)nd33:0.024131821297468662,nd34:1.3915338399615087)nd32:0.46858512861613066)nd29:0.029528712740074733,nd30:1.8896476813177145)nd21:0.5753531783935983,((nd57:0.6516194557614039,nd58:0.6516194557614039)nd23:1.680377474091916,(nd47:1.0678148182478704,nd48:1.0678148182478704)nd24:1.26418211160545)nd22:0.13300392985799245)nd11:2.544466352104597,(nd25:2.303546658452078,(nd27:2.0870141592161384,nd28:0.5795641343893057)nd26:0.21653249923593962)nd12:2.7059205533638315)nd8:3.9033290659111173)nd6:1.8832554563048403)nd2:1.450592175838649)root:0.4668560901294831)origin:0.0;
