sample	replicate	trs
1	1	((((((nd91:1.1625085604707364[&state=1],nd92:1.1625085604707364[&state=1])nd83:0.6897544263799493[&state=1],nd84:1.8522629868506857[&state=3])nd51:1.5950328807670837[&state=23],nd52:3.4472958676177714[&state=6])nd39:1.7313914077789025[&state=1],nd42:5.178687275396675[&state=11])nd38:5.789130621146646[&state=1],nd31:10.967817896543325[&state=1])nd17:1.104083480569939[&state=1],((nd67:2.2953907168148997[&state=1],(((nd95:0.36573260398792656[&state=1],nd96:0.36573260398792656[&state=1])nd77:1.5455921564966135[&state=1],nd78:1.91132476048454[&state=4])nd73:0.042749213545271544[&state=1],nd88:1.954073974029812[&state=11])nd68:0.3413167427850898[&state=1])nd35:4.044218835437876[&state=1],(((nd65:2.30089368622012[&state=0],nd71:2.3008936862201215[&state=28])nd45:1.7494382109346336[&state=8],(((nd69:2.259387713229542[&state=9],nd70:2.259387713229542[&state=1])nd55:0.9067947577695993[&state=1],(nd94:1.904256209224191[&state=1],((nd99:0.062130058639742455[&state=7],nd100:0.062130058639742455[&state=1])nd89:1.1841909819484555[&state=7],nd90:1.2463210405881977[&state=1])nd80:0.657935168635994[&state=1])nd62:1.2619262617749523[&state=1])nd49:0.40149386148032856[&state=1],(nd59:2.6180788304016467[&state=0],(nd97:0.09427077141730764[&state=0],nd98:0.09427077141730764[&state=7])nd60:2.5238080589843395[&state=7])nd50:0.949597502077824[&state=0])nd46:0.482655564675284[&state=7])nd43:0.7485937565795291[&state=0],(nd75:1.9359425366573002[&state=1],nd85:1.9359425366573006[&state=9])nd48:2.8629831170769844[&state=6])nd36:1.540683898518493[&state=22])nd33:5.732291824860479[&state=0])nd15:0.0[&state=1];
