sample	replicate	trs
1	1	((((nd33:3.5295105306091434,(nd53:0.3398625027405104,nd54:0.3398625027405104)nd49:3.1896480278686328)nd31:0.23802438296902184,nd47:3.7675349135781655)nd15:6.12671974483564,(nd45:1.693405432240375,(nd51:1.0290768462996858,nd52:1.0290768462996858)nd46:0.6643285859406891)nd12:8.200849226173428)nd5:3.684946532444416,(((nd29:4.9427743004489235,(((nd55:0.20086677158589186,nd56:0.20086677158589186)nd41:1.628365621264591,nd42:1.8292323928504828)nd39:0.8156199442293899,nd40:2.6448523370798718)nd30:2.2979219633690513)nd25:3.7645375979363056,nd28:8.707311898385228)nd7:4.645878176267111,((nd37:2.9340071098420966,nd44:2.9340071098420966)nd19:4.933685463664663,nd20:7.867692573506758)nd8:5.485497501145579)nd6:0.22601111620588302)nd1:0.0;
