sample	replicate	trs
1	1	(((nd5:14.666519309742352,(((nd21:6.914683292215837,(nd29:1.749362630466959,nd30:1.749362630466959)nd22:5.165320661748878)nd9:5.99403615626074,(nd15:10.628333712975065,(nd31:1.6127790497363168,nd32:1.6127790497363168)nd16:9.015554663238749)nd12:2.2803857355015107)nd7:1.4943251354937193,(nd19:7.357356984396259,((nd37:0.04212830841733259,nd38:0.04212830841733259)nd35:0.8538813832341101,nd36:0.8960096916514427)nd20:6.461347292744817)nd8:7.045687599574037)nd6:0.26347472577205683)nd3:0.37202679079854467,(nd17:9.085087768396562,nd27:9.085087768396562)nd4:5.9534583321443355)nd1:3.6507562839896255,((nd33:1.3889553985091245,nd34:1.3889553985091245)nd23:2.218285466697665,(nd25:2.1289810742921595,nd26:2.1289810742921595)nd24:1.47825979091463)nd14:15.082061519323734)root:0.0;
