sample	replicate	trs
1	1	((((((((((nd49:0.29312714228321235,((nd69:0.008979169031125576,nd70:0.008979169031125576)nd61:0.07772838303127887,(nd63:0.05052510557498309,(nd67:0.00928350930114675,nd68:0.00928350930114675)nd64:0.04124159627383634)nd62:0.03618244648742135)nd50:0.2064195902208079)nd39:0.1485884477194105,((nd57:0.14012645170743046,nd58:0.14012645170743046)nd43:0.2736338089044441,nd44:0.41376026061187454)nd40:0.027955329390748407)nd27:0.4082520880729119,(nd37:0.4789325715873851,nd38:0.4789325715873851)nd28:0.37103510648814975)nd25:0.01915799546159636,((nd45:0.3852910900840434,(nd65:0.019285378061808127,nd66:0.019285378061808127)nd46:0.36600571202223525)nd35:0.14296732261994094,(nd41:0.4225827565146897,nd42:0.4225827565146897)nd36:0.10567565618929484)nd26:0.34086726083314683)nd23:0.6234542410883416,nd24:1.492579914625474)nd15:1.4329887705927875,nd19:2.92556868521826)nd11:1.3127616455627433,(((nd47:0.3305954180631297,(nd53:0.24286712221142845,(nd55:0.14926536531991683,nd56:0.14926536531991683)nd54:0.09360175689151164)nd48:0.08772829585170129)nd21:1.32591114386291,(nd51:0.27424331343130737,nd52:0.27424331343130737)nd22:1.3822632484947326)nd17:0.8200171584657387,(nd59:0.7257547703576053,nd32:0.7257547703576054)nd18:1.750768950034173)nd12:1.761806610389225)nd7:1.8485178537651186,nd8:6.08684818454612)nd3:1.1799366659490513,nd4:7.266784850495171)nd1:1.1987693406908742,((nd29:0.8150121932246303,nd34:0.8150121932246303)nd13:4.651900271335533,nd10:5.466912464560162)nd5:2.998641726625885)root:0.0;
