sample	replicate	trs
1	1	(((nd3:14.946111542423354[&state=1],((nd15:5.44825866998171[&state=66],nd16:1.4862922444538305[&state=1]):11.723122245176619[&state=28],((((nd37:0.0880490539615516[&state=31],nd38:0.0880490539615516[&state=98]):7.462679301133862[&state=98],((nd19:2.2193829407088534[&state=119],nd20:2.2193829407088534[&state=67]):0.5050858143576231[&state=63],(nd27:0.9641105264804782[&state=98],nd28:0.9641105264804782[&state=98]):1.7603582285859942[&state=105]):4.826259600028936[&state=63]):4.4150848131248885[&state=7],((((nd31:0.6530849751123382[&state=98],nd32:0.6530849751123382[&state=67]):1.4340843438866973[&state=64],(nd33:0.5061166187687409[&state=63],nd34:0.5061166187687409[&state=6]):1.5810527002302959[&state=120]):0.12325511454645874[&state=104],(nd29:0.6816175197152186[&state=66],nd30:0.6816175197152186[&state=64]):1.5288069138302764[&state=108]):8.198927136710251[&state=63],(nd35:0.2145175371109145[&state=67],nd36:0.2145175371109145[&state=67]):10.194834033144842[&state=98]):1.5564615979645466[&state=7]):1.2743980458703694[&state=7],(nd25:1.624380420512346[&state=67],nd26:1.624380420512346[&state=120]):11.615830793578322[&state=104]):3.9311697010676565[&state=1]):4.6434202341490005[&state=7]):3.395623186394398[&state=0],nd2:1.3051007857473056[&state=0]):2.127875664298296[&state=0]):0.0[&state=22];
