sample	replicate	trs
1	1	(((((((nd17:0.4743095421937245[&state=6],(nd21:0.28207163732839835[&state=6],(nd23:0.18664872330329688[&state=6],nd24:0.18664872330329688[&state=6]):0.09542291402510146[&state=6]):0.19223790486532613[&state=6]):0.2685526948353792[&state=6],nd12:0.7428622370291036[&state=6]):0.5398768112706333[&state=6],((nd15:0.6815973407366555[&state=6],((nd25:0.15579557777578837[&state=6],(nd29:0.11896848178811992[&state=6],nd30:0.11896848178811992[&state=6]):0.03682709598766845[&state=6]):0.23034487979777615[&state=6],nd20:0.3861404575735645[&state=6]):0.29545688316309093[&state=6]):0.05352061732116082[&state=6],(nd27:0.13608479980281413[&state=6],nd28:0.13608479980281413[&state=6]):0.5990331582550021[&state=6]):0.5476210902419206[&state=6]):0.07907819469799167[&state=6],(nd9:0.7865794864844455[&state=6],nd10:0.7865794864844455[&state=6]):0.5752377565132831[&state=6]):0.003540203668430485[&state=6],nd4:1.365357446666159[&state=6]):0.18497293742012122[&state=6],nd2:1.5503303840862803[&state=6]):0.20745961591371975[&state=6]):0.0[&state=23];
