sample	replicate	trs
1	1	((nd14:7.891006677793497,(((nd63:0.028349394235885263,nd64:0.028349394235885263)nd41:0.38675181110243995,(nd47:0.3310938664041266,nd48:0.3310938664041266)nd42:0.08400733893419786)nd15:4.631581999777851,((nd25:1.9303662605574363,(nd27:0.7905799258283516,((nd55:0.17361473145302064,nd56:0.17361473145302064)nd39:0.25010034650957264,(nd57:0.1711797735510083,nd58:0.1711797735510083)nd40:0.25253530441158495)nd28:0.3668648478657588)nd26:1.1397863347290844)nd19:1.5696426641096888,((nd61:0.12143004428945463,nd62:0.12143004428945463)nd35:0.32981979615988954,nd36:0.45124984044934385)nd20:3.048759084217784)nd16:1.5466742804490556)nd12:2.8443234726773365)nd10:8.623630122487224,((nd17:3.8388567601105144,(((nd59:0.12576482564386673,nd60:0.12576482564386673)nd43:0.25024594510002024,nd44:0.3760107707438867)nd21:3.084173422725987,nd22:3.460184193469878)nd18:0.37867256664063564)nd5:11.772226017094251,((((((nd45:0.33193490702085443,nd46:0.33193490702085443)nd37:0.1179848945105802,(nd53:0.18705631686215388,nd54:0.18705631686215388)nd38:0.26286348466928156)nd33:0.030453220599353997,nd34:0.48037302213078914)nd31:0.1768012827160398,nd32:0.6571743048468287)nd29:0.08881333645183273,(nd49:0.3036805930722235,nd50:0.3036805930722235)nd30:0.4423070482264381)nd23:1.9267170785417849,(nd51:0.19816080934303015,nd52:0.19816080934303015)nd24:2.474543910497416)nd8:12.938378057364314)nd4:0.9035540230759883)nd2:0.0;
