sample	replicate	trs
1	1	(((nd9:9.158655524616979[&state=126],(nd39:0.2053051991192237[&state=119],nd40:0.2053051991192237[&state=4])nd10:8.953350325497754[&state=100])nd7:3.1438079749609[&state=7],((nd29:1.561923317086589[&state=119],nd30:1.561923317086589[&state=125])nd23:1.0645304725513085[&state=98],(nd33:1.1122175387286448[&state=119],nd34:1.1122175387286448[&state=98])nd24:1.514236250909253[&state=120])nd8:9.676009709939983[&state=104])nd1:6.551199286829385[&state=7],(((nd35:0.3194570735070377[&state=98],nd36:0.3194570735070377[&state=100])nd15:6.984851297729744[&state=119],(nd25:2.3821514863489495[&state=126],nd26:2.3821514863489495[&state=126])nd16:4.922156884887832[&state=81])nd5:8.839800081015087[&state=1],(((((nd37:0.26074626368429527[&state=37],nd38:0.26074626368429527[&state=74])nd27:1.4896234341604222[&state=103],nd28:1.7503696978447179[&state=126])nd19:2.0374997959535532[&state=67],nd20:3.7878694937982726[&state=126])nd17:1.8628705407434087[&state=8],(nd21:2.7193340694078105[&state=119],nd22:2.7193340694078105[&state=119])nd18:2.9314059651338713[&state=28])nd11:3.0698876407571114[&state=28],((nd31:1.4363904390389945[&state=98],nd32:1.4363904390389945[&state=119])nd13:7.157112211840274[&state=120],(nd41:0.017371821461171347[&state=119],nd42:0.017371821461171347[&state=3])nd14:8.576130829418096[&state=119])nd12:0.12712502441952128[&state=48])nd6:7.423480776953078[&state=48])nd3:2.709554334155392[&state=48])root:0.0[&state=22];
