sample	replicate	trs
1	1	(((nd3:13.732797128855523[&state=6],((nd53:0.3044619320945766[&state=4],nd54:0.3044619320945766[&state=6]):12.07227020124823[&state=26],(nd21:2.7823750204062017[&state=6],((nd31:4.394348111803139[&state=6],(nd43:3.3537459126002362[&state=6],nd44:3.297909108606591[&state=6]):3.676125325961685[&state=6]):0.23455475621937194[&state=6],(((nd51:0.5193668674254197[&state=6],nd52:0.5193668674254197[&state=6]):2.3063026335745356[&state=6],nd50:2.8256695009999553[&state=6]):4.365312365326127[&state=6],(nd33:6.0939518599520275[&state=6],(nd55:0.18842810086544287[&state=6],nd56:0.18842810086544287[&state=6]):5.905523759086584[&state=6]):1.0970300063740557[&state=6]):0.0734441284552111[&state=6]):1.8958990052426508[&state=6]):3.216407133318862[&state=6]):6.277435989370039[&state=6]):1.6241688032327737[&state=6],(((((((nd57:0.10856141317481163[&state=0],nd58:0.10856141317481163[&state=0]):4.646081162277684[&state=0],(nd47:3.2571782647946934[&state=12],nd48:2.806006335242867[&state=1]):1.4974643106578025[&state=1]):4.944579212836444[&state=7],((nd41:4.6268823813848[&state=1],nd42:4.6268823813848[&state=1]):0.13811050709772232[&state=1],nd38:4.7649928884825234[&state=1]):4.934228899806417[&state=1]):0.8709639989657605[&state=7],nd16:3.6092636654905297[&state=0]):2.7735038307303483[&state=7],(((nd45:3.2972663838730583[&state=0],nd46:3.2972663838730583[&state=0]):4.113812565075846[&state=0],(nd35:3.62087779886586[&state=0],nd36:0.5724068316850137[&state=1]):2.0636782847623927[&state=7]):2.9042344628123287[&state=0],nd18:4.396265735645717[&state=0]):3.0283762062238155[&state=0]):3.3457177838571313[&state=0],nd8:7.569097484732803[&state=0]):0.5556686662136693[&state=0],((nd23:1.629352989578789[&state=0],nd24:4.078303759035922[&state=0]):1.5116702597537628[&state=0],nd14:1.7375321037123468[&state=0]):6.575757334401819[&state=0]):3.0332608578897693[&state=0]):0.5268630740543799[&state=22]):0.0[&state=22];
