sample	replicate	trs
1	1	(((nd3:7.768407066374626,((((nd35:1.0818020229042202,nd36:1.0818020229042202)nd21:4.233341781793002,(nd25:4.3167436001901525,(nd29:2.2443919945160253,nd30:2.2443919945160253)nd26:2.325436370231453)nd22:0.745315439949744)nd15:6.229426889586592,nd16:11.544570694283811)nd9:3.317729865678352,(nd11:3.201080621177356,((nd19:10.59696138625114,nd20:2.48980548135719)nd13:2.654194228561271,nd14:8.704907612429508)nd12:0.9188697708675606)nd10:0.6922751742821938)nd4:6.399231283282499)nd1:0.9794318738083226,(((nd39:0.5564038184449057,nd40:0.5564038184449057)nd7:18.972953049953666,(nd37:0.6976318790097605,nd38:0.6976318790097605)nd8:18.831724989388814)nd5:0.7134474504715815,((nd27:2.286401922912935,nd28:2.286401922912935)nd17:8.721609183192719,(((nd33:1.118284826241594,nd34:1.118284826241594)nd31:0.24848104364245885,(nd41:0.30773199289509046,nd42:0.30773199289509046)nd32:1.0590338769889622)nd23:3.736235642796353,nd24:5.103001512680406)nd18:5.90500959342525)nd6:9.234793212764496)nd2:1.9981593981828376)root:1.3059362829470054)origin:0.0;
