sample	replicate	trs
1	1	((((nd108:0.16721844355772028[&state=5],nd109:0.16721844355772028[&state=5])nd84:0.8930606033223695[&state=5],nd85:1.0602790468800898[&state=5])nd70:5.802963947341139[&state=5],((((nd100:0.41053400496145076[&state=5],nd101:0.41053400496145076[&state=5])nd79:1.3614102358921025[&state=5],(((nd110:0.08978804966059015[&state=5],nd111:0.08978804966059015[&state=5])nd90:0.5843960793321843[&state=5],nd91:0.6741841289927744[&state=5])nd76:0.6812262379263863[&state=5],(nd104:0.28646689433794564[&state=5],nd105:0.28646689433794564[&state=5])nd77:1.068943472581215[&state=5])nd63:0.41653387393439245[&state=5])nd53:1.8594272092708048[&state=5],((nd112:0.03641400171137069[&state=5],nd113:0.03641400171137069[&state=5])nd86:0.9653967940298875[&state=5],((nd106:0.1972004407480372[&state=5],nd107:0.1972004407480372[&state=5])nd92:0.45176336222260016[&state=5],(((nd102:0.34935894788349947[&state=5],nd103:0.34935894788349947[&state=5])nd98:0.10451169689957801[&state=5],nd99:0.4538706447830775[&state=5])nd94:0.17975335717497243[&state=5],nd95:0.6336240019580498[&state=5])nd93:0.015339801012587433[&state=5])nd87:0.35284699277062104[&state=5])nd58:2.6295606543831[&state=5])nd14:2.3816138072575006[&state=5],(nd83:2.1895761263452282[&state=5],(nd89:1.1978022794968024[&state=5],nd81:1.1978022794968024[&state=5])nd75:0.9917738468484254[&state=5])nd15:3.8234091310366307[&state=5])nd10:0.8502577368393702[&state=5])nd6:0.984099687187694[&state=5],(((nd48:2.3326271587388474[&state=0],nd49:2.3326271587388474[&state=0])nd45:3.0235664305081675[&state=0],((nd72:1.4295134840638808[&state=0],(nd96:0.5241897345567325[&state=0],nd97:0.5241897345567325[&state=0])nd73:0.9053237495071486[&state=0])nd46:1.3792804387214233[&state=0],nd47:2.808793922785304[&state=0])nd26:2.5473996664617116[&state=0])nd22:1.5953394990179204[&state=0],nd60:6.951533088264934[&state=5])nd3:0.8958095931439874[&state=16])root:0.0[&state=16];
