sample	replicate	trs
1	1	((((((nd9:1.5275849544270341,nd10:7.798622605467493)nd7:0.015276333024083403,((((((nd65:0.14843925763724894,nd66:0.14843925763724894)nd57:0.19501093513412002,(nd63:0.18518965801812817,nd64:0.18518965801812817)nd58:0.15826053475324076)nd53:0.5794463166124028,nd54:0.9228965093837717)nd51:0.047953463939474764,(nd61:0.19163744368339253,nd62:0.19163744368339253)nd52:0.779212529639854)nd23:3.7627553461934884,nd24:1.0655700574179847)nd15:1.2014048479661563,((nd29:1.1994994015901588,(nd31:1.3428144998838947,nd32:3.4477245208861755)nd30:0.023934614201044882)nd19:1.9060109933817713,((nd47:1.5878312746719856,(nd59:0.25222540818434874,nd60:0.25222540818434874)nd48:1.335605866487637)nd37:0.9365837762758297,(nd39:1.1360582483759654,nd40:2.284472596980418)nd38:0.23994245396739788)nd20:2.8532550775211765)nd16:0.5573400390138988)nd8:1.8788887710086846)nd5:0.06901081498567502,((nd55:0.518281140506475,nd56:0.518281140506475)nd17:5.0525865457819865,((nd25:1.023419657101354,nd26:1.1247839037182112)nd21:0.9941454330988755,((((nd45:1.588970399290281,nd46:1.588970399290281)nd41:0.34931528744813206,nd42:1.938285686738413)nd33:1.191862747607612,nd34:0.8558721181664868)nd27:0.6525933672378824,((nd43:1.5149953714796185,(nd49:1.41416420939558,nd50:1.41416420939558)nd44:0.1995555486325423)nd35:1.3624963631327491,nd36:0.9973261707730908)nd28:0.8065256804230361)nd22:1.3390454105846772)nd18:0.4490804741198786)nd6:2.3120420671887865)nd3:0.9063981045816961,nd4:1.2847666762924588)nd1:0.11859446958340433,(nd11:3.1226863233754854,(nd13:0.6017451828080175,nd14:1.0005620195627283)nd12:1.2854040321309648)nd2:1.2401581866195825)root:0.03758767235764935)origin:0.0;
