sample	replicate	trs
1	1	((((nd31:0.5759205197884663,nd32:0.5759205197884663)nd27:0.4749882921099119,nd28:1.0509088118983778)nd25:0.11728944325558047,nd26:1.1681982551539583)nd3:5.768406797366302,(((nd22:1.7011611413685914,((nd19:1.326015416640593,nd20:1.326015416640593)nd13:0.2957888258847261,(nd23:1.2008672530883033,nd30:1.2008672530883038)nd14:0.4209369894370157)nd12:0.07935689884327228)nd7:0.16895802051369643,nd8:1.8701191618822879)nd5:0.18427790793816104,((nd15:1.5798111633339262,(nd17:1.3969443563200055,nd18:1.3969443563200055)nd16:0.1828668070139205)nd9:0.26665600797973404,(nd33:0.017648747842480154,nd34:0.017648747842480154)nd10:1.8288184234711802)nd6:0.20792989850678895)nd2:4.8822079826998115)root:0.0;
