sample	replicate	trs
1	1	(((nd43:2.5902426617514753[&state=26],(nd45:1.267417806999172[&state=1],nd46:1.267417806999172[&state=1])nd44:1.3228248547523032[&state=1])nd41:0.09016512938591696[&state=23],nd42:2.6804077911373922[&state=6])nd15:16.07091950369198[&state=23],(((nd35:4.4880482490033735[&state=6],(nd49:0.9472788771546394[&state=6],nd50:0.9472788771546394[&state=6])nd36:3.5407693718487345[&state=6])nd9:6.297670254800188[&state=6],(nd47:1.1105155608534274[&state=6],((nd55:0.5647823046410233[&state=6],nd56:0.5647823046410233[&state=4])nd53:0.18770388497741514[&state=26],nd54:0.7524861896184385[&state=6])nd48:0.358029371234989[&state=6])nd28:9.675202942950136[&state=6])nd7:1.80761620234716[&state=6],((nd39:2.989203746289099[&state=25],(nd51:0.9047879743117027[&state=3],nd52:0.9047879743117027[&state=6])nd40:2.084415771977396[&state=25])nd25:3.752922419699513[&state=6],nd26:6.742126165988611[&state=6])nd8:5.851208540162112[&state=6])nd5:6.157992588678649[&state=6])root:0.0[&state=6];
