sample	replicate	trs
1	1	(((((nd27:1.4474816721752877[&state=8],((nd61:0.12656043955357943[&state=48],nd62:0.12656043955357943[&state=49])nd33:0.9597247872830696[&state=78],nd34:1.0862852268366487[&state=78])nd28:0.3611964453386396[&state=23])nd19:0.9719186844044521[&state=22],(((nd59:0.15397055884114624[&state=78],nd60:0.15397055884114624[&state=7])nd51:0.2043722892984292[&state=78],nd52:0.3583428481395755[&state=24])nd47:0.10300695227549826[&state=78],(nd65:0.029628983293964996[&state=6],nd66:0.029628983293964996[&state=8])nd48:0.4317208171211087[&state=49])nd20:1.9580505561646668[&state=78])nd11:0.5981168102910256[&state=22],((nd45:0.4626680999844944[&state=78],nd46:0.4626680999844944[&state=48])nd17:1.9877220609479338[&state=49],((nd53:0.31200222149244344[&state=9],nd54:0.31200222149244344[&state=48])nd25:1.277422681611119[&state=78],(nd41:0.4984184478960892[&state=48],(nd57:0.21807906888839534[&state=49],nd58:0.21807906888839534[&state=24])nd42:0.28033937900769385[&state=78])nd26:1.0910064552074725[&state=78])nd18:0.8609652578288665[&state=48])nd10:0.5671270059383376[&state=48])nd5:1.1213500128437586[&state=48],(((nd23:1.6701902391187327[&state=49],(((nd67:0.02899767884231095[&state=22],nd68:0.02899767884231095[&state=2])nd63:0.05152680289106335[&state=49],nd64:0.0805244817333743[&state=78])nd35:0.7239377292679602[&state=78],(nd37:0.7015888204736224[&state=8],nd38:0.7015888204736224[&state=78])nd36:0.10287339052771181[&state=28])nd24:0.8657280281173995[&state=78])nd13:1.1906205666252745[&state=22],nd21:2.860810805744007[&state=49])nd7:1.008481619906382[&state=22],((nd43:0.4933681663085479[&state=7],(nd49:0.40408635149692534[&state=7],nd50:0.40408635149692534[&state=78])nd44:0.08928181481162273[&state=8])nd29:0.9069570656147148[&state=28],(nd31:1.145278505363893[&state=78],nd32:1.145278505363893[&state=78])nd30:0.2550467265593686[&state=48])nd8:2.4689671937271274[&state=48])nd6:0.26957475406413467[&state=22])nd1:1.2365214737424985[&state=22],((nd55:0.27588866562175557[&state=78],nd56:0.27588866562175557[&state=78])nd39:0.3996194407950285[&state=78],nd40:0.6755081064167838[&state=1])nd16:4.699880547040239[&state=78])root:0.0[&state=22];
