sample	replicate	trs
1	1	(((nd33:3.245995281986727[&state=0],((nd41:2.262200095603425[&state=0],nd42:2.262200095603425[&state=0])nd37:0.5779788799556207[&state=0],nd44:2.840178975559046[&state=0])nd34:0.40581630642768135[&state=0])nd17:2.1461918112880385[&state=0],nd18:5.3921870932747655[&state=0])nd13:5.419410547852216[&state=0],((((nd25:4.28122744292924[&state=0],nd26:4.28122744292924[&state=0])nd15:1.5404178261384898[&state=0],(nd31:3.556638931200938[&state=0],nd32:3.556638931200938[&state=0])nd16:2.265006337866791[&state=0])nd11:1.658311810578614[&state=0],(nd21:4.946949988491379[&state=0],(nd40:4.091225082311652[&state=0],nd28:4.091225082311651[&state=0])nd22:0.8557249061797261[&state=0])nd12:2.5330070911549654[&state=0])nd7:1.870895946339603[&state=0],(nd36:5.153042620706841[&state=7],(((nd45:0.6187533660576796[&state=0],nd46:0.6187533660576796[&state=0])nd29:3.003260028455106[&state=0],nd30:3.622013394512785[&state=0])nd23:0.8107398521364122[&state=0],nd24:4.432753246649198[&state=0])nd20:0.7202893740576437[&state=0])nd8:4.197810405279107[&state=0])nd6:1.460744615141035[&state=0])nd3:0.0[&state=0];
