sample	replicate	trs
1	1	((((((nd70:0.6473129489398316,nd71:0.6473129489398316)nd38:1.0424346095238153,(nd50:1.3609367694815717,((nd72:0.6073306542397617,nd73:0.6073306542397617)nd60:0.2748693856644836,(nd64:0.8267286822928669,nd65:0.8267286822928669)nd61:0.05547135761137839)nd51:0.47873672957732627)nd39:0.3288107889820752)nd36:0.06298372762841875,nd37:1.7527312860920656)nd30:0.7276779443056759,((nd58:0.9356342024163784,(nd76:0.4542623892580866,nd77:0.4542623892580866)nd59:0.48137181315829186)nd48:0.5323449447915718,nd45:1.4679791472079502)nd42:1.0124300831897912)nd19:7.4038506611978,(nd62:0.8344415659296426,(nd78:0.3129822236293,nd79:0.3129822236293)nd63:0.5214593423003426)nd33:9.0498183256659)nd10:3.587996067667693,((nd74:0.5772442463301183,nd75:0.5772442463301183)nd46:0.8847830048724488,((nd68:0.7922486914562854,nd69:0.7922486914562854)nd56:0.15807686889561662,(nd66:0.8026718300916796,nd67:0.8026718300916796)nd57:0.14765373026022235)nd55:0.511701690850665)nd41:12.01022870806067)root:0.0;
