sample	replicate	trs
1	1	((((nd124:0.17448120971075093[&state=5],nd125:0.17448120971075093[&state=5])nd122:0.08375866571587261[&state=5],(nd126:0.09377624596219798[&state=5],nd127:0.09377624596219798[&state=5])nd123:0.16446362946442555[&state=5])nd98:2.1617497693577823[&state=5],((nd120:0.38253033499942973[&state=4],nd121:0.38253033499942973[&state=4])nd100:1.4620655808824787[&state=4],(((nd118:0.4795486602789018[&state=5],nd119:0.4795486602789018[&state=5])nd116:0.0864024078690421[&state=5],(nd128:0.03322476725669414[&state=18],nd129:0.03322476725669414[&state=2])nd117:0.5327263008912497[&state=18])nd104:1.1124531680704635[&state=5],(nd110:1.0491011532360415[&state=5],nd111:1.0491011532360415[&state=20])nd105:0.6293030829823658[&state=5])nd101:0.1661916796635013[&state=5])nd99:0.5753937289024975[&state=5])nd96:2.00746450021508[&state=5],(nd108:1.8159637451692134[&state=5],((nd112:0.772808441824764[&state=5],nd113:0.772808441824764[&state=5])nd106:0.7473468895335662[&state=5],nd114:1.52015533135833[&state=4])nd103:0.29580841381088313[&state=5])nd94:2.6114903998302728[&state=5])nd86:0.0[&state=5];
