sample	replicate	trs
1	1	(((nd3:2.3737566869426225[&state=6],((((nd29:0.2603498493806581[&state=0],nd30:0.2603498493806581[&state=22]):0.9663255570231049[&state=48],(nd15:0.050843041989842075[&state=1],((nd31:0.2112257837432368[&state=0],nd32:0.2112257837432368[&state=7]):0.534915675301717[&state=1],(nd27:0.4041589355295311[&state=0],nd28:0.4041589355295311[&state=0]):0.3419825235154229[&state=0]):0.42839369505411556[&state=7]):0.05214025230469361[&state=1]):1.070506446827019[&state=48],(nd9:1.3853278790500314[&state=7],(((nd23:0.4984013474819509[&state=1],nd24:0.7938702499695817[&state=1]):0.1257862427477366[&state=7],(nd21:0.6764147710947465[&state=1],nd22:0.901036102866064[&state=7]):0.018620389851254356[&state=1]):0.23971589387197292[&state=1],nd18:1.1593723865892918[&state=6]):0.2259554924607395[&state=48]):0.9118539741807511[&state=22]):0.059368652942500495[&state=6],(((nd35:0.03824777705095721[&state=0],nd36:0.03824777705095721[&state=0]):0.13778702221129813[&state=0],nd34:0.17603479926225535[&state=0]):1.1242180164573292[&state=0],nd12:1.300252815719585[&state=0]):1.0562976904536983[&state=7]):0.0172061807693402[&state=22]):0.2908193491932199[&state=22],nd2:0.07904079302119553[&state=6]):0.5699039638641578[&state=22]):0.0[&state=24];
