sample	replicate	trs
1	1	(((nd19:0.43514306358551824[&state=6],(((nd37:0.09076040094641558[&state=30],nd38:0.09076040094641558[&state=53])nd35:0.049400918880013855[&state=25],nd36:0.1401613198264294[&state=63])nd27:0.12979122982479568[&state=81],nd28:0.26995254965122506[&state=1])nd20:0.1651905139342932[&state=81])nd3:1.440130093844995[&state=104],((nd29:0.2683129934111938[&state=29],nd30:0.2683129934111938[&state=29])nd21:0.1440397195082321[&state=63],nd22:0.4123527129194259[&state=63])nd4:1.462920444511087[&state=31])nd1:0.26318408635035084[&state=78],(((nd23:0.38396391872198715[&state=29],nd24:0.38396391872198715[&state=30])nd11:0.5312705315835946[&state=63],nd12:0.9152344503055819[&state=30])nd5:0.5908792542377368[&state=63],(((nd33:0.1738269284184861[&state=63],nd34:0.1738269284184861[&state=104])nd13:0.578742308365422[&state=104],((nd31:0.21577351486026045[&state=63],nd32:0.21577351486026045[&state=104])nd25:0.13581944472799504[&state=63],(nd39:0.04315117860898457[&state=1],nd40:0.04315117860898457[&state=78])nd26:0.3084417809792709[&state=78])nd14:0.4009762771956525[&state=31])nd7:0.6908086366889327[&state=63],((nd15:0.734793931535746[&state=63],nd16:0.734793931535746[&state=63])nd9:0.406816691685472[&state=28],(nd17:0.4533049222858805[&state=28],nd18:0.4533049222858805[&state=78])nd10:0.6883057009353373[&state=104])nd8:0.301767250251623[&state=28])nd6:0.0627358310704777[&state=7])nd2:0.632343539237546[&state=78])root:0.0[&state=7];
