sample	replicate	trs
1	1	(((((nd32:3.2318152109850584,((nd74:0.5216782457647275,nd75:0.5216782457647275)nd42:1.710219288214974,nd43:2.2318975339797014)nd33:0.9999176770053577)nd20:1.3331080956105157,(((nd54:1.2970131945865278,(nd86:0.3822056262629962,nd87:0.3822056262629962)nd55:0.9148075683235316)nd48:0.2972684560186581,nd49:1.594281650605186)nd40:1.0342241887388692,(nd46:1.7317399222793346,nd47:1.7317399222793346)nd41:0.8967659170647206)nd21:1.9364174672515202)nd12:0.7981484098546906,(nd14:5.2145628482467306,(nd36:2.808305540633723,nd37:2.808305540633723)nd15:2.4062573076130063)nd13:0.14850886820353437)nd8:1.0292910658001877,((((nd82:0.4156501235241134,nd83:0.4156501235241134)nd38:2.3046865921756488,nd39:2.7203367156997613)nd24:1.192613195468124,(nd84:0.38321624643643193,nd85:0.38321624643643193)nd25:3.5297336647314546)nd10:2.172801443550688,((nd56:1.2964046854890892,(nd66:0.861610000418157,nd67:0.861610000418157)nd57:0.43479468507093205)nd16:3.663874423184272,(((nd94:0.0616654840414956,nd95:0.0616654840414956)nd52:1.243250030835564,(((nd90:0.24063919484264729,nd91:0.24063919484264729)nd72:0.45100534110831614,nd73:0.6916445359509634)nd62:0.2540943136404025,nd63:0.9457388495913661)nd53:0.3591766652856935)nd18:3.262805147041682,nd19:4.567720661918742)nd17:0.39255844675461926)nd11:1.125472246045214)nd9:0.30661142753187864)nd2:2.7876611518816294,(((nd30:3.2684474316564924,(nd58:1.0219109687894334,nd59:1.0219109687894334)nd31:2.24653646286706)nd22:0.7277949851455361,(((nd50:1.5632621402178153,nd51:1.5632621402178153)nd44:0.4233232352531599,(nd78:0.9732052832667034,(nd64:0.941698736848292,(nd96:0.006908028587807986,nd97:0.006908028587807986)nd65:0.9347907082604839)nd61:0.03150654641841146)nd45:1.0133800922042715)nd26:1.4256231470735568,((nd76:0.4822626024482378,nd77:0.4822626024482378)nd28:2.9110637751806157,((nd92:0.1360959138406766,nd93:0.1360959138406766)nd70:0.5780533180786981,(nd88:0.25240516223470144,nd89:0.25240516223470144)nd71:0.4617440696846733)nd29:2.679177145709479)nd27:0.018882144915678276)nd23:0.5840338942574977)nd4:2.6881226310390174,((nd34:3.1786552452110777,nd35:3.1786552452110777)nd6:3.2785838704040255,(nd68:0.8591164501889343,(nd80:0.43654249598743755,nd81:0.43654249598743755)nd69:0.42257395420149685)nd7:5.5981226654261675)nd5:0.22712593222594235)nd3:2.4956588862910363)root:0.0;
