sample	replicate	trs
1	1	(((nd9:1.3519425540785441,nd10:1.3519425540785441)nd1:0.6301267013250237,((((((nd63:0.07682215163484807,nd64:0.07682215163484807)nd51:0.09535478443940018,nd52:0.17217693607424825)nd29:0.19505355394983132,(nd45:0.21527617135523322,((nd67:0.04557018563114498,nd68:0.04557018563114498)nd61:0.08715573599156656,nd62:0.13272592162271155)nd46:0.0825502497325217)nd30:0.1519543186688463)nd11:0.5771068729799369,(nd27:0.3861548474175969,(nd31:0.3404495343688201,(nd43:0.22333721043769258,((nd69:0.04166454295777461,nd70:0.04166454295777461)nd53:0.12432858956098113,nd54:0.16599313251875575)nd44:0.05734407791893689)nd32:0.11711232393112753)nd28:0.045705313048776786)nd12:0.5581825155864195)nd7:0.5386226627922558,((((((nd55:0.15448627869493492,nd56:0.15448627869493492)nd23:0.2714060968609225,(((nd65:0.04828884463773312,nd66:0.04828884463773312)nd37:0.27854958272784813,(nd41:0.2563575793507924,nd42:0.2563575793507924)nd38:0.07048084801478884)nd35:0.007947375866489848,nd36:0.334785803232071)nd24:0.09110657232378623)nd21:0.12331685952858837,(nd49:0.2026514855189153,nd50:0.2026514855189153)nd22:0.3465577495655305)nd19:0.01810693306912266,nd20:0.5673161681535684)nd17:0.2986900987635012,(((nd59:0.13276103650756652,nd60:0.13276103650756652)nd57:0.009862384021114425,nd58:0.14262342052868093)nd39:0.12828368341619314,nd40:0.27090710394487405)nd18:0.5950991629721955)nd13:0.04849990628377747,(((nd47:0.20925400820829773,nd48:0.20925400820829773)nd33:0.12858759438663045,nd34:0.3378416025949281)nd15:0.5741618390536771,nd16:0.01748248907774634)nd14:0.00250273155224171)nd8:0.5684538525954251)nd3:0.44252058210392575,(nd5:1.1862770011296044,(nd25:0.39780233358252165,nd26:0.39780233358252165)nd6:1.2096220185505622)nd4:0.3180562557671143)nd2:0.056588647503369324)root:0.4399907445964333)origin:0.0;
