sample	replicate	trs
1	1	((((((nd29:0.301962581859452[&state=87],(nd35:0.019569520331754634[&state=37],nd36:0.019569520331754634[&state=3])nd30:0.2823930615276974[&state=37])nd21:0.6066846648965313[&state=87],nd22:0.9086472467559834[&state=64])nd15:2.2567262518637508[&state=6],nd20:3.1653734986197337[&state=86])nd9:0.32647762576543077[&state=6],(((nd27:0.4425983102292951[&state=50],nd28:0.4425983102292951[&state=1])nd25:0.028628302064280766[&state=9],nd26:0.471226612293576[&state=6])nd13:2.0380249632715404[&state=50],(nd31:0.227690074830868[&state=6],nd32:0.227690074830868[&state=37])nd14:2.2815615007342473[&state=108])nd10:0.9825995488200485[&state=6])nd7:2.84711372261624[&state=6],((nd23:0.670585222020329[&state=6],nd24:0.670585222020329[&state=108])nd17:1.4952090639617055[&state=87],nd18:2.1657942859820354[&state=107])nd8:4.17317056101937[&state=6])nd5:2.724781865045954[&state=6],(nd33:0.046621976672352614[&state=104],nd34:0.046621976672352614[&state=1])nd4:9.017124735375004[&state=63])root:0.0[&state=6];
