sample	replicate	trs
1	1	(((((nd79:1.2959618446215235[&state=6],nd80:1.2959618446215235[&state=6])nd75:0.2518815573176321[&state=6],nd76:1.5478434019391556[&state=6])nd51:7.555672492645295[&state=6],((nd81:1.1538758562830564[&state=6],nd82:1.1538758562830564[&state=6])nd59:4.866334273724195[&state=6],nd46:6.02021013000725[&state=6])nd34:3.0833057645771986[&state=6])nd29:4.0276412243479065[&state=6],((nd53:5.407183271583499[&state=1],(nd72:3.8624951985236526[&state=0],(nd69:2.4284551587653396[&state=22],(nd89:0.2609886097981654[&state=0],nd90:0.2609886097981654[&state=0])nd70:2.167466548967174[&state=0])nd66:1.4340400397583135[&state=0])nd55:1.5446880730598471[&state=0])nd37:1.6983373900306216[&state=7],((nd61:4.219787512173402[&state=1],nd62:4.219787512173402[&state=1])nd39:2.616308476836432[&state=1],((((nd91:0.23075507760360667[&state=0],nd92:0.23075507760360667[&state=7])nd87:0.1770973319030903[&state=7],nd88:0.407852409506697[&state=1])nd67:2.37503428838135[&state=7],nd77:2.7828866978880464[&state=0])nd43:3.424513741610665[&state=0],((nd73:2.2580192846576126[&state=0],nd74:2.2580192846576126[&state=8])nd49:3.4697058550814606[&state=0],((nd83:0.8962991536570306[&state=0],(nd85:0.4677826496317731[&state=1],nd86:0.4677826496317731[&state=1])nd84:0.42851650402525754[&state=1])nd57:3.568922813490893[&state=7],nd58:4.465221967147924[&state=0])nd50:1.2625031725911495[&state=0])nd44:0.47967529975963824[&state=0])nd40:0.6286955495111225[&state=0])nd38:0.2694246726042874[&state=7])nd28:6.025636457318236[&state=7])nd13:10.05214639304902[&state=0],nd47:23.183303511981375[&state=6])root:0.0[&state=22];
