sample	replicate	trs
1	1	((((((nd26:0.600564878850853,nd27:1.415566465014848)nd10:3.411636708178461,(nd18:18.185257570254297,nd19:1.7813044063659855)nd11:1.8752841403336142)nd8:0.46750229682560984,(((((nd58:2.8608135827591337,nd59:2.114645870994805)nd50:1.2178016825408344,(nd60:4.111354836518052,(nd64:2.957021717635736,nd65:2.957021717635736)nd61:1.1543331188823152)nd51:1.2355983015320582)nd24:14.49783335203381,(nd36:9.728275003357876,nd37:1.5269876926301094)nd25:4.668202391939685)nd14:2.463157295720735,nd15:0.8382542647456857)nd12:0.6078729973438748,((nd22:1.8391318942328876,(((nd48:5.030708171491195,(nd52:2.614574618333743,nd53:0.9720691357640281)nd49:0.5582533765744175)nd34:10.132080336208142,(nd56:2.1921536081343893,nd57:4.182810859858803)nd35:11.554926969689596)nd28:2.760450724802031,(nd38:10.306727750183859,nd39:5.2613668841533885)nd29:8.191460804166582)nd23:2.0031849698124073)nd16:1.3965260034775298,(nd20:4.537098891879691,((nd42:0.6617077233829342,((((nd68:1.5695396651989009,(nd70:1.005757322535922,nd71:1.005757322535922)nd69:0.5637823426629783)nd66:0.3180461729309954,(nd76:0.2207957181489648,nd77:0.2207957181489648)nd67:1.6667901199809312)nd54:2.808309707374667,nd55:3.393924721542257)nd44:3.9179276485363332,(nd46:7.114660297815728,nd47:7.114660297815728)nd45:1.499162896225166)nd43:0.27688634064387685)nd40:1.2327111960597987,(nd78:0.030549980725385256,nd79:0.030549980725385256)nd41:10.09287075001919)nd21:10.87703635801965)nd17:0.8974424388761517)nd13:1.0179172555081548)nd9:0.5202126962200745)nd4:2.149872750810551,(nd32:4.670778861050256,((nd72:0.7393834340995535,nd73:0.7393834340995535)nd62:2.8840394955587976,nd63:2.3917803276073273)nd33:13.241738800724507)nd5:8.720740499796287)nd2:0.3928529950872303,(nd6:17.52082811062206,((nd74:0.4286194935056937,nd75:0.4286194935056937)nd30:17.621124064370917,nd31:7.627391182038724)nd7:7.172450610919831)nd3:0.7565610564699341)root:1.2887447747336154)origin:0.0;
