sample	replicate	trs
1	1	((((nd38:0.8294142116428364,(nd66:1.1357785002269685,((nd80:0.1544685518541961,nd81:0.1544685518541961)nd68:0.6874459840390894,(nd74:0.45997128619759203,(nd76:0.0216186834910489,nd77:0.4269902392596753)nd75:0.03298104693791676)nd69:0.38194324969569354)nd67:0.29386396433368284)nd39:1.328205201225792)nd28:0.6797352010856894,nd29:1.6592588302287725)nd2:6.083384974777866,(nd4:2.327494502772973,(nd6:0.49973367520912687,(((((nd18:0.14461208721106164,(((nd44:0.3700613406848914,(nd52:0.36704328200734465,nd53:0.2440429433818323)nd45:0.4085692852893922)nd32:0.29805025798720014,nd33:0.5522152880840784)nd22:1.3118127454349904,(((((nd58:1.8139469705511952,nd59:0.2653566595464189)nd54:0.014921718131078699,nd55:1.828868688682274)nd34:0.6920474063398612,((nd60:0.15337075350753965,nd61:0.7221016437068949)nd42:0.5132733958128844,nd43:1.4029628991473593)nd35:0.2190056465251321)nd30:0.45970422425430413,(nd46:0.3830933945785174,nd47:2.115594293997207)nd31:0.865026025279232)nd24:0.6654578898848859,(nd62:1.570927671174193,nd63:0.795922800497328)nd25:2.0751505379871324)nd23:0.26403734633372444)nd19:0.38446955509307423)nd14:0.4241354267779185,nd15:2.4193008923880908)nd12:0.17171080265766855,(((nd26:0.21739092686847641,((nd56:1.8228523522496707,((nd72:0.504950771352418,nd73:0.504950771352418)nd64:0.7961069309055782,nd65:0.22279777229011727)nd57:0.5217946499916741)nd36:0.6658368524007385,nd37:0.049777817517951704)nd27:0.7215324249382444)nd20:0.8845672446310824,(((nd70:0.6105783241360515,nd71:0.6105783241360515)nd48:1.4076025461001271,(nd50:0.13090033783281826,(nd78:0.28917657340712555,nd79:0.28917657340712555)nd51:1.6124020023304677)nd49:0.11660229449858536)nd40:0.43529496809209073,nd41:0.05445687970629044)nd21:1.6413130358914667)nd16:0.28290057312765554,nd17:1.9379175324915474)nd13:0.5127418926763195)nd10:1.313853925211065,nd11:0.7573761676925492)nd8:1.6682125754695885,nd9:0.49799815991126406)nd7:0.8302267361210898)nd5:0.23586734849914423)nd3:0.28851195199171886)root:0.21783612268368374)origin:0.0;
