sample	replicate	trs
1	1	((((nd47:1.3720322267425826,nd48:1.3720322267425826)nd11:14.253005298810564,(((nd53:0.5065195848444672,nd54:0.5065195848444672)nd37:3.780878326418316,nd39:4.287397911262783)nd31:1.725158589980535,nd32:6.012556501243319)nd16:9.612481024309833)nd5:2.279538541542331,nd25:17.904576067095483)nd1:3.251915111051493,((nd21:15.042108151325374,(nd45:1.6780252805282176,((nd51:0.5864236221181844,nd52:0.5864236221181844)nd49:0.21199609406434886,nd50:0.7984197161825332)nd46:0.8796055643456844)nd41:13.364082870797152)nd3:3.227108998275934,(((nd55:0.15385881251094546,nd56:0.15385881251094546)nd33:5.458928875541169,nd34:5.612787688052114)nd23:11.570954525216003,(nd43:1.740432953638071,nd44:1.740432953638071)nd30:15.443309259630041)nd4:1.0854749363331888)nd2:2.8872740285456717)root:0.0;
