sample	replicate	trs
1	1	(((nd3:0.0022103873963157036[&state=0],(((nd25:2.277025509079707[&state=0],(nd35:0.89928551555042[&state=0],nd36:0.89928551555042[&state=13]):1.3777399935292867[&state=0]):2.675130415995783[&state=0],((nd39:0.4577757500158486[&state=0],nd40:0.4577757500158486[&state=0]):0.9895454536960464[&state=0],nd34:1.447321203711895[&state=0]):3.5048347213635944[&state=0]):10.427358167428999[&state=0],((nd17:5.689026121429717[&state=6],((nd41:0.17890591509847975[&state=6],nd42:0.17890591509847975[&state=6]):1.83173639802032[&state=6],(nd37:0.7615642378180401[&state=6],nd38:0.7615642378180401[&state=22]):1.24907807530076[&state=22]):3.6783838083109175[&state=6]):9.231794938400157[&state=6],(nd11:14.059761316530635[&state=0],(nd15:6.857673319454551[&state=0],((nd29:1.5627843871096705[&state=0],(nd31:1.5363742289593114[&state=0],nd32:1.5363742289593114[&state=0]):0.026410158150359166[&state=0]):2.896924095770297[&state=0],nd24:2.1466486820357105[&state=0]):2.3979648365745825[&state=0]):7.202087997076086[&state=0]):0.8610597432992374[&state=0]):0.4586930326746136[&state=22]):5.6172618937113405[&state=22]):0.7163054564124712[&state=22],(nd7:3.3892601512221665[&state=0],(nd13:7.4798464357449665[&state=0],(nd21:4.865331623053795[&state=0],nd22:4.865331623053795[&state=0]):2.6145148126911706[&state=0]):7.699945596023961[&state=0]):6.533289410859373[&state=0]):1.0280185573717053[&state=22]):0.0[&state=22];
