sample	replicate	trs
1	1	(((((nd29:1.216909041245105[&state=6],(nd37:0.8656904250713644[&state=6],nd38:2.1093185146271853[&state=6]):1.4593246473094585[&state=6]):3.518696566203574[&state=6],(((nd43:2.5902426617514753[&state=26],(nd45:1.267417806999172[&state=1],nd46:1.267417806999172[&state=1]):1.3228248547523032[&state=1]):0.09016512938591696[&state=23],nd42:2.6804077911373922[&state=6]):6.063677776143834[&state=23],(nd33:0.03852847666250038[&state=6],nd34:2.373808930221136[&state=6]):3.487867679349545[&state=6]):0.3417855052734434[&state=6]):8.083382128895757[&state=6],nd4:5.038873992979565[&state=6]):1.582074093378945[&state=6],((((nd35:4.4880482490033735[&state=6],(nd49:0.9472788771546394[&state=6],nd50:0.9472788771546394[&state=6]):3.5407693718487345[&state=6]):6.297670254800188[&state=6],(((((nd31:4.083375618486148[&state=6],nd32:3.9406082366058444[&state=6]):0.5345829672138376[&state=6],(nd47:1.1105155608534274[&state=6],((nd55:0.5647823046410233[&state=6],nd56:0.5647823046410233[&state=4]):0.18770388497741514[&state=26],nd54:0.7524861896184385[&state=6]):0.358029371234989[&state=6]):4.948488996582075[&state=6]):1.8095848642745214[&state=6],(nd21:2.5586952336775726[&state=0],nd22:0.34129713948743395[&state=6]):0.45887054149363493[&state=22]):0.09478056738816884[&state=6],(nd23:0.3672898996144247[&state=6],nd24:3.1988696263755414[&state=6]):0.5983219542200026[&state=6]):0.8269875761931816[&state=6],nd14:7.997386444388187[&state=6]):1.9953609385121904[&state=6]):1.80761620234716[&state=6],((nd39:2.989203746289099[&state=25],(nd51:0.9047879743117027[&state=3],nd52:0.9047879743117027[&state=6]):2.084415771977396[&state=25]):3.752922419699513[&state=6],nd26:6.742126165988611[&state=6]):5.851208540162112[&state=6]):0.9409422767904159[&state=6],nd6:2.9588648179343005[&state=6]):5.217050311888233[&state=6]):6.368472705170632[&state=6]):0.0[&state=22];
