sample	replicate	trs
1	1	((((((nd98:0.20336952165024802[&state=0],nd99:0.20336952165024802[&state=0])nd88:0.2303028900489099[&state=0],nd94:0.43367241169915793[&state=0])nd82:0.18792274766459138[&state=0],nd83:0.6215951593637493[&state=0])nd49:3.937803391296341[&state=0],((((nd100:0.20039475542005555[&state=0],nd101:0.20039475542005555[&state=0])nd80:0.45030126535095294[&state=0],(nd92:0.4029704566661082[&state=0],nd93:0.4029704566661082[&state=0])nd81:0.2477255641049001[&state=0])nd58:0.4454446864424321[&state=0],nd59:1.0961407072134404[&state=0])nd41:2.203802638156721[&state=0],((((nd46:1.3474439298242917[&state=0],nd52:1.347443929824292[&state=0])nd42:0.12010871308350411[&state=0],(nd84:0.6080213304980444[&state=0],nd85:0.6080213304980444[&state=0])nd43:0.8595313124097516[&state=0])nd38:0.1287853216354471[&state=0],(nd56:1.1665719357163364[&state=0],nd68:1.1665719357163367[&state=0])nd44:0.4297660288269066[&state=0])nd24:1.0725957451745005[&state=0],(nd91:1.8951828366482073[&state=0],(nd60:1.0724272561230077[&state=0],(nd62:1.0578728095213445[&state=0],((nd102:0.10242683723240013[&state=0],nd103:0.10242683723240013[&state=0])nd74:0.6554682139197173[&state=0],nd75:0.7578950511521174[&state=0])nd63:0.2999777583692272[&state=0])nd61:0.014554446601663017[&state=0])nd36:0.8227555805251997[&state=0])nd25:0.7737508730695362[&state=0])nd23:0.6310096356524173[&state=0])nd14:1.2594552052899293[&state=0])nd4:0.8752471043266187[&state=0],((nd28:2.5387514372929325[&state=0],(nd97:1.2738155212636717[&state=0],nd73:1.2738155212636717[&state=0])nd29:1.2649359160292608[&state=0])nd8:2.442629336400176[&state=0],nd86:4.981380773693109[&state=0])nd5:0.4532648812936005[&state=0])nd2:0.18002076523074845[&state=0],(nd30:2.339691815642874[&state=5],((nd66:0.916833222730412[&state=5],nd67:0.916833222730412[&state=5])nd32:1.2288052179472195[&state=5],(nd78:0.6668296212858594[&state=5],nd79:0.6668296212858594[&state=5])nd33:1.4788088193917723[&state=5])nd31:0.19405337496524236[&state=5])nd3:3.2749746045745822[&state=5])root:0.0[&state=16];
