sample	replicate	trs
1	1	(((((((((nd59:0.05053165772363374,nd60:0.05053165772363374)nd51:0.040694016747041484,nd52:0.0912256744706752)nd41:0.08298307588468017,((nd57:0.06700532142563789,nd58:0.06700532142563789)nd49:0.03078705660623998,nd50:0.09779237803187787)nd42:0.07641637232347748)nd30:0.35922306068456733,nd16:0.5334318110399224)nd11:0.038408749971463235,(((nd45:0.15922198204843838,nd46:0.15922198204843838)nd35:0.03482481194509104,nd36:0.1940467939935295)nd33:0.07821610947323057,nd34:0.2722629034667602)nd12:0.29957765754462595)nd9:0.10300061302879852,((nd23:0.36617657574562823,nd26:0.3661765757456282)nd17:0.0658047318111075,((nd27:0.34904862855088775,((nd43:0.17280027725253747,(nd47:0.12232613151713903,nd48:0.12232613151713903)nd44:0.050474145735398365)nd31:0.10644712752278769,(nd53:0.07528868857981891,nd54:0.07528868857981891)nd32:0.2039587161955061)nd28:0.06980122377556251)nd19:0.08080555143805403,nd20:0.4298541799889416)nd18:0.0021271275677941133)nd10:0.2428598664834486)nd7:0.16341688653386627,((nd21:0.38697225723839124,(nd61:0.0451680304044941,nd62:0.0451680304044941)nd22:0.3418042268338971)nd13:0.1535956451725627,(nd37:0.18547672359247025,nd38:0.18547672359247025)nd14:0.3550911788184838)nd8:0.2976901581630968)nd5:0.0281923076715458,nd6:0.8664503682455961)nd3:0.06373985158931328,((nd55:0.07222238939540705,nd56:0.07222238939540705)nd39:0.10481161316331294,nd40:0.17703400255872)nd4:0.7531562172761895)nd1:0.0;
