sample	replicate	trs
1	1	(((nd35:4.439530599611839[&state=0],(nd65:0.07208262510771726[&state=77],nd66:0.07208262510771726[&state=2])nd36:4.367447974504122[&state=77])nd27:10.686640966143203[&state=7],((((nd49:2.490318611265822[&state=9],(nd55:1.9567116350513265[&state=9],nd56:1.9567116350513265[&state=18])nd50:0.5336069762144956[&state=1])nd39:1.832036344895392[&state=1],(nd61:0.637996681498546[&state=77],nd62:0.637996681498546[&state=15])nd44:3.6843582746626677[&state=15])nd15:6.992595035354592[&state=1],nd54:11.314949991515807[&state=0])nd11:0.9880477488430445[&state=7],(nd29:7.157884700259564[&state=9],nd47:7.157884700259565[&state=1])nd21:5.145113040099282[&state=7])nd6:2.8231738253961938[&state=7])nd3:1.1853131691677892[&state=0],(nd52:6.505165883898916[&state=29],(nd46:3.941983871908498[&state=0],(((nd63:0.24558985589060162[&state=0],nd64:0.24558985589060162[&state=0])nd59:0.9265498069715904[&state=0],nd60:1.1721396628621918[&state=0])nd57:0.129778570279247[&state=0],nd58:1.3019182331414387[&state=0])nd42:2.6400656387670587[&state=0])nd34:2.5631820119904183[&state=7])nd10:9.806318851023917[&state=0])nd1:0.0[&state=0];
