sample	replicate	trs
1	1	(((nd5:0.14596650496153096[&state=6],nd6:0.21285426113181294[&state=0]):2.632732955277123[&state=22],(nd3:0.408013323369807[&state=0],((((nd13:5.7581168049596805[&state=120],nd14:1.282202509540602[&state=6]):0.8316404233673721[&state=23],(((((nd33:0.6969726732627737[&state=108],nd34:0.6969726732627737[&state=107]):0.4877957218771881[&state=107],(nd37:0.44391412857203955[&state=107],nd38:0.44391412857203955[&state=87]):0.7408542665679224[&state=107]):0.44771672587256117[&state=80],nd28:1.632485121012523[&state=107]):1.4038513416013414[&state=53],((nd35:0.5380111315628029[&state=37],nd36:0.5380111315628029[&state=52]):1.107257984195929[&state=120],(nd39:0.4316057388056342[&state=108],nd40:0.4316057388056342[&state=1]):1.2136633769530976[&state=108]):1.391067346855133[&state=52]):1.0033802347696874[&state=49],(nd17:3.1650592051239927[&state=120],(((nd29:1.392801961102772[&state=67],(nd41:0.2555920586644621[&state=0],(nd45:0.06439850090757689[&state=3],nd46:0.06439850090757689[&state=64]):0.19119355775688518[&state=98]):1.13720990243831[&state=63]):0.39922040652552393[&state=63],(nd43:0.24914617290897154[&state=120],nd44:0.24914617290897154[&state=0]):1.5428761947193237[&state=107]):0.8687885164345096[&state=12],nd22:2.6608108840628035[&state=37]):0.5042483210611887[&state=24]):0.8746574922595586[&state=23]):2.550040530943505[&state=48]):0.11636684374787178[&state=22],nd10:0.8113438857752435[&state=1]):3.5901958258542424[&state=23],nd8:1.6317550719354024[&state=0]):1.4950799007889253[&state=22]):2.2414893765399584[&state=0]):0.7968108247419381[&state=22]):0.0[&state=22];
