sample	replicate	trs
1	1	(((nd4:1.3147095346373439[&state=5],(nd6:1.1021568666006754[&state=5],(nd12:2.132639224675689[&state=0],(nd40:0.578014022447451[&state=0],nd41:0.578014022447451[&state=0]):1.5546252022282379[&state=0]):1.146004023678681[&state=0]):0.029339789031771483[&state=16]):2.627210047844938[&state=16],(((nd14:0.5227482358170465[&state=5],(nd46:0.02114384591413191[&state=5],nd47:0.40946855338124194[&state=5]):1.6192713480855996[&state=5]):0.1461587839701606[&state=5],nd11:0.1431681018875696[&state=5]):0.1366692243440473[&state=5],(((nd24:0.02582408672340764[&state=5],(nd26:1.4464317419013806[&state=5],((nd54:0.031207830460058622[&state=5],nd55:0.031207830460058622[&state=5]):1.39144652658814[&state=5],((nd44:0.5076459340322705[&state=5],nd45:0.5076459340322705[&state=5]):0.4613389674721898[&state=5],(nd36:0.9357576606435796[&state=5],((nd52:0.05449609408986168[&state=5],nd53:0.08267060995412402[&state=5]):0.4814321159380675[&state=5],nd43:0.05371963400782611[&state=5]):0.3716549347513881[&state=5]):0.033227240860880726[&state=5]):0.4536694555437382[&state=5]):0.023777384853182024[&state=5]):0.19955984760466572[&state=5]):0.02850232736841772[&state=5],(nd30:0.4934810343899424[&state=5],(nd32:1.1671902272453343[&state=5],nd33:0.036045526061312054[&state=5]):0.052736669055227337[&state=5]):0.4545670205739024[&state=5]):0.274894661520083[&state=5],(nd18:0.1345785670277855[&state=5],((nd38:0.9183467099491005[&state=5],nd39:0.9183467099491005[&state=5]):0.824382893565405[&state=5],(nd48:0.1999104783990488[&state=5],(nd50:0.1312373079035097[&state=5],nd51:0.1312373079035097[&state=5]):0.06867317049553909[&state=5]):1.542819125115457[&state=5]):0.16177813337871977[&state=5]):0.04488084150132182[&state=5]):0.36217933138650216[&state=5]):3.6236251754500306[&state=5]):0.8131069147689203[&state=16]):0.0[&state=16];
