sample	replicate	trs
1	1	((((nd95:0.4749968931093431,(nd113:0.06037609047496763,nd114:0.06037609047496763)nd96:0.4146208026343755)nd75:0.4685729104244036,(nd91:0.6014823549604327,nd92:0.6014823549604327)nd76:0.3420874485733142)nd27:2.741722016277987,((nd68:2.7773048562587825,((nd87:0.6305111447744594,(nd107:0.16497065225216528,(nd111:0.10719988395462424,nd112:0.10719988395462424)nd108:0.05777076829754105)nd93:0.465540492522294)nd71:1.7889723440894016,(nd69:1.319204686740022,(nd105:0.1955282973064773,nd106:0.1955282973064773)nd70:1.1236763894335449)nd52:1.1002788021238388)nd38:0.3578213673949221)nd32:0.7099231470336747,((((nd117:0.028750732798319766,nd118:0.028750732798319766)nd81:0.7827572762609469,(nd83:0.6406418634923725,nd98:0.6406418634923723)nd82:0.1708661455668946)nd59:0.9472212946787991,(((nd109:0.16176559639488455,(nd115:0.04571039405602902,nd116:0.04571039405602902)nd110:0.11605520233885552)nd101:0.19204053690472955,nd102:0.35380613329961413)nd73:0.8114259595925997,(nd119:0.022555850285698564,nd120:0.022555850285698564)nd74:1.1426762426065147)nd60:0.5934972108458524)nd57:0.013234350883591678,nd65:1.7719636546216577)nd49:1.7152643486707997)nd28:0.19806381651927632)nd17:4.576884814478353,((nd104:0.6393015789054581,nd86:0.6393015789054581)nd42:5.86083603231988,nd54:6.500137611225338)nd24:1.7620390230647494)nd2:0.0;
