sample	replicate	trs
1	1	((((((nd51:0.9738471008063662,(nd53:0.8747207122620754,nd54:0.8747207122620754)nd52:0.09912638854429075)nd27:2.3020628735180186,(nd65:0.4971297757120427,(nd73:0.331921945412448,nd74:0.331921945412448)nd66:0.16520783029959468)nd28:2.778780198612343)nd5:1.8097920638203713,(nd9:1.9452039822913592,(nd45:1.408347547169038,(nd87:0.010108832878317806,nd88:0.010108832878317806)nd46:1.3982387142907202)nd10:3.2764846185469)nd6:0.40086987242881755)nd3:1.285066619800787,(nd7:0.8022624847665603,(((nd17:4.196464906822622,(((((nd57:0.7147742327714369,nd58:0.7147742327714369)nd49:0.4164006676305185,(nd75:0.30849669753167647,nd76:0.30849669753167647)nd50:0.8226782028702786)nd47:0.09271691986010218,(((nd83:0.18880791726403223,nd84:0.18880791726403223)nd61:0.4092662737402133,nd62:0.5980741910042455)nd55:0.24394189322691984,nd56:0.8420160842311654)nd48:0.3818757360308921)nd31:1.3473182750839732,nd32:2.571210095346031)nd25:1.0703626365148773,(nd63:0.5249275166282248,((nd81:0.20213685704654633,nd82:0.20213685704654633)nd79:0.05418052225559332,nd80:0.2563173793021396)nd64:0.26861013732608524)nd26:3.116645215232684)nd18:0.5548921749617134)nd13:0.289643801651505,((nd33:2.5133174986605784,(nd41:1.6038856048110715,nd42:1.6038856048110715)nd34:0.9094318938495074)nd15:1.706122962039798,(((nd71:0.3590009005863361,nd72:0.3590009005863361)nd29:2.4792750537680974,nd30:0.24699601604547705)nd19:1.1024826877465723,((nd39:2.134387771472445,(nd77:0.3036283878749202,nd78:0.3036283878749202)nd40:1.8307593835975247)nd23:1.6055277015353524,nd24:3.7399154730077977)nd20:0.20084316909320798)nd16:0.2786818185993721)nd14:0.26666824777374926)nd11:0.10630723424102122,(nd21:3.545255068083961,(nd35:1.0148546414759072,nd36:2.4374593147520436)nd22:1.3747221758111174)nd12:0.7802344521519862)nd8:0.2846243074028034)nd4:1.493728407827592)nd1:1.4943261319446806,((nd67:0.4939247705620726,nd68:0.4939247705620726)nd37:1.6764738324653075,(nd43:1.5226007579511975,((nd69:0.3968855858426298,nd70:0.3968855858426298)nd59:0.2728734143136314,(nd85:0.03889316374370695,nd86:0.03889316374370695)nd60:0.6308658364125544)nd44:0.8528417577949364)nd38:0.6477978450761824)nd2:5.694696186862844)root:2.1714052101097745)origin:0.0;
