sample	replicate	trs
1	1	(((nd28:8.58308491207734[&state=0],(nd46:3.901419052820892[&state=5],(nd76:1.1306934676230986[&state=0],nd77:1.1306934676230986[&state=8])nd47:2.770725585197794[&state=6])nd32:4.681665859256453[&state=16])nd20:14.655409383194026[&state=0],(((((nd34:5.760200959386308[&state=8],nd35:5.760200959386308[&state=0])nd24:3.2267273666040555[&state=16],((((nd66:2.3863947973027475[&state=0],(nd72:1.8884324854380203[&state=0],nd73:1.8884324854380203[&state=0])nd67:0.4979623118647271[&state=0])nd60:0.757511007134561[&state=0],((nd84:0.31845541329487365[&state=7],nd85:0.31845541329487365[&state=1])nd78:0.6277851198744411[&state=21],nd79:0.9462405331693148[&state=2])nd61:2.197665271267994[&state=41])nd54:0.21905647180006238[&state=0],nd64:3.362962276237371[&state=0])nd52:2.0821698179045445[&state=0],(nd86:0.037352668770275[&state=0],nd87:0.037352668770275[&state=0])nd39:5.407779425371641[&state=0])nd27:3.541796231848447[&state=16])nd22:0.36318543514994006[&state=16],nd23:9.350113761140292[&state=5])nd14:7.484631356915892[&state=16],((nd51:4.658774240902124[&state=5],nd45:4.658774240902125[&state=5])nd36:0.9582426579237001[&state=16],nd37:5.617016898825827[&state=0])nd19:11.217728219230372[&state=16])nd8:1.4061700284451297[&state=16],(nd16:16.271271994007222[&state=0],(((nd82:0.6005505536371961[&state=0],nd83:0.6005505536371961[&state=0])nd68:1.7016861120998945[&state=0],((nd74:1.8399461154163061[&state=0],nd75:1.8399461154163061[&state=0])nd70:0.36611523038187155[&state=0],nd71:2.2060613457981777[&state=21])nd69:0.0961753199389125[&state=6])nd30:6.098513592124929[&state=6],(nd42:4.736003854300433[&state=16],(nd80:0.6281506703177798[&state=0],nd81:0.6281506703177798[&state=0])nd43:4.107853183982652[&state=0])nd41:3.6647464035615895[&state=0])nd17:7.870521736145204[&state=16])nd9:1.969643152494098[&state=16])nd5:4.99757914877005[&state=16])nd2:3.8196906893281612[&state=16],nd59:27.058184984599535[&state=2])root:0.0[&state=16];
