sample	replicate	trs
1	1	((((nd5:0.5062646074921902[&state=6],nd6:0.20186105691700287[&state=6]):0.12299204299728056[&state=6],(nd13:2.3370817448463113[&state=0],(((nd43:0.5768793755001626[&state=6],nd44:0.43585445992735944[&state=1]):0.9503510746644204[&state=23],(nd39:0.9996657153260085[&state=6],nd40:0.9996657153260085[&state=6]):0.6821193378437271[&state=48]):0.31892456451814266[&state=6],nd20:0.5545218697414717[&state=6]):0.3363721271584342[&state=6]):0.880374070831486[&state=6]):0.06166309835408574[&state=6],((((nd15:0.14082668652788244[&state=6],(nd29:1.404931856000311[&state=6],((nd55:0.42942699522235733[&state=6],(nd57:0.30840580362517245[&state=6],nd58:0.3377071983253779[&state=6]):0.09171979689697944[&state=6]):0.03913756752099762[&state=6],nd52:0.46856456274335495[&state=6]):0.9363672932569561[&state=6]):0.7364910574380779[&state=6]):0.6370533849990234[&state=6],((nd31:1.03565118593411[&state=6],(nd37:1.0048581616377095[&state=6],nd38:0.06251295266352426[&state=6]):0.2565206055900954[&state=6]):0.4734664637820779[&state=6],((nd41:0.30294899580453205[&state=6],((nd53:0.4346474947231676[&state=6],(nd59:0.32999730833464525[&state=6],nd60:0.18924512152521109[&state=6]):0.10465018638852233[&state=6]):0.27771568106036426[&state=6],nd48:0.7123631757835319[&state=6]):0.16821507413731615[&state=6]):0.21987825519549883[&state=6],nd34:0.2237331412103236[&state=6]):0.6343887258935358[&state=6]):1.0436310674275295[&state=6]):0.0953467871276736[&state=6],nd10:0.5386699640021465[&state=6]):0.14159134933031794[&state=6],(((nd45:0.6576741524426273[&state=6],nd46:0.719863600753063[&state=6]):1.0325131747851684[&state=6],((nd35:1.0988104655941748[&state=6],nd36:1.0988104655941748[&state=6]):0.3338337513806248[&state=6],(nd49:0.6710301758893532[&state=6],nd50:0.5687314954558174[&state=6]):0.7616140410854466[&state=6]):0.3197325585634316[&state=6]):0.2639306513044974[&state=6],nd18:2.0163074268427286[&state=6]):0.999107008052675[&state=6]):0.26370447913648004[&state=6]):0.6099010859681159[&state=6]):0.0[&state=25];
