sample	replicate	trs
1	1	((nd19:1.7254836836463756,(((nd61:0.15739157549576324,nd62:0.15739157549576324)nd49:0.39566006625594063,nd50:0.5530516417517038)nd29:0.706401733360739,((nd63:0.15349180493615933,nd64:0.15349180493615933)nd31:0.9598537506955334,(nd53:0.4811896193665347,nd54:0.4811896193665347)nd32:0.6321559362651581)nd30:0.14610781948075002)nd20:0.4660303085339328)nd1:5.012433820148574,(((nd23:1.529701350287368,(nd33:1.0995577149252576,((nd57:0.4302393601993129,nd58:0.4302393601993129)nd39:0.551385794305203,nd40:0.9816251545045156)nd34:0.11793256042074232)nd24:0.43014363536211014)nd7:3.429185508778171,(((nd47:0.6515926523525097,(nd55:0.44280271928055814,nd56:0.44280271928055814)nd48:0.20878993307195176)nd28:1.0474437578049391,((((nd67:0.09614193164249385,nd68:0.09614193164249385)nd59:0.27445705472269,nd60:0.37059898636518385)nd45:0.3092632085509145,nd46:0.6798621949160981)nd37:0.36707019871469965,nd38:1.0469323936307977)nd22:0.6521040165266513)nd9:2.33679620548891,((nd15:2.810621216030599,nd16:2.810621216030599)nd11:1.1926684298061665,((nd51:0.4943170050767911,nd52:0.4943170050767911)nd35:3.2913237163111217,nd14:3.785640721387912)nd12:0.21764892444885267)nd10:0.032542969809593404)nd6:0.9230542434191805)nd3:0.701933178127058,((nd65:0.11517010707445534,nd66:0.11517010707445534)nd17:2.644041687201369,(nd43:0.8428731011383694,nd42:0.8428731011383694)nd26:1.9163386931374544)nd4:2.901608242916773)nd2:1.07709746660235)root:0.0;
