sample	replicate	trs
1	1	(((nd3:0.6310157837352732[&state=0],((nd13:4.624362709967128[&state=105],(nd17:4.258637303219576[&state=86],(nd35:0.6603919846586593[&state=120],nd36:0.6603919846586593[&state=120]):3.5982453185609167[&state=106]):0.3657254067475489[&state=7]):2.5705900577870127[&state=7],nd6:7.194952767754139[&state=64]):0.26926685852842747[&state=7]):2.453603595182815[&state=7],(nd7:0.9492973733434905[&state=1],(((nd27:1.3515153004203282[&state=120],(nd39:0.4288844438390472[&state=104],nd40:0.4288844438390472[&state=104]):0.9226308565812807[&state=120]):3.320308321535156[&state=63],(nd19:4.053921029768146[&state=98],(nd21:3.1470677941586946[&state=120],nd22:3.1470677941586946[&state=120]):0.9068532356094496[&state=7]):0.617902592187336[&state=7]):1.4377329198480535[&state=7],((nd29:1.0190793786205419[&state=120],nd30:1.0190793786205419[&state=120]):3.587386563955029[&state=120],(nd23:2.6070127387138013[&state=108],((((nd37:0.564490940604914[&state=120],nd38:0.564490940604914[&state=104]):0.12314708329571884[&state=104],nd34:0.6876380239006329[&state=120]):0.09513005160376087[&state=104],nd32:0.7827680755043939[&state=104]):1.2431011179093014[&state=120],(nd41:0.11102570214555955[&state=120],nd42:0.11102570214555955[&state=108]):1.9148434912681356[&state=105]):0.5811435453001029[&state=7]):1.99945320386177[&state=28]):1.5030905992279668[&state=48]):0.06681853297739795[&state=7]):3.741448146684449[&state=7]):6.08657677853463[&state=22]):0.0[&state=22];
