sample	replicate	trs
1	1	((((nd5:2.4856696272835332[&state=6],((((nd31:0.7802364422865217[&state=6],nd32:0.7802364422865217[&state=6]):0.8014598293516202[&state=6],(nd17:0.5453792687890573[&state=6],nd18:1.2786439264595622[&state=24]):0.30305234517858004[&state=6]):0.31647460983627745[&state=6],(nd15:0.46549254970786746[&state=6],((nd45:0.054080315431499944[&state=6],(nd47:0.029051545831624878[&state=6],nd48:0.029051545831624878[&state=6]):0.025028769599875066[&state=6]):0.951639671405915[&state=6],(nd29:0.8107838583418981[&state=6],(nd35:0.4545002758705163[&state=6],nd36:0.4545002758705163[&state=6]):0.3562835824713819[&state=6]):0.19493612849551675[&state=6]):0.3912968865348958[&state=6]):0.5011540081021086[&state=6]):0.5230051078203165[&state=6],((nd21:1.0565487540909628[&state=6],((nd37:0.41748867577225346[&state=6],nd38:0.41748867577225346[&state=24]):0.61626886954335[&state=6],(nd33:0.7607356482181955[&state=6],nd34:0.7607356482181955[&state=6]):0.27302189709740804[&state=6]):0.022791208775359166[&state=6]):0.07926634373313853[&state=6],(nd27:0.8857417629286437[&state=8],nd28:0.8857417629286437[&state=6]):0.2500733348954575[&state=24]):1.2853608914706347[&state=6]):0.0644936379887976[&state=6]):0.10104024806397383[&state=6],((nd39:0.36824389859841283[&state=6],nd40:0.36824389859841283[&state=6]):1.8627983027452815[&state=6],(nd41:0.3623635218315755[&state=6],(nd43:0.24083347185153947[&state=6],nd44:0.24083347185153947[&state=6]):0.121530049980036[&state=6]):1.8686786795121189[&state=6]):0.35566767400381294[&state=6]):1.4698992305962544[&state=6],nd2:0.032026364848901534[&state=6]):0.6051808940562357[&state=6]):0.0[&state=24];
