sample	replicate	trs
1	1	((((((nd19:2.4972250170396793[&state=119],(((nd45:0.36050579209002886[&state=6],(nd49:0.8389952847945075[&state=75],nd50:0.8389952847945075[&state=119]):0.11245271775509401[&state=119]):0.6012813339515308[&state=110],(((nd53:0.7237378644932319[&state=98],(nd59:0.2859991235684897[&state=53],(nd61:0.18957089738285984[&state=74],nd62:0.18957089738285984[&state=121]):0.09642822618562993[&state=126]):0.43773874092474147[&state=109]):0.2673953447690751[&state=119],nd42:0.9911332092623071[&state=119]):0.4508498427309029[&state=119],nd34:1.4419830519932078[&state=100]):0.11074628450792258[&state=120]):0.6552561576145811[&state=63],((((nd57:0.45848920283760347[&state=119],nd58:0.45848920283760347[&state=103]):0.5129735620131618[&state=119],nd44:0.9714627648507662[&state=77]):0.48356744104732063[&state=118],(nd55:0.6496084433538529[&state=11],nd56:0.6496084433538529[&state=119]):0.8054217625442333[&state=99]):0.24040734504597583[&state=108],(nd47:0.8734430065645646[&state=6],nd48:0.8734430065645646[&state=119]):0.8219945443794976[&state=123]):0.5125479431716509[&state=120]):0.289239522923966[&state=81]):2.4663409118820563[&state=104],((nd51:0.7510231171515156[&state=75],nd52:0.7510231171515156[&state=77]):2.6119976716865936[&state=126],((nd37:1.0605111820359314[&state=126],(nd63:0.14232964464076844[&state=98],nd64:0.14232964464076844[&state=98]):0.918181537395163[&state=119]):0.8374455592920058[&state=107],(nd35:1.1469533194402097[&state=119],nd36:1.1469533194402097[&state=119]):0.7510034218877273[&state=120]):1.4650640475101697[&state=120]):1.6005451400836281[&state=30]):8.976283234015888[&state=9],nd6:3.457613952031713[&state=6]):0.6511641432330506[&state=7],(nd7:0.07590908252751699[&state=6],(nd9:0.11833508319312135[&state=6],nd10:4.0703869654717435[&state=0]):1.6048853454655703[&state=48]):2.1790905563301983[&state=23]):3.0021332516836656[&state=48],(((nd25:1.8563856294385392[&state=119],(nd39:1.038099104449651[&state=6],nd40:1.038099104449651[&state=119]):0.8182865249888926[&state=121]):1.3489324424048876[&state=120],nd18:3.205318071843433[&state=119]):5.333158260112322[&state=63],nd12:2.695218824223745[&state=0]):9.054670225898587[&state=7]):0.19365344214564723[&state=48]):0.0[&state=22];
