sample	replicate	trs
1	1	((nd10:7.813898938491576[&state=7],(((((nd65:0.14843925763724894[&state=1],nd66:0.14843925763724894[&state=0])nd57:0.19501093513412002[&state=7],(nd63:0.18518965801812817[&state=0],nd64:0.18518965801812817[&state=0])nd58:0.15826053475324076[&state=35])nd53:0.5794463166124028[&state=35],nd54:0.9228965093837717[&state=0])nd51:0.047953463939474764[&state=35],(nd61:0.19163744368339253[&state=0],nd62:0.19163744368339253[&state=30])nd52:0.779212529639854[&state=10])nd23:4.9641601941596445[&state=10],(nd32:5.377670128468992[&state=0],((nd47:1.5878312746719856[&state=0],(nd59:0.25222540818434874[&state=78],nd60:0.25222540818434874[&state=2])nd48:1.335605866487637[&state=78])nd37:0.9365837762758297[&state=0],nd40:2.524415050947816[&state=0])nd20:2.8532550775211765[&state=28])nd16:0.5573400390138988[&state=7])nd8:1.8788887710086846[&state=7])nd5:0.06901081498567502[&state=0],((nd55:0.518281140506475[&state=2],nd56:0.518281140506475[&state=1])nd17:5.0525865457819865[&state=9],(((nd45:1.588970399290281[&state=0],nd46:1.588970399290281[&state=0])nd41:0.34931528744813206[&state=0],nd42:1.938285686738413[&state=0])nd33:1.8444561148454945[&state=7],(nd49:1.41416420939558[&state=57],nd50:1.41416420939558[&state=8])nd44:2.3685775921883274[&state=0])nd22:1.7881258847045558[&state=0])nd6:2.3120420671887865[&state=0])nd3:0.0[&state=0];
