sample	replicate	trs
1	1	(((nd4:8.082633947283263,nd5:1.1228291496231413)nd2:0.1135947071030617,(((((nd24:0.6554401029983623,(nd32:0.2083420658859566,nd33:0.2083420658859566)nd25:0.4470980371124057)nd22:0.07986902395632378,(nd26:0.44659973664857777,(nd28:0.36237541868295875,nd29:0.36237541868295875)nd27:0.084224317965619)nd23:0.2887093903061083)nd12:3.5493150846814556,(((nd18:2.025593620911896,(nd34:0.13697380404184423,nd35:0.13697380404184423)nd19:1.8886198168700519)nd16:0.2578659756659919,(nd20:0.9908283235275825,(nd30:0.3404365771228341,nd31:0.3404365771228341)nd21:0.6503917464047484)nd17:1.2926312730503056)nd14:1.2076392376448,(nd36:0.07006624011198226,nd37:0.07006624011198226)nd15:3.4210325941107063)nd13:0.793525377413454)nd8:14.462216696632577,(nd10:4.611765349309993,nd11:4.611765349309993)nd9:14.135075558958727)nd6:2.585232686905806,nd7:21.33207359517453)nd3:1.6809467744857756)root:0.4516796303396943)origin:0.0;
