sample	replicate	trs
1	1	((nd13:5.110016304075441,nd14:5.110016304075441)nd4:1.3661634105069707,(((nd37:2.726714049955904,(((nd67:0.2077034327240358,nd68:0.2077034327240358)nd61:0.41018609387326965,nd62:0.6178895265973054)nd47:1.3599824888109897,(nd63:0.34335291963140735,nd64:0.34335291963140735)nd56:1.6345190957768876)nd38:0.7488420345476107)nd34:1.29262147642999,(nd43:2.517901122567758,(nd57:1.2331985972561585,(nd69:0.10760321659761388,nd70:0.10760321659761388)nd58:1.1255953806585446)nd44:1.2847025253116005)nd41:1.501434403818137)nd22:2.3481315498174675,(((nd49:2.1733217846582127,((nd65:0.2097159326996646,nd66:0.2097159326996646)nd59:0.7261682791902931,nd60:0.9358842118899577)nd54:1.237437572768255)nd30:2.236098522922998,nd36:4.409420307581209)nd17:0.4818866970316344,nd52:4.8913070046128455)nd9:1.476160071590518)nd2:0.1087126383790508)root:0.0;
