sample	replicate	trs
1	1	((((nd55:0.5967473860574745,(nd71:0.13291106715657694,nd72:0.13291106715657694)nd56:0.46383631890089755)nd19:3.846601306123953,(nd57:2.650926501964542,((nd69:0.16061841773348545,nd70:0.16061841773348545)nd49:1.0710749799055006,(nd67:0.27758488245708135,nd68:0.27758488245708135)nd50:0.9541085151819048)nd34:1.4192331043255566)nd20:1.7924221902168866)nd9:10.381934181550253,(((nd23:3.8377011512172854,((nd73:0.13189648511208193,nd74:0.13189648511208193)nd41:2.1046591142153197,(nd51:1.1468851049740934,((nd63:0.28736683992941725,nd64:0.28736683992941725)nd53:0.7219713529808479,nd54:1.0093381929102647)nd52:0.13754691206382838)nd42:1.0896704943533084)nd36:1.6011455518898847)nd21:0.5164468704107282,(nd61:0.46880305229172936,nd62:0.46880305229172936)nd22:3.8853449693362845)nd13:7.6778626350248995,((nd39:2.3745325078831305,(nd47:1.2612548740754346,nd48:1.2612548740754346)nd40:1.1132776338076962)nd31:0.5558441253234805,(nd59:0.49337728271214554,nd60:0.49337728271214554)nd32:2.4369993504944656)nd16:9.101634023446305)nd12:2.7932722170787674)nd5:0.7751035612929599,((nd66:3.0380883370005733,nd30:3.0380883370005716)nd25:0.6657526035802218,(nd43:1.8565846229985168,nd44:1.8565846229985168)nd26:1.8472563175822783)nd18:11.89654549444385)nd2:0.0;
