sample	replicate	trs
1	1	((((nd10:2.9817044612273573[&state=5],(nd46:1.2717922737230976[&state=5],nd47:0.9182101851162745[&state=5]):4.184312920950939[&state=5]):0.6673069551271515[&state=5],(((((nd38:1.7003039153543829[&state=5],nd39:1.7003039153543829[&state=5]):0.11613800981822058[&state=5],nd33:1.8164419251726036[&state=5]):0.680334976810177[&state=5],nd25:1.1148799754280165[&state=5]):0.601581043727972[&state=5],((((nd34:0.5843768153232751[&state=5],(nd36:1.71224119835238[&state=5],(nd58:0.4036728451997801[&state=5],nd59:0.4036728451997801[&state=5]):1.3085683531525998[&state=5]):0.02632549766604683[&state=5]):0.25152565359367396[&state=5],(nd48:1.0898124786007428[&state=5],nd49:1.0898124786007428[&state=5]):0.900279871011358[&state=5]):0.390565144039279[&state=5],(nd28:1.1268118697650427[&state=5],nd29:2.2266205917024315[&state=5]):0.1540369019489484[&state=5]):0.2574133748126373[&state=5],((nd62:0.1909608931009925[&state=5],nd63:0.1909608931009925[&state=5]):1.2700517297829206[&state=5],nd43:0.5262322619695368[&state=5]):1.1770582455801044[&state=5]):0.46028707724673557[&state=5]):1.4407749428420562[&state=5],((((nd54:0.7547284463876744[&state=5],nd55:0.7547284463876744[&state=5]):0.17281213642215637[&state=5],nd53:0.9275405828098308[&state=5]):0.6283441317141302[&state=5],nd41:0.7028394831432535[&state=5]):1.0271539405938641[&state=5],(nd56:0.5747011053935225[&state=5],nd57:0.5747011053935225[&state=5]):2.0083375497243026[&state=5]):1.9560942334349842[&state=5]):1.584279261248378[&state=5]):0.16589572635094646[&state=5],(((nd60:0.27169883885667595[&state=5],nd61:0.27169883885667595[&state=5]):0.7567730984352649[&state=5],(nd64:0.1446987706229301[&state=5],nd65:0.1446987706229301[&state=5]):0.8837731666690107[&state=5]):4.690724429454744[&state=5],(nd8:0.789589914968481[&state=5],(((nd44:1.3148213779212239[&state=5],nd45:0.8006705304535222[&state=5]):1.862877966859376[&state=5],nd17:3.1776993447806[&state=5]):1.9005545770018308[&state=5],nd13:0.8665981577795152[&state=5]):0.6227755802401456[&state=5]):0.018166864724107373[&state=5]):0.5701115094054493[&state=5]):1.8479521238478636[&state=5]):0.0[&state=16];
