sample	replicate	trs
1	1	((nd19:1.3066774082102568,((nd29:0.8869395809505565,((nd45:0.5576813411296234,nd46:0.5576813411296234)nd37:0.12103549492923732,(nd59:0.27790220539325616,(nd79:0.05867097517405805,nd80:0.05867097517405805)nd60:0.21923123021919805)nd38:0.4008146306656052)nd30:0.20822274489169457)nd25:0.20618670197540337,nd26:1.0931262829259591)nd20:0.2135511252842986)nd1:3.6317267066418104,((nd11:1.7078272993977857,(nd71:0.12703967016598733,nd72:0.12703967016598733)nd12:1.5807876292317988)nd3:1.5824082009950788,((nd7:1.9989490663258223,(((nd81:0.01687544922756188,nd82:0.01687544922756188)nd69:0.11836945047438376,nd70:0.13524489970194564)nd21:1.1624451734585572,((nd67:0.14656787914873426,nd68:0.14656787914873426)nd35:0.5911911388741911,nd36:0.7377590180229252)nd22:0.5599310551375781)nd8:0.7012589931653195)nd5:0.6232950378469826,((((nd47:0.5211953262581257,nd48:0.5211953262581257)nd27:0.5180117770448665,nd63:1.0392071033029928)nd13:0.6150294243577298,((nd41:0.6497584878672716,(nd51:0.3816057967817901,nd52:0.3816057967817901)nd42:0.26815269108548173)nd23:0.5217246552226105,((nd77:0.07607832357876725,nd78:0.07607832357876725)nd31:0.8038216875913955,((nd61:0.27035783747172726,nd62:0.27035783747172726)nd33:0.5450177640730576,(nd55:0.29557854934174455,nd56:0.29557854934174455)nd34:0.5197970522030402)nd32:0.0645244096253774)nd24:0.2915831319197202)nd14:0.4827533845708401)nd9:0.11355386063301753,((nd39:0.6628551291147506,((((nd75:0.09056267063391998,nd76:0.09056267063391998)nd65:0.0712618168685767,nd66:0.16182448750249673)nd49:0.3278404780792147,nd50:0.48966496558171124)nd43:0.09109693407227822,(nd73:0.1090142451477569,nd74:0.1090142451477569)nd44:0.47174765450623246)nd40:0.08209322946076124)nd15:0.8144857745594261,((nd53:0.3585435720669805,nd54:0.3585435720669805)nd17:0.9654580092332902,(nd57:0.27988973572231,nd58:0.27988973572231)nd18:1.0441118455779606)nd16:0.15333932237390607)nd10:0.29044948461956294)nd6:0.8544537158790654)nd4:0.66799139622006)nd2:1.6481686144592043)root:0.0;
