sample	replicate	trs
1	1	(((((nd15:0.2697892617283217,(nd19:0.7843969483552631,nd20:0.7843969483552631)nd16:0.493881862585817)nd9:0.10881615975086095,(((nd21:0.09734560721426373,(nd35:0.42939353429144,nd36:0.05177128313888083)nd22:0.3001915995634148)nd13:0.6002074436383866,(nd39:0.03122724210109057,nd40:0.03122724210109057)nd14:1.2985653353921507)nd11:0.008628404439936382,nd12:1.3384209819331776)nd10:0.04867398875876331)nd3:2.4043668792292476,((nd7:1.6079107273711233,nd8:2.6500431021773494)nd5:0.4763985788930071,(nd31:0.565066955867443,nd32:0.565066955867443)nd6:2.561374725202913)nd4:0.6650201688508321)nd1:0.11595937053883155,(((nd33:0.44137897515296637,nd34:0.2250697902965166)nd23:0.2797219553472989,(nd37:0.1790472187810831,nd38:0.1790472187810831)nd24:0.5420537117191822)nd17:0.5210409512270497,((nd27:0.6896921196243484,nd28:0.6896921196243484)nd25:0.006894342664822181,(nd29:0.6145625271768342,nd30:0.5215730601701057)nd26:0.08202393511233637)nd18:0.5455554194381442)nd2:2.665279338732706)root:0.5875687795399783)origin:0.0;
