sample	replicate	trs
1	1	(((nd22:3.8995827480581937,nd21:3.8995827480581946)nd6:5.7686834360887485,((((((nd36:0.3690931936115148,(nd40:0.2965443498664333,nd41:0.2965443498664333)nd37:0.07254884374508157)nd34:0.060220971218606215,nd35:0.4293141648301211)nd28:0.43228289679435383,nd29:0.8615970616244751)nd24:0.8079576240592595,nd25:1.6695546856837342)nd16:3.9597405776710835,(((nd38:0.3064726047429751,nd39:0.3064726047429751)nd32:0.1230803540617032,nd33:0.42955295880467825)nd26:0.8711265322169063,nd27:1.3006794910215844)nd17:4.328615772333233)nd10:2.7676356488700886,((nd42:0.08451197516343398,nd43:0.08451197516343398)nd30:0.534190524983094,nd31:0.6187025001465282)nd14:7.778228412078378)nd7:1.2713352719220374)nd2:3.0674998375204585,(nd44:0.04269951531588731,nd45:0.04269951531588731)nd9:12.693066506351517)root:0.0;
