sample	replicate	trs
1	1	((((((nd19:4.54694143936308,(nd31:1.4124502056765946,nd32:1.4124502056765946)nd20:3.134491233686485)nd9:4.966881852756403,((nd41:0.2947877268628892,nd42:0.2947877268628892)nd27:1.760429405152084,nd28:2.055217132014973)nd10:7.458606160104509)nd7:1.2155401437269833,((((nd37:0.47535660345333464,nd38:0.47535660345333464)nd15:6.305985646654238,((nd25:3.3967587385587286,(nd33:1.3488951187482043,nd34:1.3488951187482043)nd26:2.0478636198105242)nd23:0.19423458925058462,(nd35:0.9841949551930322,nd36:0.9841949551930322)nd24:2.6067983726162813)nd16:3.19034892229826)nd13:1.0864099784868035,(nd29:1.7640744652290965,nd30:1.7640744652290965)nd14:6.103677763365281)nd11:1.6030183195482408,nd12:9.470770548142617)nd8:1.2585928877038477)nd3:7.264517262097875,((nd39:0.2965837525178135,(nd43:0.1184597403799486,nd44:0.1184597403799486)nd40:0.17812401213786488)nd17:4.278745331441202,nd18:4.575329083959016)nd4:13.418551613985322)nd1:0.9940751941794106,((nd21:4.1574440820938765,nd22:4.1574440820938765)nd5:8.652336815280947,nd6:12.809780897374825)nd2:6.178174994748926)root:1.3059441078762448)origin:0.0;
