sample	replicate	trs
1	1	((nd5:8.185335402707377[&state=6],(nd17:6.727635284057499[&state=6],((nd25:3.2473453688733023[&state=6],(nd27:2.8769637545286506[&state=6],nd28:2.8769637545286506[&state=23])nd26:0.37038161434465233[&state=6])nd19:1.0660687405144562[&state=6],(nd39:0.1778438499677188[&state=6],nd40:0.1778438499677188[&state=6])nd20:4.1355702594200405[&state=6])nd18:2.414221174669739[&state=6])nd6:1.457700118649879[&state=6])nd4:3.0399311795858925[&state=6],((nd31:2.517189783220665[&state=6],nd32:2.517189783220665[&state=6])nd15:5.4723832343403[&state=6],((nd23:3.3404530867631235[&state=6],((nd35:1.6363503017551928[&state=6],nd36:1.6363503017551928[&state=6])nd29:1.1884014649412304[&state=6],(nd37:0.25781999129999666[&state=6],nd38:0.25781999129999666[&state=4])nd30:2.566931775396426[&state=26])nd24:0.515701320066701[&state=6])nd9:4.087756363890633[&state=6],((nd21:4.169397955733037[&state=24],(nd33:1.7094603055849642[&state=6],nd34:1.7094603055849642[&state=6])nd22:2.459937650148073[&state=6])nd13:2.8582250809945577[&state=6],nd14:7.0276230367275945[&state=6])nd10:0.400586413926162[&state=6])nd8:0.5613635669072083[&state=6])nd2:3.235693564732305[&state=6])root:0.0[&state=6];
