sample	replicate	trs
1	1	(((nd55:0.8631265662369018,nd56:0.8631265662369018)nd29:5.447244714949056,((nd19:5.078848622750642,nd18:5.078848622750644)nd13:0.48097539943370177,((nd57:0.2691732697111199,nd58:0.2691732697111199)nd52:1.8605120681538851,((nd49:1.4677881305842744,nd50:1.4677881305842744)nd41:0.47341543285219245,(nd43:1.8121909570031614,nd44:1.8121909570031614)nd42:0.12901260643330575)nd36:0.18848177442853822)nd31:3.430138684319342)nd10:0.7505472590016115)nd7:3.058011412352626,((nd39:1.9670908671826512,(nd45:1.786123488858409,(nd47:1.5122940152888673,nd48:1.5122940152888673)nd46:0.2738294735695414)nd40:0.18096737832424228)nd5:5.7910756653233655,nd37:7.758166532506017)nd4:1.6102161610325665)nd2:0.0;
