sample	replicate	trs
1	1	(((((nd9:7.389392464278566[&state=88],((((nd37:0.05631812467448192[&state=5],(nd39:0.03219524105986209[&state=3],nd40:0.03219524105986209[&state=47])nd38:0.024122883614619835[&state=47])nd35:0.01790110750780999[&state=47],nd36:0.07421923218229191[&state=6])nd16:5.3694673291122825[&state=97],nd14:5.443686561294574[&state=31])nd11:0.5214762389772764[&state=9],(nd31:0.5249833427003451[&state=6],nd32:0.5249833427003451[&state=23])nd12:5.4401794575715074[&state=23])nd10:1.4242296640067154[&state=1])nd7:2.4207276605456265[&state=23],((nd33:0.23004319112494895[&state=2],nd34:0.23004319112494895[&state=2])nd29:0.8591425058135318[&state=2],nd30:1.0891856969384812[&state=16])nd8:8.72093442788571[&state=67])nd5:5.0017493106709985[&state=23],nd6:14.81186943549519[&state=6])nd3:0.06747468980694529[&state=6],nd4:14.879344125302133[&state=6])nd1:2.6305231054281975[&state=6],((nd25:1.4293634654817644[&state=16],nd26:1.4293634654817644[&state=30])nd17:3.4651865117143106[&state=66],(((nd27:1.1952640804606975[&state=16],nd28:1.1952640804606975[&state=36])nd23:0.2785828678031215[&state=4],nd24:1.4738469482638192[&state=71])nd19:3.0277935350734624[&state=87],(nd21:3.218286244408586[&state=16],nd22:3.218286244408586[&state=31])nd20:1.2833542389286954[&state=11])nd18:0.39290949385879315[&state=9])nd2:12.61531725353426[&state=7])root:0.0[&state=22];
