sample	replicate	trs
1	1	(((((((nd45:0.047676199155468335[&state=6],nd46:0.047676199155468335[&state=25]):0.5532391111008884[&state=25],(nd43:0.21581673406523355[&state=6],nd44:0.21581673406523355[&state=53]):0.38509857619112314[&state=24]):2.5023928175041052[&state=25],((nd33:0.5985084434776465[&state=1],nd34:0.5985084434776465[&state=1]):0.9640493566336105[&state=9],(nd41:0.22589176594493657[&state=1],nd42:0.22589176594493657[&state=1]):1.33666603416632[&state=23]):1.5407503276492052[&state=24]):1.1864507605181018[&state=6],((nd39:0.3095502447820913[&state=0],nd40:0.3095502447820913[&state=80]):1.3988699650144771[&state=80],nd22:1.7084202097965684[&state=50]):2.5813386784819956[&state=6]):4.1583761172516525[&state=6],(((((nd27:1.3001677542282393[&state=9],(nd29:0.9079997672685156[&state=50],(nd35:0.4750125002338423[&state=98],nd36:0.4750125002338423[&state=11]):0.43298726703467294[&state=11]):0.39216798695972394[&state=1]):0.3336287188612539[&state=1],nd24:1.633796473089493[&state=0]):1.1980889799867083[&state=7],nd18:2.831885453076202[&state=8]):1.744019872063363[&state=0],((nd19:2.4386709515276315[&state=6],(nd37:0.3310783815891979[&state=1],nd38:0.3310783815891979[&state=28]):2.1075925699384332[&state=104]):1.4195086056879915[&state=22],nd14:0.5965950116276179[&state=6]):0.7177257679239419[&state=6]):1.5529811879205342[&state=22],(nd11:4.102295895348954[&state=23],nd12:3.1184556986351066[&state=6]):2.0265906177111463[&state=6]):2.319248492470118[&state=6]):0.1752077087401885[&state=6],nd2:0.321586986438243[&state=6]):3.4397572857295993[&state=6]):0.0[&state=23];
