sample	replicate	trs
1	1	(((nd3:0.08812463968740165,((nd7:2.666033815470035,nd8:1.674672884319603)nd5:0.025583649442834793,nd6:0.40341857722651897)nd4:0.044560433541073585)nd1:0.7584182484665694,(nd9:0.07726660049072583,(((nd35:0.8623327635196424,nd36:1.123644068099421)nd13:3.010157944173744,(nd15:0.4865268868104275,(nd21:2.5140170361402867,((((nd51:0.100622759009316,(nd53:0.06847515239371056,nd54:0.06847515239371056)nd52:0.03214760661560541)nd45:0.4363796790579718,((nd49:0.12718125526938232,nd50:0.12718125526938232)nd47:0.07182399277652339,nd48:0.1990052480459057)nd46:0.33799719002138223)nd33:0.9929561071616032,nd34:1.5299585452288917)nd27:0.47004485905513704,((nd37:0.7914442484992165,nd38:0.7914442484992165)nd31:0.8501264144772179,nd32:0.9985114547498519)nd28:0.35843274130759306)nd22:0.7599562546633962)nd16:0.7713402571211335)nd14:0.6025020962046074)nd11:0.1879654522148951,(nd17:0.3935522351032167,(nd19:2.8149246512081745,((((nd41:0.6418129029769821,(nd43:0.5975541223540015,nd44:0.5975541223540015)nd42:0.044258780622980574)nd39:0.09489017364752446,nd40:0.7367030766245065)nd25:1.7503055112425203,(nd29:1.5573402358603514,nd30:1.6846257916034424)nd26:0.8023827962635856)nd23:0.2702550005264907,nd24:2.757263588393516)nd20:0.05766106281465746)nd18:0.09100989992562891)nd12:1.415832913354255)nd10:0.48236557198604635)nd2:0.849116074353774)root:2.8744008891721204)origin:0.0;
