sample	replicate	trs
1	1	(((((nd22:3.2363625430267327,nd23:0.37106091766467036)nd20:0.6632202050314613,nd21:3.8995827480581946)nd6:5.7686834360887485,((((((nd36:0.3690931936115148,(nd40:0.2965443498664333,nd41:0.2965443498664333)nd37:0.07254884374508157)nd34:0.060220971218606215,nd35:0.4293141648301211)nd28:0.43228289679435383,nd29:0.8615970616244751)nd24:0.8079576240592595,nd25:1.6695546856837342)nd16:3.9597405776710835,(((nd38:0.3064726047429751,nd39:0.3064726047429751)nd32:0.1230803540617032,nd33:0.42955295880467825)nd26:0.8711265322169063,nd27:1.3006794910215844)nd17:4.328615772333233)nd10:2.7676356488700886,(((nd42:0.08451197516343398,nd43:0.08451197516343398)nd30:0.534190524983094,nd31:0.6187025001465282)nd14:5.598620389667828,nd15:2.3131080284856984)nd11:2.17960802241055)nd7:1.2713352719220374)nd2:3.0674998375204585,((nd12:4.101201955445325,(nd18:3.88242024915309,nd19:1.7548816774212697)nd13:2.176640464294996)nd4:3.7276100246497217,(nd8:5.055233770720944,(nd44:0.04269951531588731,nd45:0.04269951531588731)nd9:9.310421023124778)nd5:1.3433405474703755)nd3:2.0393049357563617)root:0.01663397833260378)origin:0.0;
