sample	replicate	trs
1	1	(((nd26:0.0718118010176382[&state=5],nd27:0.0718118010176382[&state=5])nd4:3.4108678955392815[&state=5],(nd18:1.1623196285649244[&state=5],(nd20:1.049513158549699[&state=5],nd21:1.049513158549699[&state=5])nd19:0.1128064700152255[&state=5])nd5:2.3203600679919956[&state=5])nd2:1.3848131523628258[&state=5],(((((nd24:0.24423664890427832[&state=5],nd25:0.24423664890427832[&state=5])nd16:1.0734050995876365[&state=5],(nd28:0.033253298817653654[&state=5],nd29:0.033253298817653654[&state=5])nd17:1.2843884496742612[&state=5])nd14:0.008244397491267975[&state=5],(nd22:1.0099971779066814[&state=5],nd23:1.0099971779066814[&state=5])nd15:0.3158889680765014[&state=5])nd10:0.9096212800521448[&state=5],nd11:2.235507426035327[&state=5])nd6:0.6210344097066522[&state=5],((nd12:1.9062725960875082[&state=5],nd13:1.9062725960875082[&state=5])nd8:0.6089774701129385[&state=5],nd9:2.5152500662004464[&state=5])nd7:0.34129176954153323[&state=5])nd3:2.0109510131777664[&state=5])root:0.0[&state=5];
