sample	replicate	trs
1	1	((((nd36:3.614221574773765[&state=5],((nd52:0.033611292352988306[&state=5],(nd54:0.4478843582355826[&state=5],nd55:0.4478843582355826[&state=5]):1.0367769076848412[&state=5]):1.310433446930718[&state=5],nd43:0.38709184885667547[&state=5]):0.8191268619226237[&state=5]):6.191863630524014[&state=5],((nd16:7.717096080811242[&state=0],(nd24:6.367957983675467[&state=0],(nd50:1.8850047791374447[&state=0],nd51:1.8850047791374447[&state=0]):4.482953204538021[&state=0]):1.3491380971357758[&state=0]):1.1003848076956375[&state=0],(nd46:2.1863216915160457[&state=5],nd47:2.1863216915160457[&state=5]):6.631159196990832[&state=5]):0.9886043167909004[&state=16]):0.6877865737246955[&state=16],(((nd18:0.13361456987102371[&state=0],(nd48:2.124507453125523[&state=0],nd49:2.124507453125523[&state=0]):5.142538551710405[&state=0]):2.2229730247078088[&state=0],((nd14:0.9207198289192582[&state=0],((nd34:3.961487771126036[&state=0],(nd40:3.0158208239915147[&state=0],nd41:3.0158208239915147[&state=0]):0.9456669471345207[&state=0]):2.968741436706916[&state=0],nd21:6.930229207832953[&state=0]):1.3561524004367453[&state=0]):0.12514579914111926[&state=0],(nd28:5.977727391111458[&state=0],nd29:5.977727391111458[&state=0]):2.4338000162993607[&state=0]):1.0784916221329204[&state=0]):0.9773286889056307[&state=0],((((nd32:5.232910387923399[&state=0],(nd44:2.5969617363580015[&state=0],nd45:2.5969617363580015[&state=0]):2.635948651565397[&state=0]):0.08755419689948062[&state=0],(nd38:3.3118582344092102[&state=0],nd39:3.3118582344092102[&state=0]):2.0086063504136695[&state=0]):0.7401384958651285[&state=0],nd27:6.06060308068801[&state=0]):0.7707288108215148[&state=0],nd23:6.392686042645572[&state=0]):3.636015826939845[&state=0]):0.02652406057310699[&state=0]):1.419128220977522[&state=16]):0.0[&state=16];
