sample	replicate	trs
1	1	((((((nd91:1.1625085604707364,nd92:1.1625085604707364)nd83:0.6897544263799493,nd84:1.8522629868506857)nd51:1.5950328807670837,nd52:3.4472958676177714)nd39:1.7313914077789025,nd42:5.178687275396675)nd38:5.789130621146646,nd31:10.967817896543325)nd17:1.104083480569939,((nd67:2.2953907168148997,(((nd95:0.36573260398792656,nd96:0.36573260398792656)nd77:1.5455921564966135,nd78:1.91132476048454)nd73:0.042749213545271544,nd88:1.954073974029812)nd68:0.3413167427850898)nd35:4.044218835437876,(((nd65:2.30089368622012,nd71:2.3008936862201215)nd45:1.7494382109346336,(((nd69:2.259387713229542,nd70:2.259387713229542)nd55:0.9067947577695993,(nd94:1.904256209224191,((nd99:0.062130058639742455,nd100:0.062130058639742455)nd89:1.1841909819484555,nd90:1.2463210405881977)nd80:0.657935168635994)nd62:1.2619262617749523)nd49:0.40149386148032856,(nd59:2.6180788304016467,(nd97:0.09427077141730764,nd98:0.09427077141730764)nd60:2.5238080589843395)nd50:0.949597502077824)nd46:0.482655564675284)nd43:0.7485937565795291,(nd75:1.9359425366573002,nd85:1.9359425366573006)nd48:2.8629831170769844)nd36:1.540683898518493)nd33:5.732291824860479)nd15:0.0;
