sample	replicate	trs
1	1	((((nd55:0.5967473860574745[&state=14],(nd71:0.13291106715657694[&state=4],nd72:0.13291106715657694[&state=16])nd56:0.46383631890089755[&state=16])nd19:3.846601306123953[&state=14],(nd57:2.650926501964542[&state=12],((nd69:0.16061841773348545[&state=3],nd70:0.16061841773348545[&state=1])nd49:1.0710749799055006[&state=11],(nd67:0.27758488245708135[&state=4],nd68:0.27758488245708135[&state=34])nd50:0.9541085151819048[&state=34])nd34:1.4192331043255566[&state=11])nd20:1.7924221902168866[&state=12])nd9:10.381934181550253[&state=9],(((nd23:3.8377011512172854[&state=0],((nd73:0.13189648511208193[&state=1],nd74:0.13189648511208193[&state=31])nd41:2.1046591142153197[&state=31],(nd51:1.1468851049740934[&state=2],((nd63:0.28736683992941725[&state=1],nd64:0.28736683992941725[&state=12])nd53:0.7219713529808479[&state=29],nd54:1.0093381929102647[&state=0])nd52:0.13754691206382838[&state=10])nd42:1.0896704943533084[&state=30])nd36:1.6011455518898847[&state=7])nd21:0.5164468704107282[&state=28],(nd61:0.46880305229172936[&state=36],nd62:0.46880305229172936[&state=1])nd22:3.8853449693362845[&state=1])nd13:7.6778626350248995[&state=7],((nd39:2.3745325078831305[&state=31],(nd47:1.2612548740754346[&state=1],nd48:1.2612548740754346[&state=37])nd40:1.1132776338076962[&state=11])nd31:0.5558441253234805[&state=7],(nd59:0.49337728271214554[&state=15],nd60:0.49337728271214554[&state=0])nd32:2.4369993504944656[&state=66])nd16:9.101634023446305[&state=28])nd12:2.7932722170787674[&state=7])nd5:0.7751035612929599[&state=0],((nd66:3.0380883370005733[&state=0],nd30:3.0380883370005716[&state=7])nd25:0.6657526035802218[&state=0],(nd43:1.8565846229985168[&state=0],nd44:1.8565846229985168[&state=0])nd26:1.8472563175822783[&state=0])nd18:11.89654549444385[&state=0])nd2:0.0[&state=0];
