sample	replicate	trs
1	1	(((nd10:5.567232135970655,((nd18:0.6477546354424286,((((nd36:0.9386457514873451,((nd58:1.0610123161951444,(nd74:0.10014667007440908,nd75:0.44060751743159277)nd59:0.6204047987635517)nd52:0.5609389403360048,((nd72:0.4564152735165636,nd73:0.4564152735165636)nd68:0.03537079100251135,nd69:0.4917860645190749)nd53:1.1301651920120743)nd37:3.986902922625747)nd34:0.08968827527704654,((nd46:3.144933204477892,(nd50:0.6458138362343888,((nd66:0.5628310027130455,nd67:0.5628310027130455)nd56:0.5135811006797008,(nd64:0.576824904869109,nd65:0.576824904869109)nd57:0.49958719852363737)nd51:1.6750051611351093)nd47:0.3935159399500366)nd44:1.7482682997811119,nd45:0.5372249304162573)nd35:0.8053409501749377)nd28:1.0799521160391299,nd29:6.778494570473072)nd22:2.191878861225346,(((nd70:0.4635538988115345,nd71:0.4635538988115345)nd40:4.879128810293396,nd41:0.49147857826493596)nd24:3.2580929372126337,(nd30:0.7435414370684518,((nd54:1.5420475436333436,nd55:0.041377211843602955)nd42:3.730743927304582,nd43:0.8904274672603996)nd31:0.7899549657134949)nd25:2.5380292096661417)nd23:0.36959778538085675)nd19:8.306081063378565)nd14:1.868893730605024,nd15:6.9463700203353795)nd11:0.6085400941853198)nd2:4.6442640018595736,(nd4:8.554562611585805,((nd20:3.9706498292838543,((nd32:1.4324008908680879,(((nd62:0.7413710232488313,nd63:0.7413710232488313)nd48:2.3745373633002878,((nd76:0.1036804445437149,nd77:0.1036804445437149)nd60:0.8702482280136878,nd61:0.9739286725574027)nd49:2.1419797139917156)nd38:2.2301115883107205,nd39:0.6784073311384182)nd33:0.5654132881254345)nd26:1.171539155110109,nd27:4.264427889767864)nd21:2.4397344806901398)nd6:10.93987843753247,(nd8:0.47900613030974826,(nd12:0.08482403962528405,(nd16:6.030470403927097,nd17:3.511777500014805)nd13:0.5636279760203452)nd9:0.5205996783834179)nd7:0.3347823764464096)nd5:3.7576331748998317)nd3:0.17793381050907944)root:2.795447678273095)origin:0.0;
