sample	replicate	trs
1	1	(((((nd21:2.0394391124193096,(((nd63:0.28514895533300266,(nd69:0.15219569806514593,(nd79:0.012062469649372794,nd80:0.012062469649372794)nd70:0.14013322841577314)nd64:0.1329532572678567)nd31:1.1052459602086793,((nd77:0.03304407802372178,nd78:0.03304407802372178)nd43:0.7374159719124951,nd44:0.7704600499362168)nd32:0.6199348656054654)nd25:0.2645711596696574,((nd65:0.24477342777911787,nd66:0.24477342777911787)nd51:0.32991130626095083,nd52:0.5746847340400686)nd26:1.080281341171271)nd22:0.3844730372079726)nd15:1.1027762290530596,(nd39:0.868527557856594,(nd57:0.46270418886309744,nd58:0.46270418886309744)nd40:0.4058233689934968)nd16:2.2736877836157783)nd13:0.3079143952131844,(nd37:0.8698108588345571,(nd45:0.7285723931106606,nd46:0.7285723931106606)nd38:0.14123846572389673)nd14:2.580318877851)nd1:4.559209369592775,((((((nd19:2.2054942898868712,(nd49:0.6325648411579982,(nd55:0.49167213190117914,nd56:0.49167213190117914)nd50:0.14089270925681918)nd20:1.572929448728874)nd17:0.1306028944649697,((nd33:1.1817827022416112,(nd53:0.5107167131341573,(nd67:0.24378916862978917,nd68:0.24378916862978917)nd54:0.2669275445043682)nd34:0.6710659891074544)nd27:0.2930323472359705,nd28:1.4748150494775818)nd18:0.8612821348742605)nd11:1.1711920737343646,(nd35:1.07002005714007,nd36:1.07002005714007)nd12:2.4372692009461376)nd7:0.29217490185041667,nd8:3.7994641599366235)nd5:0.9397094382005994,nd6:0.15636547429964257)nd3:0.3820825250229729,(((((nd61:0.29015746406487736,(nd71:0.13029132438872817,(nd73:0.11205486202514078,nd74:0.11205486202514078)nd72:0.018236462363587377)nd62:0.1598661396761491)nd41:0.5213852772944091,nd42:0.8115427413592861)nd29:0.6335319430662165,(nd75:0.08027399560680747,nd76:0.08027399560680747)nd30:1.3648006888186948)nd23:0.2743436763004518,(nd47:0.6937634205541535,(nd59:0.36791461772984496,nd60:0.36791461772984496)nd48:0.32584880282430867)nd24:1.0256549401718005)nd9:2.024635463257792,nd10:3.7440538239837453)nd4:1.377202299176451)nd2:2.8880829831181347)root:0.8366308937216722)origin:0.0;
