sample	replicate	trs
1	1	(((((nd7:1.0981311914420229[&state=6],((nd29:1.1586205486291217[&state=23],(nd35:0.47077866177668876[&state=0],nd36:0.47077866177668876[&state=7]):0.6878418868524336[&state=49]):5.452308661890827[&state=50],(((nd31:0.7659592764295932[&state=104],nd32:0.7659592764295932[&state=8]):3.358237916691399[&state=48],nd22:0.9235853086245172[&state=6]):1.8680505590096663[&state=23],((((nd33:0.49216496228983736[&state=0],nd34:0.49216496228983736[&state=78]):2.536932711890966[&state=28],(nd27:0.45261491474651555[&state=1],((nd41:0.1611301808757723[&state=0],nd42:0.1611301808757723[&state=48]):0.2937986335325666[&state=7],nd40:0.45492881440833893[&state=7]):0.8747796730018201[&state=7]):1.6993891867706454[&state=11]):1.3469410944551943[&state=1],nd20:4.376038768635995[&state=22]):0.9455829414617254[&state=23],(nd25:1.8490359022973366[&state=48],nd26:1.8490359022973366[&state=6]):3.4725858078003866[&state=7]):0.6706260420329362[&state=7]):0.6186814583892893[&state=48]):1.2664423510975567[&state=7]):2.2670040645964473[&state=22],(nd15:5.851252972068408[&state=28],(nd37:0.4579473326822239[&state=6],nd38:0.4579473326822239[&state=0]):5.393305639386185[&state=22]):4.293122654145545[&state=0]):0.4313457588125292[&state=22],(nd11:0.42631269870747185[&state=0],nd12:0.9183967387495932[&state=1]):4.445823458232087[&state=7]):3.0178473208601813[&state=22],nd2:4.5205972600685165[&state=6]):1.6855312941133276[&state=0]):0.0[&state=22];
