sample	replicate	trs
1	1	((((nd83:0.01999023172265472,nd84:0.01999023172265472)nd79:0.02121936342728442,nd80:0.041209595149939146)nd59:0.6353377645063844,(nd67:0.24680280431793608,nd68:0.24680280431793608)nd60:0.4297445553383874)nd57:0.058767203963314946,(((nd65:0.3177209003732642,(nd69:0.17137347151073165,(((nd87:0.007486085751535023,nd88:0.007486085751535023)nd77:0.053280023825070556,(nd85:0.01108739854006741,nd86:0.01108739854006741)nd78:0.04967871103653817)nd73:0.07711972155723489,(nd81:0.03801566804442322,nd82:0.03801566804442322)nd74:0.09987016308941725)nd70:0.033487640376891156)nd66:0.14634742886253257)nd63:0.08185540429460177,nd64:0.399576304667866)nd61:0.10317597474762352,((nd89:0.006436362948472928,nd90:0.006436362948472928)nd75:0.1546294054378102,nd72:0.16106576838628314)nd62:0.3416865110292063)nd58:0.23256228420414893)nd55:0.0;
