sample	replicate	trs
1	1	(((((nd9:1.658437499603473[&state=0],((nd31:1.1609289929597613[&state=1],nd32:1.1609289929597613[&state=0]):1.1664407886317587[&state=7],((nd49:0.02389176499553745[&state=0],nd50:0.02389176499553745[&state=0]):1.152051892709966[&state=0],nd30:0.10673018499527001[&state=0]):1.1514261238860164[&state=0]):1.7167440500709406[&state=0]):0.01898730079421403[&state=0],((nd27:1.4083029653094068[&state=6],((nd47:0.19429011416794914[&state=0],nd48:0.028323849258251845[&state=0]):0.2456926773546476[&state=0],(nd51:0.005443236007317578[&state=0],nd52:0.005443236007317578[&state=0]):0.4345395555152791[&state=0]):0.9683201737868101[&state=0]):0.5575520589559514[&state=0],(nd37:1.0231083234769935[&state=0],nd38:1.0231083234769935[&state=0]):0.9427467007883644[&state=0]):2.0972461081913165[&state=0]):0.8817009959409073[&state=0],((((nd23:1.404796220808347[&state=0],nd24:0.2731937807067598[&state=0]):0.7532885544264215[&state=0],((nd39:0.2385878973362609[&state=0],nd40:0.90303644123059[&state=0]):0.2539390686379472[&state=0],nd34:0.5605420213929612[&state=6]):1.3673663561769005[&state=22]):1.1267444455127975[&state=0],((nd35:0.6163845326312096[&state=1],(nd43:0.5580076178194406[&state=1],nd44:0.2865582059250763[&state=1]):0.49033792455427627[&state=1]):0.5134869111431545[&state=1],(nd41:0.9012543305009693[&state=1],nd42:0.9012543305009693[&state=0]):0.6605781230159021[&state=7]):2.0892538580413635[&state=7]):0.43178886938812816[&state=0],((nd15:1.0929360136280521[&state=0],nd16:3.033914417892292[&state=0]):0.5400706076792189[&state=0],nd14:2.2003941436987438[&state=0]):0.5088901553748525[&state=0]):0.8619269474512191[&state=0]):0.4592027136845976[&state=22],nd2:0.1589273967762288[&state=0]):0.41398515791781926[&state=22]):0.0[&state=22];
