sample	replicate	trs
1	1	(((nd29:1.094028435855741[&state=101],nd30:1.094028435855741[&state=6])nd21:2.0780554605729202[&state=26],(((nd45:0.42670611034864536[&state=12],nd46:0.42670611034864536[&state=77])nd33:0.44477857113172165[&state=12],((nd37:0.762865807589095[&state=103],(nd47:0.3374615287950094[&state=16],(nd53:0.042752092999956894[&state=67],nd54:0.042752092999956894[&state=39])nd48:0.2947094357950525[&state=103])nd38:0.42540427879408527[&state=31])nd35:0.018830940901505822[&state=103],nd36:0.7816967484906007[&state=6])nd34:0.08978793298976658[&state=125])nd23:2.092401241381586[&state=125],(((nd51:0.045443138076608776[&state=12],nd52:0.045443138076608776[&state=19])nd43:0.4213793624507804[&state=43],nd44:0.46682250052738916[&state=46])nd31:0.46247931452354435[&state=102],nd32:0.9293018150509337[&state=6])nd24:2.0345841078110194[&state=85])nd22:0.20819797356670816[&state=11])nd15:2.469176108655099[&state=10],(nd27:3.9475342983587707[&state=103],(nd19:3.8659041971380836[&state=42],(((nd41:0.4972275934530105[&state=3],nd42:0.4972275934530105[&state=103])nd39:0.04541775856752983[&state=103],(nd49:0.27264845799066884[&state=5],nd50:0.27264845799066884[&state=1])nd40:0.2699968940298715[&state=18])nd25:1.5679740837916722[&state=103],nd26:2.110619435812212[&state=77])nd20:1.7552847613258709[&state=11])nd18:0.0816301012206875[&state=7])nd16:1.69372570672499[&state=28])nd14:0.0[&state=1];
