sample	replicate	trs
1	1	(((((nd11:2.161190965268194[&state=23],((nd23:1.268932513706397[&state=78],nd24:1.268932513706397[&state=2])nd19:0.08073595069617437[&state=1],(nd33:0.01737562716716782[&state=0],nd34:0.01737562716716782[&state=2])nd20:1.3322928372354035[&state=8])nd12:0.8115225008656235[&state=7])nd9:0.045251053759668314[&state=22],nd13:2.2064420190278633[&state=7])nd7:1.0672444944496322[&state=6],((nd27:0.48991298671325584[&state=6],(nd31:0.08481987801852989[&state=6],nd32:0.08481987801852989[&state=28])nd28:0.405093108694726[&state=78])nd15:1.0462800305551048[&state=22],(nd17:1.439018026679801[&state=23],(nd29:0.3933035954327446[&state=8],nd30:0.3933035954327446[&state=22])nd18:1.0457144312470554[&state=24])nd16:0.09717499058856056[&state=6])nd8:1.7374934962091335[&state=22])nd3:0.9263941770250191[&state=48],((nd25:0.7254842975963876[&state=6],nd26:0.7254842975963876[&state=28])nd5:2.690037654438956[&state=48],nd6:3.4155219520353435[&state=28])nd4:0.7845587384671697[&state=6])nd1:0.8663472381593013[&state=22],(nd21:1.2835669153559637[&state=6],nd22:1.2835669153559637[&state=6])nd2:3.782861013305852[&state=6])root:0.0[&state=22];
