sample	replicate	trs
1	1	(((nd71:0.23118999062248285[&state=10],nd72:0.23118999062248285[&state=30])nd19:2.149785141042446[&state=28],((nd51:0.6802163408033098[&state=31],(nd77:0.11754266521840229[&state=12],nd78:0.11754266521840229[&state=28])nd52:0.5626736755849074[&state=31])nd21:1.617548498787014[&state=9],(nd27:1.7084293433440405[&state=3],((nd47:0.817491697339045[&state=11],nd76:0.8174916973390449[&state=12])nd37:0.4923644670492505[&state=12],(nd67:0.28869464307606524[&state=12],nd68:0.28869464307606524[&state=9])nd38:1.0211615213122314[&state=31])nd28:0.39857317895574285[&state=28])nd22:0.5893354962462843[&state=28])nd20:0.08321029207460588[&state=0])nd12:0.7463095799127971[&state=0],(((((nd73:0.22897065001728095[&state=31],nd74:0.22897065001728095[&state=31])nd45:0.7678275101164527[&state=12],(nd61:0.3823142118158391[&state=11],(nd63:0.33966213195753203[&state=10],nd64:0.33966213195753203[&state=28])nd62:0.04265207985830727[&state=63])nd46:0.614483948317894[&state=28])nd36:0.48894679763508775[&state=31],nd32:1.485744957768822[&state=31])nd25:0.3000615016826883[&state=28],nd42:1.78580645945151[&state=12])nd17:1.0519303850554187[&state=1],((((nd49:0.7443071062179603[&state=31],(nd59:0.5168383917254783[&state=3],nd60:0.5168383917254783[&state=1])nd50:0.2274687144924815[&state=12])nd43:0.29455602858510815[&state=63],nd44:1.0388631348030688[&state=12])nd29:0.635429675611464[&state=29],(((nd57:0.6615167389869396[&state=9],(nd65:0.2986411634031724[&state=12],nd66:0.2986411634031724[&state=31])nd58:0.36287557558376693[&state=9])nd55:0.0034175703268320493[&state=1],nd56:0.6649343093137716[&state=2])nd53:0.013587351656014933[&state=1],nd70:0.6785216609697864[&state=31])nd30:0.9957711494447459[&state=31])nd24:1.0998152249609903[&state=0],((nd79:0.0715355473598444[&state=31],nd80:0.0715355473598444[&state=63])nd39:1.1845017417668215[&state=31],nd40:1.256037289126666[&state=30])nd16:1.5180707462488576[&state=28])nd14:0.06362880913140546[&state=7])nd8:0.2895478670707983[&state=7])nd1:0.0[&state=7];
