sample	replicate	trs
1	1	(((((nd7:3.2370007893258403,(nd29:2.2875961194546246,(nd37:6.353044882283138,nd38:6.353044882283138)nd30:1.3141598331427629)nd8:6.357180308836418)nd5:0.26043065364494455,(((nd53:3.9286975025859885,nd54:3.9286975025859885)nd15:5.923721232664024,((nd35:3.268371816500105,nd36:0.9786496619441208)nd31:0.7307981455302256,((nd45:4.731853573692256,nd46:3.290547180780472)nd39:1.4799498064772325,nd40:5.077637872526384)nd32:0.8866078018274585)nd16:2.754007553253066)nd11:2.258522046637406,(nd47:1.6230208315792318,(nd59:3.041088660107215,nd60:0.15370253116303062)nd48:1.5860974893024673)nd12:7.483754632477737)nd6:2.1738748960198473)nd3:1.4880947105963664,(nd23:7.737246963644134,nd24:2.5456105726575755)nd4:8.035663424859498)nd1:5.722493661129187,(nd9:1.1797456798095276,((((nd61:2.705843194564411,nd62:2.705843194564411)nd51:1.2324138545099366,nd52:3.9382570490743483)nd19:4.9193289774864795,(nd65:0.6052470359117451,nd66:1.688032852047295)nd20:6.837424643965605)nd13:2.0654496797857713,((nd33:3.0961701325003173,nd34:2.7713995162228025)nd17:3.275427009983598,((nd27:7.672734606598899,nd28:1.5014136948036438)nd21:0.6567070076279825,((((nd55:3.7670854738849204,(((nd71:0.43364675017525917,nd72:0.43364675017525917)nd63:1.756641982804807,nd64:2.190288732980066)nd57:1.1023874516997347,nd58:0.11669096072730274)nd56:0.4744092892051191)nd43:1.6175119081340101,nd44:3.698299671638493)nd41:0.08881633166126379,((nd67:0.929400047716062,(nd69:0.7713443450041335,nd70:0.28544972550613706)nd68:0.15805570271192854)nd49:3.4450586655386886,nd50:4.131644817663041)nd42:1.0989550004254445)nd25:2.2091280611087103,nd26:0.8673107660954213)nd22:0.6468998394379765)nd18:1.4474583698468293)nd14:1.146135722272888)nd10:2.7215419567305053)nd2:7.850826386555715)root:1.4479959503671833)origin:0.0;
