sample	replicate	trs
1	1	((((((nd23:1.4758263260267162,nd24:0.4637380841378312)nd11:2.0017089055593615,(((nd31:0.44546372481276403,nd32:0.44546372481276403)nd27:0.6542375012975873,(nd29:0.8984063984484444,((nd39:0.03291895471633925,nd40:0.03291895471633925)nd37:0.16294222850820753,nd38:0.19586118322454676)nd30:0.7025452152238976)nd28:0.20129482766190698)nd13:1.0005640222095986,nd14:2.1002652483199498)nd12:1.3772699832661277)nd7:0.8241375058171477,(nd21:1.64235666879089,nd22:1.64235666879089)nd8:2.659316068612335)nd3:0.19384906615836678,nd4:0.9271799772292608)nd1:0.2401698405872599,(((nd15:1.9049637705324434,(nd17:1.8475115839350937,(nd33:0.3940779375531693,(nd35:0.25617889256041265,nd36:0.25617889256041265)nd34:0.13789904499275663)nd18:1.4534336463819244)nd16:0.057452186597349325)nd9:2.1052043907744027,(nd25:1.1006989701679213,nd26:1.1006989701679213)nd10:2.9094691911389248)nd5:0.3217584522535076,(nd19:1.8373942991129237,nd20:1.8373942991129237)nd6:2.49453231444743)nd2:0.40376503058849833)root:0.37411835585114744)origin:0.0;
