sample	replicate	trs
1	1	((((nd23:0.8827147218357208,(nd29:0.6603297376825022,(nd41:0.04245922857291057,nd42:0.04245922857291057)nd30:0.6178705091095916)nd24:0.22238498415321847)nd21:0.24760418166151626,nd39:1.1303189034972372)nd9:1.176759072484236,nd10:2.307077975981472)nd5:1.1539022860369383,((nd11:2.1030200981052793,((nd19:1.3479175776942116,nd20:1.3479175776942116)nd17:0.2687439563691647,(nd33:0.5584973480774851,(nd43:0.03337646084731909,nd44:0.03337646084731909)nd34:0.5251208872301659)nd18:1.0581641859858908)nd12:0.48635856404190403)nd7:0.655545822710324,((nd31:0.5649009234271666,nd32:0.5649009234271666)nd15:1.1662516360857076,((nd27:0.6772851829101,(nd35:0.2714331657093501,(nd45:0.010096087290552284,nd46:0.010096087290552284)nd36:0.26133707841879783)nd28:0.4058520172007498)nd25:0.06574306930760582,(nd37:0.21943060491329286,nd38:0.21943060491329286)nd26:0.5235976473044128)nd16:0.9881243072951685)nd14:1.0274133613027296)nd4:0.7024143412028075)nd1:0.0;
