sample	replicate	trs
1	1	((((((nd33:0.041224604954139765,nd34:0.041224604954139765)nd29:1.1704070660157846,(nd31:1.1592539326950024,nd32:1.1592539326950024)nd30:0.05237773827492195)nd25:0.5406104285366702,nd26:1.7522420995065946)nd5:3.8414347749615514,(((nd23:1.7694966942715973,nd24:1.7694966942715973)nd21:0.21873790789772482,nd22:1.9882346021693222)nd7:3.2659449180206064,((nd11:0.7779617830739132,(((nd19:3.815033415011592,(nd27:1.571464127405186,nd28:1.571464127405186)nd20:2.243569287606406)nd15:0.5390399540134412,nd16:4.354073369025033)nd13:0.3209700819681957,(nd17:4.273316673645491,nd18:4.273316673645491)nd14:0.4017267773477382)nd12:0.17745012443583089)nd9:0.1631781375083751,nd10:5.015671712937435)nd8:0.23850780725249338)nd6:0.33949735427821764)nd1:17.332883423438073,(nd3:4.266941449151531,nd4:2.678011990134982)nd2:0.07044647023908321)root:0.09983970209378629)origin:0.0;
