sample	replicate	trs
1	1	(((nd3:14.756545373544755,((((nd23:2.8408952938072147,(nd27:2.1773609227006423,nd28:2.1773609227006423)nd24:0.6635343711065746)nd11:2.7686013005295504,nd12:5.60949659433677)nd9:3.1460393458125693,nd10:8.755535940149338)nd7:4.275244981012541,(((nd29:0.979808697676175,nd30:0.979808697676175)nd25:1.2732121124247404,nd26:2.253020810100916)nd17:1.5144313408449042,(nd19:3.724260389242095,nd20:3.724260389242095)nd18:0.04319176170372136)nd8:9.26332877021606)nd4:1.7257644523828857)nd1:0.37503817781114446,(nd5:13.439286704140958,(nd13:4.196403719075425,((nd21:2.9550152709689526,nd22:2.9550152709689526)nd15:1.0604518898713717,nd16:4.015467160840323)nd14:0.1809365582351023)nd6:9.242882985065538)nd2:1.6922968472149416)root:2.1009164486441034)origin:0.0;
