sample	replicate	trs
1	1	(((((((nd31:2.176946006412607,(nd33:1.9062897003134542,(nd39:0.815193217585305,nd40:0.815193217585305)nd34:1.0910964827281484)nd32:0.27065630609915337)nd27:1.9050729076306903,(nd35:1.5088038334970224,nd36:1.5088038334970224)nd28:2.5732150805462752)nd23:1.8754216695546062,(nd43:0.4976928875541698,(nd45:0.16802568926739994,nd46:0.16802568926739994)nd44:0.32966719828676994)nd24:5.45974769604373)nd5:8.906225713893388,(((((nd37:0.8802102122160277,nd38:0.8802102122160277)nd21:5.736862526502966,(nd29:3.0416947044989313,nd30:3.0416947044989313)nd22:3.5753780342200643)nd17:1.7390599000878164,nd18:8.356132638806821)nd15:0.38879163149913143,(nd19:7.2773752094745365,(nd25:5.663747245773399,nd26:5.663747245773399)nd20:1.6136279637011386)nd16:1.4675490608314012)nd13:1.9630247710344253,nd14:0.6607559575055548)nd6:4.1557172561509255)nd3:2.644317087898771,(((nd41:0.708222893868996,nd42:0.708222893868996)nd11:10.901718076326407,nd12:2.1710119996514097)nd7:2.720754115827373,(nd9:3.995722042507591,nd10:0.8587468099489897)nd8:1.5549440509382821)nd4:3.177288299367268)nd1:2.321190266497936,nd2:0.10186992729341363)root:0.2459263481119723)origin:0.0;
