sample	replicate	trs
1	1	((((((nd23:4.875716819624245[&state=1],nd24:0.4941136022865154[&state=1]):2.7165757373834696[&state=1],((nd17:6.816241791526626[&state=2],(nd19:2.733283131326302[&state=1],(nd39:2.915840674640227[&state=0],nd40:2.915840674640227[&state=23]):4.6548356090599485[&state=1]):1.1575772669270936[&state=1]):0.4769543638706362[&state=1],nd16:2.5907617263010985[&state=1]):0.4812230649124141[&state=1]):3.995564110982361[&state=1],(((nd53:1.4688510580200702[&state=0],nd54:0.27661584348648993[&state=0]):5.564345882826781[&state=0],(nd45:2.6216652575473605[&state=0],nd46:2.6216652575473605[&state=0]):4.41153168329949[&state=0]):3.1365010095069845[&state=0],nd10:2.2317561225781803[&state=0]):3.5122971400388447[&state=0]):1.9587596301719363[&state=0],nd6:4.261045325176313[&state=0]):1.526902156182641[&state=0],(nd3:11.515788681291383[&state=1],(((nd55:1.3345742953240916[&state=2],((nd61:0.1763154144940435[&state=107],nd62:0.1763154144940435[&state=2]):0.44152786768140073[&state=66],nd60:0.6178432821754443[&state=2]):0.7167310131486471[&state=66]):5.634999469343708[&state=30],(nd33:3.923889029544977[&state=1],(nd35:0.8424145751137787[&state=0],(nd49:2.3454263732443654[&state=13],nd50:2.3454263732443654[&state=0]):1.852400213362868[&state=0]):0.6411165592979341[&state=0]):2.1306306187626314[&state=0]):2.4643251433714597[&state=0],((((nd43:2.628608431864608[&state=31],nd44:1.3250209594641138[&state=0]):1.3513883030377256[&state=7],nd38:3.979996734902335[&state=0]):1.062483172533535[&state=0],(nd57:0.6210272865943318[&state=0],nd58:0.6210272865943318[&state=0]):4.421452620841539[&state=0]):0.8176732206427445[&state=7],(((nd47:2.453487056308841[&state=1],nd48:1.9026747565061841[&state=1]):0.2963250168746227[&state=1],(nd51:1.726318655802528[&state=1],nd52:1.726318655802528[&state=1]):1.023493417380937[&state=1]):3.0960382636271837[&state=1],nd30:5.845850336810647[&state=2]):0.014302791267966481[&state=1]):3.573745779960646[&state=7]):7.471200951019787[&state=0]):0.26255701768821016[&state=0]):1.6510431232527432[&state=0]):0.0[&state=22];
