sample	replicate	trs
1	1	(((nd4:1.6844410194182733,(((((nd38:1.522314367619719,(nd88:0.07705191165237392,nd89:0.07705191165237392)nd39:1.445262455967345)nd16:1.70434800117446,(((nd60:0.8767844444870324,nd61:0.8767844444870324)nd20:1.5504428154245418,(nd46:0.4538353582118554,nd47:1.4605569307190918)nd21:0.9666703291924821)nd18:0.4735946257317337,(nd28:0.5885916296859819,nd29:2.1335001013344956)nd19:0.7673217843088123)nd17:0.3258404831508721)nd14:0.02664545379963469,((nd50:0.09490650093721484,(nd58:0.11035115563233458,(nd76:0.39634682813932115,nd77:0.39634682813932115)nd59:0.6046706793249929)nd51:0.32316525146536457)nd26:0.8965653992506065,(((nd84:0.03818356070144059,nd85:0.13211520437695126)nd48:1.2406520742536855,nd49:1.128249603889355)nd36:0.20467276498979076,(nd62:0.4481669608217831,nd63:0.29172412824059935)nd37:0.7104297827103413)nd27:0.6433081145598571)nd15:1.0325596644135298)nd10:1.0524237108499301,(((((nd42:0.09092318629629188,(nd44:1.478386904981264,((nd78:0.31038911565462957,nd79:0.31038911565462957)nd52:1.0104741502466263,(nd54:0.5752071211065484,nd55:1.0931761722805806)nd53:0.07789726310102484)nd45:0.15752363908000838)nd43:0.017100200001431136)nd32:0.21511965134420344,(((nd66:0.7688489457105947,nd67:0.5801493851255064)nd64:0.001136539811322705,nd65:0.7699854855219174)nd34:0.8830634015211044,(nd56:1.230241367544428,((nd72:0.6965299869530825,(nd80:0.3087339713920687,nd81:0.3087339713920687)nd73:0.38779601556101395)nd70:0.06660133754937775,nd71:0.7631313245024602)nd57:0.4671100430419677)nd35:0.4228075194985939)nd33:0.05755786928387697)nd30:0.18805186411095348,(nd74:0.17313481915389567,nd75:0.6497847620101243)nd31:1.2488738584277284)nd24:0.4190810499697678,nd25:0.055253409890251626)nd22:0.02497979755665194,(nd40:0.2846982317058857,nd41:0.8104965186124293)nd23:0.8375347595943152)nd11:1.9630120654794727)nd6:0.8649521984060233,((((nd82:0.24368567534851004,(nd86:0.08818927171673027,nd87:0.08818927171673027)nd83:0.1554964036317798)nd68:0.5219964822663792,nd69:0.7656821576148891)nd12:2.5921064609857862,nd13:0.35653207063721426)nd8:1.716294703422601,nd9:1.321340062201857)nd7:0.09660040982649075)nd5:0.8490215930053744)nd2:0.21920550975190925,nd3:0.9576407520118925)root:0.38593916539294804)origin:0.0;
