sample	replicate	trs
1	1	(((nd4:0.20983558642406244,((nd26:0.717566050767171,((nd48:0.6115722705645323,((nd58:0.5177573000730427,nd59:0.5177573000730427)nd54:0.16255406358408922,(nd56:0.006457448821410676,(nd66:0.2272165601252945,nd67:0.29195850452997973)nd57:0.26292699988648954)nd55:0.12542585924066257)nd49:0.49986575281321954)nd44:0.03794842781682095,nd45:0.2678706091573647)nd27:1.4446857730194023)nd8:1.2301454621887247,((((nd36:1.690249047512221,nd37:0.5180339320703472)nd14:1.400449847758207,nd15:0.023867617857221548)nd12:0.24521533053916045,(nd18:2.3501493755067875,((nd32:2.5233896992612475,nd33:0.524269783944459)nd30:0.05825722616035454,(nd42:1.5467153471547552,(nd46:0.3636187968363886,((nd68:0.27202826633326715,nd69:0.27202826633326715)nd60:0.1882127410876609,nd61:0.3020884739196962)nd47:0.7509002870673884)nd43:0.3355740526664388)nd31:1.0349315782668476)nd19:0.8901842224338469)nd13:0.34982573411705825)nd10:0.01608483695805164,(nd38:0.17136933135627808,((nd64:0.34698836544631817,(nd70:0.16366145920163513,nd71:0.16366145920163513)nd65:0.18332690624468306)nd40:1.3842858904507036,nd41:0.6579524651107471)nd39:0.16623537643561123)nd11:1.9402320865979263)nd9:0.05521506056473933)nd5:0.8546920867501533)nd2:1.847217577247969,(((nd52:0.7023556560228087,(nd62:0.37098757146435146,nd63:0.37098757146435146)nd53:0.33136808455845723)nd24:2.0684610975116366,(nd50:0.5839866535853254,nd51:1.042274871733608)nd25:1.7285418818008371)nd6:1.2284980203309923,(nd16:3.477830109797046,(((nd28:1.3737886664079797,nd29:0.5602154728420055)nd22:0.25912038942058174,(nd34:2.403046941975525,(nd72:0.1365114586376417,nd73:0.1365114586376417)nd35:2.2665354833378832)nd23:0.4497137416183115)nd20:0.5132017866847725,nd21:0.40799579746176357)nd17:0.11186763951843755)nd7:0.5214846640683909)nd3:2.5955516696279837)root:0.10491355650658005)origin:0.0;
