sample	replicate	trs
1	1	((((nd15:3.808501232562934[&state=0],(((nd45:0.6649699830051463[&state=0],nd46:0.6649699830051463[&state=0])nd43:0.11390393678813292[&state=0],nd44:0.7788739197932792[&state=0])nd23:2.133860180744262[&state=0],nd24:2.9127341005375413[&state=0])nd16:0.8957671320253928[&state=0])nd13:0.16263335777403853[&state=0],(nd53:0.5303547918745243[&state=0],nd54:0.5303547918745243[&state=0])nd14:3.4407797984624477[&state=0])nd11:0.4848098323016577[&state=0],((nd27:2.350568494945079[&state=0],nd31:2.350568494945079[&state=0])nd17:1.4344149503509023[&state=0],((nd39:1.239704783559775[&state=0],(nd59:0.09029205093107284[&state=0],nd60:0.09029205093107284[&state=0])nd40:1.149412732628702[&state=0])nd29:0.8826140905989163[&state=0],((nd51:0.5671441525549887[&state=0],(nd55:0.3398366595355394[&state=0],nd56:0.3398366595355394[&state=0])nd52:0.22730749301944933[&state=0])nd41:0.6396189562848743[&state=0],nd42:1.206763108839863[&state=0])nd36:0.9155557653188281[&state=0])nd18:1.6626645711372903[&state=0])nd12:0.6709609773426487[&state=0])nd9:0.00392476431156242[&state=0],((nd37:1.4645452386637872[&state=2],(nd49:0.6069209597516485[&state=2],nd50:0.6069209597516485[&state=8])nd38:0.8576242789121384[&state=8])nd19:2.129138881931134[&state=8],((nd33:1.649401867133769[&state=0],nd34:1.649401867133769[&state=0])nd21:1.7980030242085452[&state=0],(nd25:2.9061468839603144[&state=0],((nd57:0.1920530550218754[&state=0],nd58:0.1920530550218754[&state=0])nd47:0.4385124847249732[&state=0],nd48:0.6305655397468486[&state=0])nd26:2.2755813442134656[&state=0])nd22:0.5412580073820001[&state=0])nd20:0.14627922925260695[&state=0])nd10:0.8661850663552711[&state=0])nd7:0.0[&state=0];
