sample	replicate	trs
1	1	(((nd4:15.092896126308176,nd5:15.482147525441233)nd2:0.7129254409121515,(((((nd42:0.02022504613027512,nd43:0.02022504613027512)nd16:7.883626038389174,(((((nd40:0.6336345642027563,nd41:0.6336345642027563)nd34:0.7267886660241245,(nd36:1.1921842047611302,nd37:1.1921842047611302)nd35:0.16823902546575062)nd28:2.387454690102732,nd29:3.7478779203296124)nd24:0.1709290510429422,(nd32:1.7220270748043947,(nd38:0.9141289637898053,nd39:0.9141289637898053)nd33:0.8078981110145894)nd25:2.1967798965681604)nd20:2.744396795749182,(nd30:3.352248955057921,nd31:3.352248955057921)nd21:3.3109548120638155)nd17:1.2406473173977128)nd10:4.987071021200012,((nd22:6.56193512957344,(nd26:3.9058397719760367,nd27:3.9058397719760367)nd23:2.6560953575974033)nd14:3.734411683958549,nd15:1.3428500888440842)nd11:2.5945752921874727)nd8:0.8155504866217831,((nd18:1.2546912452308447,nd19:6.988655969892975)nd12:3.772303822566732,nd13:0.1272969739946165)nd9:2.945512799881538)nd6:0.24753258405449208,nd7:1.639770149088887)nd3:2.2410677899576488)root:0.9575270336466195)origin:0.0;
