sample	replicate	trs
1	1	((nd1:1.3130141871409151[&state=0],((nd15:7.047780160489539[&state=0],(nd35:1.3906583999700677[&state=82],nd36:1.3906583999700677[&state=103]):6.167526894205906[&state=78]):8.066325609872033[&state=7],(((nd33:2.298105802105548[&state=2],nd34:2.298105802105548[&state=77]):2.874756959290838[&state=30],(nd55:0.01694721464018839[&state=4],nd56:0.01694721464018839[&state=71]):5.1559155467561935[&state=103]):8.817713060795967[&state=7],(((nd41:1.11326317937533[&state=74],(nd45:0.6658130356898371[&state=81],nd46:0.6658130356898371[&state=102]):0.4474501436854928[&state=52]):3.801912511697041[&state=98],(nd47:0.45862222798392555[&state=56],(nd49:0.3203574264071359[&state=2],nd50:0.3203574264071359[&state=98]):0.13826480157678964[&state=12]):4.456553463088443[&state=105]):7.706542013381027[&state=8],(nd9:0.47981711288038253[&state=1],(((nd17:7.133037140442076[&state=0],((nd31:2.4209906692162253[&state=0],((nd53:0.08661154925499456[&state=47],nd54:0.08661154925499456[&state=1]):1.0997356086880377[&state=76],nd38:1.1863471579430322[&state=6]):1.2346435112731924[&state=87]):1.9844732355303836[&state=63],nd24:0.5212556460430503[&state=1]):2.7275732356954676[&state=7]):0.8485024957987061[&state=0],(nd39:1.1221660644939353[&state=101],nd40:1.1221660644939353[&state=46]):6.859373571746849[&state=108]):1.3669000239175055[&state=1],((((nd51:0.11673058577399098[&state=8],nd52:0.11673058577399098[&state=76]):0.6124714117773884[&state=119],nd44:0.7292019975513793[&state=37]):2.4403366557299986[&state=67],nd28:0.010790436055968687[&state=3]):0.20232185254855842[&state=63],(nd29:2.524503012063862[&state=19],nd30:2.524503012063862[&state=93]):0.8473574937660724[&state=12]):5.976579154328354[&state=63]):1.037024069699007[&state=1]):2.2362539745961048[&state=1]):1.3688581177389523[&state=7]):1.6339350818556526[&state=7]):2.795245463762674[&state=7]):0.951043632189323[&state=22]):0.0[&state=22];
