sample	replicate	trs
1	1	(((((((nd33:3.5295105306091434,((nd53:0.3398625027405104,nd54:0.3398625027405104)nd49:0.7894497844460007,nd50:0.3234323895496061)nd34:2.4001982434226323)nd31:0.23802438296902184,((nd47:1.1803872133579156,nd48:0.5583888381440114)nd35:2.3342958543014527,nd36:1.6455040519777406)nd32:0.25285184591879706)nd15:5.078335167652525,(nd21:1.7599426501708573,nd22:5.585150159233399)nd16:0.9791253108271156)nd11:1.0483845771831155,(nd45:1.693405432240375,(nd51:1.0290768462996858,nd52:1.0290768462996858)nd46:0.6643285859406891)nd12:8.200849226173428)nd5:3.684946532444416,(((((nd29:4.9427743004489235,(((nd55:0.20086677158589186,nd56:0.20086677158589186)nd41:1.628365621264591,nd42:1.8292323928504828)nd39:0.8156199442293899,nd40:2.6448523370798718)nd30:2.2979219633690513)nd25:1.7453262875721776,nd26:1.3163934434910036)nd23:0.2850776316911817,nd24:4.524110829381129)nd17:1.7341336786729462,(nd27:0.5144208092764395,nd28:5.244899804626871)nd18:3.462412093758357)nd7:4.645878176267111,((nd37:2.9340071098420966,(nd43:1.1850290790033906,nd44:1.7061287032457975)nd38:1.2278784065962993)nd19:4.933685463664663,nd20:7.867692573506758)nd8:5.485497501145579)nd6:0.22601111620588302)nd1:3.281429479207396,(nd3:0.8570382545378405,(nd9:3.5815989222429683,(nd13:5.920192425455269,nd14:3.981298746115629)nd10:2.0075008912240917)nd4:1.938998659027881)nd2:3.1809785924997915)root:2.9572693299343715)origin:0.0;
