sample	replicate	trs
1	1	((((nd9:9.158655524616979,(nd39:0.2053051991192237,nd40:0.2053051991192237)nd10:8.953350325497754)nd7:3.1438079749609,((nd29:1.561923317086589,nd30:1.561923317086589)nd23:1.0645304725513085,(nd33:1.1122175387286448,nd34:1.1122175387286448)nd24:1.514236250909253)nd8:9.676009709939983)nd1:6.551199286829385,((((nd35:0.3194570735070377,nd36:0.3194570735070377)nd15:6.984851297729744,(nd25:2.3821514863489495,nd26:2.3821514863489495)nd16:4.922156884887832)nd5:8.839800081015087,(((((nd37:0.26074626368429527,nd38:0.26074626368429527)nd27:1.4896234341604222,nd28:1.7503696978447179)nd19:2.0374997959535532,nd20:3.7878694937982726)nd17:1.8628705407434087,(nd21:2.7193340694078105,nd22:2.7193340694078105)nd18:2.9314059651338713)nd11:3.0698876407571114,((nd31:1.4363904390389945,nd32:1.4363904390389945)nd13:7.157112211840274,(nd41:0.017371821461171347,nd42:0.017371821461171347)nd14:8.576130829418096)nd12:0.12712502441952128)nd6:7.423480776953078)nd3:1.3365828474640784,nd4:5.927879743329899)nd2:1.3729714866913139)root:7.906737213592768)origin:0.0;
