sample	replicate	trs
1	1	(((((((nd55:0.2303553368065295[&state=5],(nd59:0.039104314408087947[&state=5],nd60:0.039104314408087947[&state=5]):0.19125102239844155[&state=5]):0.10359563547893205[&state=5],nd54:0.33395097228546156[&state=19]):1.2384826448824784[&state=19],nd40:1.57243361716794[&state=2]):1.1554862599599318[&state=2],((nd31:1.2538767231787464[&state=2],(nd45:1.111814197345991[&state=2],nd46:1.111814197345991[&state=2]):1.1397943284807073[&state=2]):0.3642747260189372[&state=2],nd22:2.6158832518456343[&state=2]):0.1120366252822372[&state=2]):1.0674179726582271[&state=2],nd10:2.256912969301855[&state=2]):0.43810591711840596[&state=2],((nd7:3.92176664581353[&state=19],((((nd29:0.7206555821750874[&state=2],nd30:2.3944510482216765[&state=2]):0.34282634424017944[&state=2],(nd35:1.8464342182115694[&state=3],(nd43:1.1738286586421087[&state=21],nd44:1.1738286586421087[&state=37]):0.6726055595694608[&state=37]):0.8908431742502869[&state=12]):0.44240407804575044[&state=12],nd16:3.179681470507606[&state=2]):0.0321616551033659[&state=2],((nd41:1.4405214328154237[&state=43],nd42:1.4405214328154237[&state=2]):1.0990750863538554[&state=2],(nd27:2.4050664232089725[&state=2],(nd37:1.396863287059881[&state=4],nd38:1.2752152405320734[&state=3]):0.655191718890725[&state=2]):0.13453009596030596[&state=2]):0.6722466064416934[&state=2]):0.7099235202025584[&state=2]):0.10282075080356148[&state=2],((nd11:3.5268729485478922[&state=2],((((nd51:0.5341977215331631[&state=4],nd52:0.5341977215331631[&state=4]):0.20300674006295444[&state=4],nd50:0.7372044615961176[&state=2]):1.4329222615317612[&state=15],(nd57:0.08783830682904906[&state=2],nd58:0.08783830682904906[&state=15]):2.0822884162988293[&state=15]):0.35805444814666065[&state=2],nd26:2.528181171274539[&state=43]):0.9986917772733535[&state=2]):0.4828355699241338[&state=2],(nd47:0.783909405849093[&state=19],nd48:0.783909405849093[&state=2]):3.225799112622933[&state=2]):0.014878878145065767[&state=2]):0.2088563702874126[&state=2]):0.25667623309549376[&state=2]):0.0[&state=2];
