sample	replicate	trs
1	1	((nd1:8.970554885910195,(((((nd39:1.180306209846749,((nd69:1.1040141323823198,nd70:1.1040141323823198)nd41:0.06997343858698184,nd42:1.1739875709693015)nd40:0.006318638877447465)nd23:0.11763748158933154,((nd73:0.828255712713623,nd74:0.828255712713623)nd25:0.41831239559734473,nd26:1.2465681083109679)nd24:0.051375583125112596)nd21:0.021430250292077208,((nd63:1.1098351536171045,nd64:1.1098351536171045)nd31:0.10442004754801933,((nd59:1.1181797472985189,nd60:1.1181797472985189)nd53:0.021223846390327657,nd54:1.1394035936888465)nd32:0.07485160747627725)nd22:0.10511874056303407)nd5:0.5314548874734799,((nd37:1.1817692672179927,(nd67:1.1060821852760248,nd68:1.1060821852760248)nd38:0.07568708194196803)nd7:0.608541749532642,(((nd71:0.909839086455517,nd72:0.909839086455517)nd13:0.5889827138843111,((nd55:1.1302760040352526,nd56:1.1302760040352526)nd19:0.19939937354500833,((nd45:1.1554495569571717,((nd51:1.1411322485959008,(nd57:1.1244739670225632,nd58:1.1244739670225632)nd52:0.016658281573337583)nd49:0.005370299649136531,(nd65:1.1092941345879377,nd66:1.1092941345879377)nd50:0.03720841365709965)nd46:0.008947008712134493)nd33:0.047537021154394093,nd34:1.2029865781115658)nd20:0.12668879946869502)nd14:0.16914642275956732)nd9:0.07314703919648216,nd10:1.5719688395363105)nd8:0.21834217721432433)nd6:0.06051781245100295)nd3:0.10488471104416276,(((nd29:1.2329463121061601,nd30:1.2329463121061601)nd15:0.19296710071338843,(nd75:0.021267829284694534,nd76:0.021267829284694534)nd16:1.404645583534854)nd11:0.104138573196906,(nd17:1.3689231179192816,(nd27:1.242399849434751,((nd43:0.6775902431530914,nd44:1.1636604453412749)nd35:0.0214837158724262,(nd47:1.1473071158623018,(nd61:1.1121802500637452,nd62:1.1121802500637452)nd48:0.035126865798556714)nd36:0.037837045351399264)nd28:0.057255688221049844)nd18:0.12652326848453052)nd12:0.16112886809717303)nd4:0.42566155422934593)nd2:16.107960656227228)root:0.8297258035269653)origin:0.0;
