sample	replicate	trs
1	1	((((nd24:6.7438755205686345[&state=0],nd25:6.7438755205686345[&state=0])nd16:1.068599814577079[&state=0],((nd43:5.131927358348765[&state=0],nd31:5.131927358348764[&state=0])nd20:1.9771051850743881[&state=0],(nd44:0.6020971632025759[&state=0],(nd46:0.29404881840068264[&state=0],nd47:0.29404881840068264[&state=0])nd45:0.30804834480189325[&state=0])nd21:6.506935380220577[&state=0])nd17:0.7034427917225613[&state=0])nd12:4.13037590323353[&state=0],((nd32:4.783150045347651[&state=0],(nd38:2.885511077328558[&state=0],nd39:2.885511077328558[&state=0])nd33:1.8976389680190935[&state=0])nd18:2.5363068708311376[&state=0],(nd26:6.177232907998291[&state=0],(nd37:3.977302539203617[&state=0],nd35:3.9773025392036176[&state=0])nd27:2.199930368794673[&state=0])nd19:1.1422240081804982[&state=0])nd13:4.623394322200454[&state=0])nd10:0.4773405990492623[&state=0],(nd22:6.918023819496771[&state=0],(nd28:5.561673195563003[&state=0],nd29:5.561673195563003[&state=0])nd23:1.3563506239337677[&state=0])nd14:5.5021680179317345[&state=0])nd9:0.0[&state=0];
