sample	replicate	trs
1	1	(((((nd23:0.5124971153884876,nd24:1.2319250240166553)nd21:0.19827813800059554,(nd27:0.6589027519935815,nd28:0.6589027519935815)nd22:0.7713004100236694)nd3:2.4870468212062127,(nd5:2.9618946508324706,(((nd13:1.9044633040099672,(nd19:1.5622691892807812,(nd25:1.0980631573308255,((nd35:0.14361402220916986,nd36:0.14361402220916986)nd33:0.35763157837660214,nd34:0.01881252945892255)nd26:0.5968175567450534)nd20:0.46420603194995563)nd14:0.3421941147291859)nd9:0.5644092966769824,nd10:2.4688726006869492)nd7:0.22519686480497592,(nd37:0.13500003450908166,nd38:0.12925406358039643)nd8:2.5590694309828437)nd6:0.26782518534054456)nd4:0.9553553323909937)nd1:0.2896493160145251,((nd15:1.7989121386226858,nd16:1.7989121386226858)nd11:0.45245278102211306,(nd17:0.5188176790432255,(nd29:0.6567186535335096,(nd31:0.5336453078009754,nd32:0.5336453078009754)nd30:0.123073345732534)nd18:1.008710912953063)nd12:0.5859353531582266)nd2:1.9555343795931897)root:0.9524007007620106)origin:0.0;
