sample	replicate	trs
1	1	((nd1:0.4401784574361915,((nd5:1.1768576167990799,((((nd17:1.0801698118911336,((((nd81:0.057950861159198896,nd82:0.057950861159198896)nd27:2.282891662452042,(((nd75:0.13626809524940614,nd76:0.13626809524940614)nd65:0.06659503271546473,nd66:0.20286312796487083)nd47:0.3001102185421395,((nd87:0.020721667426769275,nd88:0.020721667426769275)nd49:0.38434261673119424,nd50:0.4050642841579636)nd48:0.09790906234904703)nd28:1.8378691771042315)nd25:0.20358800963498652,(((nd39:0.6565541647811154,((nd71:0.14893853079475552,nd72:0.14893853079475552)nd51:0.2149075106450581,nd52:0.36384604143981397)nd40:0.2927081233413017)nd33:0.5759203453584603,(nd37:0.6685079385626096,((nd73:0.1370511594729195,nd74:0.1370511594729195)nd57:0.11651583199853316,nd58:0.2535669914714525)nd38:0.41494094709115686)nd34:0.5639665715769662)nd29:0.6284182574004938,((((nd83:0.053762253558641296,nd84:0.053762253558641296)nd67:0.1488127998795964,nd68:0.20257505343823762)nd53:0.12278148097916766,nd54:0.3253565344174055)nd41:0.2995765397074759,(nd89:0.013385325252279905,nd90:0.013385325252279905)nd42:0.6115477488726013)nd30:1.2359596934151882)nd26:0.683537765706159)nd19:1.261633584171081,nd20:0.15191538902365104)nd18:0.8618548139625838)nd15:1.8289717234650675,(((nd91:0.005131983509930355,nd92:0.005131983509930355)nd43:0.580574286679152,(nd59:0.25179070720128927,(nd79:0.08354601244511282,nd80:0.08354601244511282)nd60:0.16824469475617648)nd44:0.33391556298779307)nd21:2.6269740493524263,(nd23:0.38057833562737015,(nd85:0.03304004726047426,nd86:0.03304004726047426)nd24:2.760231465389957)nd22:0.419408806891076)nd16:3.284210335303453)nd9:3.365812925624415,nd10:2.562511005741448)nd7:2.258401886891493,(nd11:2.692836090982377,(nd13:0.08063193860200268,((nd61:0.2517398411745809,((nd77:0.09063018562728846,nd78:0.09063018562728846)nd63:0.1299595354676444,nd64:0.22058972109493277)nd62:0.03115012007964823)nd31:1.2191133246312236,((nd69:0.18176816081436217,nd70:0.18176816081436217)nd35:0.8241151613529244,(((nd93:0.004198805752920895,nd94:0.004198805752920895)nd55:0.310398119965636,nd56:0.3145969257185569)nd45:0.2701980617058214,nd46:0.5847949874243781)nd36:0.4210883347429082)nd32:0.4649698436385176)nd14:6.233500627601378)nd12:0.18829696651216737)nd8:4.22845470744152)nd6:0.4787589401223601)nd3:1.0898412981484034,nd4:1.4839922315018423)nd2:1.2108519542207223)root:0.15284234014765555)origin:0.0;
