sample	replicate	trs
1	1	((((nd29:1.8241151565336535[&state=120],nd30:1.8241151565336535[&state=66])nd13:2.291269803650846[&state=104],nd14:4.115384960184501[&state=29])nd9:3.010959786118384[&state=7],(((nd37:0.5229216892074698[&state=66],nd38:0.5229216892074698[&state=67])nd25:1.6587620982294804[&state=120],nd26:2.18168378743695[&state=120])nd11:2.5005079683100075[&state=78],nd12:4.682191755746958[&state=108])nd10:2.4441529905559256[&state=48])nd1:5.05256265760248[&state=7],(((nd39:0.25754965080423464[&state=2],nd40:0.25754965080423464[&state=64])nd21:3.0953303200769806[&state=105],(nd23:2.7265277855915584[&state=120],(nd41:0.00218101876859313[&state=86],nd42:0.00218101876859313[&state=1])nd31:2.724346766822964[&state=86])nd22:0.6263521852896557[&state=7])nd20:6.856185995972825[&state=1],((nd27:1.8717887535431763[&state=98],(nd35:0.6361867445980589[&state=63],nd36:0.6361867445980589[&state=82])nd28:1.2356020089451178[&state=81])nd15:2.1488879789916258[&state=63],(nd17:3.8840290327708864[&state=84],(nd33:0.6815697749201247[&state=4],nd34:0.6815697749201247[&state=108])nd18:3.2024592578507614[&state=29])nd16:0.13664769976391616[&state=48])nd4:6.188389234319235[&state=48])nd2:1.9698414370513246[&state=0])root:0.0[&state=22];
