sample	replicate	trs
1	1	((nd135:0.1632512099403295,nd136:0.1632512099403295)nd101:20.038699740317558,(((((nd125:0.916381093218025,(nd133:0.5573827163688141,nd134:0.5573827163688141)nd126:0.35899837684921093)nd105:2.674012893770667,((nd129:0.8550240340472788,nd128:0.8550240340472788)nd123:0.38416811405369755,nd124:1.2391921481009762)nd109:2.3512018388877154)nd100:3.804771773751769,nd115:7.395165760740461)nd49:4.679459614660071,((nd137:0.07685634455580201,nd138:0.07685634455580201)nd121:1.7176747046029495,nd122:1.7945310491587516)nd73:10.280094326241782)nd28:4.872926825075959,(nd132:8.361489110185573,(nd113:2.984628880492491,nd114:2.984628880492491)nd85:5.376860229693079)nd33:8.586063090290919)nd14:3.2543987497814015)nd2:0.0;
