sample	replicate	trs
1	1	((nd1:0.6631128366106955,((nd5:4.751365596226189,nd6:2.406148975575739)nd3:0.6831004625563485,((nd9:0.42182595174335985,((nd13:0.3922914872951902,((((((nd33:0.6980483508880244,nd34:0.6980483508880244)nd27:0.3426850407699829,((nd49:0.00827476886300301,nd50:0.20583341812397024)nd31:0.6467608070989251,nd32:0.8525942252228953)nd28:0.1881391664351118)nd23:0.22805807898717068,(nd35:0.6590010398587327,(nd37:0.6274098536008013,nd38:0.6274098536008013)nd36:0.03159118625793138)nd24:0.6097904307864455)nd19:0.3592631358449363,nd20:0.4406714291218306)nd17:0.23185158495125285,(nd25:1.0522220193652052,((nd43:0.2679725428751415,(nd53:0.02894431210015192,nd54:0.02894431210015192)nd44:0.23902823077498964)nd29:0.6550336375494913,nd30:0.9230061804246326)nd26:0.12921583894057267)nd18:0.8076841720761619)nd15:2.3730299551789087,((nd39:0.44648350625999284,((nd51:0.15332531015410436,nd52:0.15332531015410436)nd41:0.2694432018434972,(nd45:0.26403610270853656,(nd47:0.25199513532849344,nd48:0.25199513532849344)nd46:0.01204096738004319)nd42:0.1587324092890649)nd40:0.023714994262391244)nd21:0.8424550895487987,nd22:1.2889385958087916)nd16:2.943997550811484)nd14:1.7181394362168871)nd11:3.183377055290514,nd12:0.4948451255068534)nd10:2.295340644824319)nd7:0.8926313936280814,nd8:0.8160948719011106)nd4:0.7729571365292109)nd2:0.09907294974781218)root:0.6750452371428914)origin:0.0;
