sample	replicate	trs
1	1	(((nd51:1.2693860282433118[&state=2],((nd67:0.07061946025154092[&state=0],nd68:0.07061946025154092[&state=0])nd53:1.1787945627510166[&state=0],nd54:1.2494140230025574[&state=6])nd52:0.019972005240754365[&state=22])nd37:5.105009142572987[&state=49],((nd64:1.0426656710295847[&state=0],nd58:1.0426656710295845[&state=0])nd44:2.7920702055266027[&state=0],(nd65:0.11375724026484547[&state=0],nd66:0.11375724026484547[&state=0])nd32:3.7209786362913424[&state=0])nd27:2.5396592942601113[&state=0])nd3:2.467946875474884[&state=0],((nd41:2.2458771568356597[&state=1],nd42:2.2458771568356597[&state=1])nd36:5.588865186786885[&state=1],(((nd47:1.9079626718736076[&state=3],nd48:1.9079626718736076[&state=0])nd45:0.10397115852508657[&state=10],nd46:2.0119338303986942[&state=11])nd21:2.7556927816949[&state=7],(((nd61:0.39084915589075797[&state=0],nd62:0.39084915589075797[&state=0])nd59:0.35174246297972933[&state=0],nd60:0.7425916188704874[&state=0])nd49:0.7866709095035058[&state=0],nd50:1.5292625283739933[&state=0])nd22:3.238364083719601[&state=0])nd8:3.0671157315289515[&state=0])nd5:1.0075997026686372[&state=0])root:0.0[&state=0];
