sample	replicate	trs
1	1	(((nd33:0.9013113474007438,nd34:0.9013113474007438)nd15:1.904511526903919,(nd21:2.0626115263014477,((((nd47:0.042357637246549264,nd48:0.042357637246549264)nd37:0.41264323797503755,nd38:0.45500087522158666)nd25:1.134306049141069,nd26:1.5893069243626565)nd23:0.43570346182143743,nd24:2.025010386184091)nd22:0.03760114011735785)nd16:0.7432113480032119)nd9:1.444786883103255,((((nd35:0.7604573612044248,nd36:0.7604573612044248)nd27:0.7086640155132572,nd28:1.4691213767176838)nd13:2.3084233372128775,((nd29:1.3519117306940558,(nd41:0.33668193066070834,nd42:0.33668193066070834)nd30:1.0152298000333457)nd17:1.2239754405493248,((nd39:0.416577172715245,(nd45:0.17938875548166358,nd46:0.17938875548166358)nd40:0.2371884172335816)nd31:0.5862513189071522,(nd43:0.318823196343696,nd44:0.318823196343696)nd32:0.6840052952787009)nd19:1.5730586796209811)nd14:1.2016575426871832)nd11:0.16754618152351747,nd12:3.945090895454086)nd10:0.30551886195383876)nd8:0.0;
