sample	replicate	trs
1	1	((((nd19:0.15789889540909388[&state=6],nd20:1.6333427683896118[&state=9]):0.8039654890885224[&state=22],((nd23:1.2817150668341386[&state=78],nd24:1.2817150668341386[&state=6]):0.7784124277019772[&state=6],((nd35:0.18017425014013327[&state=50],nd36:0.16842291514425237[&state=2]):0.7477266174454461[&state=50],(nd31:0.32131120891635306[&state=6],nd32:0.32131120891635306[&state=0]):0.6065896586692263[&state=22]):1.1322266269505366[&state=22]):0.37718076294201847[&state=22]):2.085912710541251[&state=48],(((nd7:3.9981968674536104[&state=6],(((((nd33:0.24982237781887623[&state=2],nd34:0.24982237781887623[&state=6]):0.9315862632892328[&state=24],nd26:1.1814086411081088[&state=48]):0.7069329094598784[&state=22],nd18:1.8883415505679877[&state=6]):0.06699692962441767[&state=22],((nd29:0.41904883449779157[&state=2],nd30:0.053499426893341195[&state=2]):0.9509110576823487[&state=2],nd22:1.3699598921801406[&state=23]):0.5853785880122644[&state=22]):1.1174202475267034[&state=22],nd10:3.0727587277191057[&state=48]):0.9254381397345042[&state=48]):0.22780724293417967[&state=0],nd6:4.226004110387791[&state=23]):0.15045375458397744[&state=0],nd4:0.37485293997948077[&state=6]):0.1467631030476157[&state=22]):0.7729590319806146[&state=22]):0.0[&state=23];
