sample	replicate	trs
1	1	((((((nd81:4.138167678419929,nd82:4.138167678419929)nd79:0.03401319087216807,((nd89:3.1448304468587147,(nd109:0.7176230906129979,nd110:0.7176230906129979)nd92:2.4272073562457175)nd85:0.23046414295793294,nd86:3.3752945898166478)nd83:0.7968862794754511)nd59:4.893219844962245,((nd101:2.252149839388681,nd98:2.252149839388681)nd95:0.02198007987854445,(nd113:0.5391000641250882,nd114:0.5391000641250882)nd96:1.735029855142137)nd76:6.79127079498712)nd27:2.3620694789399654,(nd67:7.086684701064116,(nd111:0.5768175339015041,nd112:0.5768175339015041)nd100:6.509867167162612)nd63:4.340785492130195)nd25:1.5303135910549541,(nd115:0.38405415117049646,nd116:0.38405415117049646)nd65:12.57372963307877)nd18:6.415019309396174,((nd77:4.504095303469244,nd93:4.504095303469245)nd61:3.406150201238053,(nd103:3.1839817420808667,nd105:3.1839817420808667)nd74:4.7262637626264326)nd40:11.462557588938138)nd2:0.0;
