sample	replicate	trs
1	1	((((nd5:2.6380756782083457,((nd19:0.7745672368227589,nd20:0.7745672368227589)nd17:0.026871638552306527,(nd23:0.4959601975402178,nd24:0.4959601975402178)nd18:0.30547867783484767)nd6:1.836636802833281)nd3:0.015361463386898118,((nd15:1.0239223374708952,(nd29:0.11848028496840315,nd30:0.11848028496840315)nd16:0.9054420525024922)nd7:1.397548262802962,((nd11:2.3307190669003286,nd12:2.3307190669003286)nd9:0.03459474650416912,(nd21:0.5033524751296743,(nd27:0.47343758227928495,((nd35:0.014073698890849907,nd36:0.014073698890849907)nd31:0.05936899145620279,nd32:0.0734426903470527)nd28:0.39999489193223237)nd22:0.029914892850389372)nd10:1.8619613382748232)nd8:0.056156786869359675)nd4:0.2319665413213872)nd1:0.09022917947622917,(nd13:2.2406980573827586,(nd25:0.4837794468044563,(nd33:0.07045087310912719,nd34:0.07045087310912719)nd26:0.4133285736953292)nd14:1.756918610578302)nd2:0.5029682636887153)root:3.015023678928535)origin:0.0;
