sample	replicate	trs
1	1	((nd28:1.609049496916757,(nd36:1.067451962649634,nd37:1.067451962649634)nd29:0.5415975342671238)nd2:12.659901792706702,((((nd24:2.3459908181981652,nd25:2.3459908181981652)nd23:2.3822130727822146,nd15:4.728203890980381)nd8:3.454713344462373,((nd16:4.168933653904072,(nd38:0.5290360299323799,nd39:0.5290360299323799)nd17:3.639897623971692)nd10:0.7450513720537626,(((nd26:2.2658730666446103,(nd30:1.5903405414368856,((nd40:0.3864892362270204,nd41:0.3864892362270204)nd32:1.1077496428452789,nd33:1.4942388790722991)nd31:0.09610166236458668)nd27:0.6755325252077244)nd20:0.7940708782683796,nd21:3.0599439449129893)nd18:0.04681433731191814,(nd34:1.229148383665047,nd35:1.229148383665047)nd19:1.8776098985598613)nd11:1.8072267437329244)nd9:3.268932209484921)nd4:2.3056013603460843,nd13:10.48851859578884)nd3:3.7804326938346207)root:0.0;
