sample	replicate	trs
1	1	((((nd46:0.699016869950452,nd47:0.699016869950452)nd32:3.9415536095514585,nd33:4.6405704795019105)nd26:4.535247344471169,(nd28:7.89543723135506,(nd53:1.5758287918707685,((nd48:0.6004857527416867,(nd58:0.008321219869577533,nd59:0.008321219869577533)nd49:0.5921645328721092)nd42:0.4732745248200277,nd43:1.0737602775617143)nd41:0.5020685143090541)nd29:6.319608439484292)nd23:1.28038059261802)nd19:8.204716489707646,((nd56:0.2530350942670579,nd57:0.2530350942670579)nd34:3.647345328110176,(((nd54:0.26010129187745096,nd55:0.26010129187745096)nd38:1.6645648980485592,(nd44:0.8510511532177418,nd45:0.8510511532177418)nd39:1.0736150367082682)nd36:1.8256701508189654,(nd50:0.562129378729249,nd51:0.562129378729249)nd37:3.1882069620157263)nd35:0.15004408163225838)nd24:13.48015389130349)nd6:0.0;
