sample	replicate	trs
1	1	(((nd3:1.058326473709694[&state=1],(((nd9:1.7775989849269762[&state=6],(nd11:0.8423130234293609[&state=15],(((((nd57:0.025533430208774337[&state=5],nd58:0.025533430208774337[&state=5]):0.2193861406494643[&state=5],(nd47:0.1014527611793252[&state=21],nd48:0.1014527611793252[&state=20]):0.14346680967891345[&state=20]):0.037081757099209585[&state=5],(nd43:0.11300521789958345[&state=5],nd44:0.11300521789958345[&state=5]):0.16899611005786477[&state=5]):0.33720064960044[&state=5],(((((nd41:0.11529987062106806[&state=5],(nd45:0.10701628530064781[&state=70],nd46:0.10701628530064781[&state=5]):0.008283585320420237[&state=41]):0.0647947318854938[&state=41],nd34:0.18009460250656184[&state=5]):0.20156374208812639[&state=41],(nd35:0.16136192374449362[&state=5],nd36:0.16136192374449362[&state=5]):0.2202964208501946[&state=5]):0.014032981718471449[&state=5],(((nd61:0.006522652343738809[&state=5],nd62:0.006522652343738809[&state=5]):0.11237512732465653[&state=5],nd40:0.11889777966839533[&state=47]):0.2091478649727059[&state=47],nd26:0.32804564464110125[&state=5]):0.06764568167205844[&state=5]):0.13553454924590866[&state=5],((nd49:0.07259992726639357[&state=5],nd50:0.07259992726639357[&state=5]):0.29365770492107635[&state=5],(nd53:0.05647467367914699[&state=5],nd54:0.05647467367914699[&state=5]):0.30978295850832294[&state=5]):0.16496824337159846[&state=5]):0.08797610199881986[&state=5]):0.1149370160608985[&state=5],((nd55:0.037599313487546665[&state=5],nd56:0.037599313487546665[&state=43]):0.2112265369746273[&state=43],(((nd59:0.006813020331211185[&state=5],nd60:0.006813020331211185[&state=5]):0.06025457540948162[&state=5],nd52:0.0670675957406928[&state=5]):0.06405048859269152[&state=5],nd38:0.13111808433338434[&state=16]):0.11770776612878965[&state=21]):0.4853131431566127[&state=93]):0.10817402981057422[&state=112]):0.935285961497615[&state=125]):9.47533120382625[&state=53],nd8:0.8094104312738557[&state=6]):0.07058615317556179[&state=22],nd6:0.3857141321598897[&state=6]):0.3552882371522668[&state=6]):2.921351357857195[&state=23],nd2:8.349896852662468[&state=6]):5.074444063061751[&state=6]):0.0[&state=22];
