sample	replicate	trs
1	1	(((((nd136:2.560410190631911[&state=0],nd137:2.560410190631911[&state=0])nd92:5.478487638492819[&state=0],(((nd184:0.7873876519777112[&state=0],(nd194:0.09601312934890399[&state=0],nd195:0.09601312934890399[&state=0])nd185:0.6913745226288072[&state=0])nd148:1.3398414717179918[&state=0],nd160:2.127229123695703[&state=0])nd124:1.0022757651851628[&state=0],nd131:3.129504888880866[&state=0])nd79:4.909392940243863[&state=0])nd62:1.3839298647463083[&state=0],((((nd178:1.2481555360283205[&state=0],(nd174:1.0653862277712065[&state=0],(nd188:0.4573372973258481[&state=0],nd189:0.4573372973258481[&state=0])nd175:0.6080489304453586[&state=0])nd165:0.18276930825711388[&state=0])nd155:0.7247690553519266[&state=0],nd153:1.9729245913802471[&state=0])nd138:0.4319225402966739[&state=0],((nd196:0.037146818710337565[&state=0],nd197:0.037146818710337565[&state=0])nd172:1.038304328025817[&state=0],nd173:1.0754511467361545[&state=0])nd139:1.3293959849407664[&state=0])nd122:0.9551437573928689[&state=0],nd143:3.3599908890697896[&state=0])nd103:6.062836804801247[&state=0])nd44:4.050277161374206[&state=0],(nd97:13.013230628888419[&state=0],(((nd176:1.0293655995157425[&state=0],nd177:1.0293655995157425[&state=0])nd108:3.0043195815034407[&state=0],nd129:4.033685181019183[&state=0])nd86:2.118442793311358[&state=0],(((nd186:2.8566905848562905[&state=0],(nd190:0.3581372605430509[&state=0],nd191:0.3581372605430509[&state=0])nd147:2.498553324313239[&state=0])nd126:0.18446961045311522[&state=0],nd127:3.041160195309406[&state=0])nd95:2.935460547572611[&state=0],((nd192:0.1949947004424549[&state=0],nd193:0.1949947004424549[&state=0])nd144:2.121633211131602[&state=0],(nd150:2.0367764499449734[&state=0],((nd162:1.3686695584219475[&state=0],(nd169:1.181672200269534[&state=0],(nd170:1.1109446703201793[&state=0],nd171:1.1109446703201793[&state=0])nd167:0.07072752994935462[&state=0])nd163:0.1869973581524134[&state=0])nd156:0.15118290232542853[&state=0],nd181:1.519852460747376[&state=0])nd151:0.5169239891975975[&state=0])nd145:0.2798514616290837[&state=0])nd113:3.6599928313079606[&state=0])nd87:0.17550723144852332[&state=0])nd68:6.861102654557875[&state=0])nd45:0.4598742263568262[&state=0])nd41:8.307958325027105[&state=0],(nd140:2.363271120616794[&state=0],nd141:2.363271120616794[&state=0])nd101:19.417792059655554[&state=0])nd5:0.0[&state=0];
