sample	replicate	trs
1	1	(((nd29:0.9254977819535117,nd30:0.9254977819535117)nd11:5.452501818735714,((((nd31:0.8965420089899023,(nd43:0.5195484312738784,(nd49:0.42014382956127866,nd50:0.42014382956127866)nd44:0.09940460171259971)nd32:0.37699357771602404)nd19:3.3959132587104652,((nd35:0.8119052118169953,(nd39:0.7217018984138664,((nd59:0.1319728820764278,nd60:0.1319728820764278)nd51:0.21524230870990207,(nd57:0.20763909022532892,nd58:0.20763909022532892)nd52:0.13957610056100092)nd40:0.37448670762753666)nd36:0.09020331340312876)nd33:0.0697101005455319,nd34:0.8816153123625272)nd20:3.4108399553378406)nd17:0.5488069487307671,((nd41:0.5854018590021587,nd42:0.5854018590021587)nd21:2.1743437800408243,nd22:2.7597456390429826)nd18:2.0815165773881517)nd13:0.8673193271920004,(((nd55:0.24276754262191452,nd56:0.24276754262191452)nd47:0.20785821613546732,nd48:0.4506257587573819)nd23:1.3876837949243963,((nd53:0.31459702002112744,nd54:0.31459702002112744)nd25:1.4319512840656436,(nd45:0.5165479278996511,nd46:0.5165479278996511)nd26:1.2300003761871199)nd24:0.0917612495950071)nd14:3.870271989941357)nd12:0.6694180570660888)nd9:1.1042614877405146,(nd15:5.499318736102723,(nd27:1.2593225571059865,(nd37:0.745492112726924,(nd61:0.025385551376862082,nd62:0.025385551376862082)nd38:0.7201065613500619)nd28:0.5138304443790618)nd16:4.239996178996738)nd10:1.982942352327016)nd7:0.0;
