sample	replicate	trs
1	1	((((nd13:1.160650685848349[&state=87],(nd15:0.9218163661229013[&state=65],(nd19:0.586433704240597[&state=106],nd20:0.586433704240597[&state=98]):0.33538266188230414[&state=78]):0.23883431972544758[&state=50]):3.7441259194698104[&state=31],((nd11:2.120980038513816[&state=6],nd12:2.120980038513816[&state=108]):2.5880092185347716[&state=22],(((nd17:0.6949941697317534[&state=104],((nd29:0.0928221509410603[&state=104],nd30:0.0928221509410603[&state=0]):0.31915974217817816[&state=104],nd24:0.41198189311923855[&state=106]):0.28301227661251505[&state=56]):2.113408061806092[&state=57],(nd21:0.4975867171945851[&state=80],(nd27:0.19867747964381222[&state=82],nd28:0.19867747964381222[&state=82]):0.29890923755077276[&state=105]):2.3108155143432607[&state=34]):0.46953653100436776[&state=9],(nd25:0.27705631266882075[&state=3],nd26:0.27705631266882075[&state=108]):3.0008824498733913[&state=87]):1.4310504945063756[&state=28]):0.19578734826957034[&state=23]):2.555597018597801[&state=48],nd2:0.804585323132514[&state=0]):0.515466376084042[&state=48]):0.0[&state=23];
