sample	replicate	trs
1	1	(((((nd75:0.3464949256692722,(nd79:0.17906262777848614,(nd87:0.0021200410935153687,nd88:0.0021200410935153687)nd80:0.17694258668497076)nd76:0.16743229789078595)nd73:0.07185666637392094,(nd77:0.2206148919504896,nd78:0.2206148919504896)nd74:0.19773670009270336)nd71:0.008064212386974747,nd72:0.42641580443016786)nd45:1.7500623822501933,nd46:2.1764781866803617)nd41:0.6566786630627511,((nd81:0.16056551849384756,nd82:0.16056551849384756)nd54:2.1374108955538316,((nd55:1.195790731360747,(nd57:1.1731865703518245,(nd65:0.6884254601242703,nd66:0.6884254601242703)nd58:0.48476111022755364)nd56:0.02260416100892241)nd52:0.9303918521606881,(((nd85:0.06979413353944354,nd86:0.06979413353944354)nd61:0.7361403710502263,(nd67:0.677305551976038,nd68:0.677305551976038)nd62:0.1286289526136316)nd59:0.15626465265626582,((nd69:0.4276960049172547,nd70:0.4276960049172547)nd63:0.30492126656871216,(nd83:0.09710720002091558,nd84:0.09710720002091558)nd64:0.635510071465051)nd60:0.22958188575996902)nd50:1.1639834262754991)nd44:0.171793830526244)nd42:0.5351804356954339)nd39:0.0;
