sample	replicate	trs
1	1	((((nd9:3.0864301455212066,(nd11:11.043811690772774,(nd15:0.8397478320728526,(nd23:3.8027072336218093,nd24:3.8027072336218093)nd16:1.3709870270410445)nd12:5.87011743010992)nd10:1.1560787728079889)nd3:4.854105122749438,nd4:17.0539955863302)nd1:3.0869575503985374,((nd7:14.511897904627151,(nd13:7.13136983239571,((nd25:3.2727741936350503,nd26:3.2727741936350503)nd19:0.9367724049126747,nd20:4.209546598547725)nd14:2.9218232338479844)nd8:7.380528072231445)nd5:1.2612760565696721,((nd29:2.646696377400208,nd30:2.646696377400208)nd17:2.2836727116069744,((nd27:1.4121410704990869,nd28:2.933037795145231)nd21:1.2695039655118214,((nd35:1.2938450194835633,(nd37:0.806114007962246,nd38:0.806114007962246)nd36:0.48773101152131737)nd31:1.1780702301701145,(nd33:2.1521319693707888,nd34:2.1521319693707888)nd32:0.3197832802828888)nd22:1.7306265110033745)nd18:0.7278273283501299)nd6:10.842804872189644)nd2:4.36777917553191)root:5.4429468632712625)origin:0.0;
