sample	replicate	trs
1	1	((((((nd23:3.9875720495942777,(nd25:2.80221584292866,nd26:3.8380811875216687)nd24:0.1494908620726092)nd19:0.2115945403973171,(nd29:2.2819994518803357,(nd39:0.17336314370758948,nd40:1.088646020358965)nd30:1.1933534315213707)nd20:1.9171671381112594)nd15:0.18001460581408746,((nd37:1.1434881431240511,nd38:1.1434881431240511)nd17:3.142228434045695,((nd27:2.2930294174198376,(nd31:2.229674723605333,nd32:1.3061403611072964)nd28:0.06335469381450481)nd21:1.903697453698085,(nd45:0.2827988944596451,nd46:0.2827988944596451)nd22:3.913927976658277)nd18:0.08898970605182323)nd16:0.09346461863593625)nd9:2.3357590306600517,nd10:2.392350811447289)nd1:2.4303711474390473,(((nd7:3.1717064776769957,(nd13:1.7860651070868752,nd14:0.051507045067832206)nd8:1.3901670237877262)nd5:0.825597221360653,(nd11:2.557172022945009,(nd33:1.7438874586996593,((nd41:0.9296089014158762,nd42:0.9296089014158762)nd35:0.7780618109073208,(nd43:0.31454663995645027,(nd47:0.19393398245431243,nd48:0.19393398245431243)nd44:0.12061265750213782)nd36:1.3931240723667468)nd34:0.036216746376462355)nd12:4.589440220190009)nd6:1.5866701912071453)nd3:0.3103181729211094,nd4:2.848430605351377)nd2:0.9149953308868575)root:4.831988626095221)origin:0.0;
