sample	replicate	trs
1	1	((((((nd19:2.4905737331954887[&state=104],(nd23:1.210831841017066[&state=78],(nd29:0.9156923068663866[&state=50],nd30:0.9156923068663866[&state=28]):0.2951395341506787[&state=104]):1.2797418921784218[&state=30]):2.128287389281669[&state=28],(((nd21:1.5388547051287846[&state=104],nd22:1.5388547051287846[&state=104]):1.462283848935878[&state=63],nd16:0.6907365740964637[&state=2]):0.23455420072423913[&state=0],((nd27:0.9735862551333913[&state=104],nd28:0.9735862551333913[&state=79]):1.7834849462987794[&state=29],nd18:0.3301217858081351[&state=0]):0.47862155335673073[&state=28]):1.3831683676882538[&state=7]):1.2523086946704727[&state=7],((nd33:0.595427266557684[&state=53],nd34:0.595427266557684[&state=104]):0.5176476429221524[&state=104],nd26:1.113074909479837[&state=104]):4.758094907667793[&state=63]):4.949666475518099[&state=0],nd4:0.44783830461866886[&state=0]):0.15796019000819747[&state=0],((nd13:3.1615400125216215[&state=78],(nd31:0.7415825896457575[&state=7],(nd35:0.43109123195022986[&state=7],nd36:0.43109123195022986[&state=81]):0.31049135769552755[&state=106]):2.419957422875863[&state=23]):7.029428744903276[&state=6],nd6:3.2353903547574703[&state=6]):0.7878277252490292[&state=6]):2.114903517326082[&state=22]):0.0[&state=22];
