sample	replicate	trs
1	1	(((((((nd30:4.200330012692202[&state=5],(nd50:0.7311580284881212[&state=0],nd51:1.4480146112002434[&state=0]):3.597263813238718[&state=0]):2.5639028587043446[&state=16],(nd58:0.25314257757921377[&state=0],nd59:0.25314257757921377[&state=0]):7.356038705564093[&state=0]):0.7717267040408281[&state=5],(nd34:4.4500405546101405[&state=0],(nd48:1.486462218726239[&state=0],nd49:1.486462218726239[&state=0]):2.9635783358839[&state=0]):3.9308674325739963[&state=0]):3.417236367478795[&state=16],((((nd60:0.11903851415356193[&state=0],nd61:0.11903851415356193[&state=0]):1.6884501896084023[&state=0],nd47:1.8074887037619642[&state=0]):3.101572385335486[&state=0],nd33:4.9090610890974515[&state=0]):2.1723819125086496[&state=0],nd29:4.535250440254681[&state=5]):4.7167013530568305[&state=16]):4.490806333301415[&state=5],nd13:0.5980557429944158[&state=0]):7.396756007378872[&state=16],(nd4:0.6099859858886397[&state=5],((nd10:1.1649498736911557[&state=5],(((nd26:1.5364244988992828[&state=0],nd27:1.7040590491657448[&state=5]):2.624445263623584[&state=16],(((nd40:3.382935946331644[&state=0],nd41:0.4566291808729314[&state=0]):0.024516050109388968[&state=0],((nd44:2.459660770370953[&state=0],(nd52:1.2162437904017065[&state=0],(nd54:0.364991187704781[&state=0],(nd56:0.32733106495322867[&state=0],nd57:0.32733106495322867[&state=0]):0.03766012275155234[&state=0]):0.8512526026969254[&state=0]):1.2434169799692467[&state=0]):0.08753668664491393[&state=0],nd43:0.14154736814209717[&state=0]):0.860254539425165[&state=0]):0.807665919339092[&state=0],nd37:2.8565270106089664[&state=5]):5.924059004257813[&state=16]):1.1907641096735995[&state=0],nd19:9.106664913696893[&state=5]):5.442466946962078[&state=16]):1.9681403281699905[&state=16],(nd8:5.599350778571882[&state=0],(nd14:3.494500215104602[&state=5],nd15:1.0486818394028505[&state=5]):1.8844910286555283[&state=16]):1.6343344989320716[&state=16]):3.1910219213954387[&state=16]):1.7541364691041745[&state=16]):0.1079933046567706[&state=16]):0.0[&state=16];
