sample	replicate	trs
1	1	((((((nd58:1.0610123161951444,nd75:1.0610123161951446)nd52:0.5609389403360048,((nd72:0.4564152735165636,nd73:0.4564152735165636)nd68:0.03537079100251135,nd69:0.4917860645190749)nd53:1.1301651920120743)nd37:4.076591197902793,(nd46:3.144933204477892,((nd66:0.5628310027130455,nd67:0.5628310027130455)nd56:0.5135811006797008,(nd64:0.576824904869109,nd65:0.576824904869109)nd57:0.49958719852363737)nd51:2.068521101085146)nd44:2.5536092499560494)nd28:1.0799521160391299,nd29:6.778494570473072)nd22:2.191878861225346,((nd70:0.4635538988115345,nd71:0.4635538988115345)nd40:8.137221747506029,nd54:8.600775646317562)nd23:0.36959778538085675)nd19:15.427778890028483,((nd62:0.7413710232488313,nd63:0.7413710232488313)nd48:2.3745373633002878,((nd76:0.1036804445437149,nd77:0.1036804445437149)nd60:0.8702482280136878,nd61:0.9739286725574027)nd49:2.1419797139917156)nd38:21.282243935177785)root:0.0;
