sample	replicate	trs
1	1	((((((nd33:0.9536328486031518,((nd51:1.2693860282433118,((nd67:0.07061946025154092,nd68:0.07061946025154092)nd53:1.1787945627510166,nd54:1.2494140230025574)nd52:0.019972005240754365)nd37:1.775108422737781,(nd39:1.6666136041921928,nd40:0.2128551611517021)nd38:0.7088146038085853)nd34:0.49273389613507546)nd25:1.172346299074392,nd26:3.0641064063414767)nd11:1.6648205246257388,((nd29:0.18621609418197851,nd30:3.5805678125947464)nd13:1.4313419178069737,((((nd43:1.2714317114671787,((nd63:0.2654951638733346,nd64:0.289742046821104)nd55:0.7529236242084807,(nd57:0.5971875456553647,nd58:1.0243667003479449)nd56:0.018298970681639742)nd44:1.1539159920700024)nd31:1.6381542134566,(nd65:0.11375724026484547,nd66:0.11375724026484547)nd32:3.7209786362913424)nd27:0.6950967114754929,nd28:2.1284207918067652)nd23:0.22361439036734476,nd24:1.198135281720572)nd14:1.1987622337324952)nd12:0.4221859586847786)nd3:1.8739833680887008,nd4:0.5312828114443501)nd1:0.5939635073861834,(((nd9:3.3643480004591755,(nd15:0.8254377127836651,((nd19:0.22126767776951167,(nd35:0.8599415852262076,(nd41:2.2458771568356597,nd42:2.2458771568356597)nd36:1.0514902557275003)nd20:1.9505560364823415)nd17:0.48045553875768,nd18:0.15856638531106926)nd16:0.003088351081977333)nd10:1.5525823185479006)nd7:0.5506926861894852,(((nd47:1.9079626718736076,nd48:1.9079626718736076)nd45:0.10397115852508657,nd46:2.0119338303986942)nd21:2.7556927816949,(((nd61:0.39084915589075797,nd62:0.39084915589075797)nd59:0.35174246297972933,nd60:0.7425916188704874)nd49:0.7866709095035058,nd50:1.5292625283739933)nd22:3.238364083719601)nd8:3.0671157315289515)nd5:0.32931827936973357,nd6:0.905132119684498)nd2:0.6782814232989036)root:3.047457953708813)origin:0.0;
