sample	replicate	trs
1	1	(((nd29:5.859649519421184,nd47:5.859649519421184)nd19:12.265619864218442,(((nd35:4.55840745888888,(nd55:1.0376132046730726,((nd61:0.4721670878316608,(nd63:0.39884134366170276,nd64:0.39884134366170276)nd62:0.07332574416995802)nd57:0.4123562727555725,nd58:0.8845233605872334)nd56:0.15308984408583914)nd43:3.5207942542158066)nd31:1.151175002366734,(nd49:1.936150096149946,((nd65:0.39545571069601715,nd66:0.39545571069601715)nd59:0.34363886233529733,nd60:0.7390945730313145)nd50:1.1970555231186317)nd46:3.7734323651056676)nd27:11.11785476271234,(nd33:5.347667580691438,((nd41:2.648860107220371,nd53:2.6488601072203704)nd37:1.8624509258990956,nd38:4.511311033119466)nd34:0.8363565475719716)nd12:11.479769643276516)nd10:1.2978321596716724)nd4:7.54902168998176,(nd23:8.725984893109736,(nd39:3.8451229452996056,nd40:3.8451229452996056)nd24:4.88086194781013)nd21:16.94830618051165)root:0.0;
