sample	replicate	trs
1	1	(((nd19:3.5537729926116506[&state=0],nd20:3.5537729926116506[&state=120])nd9:8.630310980379877[&state=28],(nd21:3.442839146808068[&state=6],nd22:3.442839146808068[&state=114])nd14:8.74124482618346[&state=22])nd1:8.431707217853909[&state=48],(((nd15:6.172022925455564[&state=1],nd16:6.172022925455564[&state=84])nd5:8.071949861530081[&state=1],((nd35:0.18142109148277769[&state=1],nd36:0.18142109148277769[&state=8])nd23:2.5426526411152244[&state=28],(nd27:2.442477677450634[&state=105],nd28:2.442477677450634[&state=14])nd24:0.2815960551473688[&state=78])nd6:11.519899054387643[&state=78])nd3:4.161238323373843[&state=23],((nd32:4.283907022807657[&state=6],(nd37:0.08591763472081082[&state=36],nd38:0.08591763472081082[&state=0])nd18:4.197989388086847[&state=65])nd7:8.817926208638069[&state=22],(nd25:2.4825681355311153[&state=6],(nd29:2.1906837712544696[&state=8],(nd33:0.9936452575856931[&state=6],nd34:0.9936452575856931[&state=14])nd30:1.1970385136687756[&state=23])nd26:0.291884364276646[&state=78])nd12:10.619265095914612[&state=78])nd4:5.303377878913765[&state=48])nd2:2.2105800804859443[&state=22])root:0.0[&state=22];
