sample	replicate	trs
1	1	(((nd9:7.207181786882178[&state=1],((nd61:0.3260635757554547[&state=0],nd62:0.3260635757554547[&state=9])nd49:0.6967309932619724[&state=104],nd50:1.0227945690174276[&state=9])nd17:6.184387217864751[&state=104])nd7:0.07479524072256462[&state=6],((nd57:0.545744534371375[&state=31],(nd59:0.4966804300313482[&state=31],nd60:0.4966804300313482[&state=11])nd58:0.0490641043400267[&state=31])nd13:5.478875907573599[&state=31],(((nd53:0.926699754156706[&state=6],nd54:0.926699754156706[&state=28])nd21:2.8697081239500846[&state=78],(((nd33:2.507071409885244[&state=78],nd40:2.507071409885242[&state=104])nd27:0.3860806844660609[&state=48],(nd45:1.1916483676972305[&state=105],nd46:1.1916483676972305[&state=9])nd28:1.7015037266540702[&state=7])nd23:0.3182202432381082[&state=48],(nd29:2.7472262818054527[&state=31],nd47:2.7472262818054496[&state=63])nd24:0.46414605578396045[&state=1])nd22:0.5850355405173806[&state=48])nd19:2.118907679461008[&state=6],((nd63:0.29092785471873234[&state=23],nd64:0.29092785471873234[&state=2])nd35:1.765698341974209[&state=50],(((nd65:0.07009672901852063[&state=6],nd66:0.07009672901852063[&state=0])nd41:1.4411481095280314[&state=22],(nd51:0.9906062641136633[&state=9],nd52:0.9906062641136633[&state=24])nd42:0.5206385744328892[&state=53])nd37:0.47713905718527244[&state=53],nd38:1.9883838957318263[&state=81])nd36:0.06824230096111489[&state=6])nd16:3.8586893608748585[&state=6])nd14:0.10930488437717581[&state=6])nd8:1.2573565856597684[&state=6])nd1:2.349226856923552[&state=6],((nd31:2.5487073669646274[&state=9],nd32:2.5487073669646274[&state=25])nd25:0.5408962269711804[&state=6],(nd55:0.8828157627718243[&state=63],nd56:0.8828157627718243[&state=28])nd26:2.2067878311639815[&state=8])nd6:6.541600290592489[&state=6])root:0.0[&state=6];
