sample	replicate	trs
1	1	((((nd12:1.0160257827724193,((((nd78:0.5444210232314703,nd79:0.7926416387483497)nd56:1.1766396560414252,(nd62:1.5636386865730665,(nd64:1.4282650326340378,nd65:0.35563204376753693)nd63:0.13537365393902856)nd57:0.40564260821670917)nd28:2.4222768890276534,((((nd60:1.6309108639040821,nd61:0.9852404753622992)nd50:0.6791777515052574,nd51:0.8959057372514958)nd46:0.5771167516584822,(nd58:0.3567178153653202,(nd96:0.38360990259607175,nd97:0.38360990259607175)nd59:1.3430782321522245)nd47:1.1605172323195254)nd32:1.0510798615715884,nd33:3.9382852286394097)nd29:0.453272955178018)nd16:1.6964911089378145,nd17:1.3383715534481142)nd13:0.622110210109356)nd10:0.13215932428176563,((nd34:0.07836774477188399,nd35:0.7996646741030611)nd22:1.0492149298500903,nd23:0.20453755400560625)nd11:2.117889832953289)nd2:2.668091724504925,(((nd8:4.867090674199289,((((nd54:0.17189099287292295,(nd76:0.830446449805311,(nd92:0.4182007440450215,nd93:0.4182007440450215)nd77:0.4122457057602895)nd55:1.4067157016394944)nd36:1.2939918595102886,((nd48:1.3051675241414236,nd49:0.008831626650004053)nd38:0.8945457059014386,((nd42:2.088233907147366,nd43:0.6325413903129813)nd40:0.08825752447143681,(nd98:0.09102392227610784,nd99:0.09102392227610784)nd41:3.070063741120316)nd39:0.1988853007062595)nd37:0.17118104685241137)nd24:1.1354649469501408,(nd44:1.3302884808660842,nd45:1.891881477691156)nd25:1.6865635207648038)nd18:0.7341875596079942,(nd20:0.18105475633715934,nd21:1.6880503606944437)nd19:0.1933601465262444)nd9:1.8950931530864088)nd6:0.3708343676555483,(nd26:1.8184733434033895,(((nd86:0.5416814013777156,(nd94:0.3918118857230112,nd95:0.28260300904529667)nd87:0.1498695156547044)nd68:0.5792496363058707,nd69:1.1209310376835866)nd52:1.1292645701516146,(((nd74:0.0358026204838311,((nd90:0.4718009613620157,nd91:0.5233420295013673)nd80:0.222400789752612,nd81:0.7457428192539793)nd75:0.10686542820379269)nd70:0.1375451597196914,(((nd88:0.5249284154312419,nd89:0.5279019641311576)nd84:0.13869072534247068,nd85:0.6665926894736284)nd72:0.2974252567055384,nd73:0.9640179461791667)nd71:0.026135460998296674)nd66:0.14587691010527146,nd67:1.136030317282735)nd53:1.1141652905524662)nd27:2.3712056413461067)nd7:3.0453327890738784)nd4:0.18985508866678408,((nd30:1.4218188259558528,(nd82:0.28208501509587997,nd83:0.7070433252670661)nd31:3.431337658322098)nd14:2.10451605944106,nd15:0.5434801524060526)nd5:1.6136920838917475)nd3:1.6538214247293188)root:1.1156894483487132)origin:0.0;
