sample	replicate	trs
1	1	(((((((nd30:4.200330012692202,(nd50:0.7311580284881212,nd51:1.4480146112002434)nd31:3.597263813238718)nd24:2.5639028587043446,(nd58:0.25314257757921377,nd59:0.25314257757921377)nd25:7.356038705564093)nd22:0.7717267040408281,(nd34:4.4500405546101405,(nd48:1.486462218726239,nd49:1.486462218726239)nd35:2.9635783358839)nd23:3.9308674325739963)nd16:3.417236367478795,((((nd60:0.11903851415356193,nd61:0.11903851415356193)nd46:1.6884501896084023,nd47:1.8074887037619642)nd32:3.101572385335486,nd33:4.9090610890974515)nd28:2.1723819125086496,nd29:4.535250440254681)nd17:4.7167013530568305)nd12:4.490806333301415,nd13:0.5980557429944158)nd2:7.396756007378872,(nd4:0.6099859858886397,((nd10:1.1649498736911557,(((nd26:1.5364244988992828,nd27:1.7040590491657448)nd20:2.624445263623584,(((nd40:3.382935946331644,nd41:0.4566291808729314)nd38:0.024516050109388968,((nd44:2.459660770370953,(nd52:1.2162437904017065,(nd54:0.364991187704781,(nd56:0.32733106495322867,nd57:0.32733106495322867)nd55:0.03766012275155234)nd53:0.8512526026969254)nd45:1.2434169799692467)nd42:0.08753668664491393,nd43:0.14154736814209717)nd39:0.860254539425165)nd36:0.807665919339092,nd37:2.8565270106089664)nd21:5.924059004257813)nd18:1.1907641096735995,nd19:9.106664913696893)nd11:5.442466946962078)nd6:1.9681403281699905,(nd8:5.599350778571882,(nd14:3.494500215104602,nd15:1.0486818394028505)nd9:1.8844910286555283)nd7:1.6343344989320716)nd5:3.1910219213954387)nd3:1.7541364691041745)root:0.1079933046567706)origin:0.0;
