sample	replicate	trs
1	1	((nd62:2.7335855579320314[&state=5],(nd96:0.6735881577265075[&state=5],nd97:0.6735881577265075[&state=5])nd75:2.0599974002055235[&state=5])nd49:3.9769685024590604[&state=5],(((nd50:2.9009154248865414[&state=5],((nd80:1.0500405137249689[&state=5],(nd86:0.8479690738200834[&state=5],((nd108:0.6194386359488988[&state=5],nd99:0.6194386359488988[&state=5])nd94:0.13764385465582962[&state=5],nd95:0.7570824906047283[&state=5])nd87:0.09088658321535485[&state=5])nd81:0.20207143990488535[&state=5])nd58:1.7545464122060666[&state=5],(nd70:2.7482623432301074[&state=5],(nd84:2.6192646945502265[&state=5],nd67:2.619264694550227[&state=5])nd61:0.1289976486798816[&state=5])nd59:0.05632458270092689[&state=5])nd51:0.0963284989555061[&state=5])nd30:0.6007857292782316[&state=5],(nd90:0.8349464230082294[&state=5],nd91:0.8349464230082294[&state=5])nd37:2.666754731156543[&state=5])nd16:1.3620616185869543[&state=5],(((nd92:0.8444570500367008[&state=5],(nd100:0.4831128867387097[&state=5],nd101:0.4831128867387097[&state=5])nd89:0.361344163297991[&state=5])nd78:0.24786380027366578[&state=5],nd79:1.0923208503103665[&state=5])nd32:2.362361602662907[&state=5],((((nd82:0.9479419439384263[&state=5],(nd110:0.25819022096307304[&state=5],nd107:0.25819022096307304[&state=5])nd83:0.6897517229753533[&state=5])nd76:0.18749224921287314[&state=5],(nd104:0.28259471894991917[&state=5],nd105:0.28259471894991917[&state=5])nd77:0.8528394742013803[&state=5])nd72:0.5842453194916832[&state=5],(nd102:0.39284415227123026[&state=5],nd103:0.39284415227123026[&state=5])nd73:1.3268353603717524[&state=5])nd65:1.4056626560478822[&state=5],nd47:3.1253421686908647[&state=5])nd33:0.32934028428240913[&state=5])nd27:1.409080319778453[&state=5])nd15:1.8467912876393648[&state=5])nd3:0.0[&state=5];
