sample	replicate	trs
1	1	(((nd28:8.58308491207734,(nd46:3.901419052820892,(nd76:1.1306934676230986,nd77:1.1306934676230986)nd47:2.770725585197794)nd32:4.681665859256453)nd20:14.655409383194026,(((((nd34:5.760200959386308,nd35:5.760200959386308)nd24:3.2267273666040555,((((nd66:2.3863947973027475,(nd72:1.8884324854380203,nd73:1.8884324854380203)nd67:0.4979623118647271)nd60:0.757511007134561,((nd84:0.31845541329487365,nd85:0.31845541329487365)nd78:0.6277851198744411,nd79:0.9462405331693148)nd61:2.197665271267994)nd54:0.21905647180006238,nd64:3.362962276237371)nd52:2.0821698179045445,(nd86:0.037352668770275,nd87:0.037352668770275)nd39:5.407779425371641)nd27:3.541796231848447)nd22:0.36318543514994006,nd23:9.350113761140292)nd14:7.484631356915892,((nd51:4.658774240902124,nd45:4.658774240902125)nd36:0.9582426579237001,nd37:5.617016898825827)nd19:11.217728219230372)nd8:1.4061700284451297,(nd16:16.271271994007222,(((nd82:0.6005505536371961,nd83:0.6005505536371961)nd68:1.7016861120998945,((nd74:1.8399461154163061,nd75:1.8399461154163061)nd70:0.36611523038187155,nd71:2.2060613457981777)nd69:0.0961753199389125)nd30:6.098513592124929,(nd42:4.736003854300433,(nd80:0.6281506703177798,nd81:0.6281506703177798)nd43:4.107853183982652)nd41:3.6647464035615895)nd17:7.870521736145204)nd9:1.969643152494098)nd5:4.99757914877005)nd2:3.8196906893281612,nd59:27.058184984599535)root:0.0;
