sample	replicate	trs
1	1	(((((nd27:0.5490608875910048[&state=78],nd28:0.5490608875910048[&state=63])nd23:0.5106400444065411[&state=104],(nd39:0.015697380230257733[&state=31],nd40:0.015697380230257733[&state=63])nd24:1.0440035517672883[&state=104])nd15:0.8985994690931549[&state=63],(nd19:1.0910227904335579[&state=63],(nd25:0.6504234694548757[&state=63],(nd37:0.15907689461584898[&state=104],nd38:0.15907689461584898[&state=31])nd26:0.4913465748390268[&state=104])nd20:0.440599320978682[&state=104])nd16:0.867277610657143[&state=7])nd3:2.698515178180873[&state=28],((((nd33:0.3081309786669988[&state=63],nd34:0.3081309786669988[&state=28])nd29:0.18115731151988726[&state=63],(nd35:0.18976253291409395[&state=63],nd36:0.18976253291409395[&state=6])nd30:0.299525757272792[&state=79])nd21:0.571173800998413[&state=63],nd22:1.0604620911852989[&state=104])nd5:3.5933980220100366[&state=63],(nd13:2.2059260978776503[&state=78],nd14:2.2059260978776503[&state=104])nd6:2.4479340153176876[&state=23])nd4:0.0029554660762372074[&state=1])nd1:0.09007650549582945[&state=7],((nd17:1.243859636385052[&state=63],nd18:1.243859636385052[&state=63])nd7:2.940818230184444[&state=78],(nd9:3.697398671485538[&state=63],(nd11:3.6067282012319355[&state=63],(nd31:0.4114261609497303[&state=63],nd32:0.4114261609497303[&state=63])nd12:3.1953020402822045[&state=31])nd10:0.09067047025360254[&state=7])nd8:0.48727919508395656[&state=7])nd2:0.5622142181979066[&state=7])root:0.0[&state=48];
