sample	replicate	trs
1	1	((((nd50:2.608615841265251[&state=0],(nd76:1.2821668242919053[&state=0],(nd98:0.4496951243705226[&state=0],nd99:0.4496951243705226[&state=0])nd77:0.8324716999213825[&state=0])nd66:1.326449016973346[&state=0])nd44:0.2724813767238308[&state=0],nd45:2.881097217989082[&state=0])nd31:7.616271589370724[&state=0],((((nd35:4.687515611627649[&state=0],nd27:4.68751561162765[&state=0])nd24:0.8920680333858894[&state=0],(nd72:1.4602380313886567[&state=0],(((nd90:0.5436812182623733[&state=0],(nd96:0.4966782138630357[&state=0],nd97:0.4966782138630357[&state=0])nd91:0.047003004399337606[&state=0])nd86:0.3995730051709357[&state=0],nd87:0.943254223433309[&state=0])nd84:0.11563644466114119[&state=0],nd85:1.05889066809445[&state=0])nd73:0.4013473632942064[&state=0])nd25:4.1193456136248825[&state=0])nd22:0.28170059845983125[&state=0],(nd38:3.0318106465901087[&state=0],(nd62:1.9351031436791835[&state=0],(nd88:0.6312545206490155[&state=0],nd89:0.6312545206490155[&state=0])nd63:1.3038486230301676[&state=0])nd39:1.0967075029109257[&state=0])nd23:2.829473596883261[&state=0])nd14:2.472354324085512[&state=0],(nd40:2.995490374428161[&state=0],((((nd104:0.06313180524929345[&state=0],nd105:0.06313180524929345[&state=0])nd56:2.1267709288734844[&state=0],(((nd94:0.503508039919568[&state=0],nd95:0.503508039919568[&state=0])nd70:1.0433479045406104[&state=0],(nd74:1.3968034283486424[&state=0],((nd92:0.5162628182125244[&state=0],nd93:0.5162628182125244[&state=0])nd78:0.7553302233695389[&state=0],nd79:1.2715930415820633[&state=0])nd75:0.12521038676657886[&state=0])nd71:0.15005251611153642[&state=0])nd68:0.08200075565701635[&state=0],nd69:1.6288567001171954[&state=0])nd57:0.561046034005583[&state=0])nd52:0.2150873517152559[&state=0],nd53:2.4049900858380338[&state=0])nd42:0.5107256759856648[&state=0],(((nd100:0.159831193093273[&state=0],nd101:0.159831193093273[&state=0])nd80:1.0519663403666444[&state=0],(nd82:1.0602728727135287[&state=0],nd83:1.0602728727135287[&state=0])nd81:0.15152466074638882[&state=0])nd61:1.6436550866654551[&state=0],((nd102:0.06555963608662074[&state=0],nd103:0.06555963608662074[&state=0])nd64:1.6850025641975033[&state=0],nd65:1.7505622002841241[&state=1])nd49:1.104890419841249[&state=6])nd43:0.06026314169832574[&state=0])nd41:0.07977461260446271[&state=0])nd33:5.338148193130721[&state=0])nd11:2.1637302398009233[&state=0])nd2:2.769761656009845[&state=0],nd59:13.26713046336965[&state=5])root:0.0[&state=16];
