sample	replicate	trs
1	1	(((nd3:0.07245138664149282[&state=0],(((nd11:1.080030112457465[&state=25],((nd27:0.04603108425649471[&state=3],nd28:0.04603108425649471[&state=53]):0.4383226018760272[&state=80],((nd23:0.25206679419538075[&state=81],nd24:0.25206679419538075[&state=24]):0.18845271007784006[&state=107],nd22:0.4405195042732208[&state=23]):0.04383418185930109[&state=80]):0.5956764263249433[&state=104]):1.4838540013286643[&state=10],nd8:1.7019617214477347[&state=1]):2.351489908945467[&state=0],(nd9:2.311648719953093[&state=78],(nd13:1.0612852250664697[&state=63],((nd17:0.9305828641157652[&state=15],(nd31:0.008414441112416769[&state=108],nd32:0.008414441112416769[&state=4]):0.9221684230033483[&state=108]):0.07294376491963[&state=120],((nd29:0.03674827089835448[&state=6],nd30:0.03674827089835448[&state=7]):0.07289745362972035[&state=22],nd26:0.10964572452807483[&state=9]):0.8938809045073205[&state=53]):0.05775859603107471[&state=63]):1.2503634948866238[&state=30]):2.6037253027785026[&state=9]):3.5224596898449203[&state=7]):1.3931205240235458[&state=0],nd2:9.830954236600064[&state=57]):0.26434576339993576[&state=22]):0.0[&state=22];
