sample	replicate	trs
1	1	((nd36:4.133802012273165,((((nd51:0.100622759009316,(nd53:0.06847515239371056,nd54:0.06847515239371056)nd52:0.03214760661560541)nd45:0.4363796790579718,((nd49:0.12718125526938232,nd50:0.12718125526938232)nd47:0.07182399277652339,nd48:0.1990052480459057)nd46:0.33799719002138223)nd33:0.9929561071616032,nd34:1.5299585452288917)nd27:0.47004485905513704,(nd37:0.7914442484992165,nd38:0.7914442484992165)nd31:1.208559155784811)nd22:2.133798607989137)nd11:0.1879654522148951,(nd19:2.8149246512081745,((((nd41:0.6418129029769821,(nd43:0.5975541223540015,nd44:0.5975541223540015)nd42:0.044258780622980574)nd39:0.09489017364752446,nd40:0.7367030766245065)nd25:1.7503055112425203,nd30:2.487008587867028)nd23:0.2702550005264907,nd24:2.757263588393516)nd20:0.05766106281465746)nd18:1.5068428132798841)nd10:0.0;
