sample	replicate	trs
1	1	(((((nd61:1.4279912060683737[&state=0],((nd65:0.8357068964589695[&state=0],nd66:0.8357068964589695[&state=0])nd63:0.2176507827787345[&state=0],nd64:1.053357679237704[&state=0])nd62:0.3746335268306697[&state=0])nd51:2.807458150959982[&state=0],nd52:4.235449357028355[&state=0])nd45:1.3551986443615358[&state=0],(nd55:4.372647839766443[&state=0],nd50:4.372647839766443[&state=0])nd46:1.2180001616234486[&state=0])nd24:11.58104692456429[&state=0],(((nd54:12.026165164237195[&state=0],nd41:12.026165164237199[&state=8])nd26:1.0634253571756596[&state=0],nd48:13.089590521412857[&state=0])nd15:1.215146259628145[&state=0],((nd67:0.2908971193569141[&state=1],nd68:0.2908971193569141[&state=1])nd31:9.826133538730963[&state=1],(nd57:2.502551193610083[&state=0],nd58:2.502551193610083[&state=0])nd35:7.614479464477793[&state=0])nd16:4.187706122953128[&state=0])nd6:2.866958144913181[&state=0])nd3:2.531273152526925[&state=0],(nd59:2.4204219555645725[&state=0],nd60:2.4204219555645725[&state=0])nd17:17.282546122916536[&state=0])nd1:0.0[&state=0];
