sample	replicate	trs
1	1	((((((nd23:0.13436660759827382,(nd29:0.07248277953448697,nd30:0.07248277953448697)nd24:0.06188382806378685)nd19:0.1472086500670897,((nd31:0.06467013971150447,nd32:0.06467013971150447)nd21:0.1747620492444574,((nd43:0.0018823624167508032,nd44:0.0018823624167508032)nd39:0.01364822530456773,nd40:0.015530587721318535)nd22:0.2239016012346433)nd20:0.042143068709401627)nd7:3.163924802800106,(nd17:0.31473589355688975,nd18:0.23266132063155148)nd8:3.13076416690858)nd3:2.749410126402303,(((nd41:0.004400017950707776,nd42:0.004400017950707776)nd37:0.031174214265533143,nd38:0.03557423221624092)nd5:4.124507279816575,((nd11:2.7730712199987253,nd12:2.7730712199987253)nd9:0.10811167699733513,(nd13:2.411943712850107,nd14:2.411943712850107)nd10:0.46923918414595484)nd6:1.2788986150367565)nd4:2.0348286748349556)nd1:0.6721944099575451,(nd15:1.1231797830982841,(((nd35:0.061817663211272134,nd36:0.061817663211272134)nd33:0.0013367942298427118,nd34:0.06315445744111485)nd25:0.06987755205968203,(nd27:0.09592400895600411,nd28:0.09592400895600411)nd26:0.037108000544792755)nd16:0.990147773597487)nd2:5.743924813727035)root:2.7524654031746736)origin:0.0;
