sample	replicate	trs
1	1	((((nd43:0.3010725336488172,nd44:0.3010725336488172)nd3:12.649670747070061,((((((nd45:0.2871661940603934,nd46:0.2871661940603934)nd33:1.136935395395599,(nd35:1.0672326787010324,nd36:1.0672326787010324)nd34:0.35686891075496013)nd17:3.2067081252376726,(nd39:0.9731831986575179,nd40:0.9731831986575179)nd18:3.6576265160361467)nd9:4.78854692804568,(nd13:1.1674789127983847,nd14:8.20151243741722)nd10:1.2178442053221261)nd7:1.8258303312484945,((((nd37:1.0455973345802725,nd38:1.0455973345802725)nd31:0.7724535718025846,((nd49:0.05041892766163059,nd50:0.05041892766163059)nd41:0.6680927352762746,nd42:0.7185116629379051)nd32:1.0995392434449518)nd25:1.7147437015115319,nd26:3.532794607894388)nd19:1.0946305958277567,nd20:4.6274252037221455)nd8:6.6177617702656955)nd5:1.1775367803016463,(nd15:0.9673516174079249,(nd23:4.2399053777315014,(nd47:0.22058569941500117,nd48:0.22058569941500117)nd24:4.019319678316499)nd16:1.627782569104341)nd6:6.555035807453644)nd4:0.5280195264293897)nd1:2.0127606436445875,(nd11:2.542100193553405,(nd21:1.7723157132895202,((nd29:1.9064804750875917,nd30:1.013706121582207)nd27:0.7097602740796976,nd28:2.61624074916729)nd22:1.838106566448407)nd12:4.4408895334050325)nd2:6.068267075342735)root:0.7258960756365358)origin:0.0;
