sample	replicate	trs
1	1	((((nd8:12.830957239604707,nd9:12.830957239604707)nd6:0.691949292305771,nd7:4.108514473261021)nd2:1.823489023443281,((((nd24:8.071000173236198,nd25:0.56557997641315)nd18:1.1110210999156886,nd19:7.251316614962649)nd16:0.026977347851331816,nd17:9.208998621003216)nd4:4.568076864143969,(nd10:12.63135957142939,((((nd38:1.026322559192574,nd39:1.026322559192574)nd34:2.956609081301038,nd35:1.4831913746162435)nd14:7.529698992120905,(nd26:1.1024385348408072,(nd30:4.720025265147692,(nd40:0.09701229483104577,nd41:0.09701229483104577)nd31:4.623012970316646)nd27:1.5151647093066065)nd15:5.27744065816022)nd12:0.2826998601017878,(nd20:9.150751359230041,(nd22:8.531116124232234,(((nd36:1.0946887211280962,nd37:1.0946887211280962)nd32:2.991797096997805,nd33:4.086485818125902)nd28:1.873220425166484,nd29:0.47247171068515686)nd23:2.5714098809398496)nd21:0.6196352349978069)nd13:2.6445791334862623)nd11:0.8360290787130884)nd5:1.1457159137177944)nd3:1.569320070206574)root:0.6947044446462368)origin:0.0;
