sample	replicate	trs
1	1	((((nd9:0.39477907303819565[&state=1],(nd11:4.184184583150024[&state=0],(nd27:1.7162094824140053[&state=1],nd28:3.3119375034276026[&state=10]):2.527371888364029[&state=1]):1.1954839350375344[&state=7]):2.655442430267512[&state=1],((nd7:0.33615773541987626[&state=0],((nd15:0.7238758639894142[&state=0],(((((nd43:1.5497411412634452[&state=105],nd44:1.5497411412634452[&state=0]):0.42081462650864815[&state=0],nd42:0.10804341402830796[&state=6]):0.7775446804415008[&state=22],(nd49:0.6301041440384662[&state=0],nd50:0.03099392603772774[&state=0]):2.117996304175128[&state=0]):0.5322897181940568[&state=28],nd30:3.280390166407651[&state=1]):0.44131487983160383[&state=1],(nd21:3.5135185033081746[&state=3],(((nd47:0.7767877711610675[&state=9],nd48:0.7767877711610675[&state=31]):1.4429861255229919[&state=1],(nd53:0.5547714084521129[&state=0],nd54:0.5547714084521129[&state=1]):1.6650024882319465[&state=7]):1.143907953022604[&state=7],(((nd51:0.5940603511446954[&state=0],(nd57:0.32155941676891164[&state=0],nd58:0.32155941676891164[&state=0]):0.27250093437578377[&state=0]):0.5328530723433974[&state=0],nd46:1.1269134234880929[&state=28]):1.980996620345706[&state=0],nd32:3.1079100438337983[&state=0]):0.2557718058728651[&state=0]):0.32127267728601255[&state=7]):0.0367505192465787[&state=7]):1.7133233798187155[&state=7]):0.15294518987369735[&state=0],((nd23:0.8152654140300039[&state=0],nd24:3.5767253101991145[&state=0]):0.46479583953994225[&state=0],((nd55:0.4018474076776965[&state=0],nd56:0.4018474076776965[&state=12]):1.8559173754092946[&state=0],(nd39:2.1969080267831234[&state=63],nd40:2.1969080267831234[&state=0]):0.060856756303867166[&state=0]):1.7837563666520662[&state=0]):1.5464524661926102[&state=0]):3.416908018813972[&state=0]):0.05841528359182093[&state=0],nd6:0.8684307374172207[&state=0]):0.6269388387592182[&state=0]):4.330719930893354[&state=0],nd2:0.9057473910123889[&state=6]):0.09094431200995984[&state=22]):0.0[&state=22];
