sample	replicate	trs
1	1	(((nd5:4.709020456460549[&state=105],((((nd41:0.173389533487671[&state=84],nd42:0.173389533487671[&state=24])nd33:0.3042055041636418[&state=56],((nd39:0.3479659934950969[&state=6],nd40:0.3479659934950969[&state=28])nd35:0.10147079852150645[&state=108],nd36:0.44943679201660336[&state=108])nd34:0.028158245634709145[&state=86])nd15:1.098888722335089[&state=108],(nd21:1.0242340546785298[&state=120],nd22:1.0242340546785298[&state=120])nd16:0.5522497053078717[&state=63])nd9:1.6687103438960824[&state=104],(nd23:0.988678354969186[&state=104],(nd29:0.5798755688678481[&state=65],nd30:0.5798755688678481[&state=22])nd24:0.40880278610133747[&state=83])nd10:2.2565157489132988[&state=108])nd6:1.4638263525780713[&state=8])nd3:1.1794802987131088[&state=48],nd4:5.88850075517366[&state=80])nd1:1.7980914025361363[&state=7],(((((nd31:0.5277651295507774[&state=120],nd32:0.5277651295507774[&state=120])nd27:0.10176778770202713[&state=120],nd28:0.6295329172528048[&state=63])nd17:0.9180889992733133[&state=104],(nd37:0.432071222200158[&state=120],nd38:0.432071222200158[&state=81])nd18:1.11555069432596[&state=84])nd13:0.07612721556663227[&state=30],(nd19:1.4585972935089053[&state=108],(nd25:0.9813237025361203[&state=120],nd26:0.9813237025361203[&state=106])nd20:0.4772735909727861[&state=120])nd14:0.1651518385838439[&state=63])nd11:0.39135707512326684[&state=63],nd12:2.015106207216016[&state=78])nd7:5.671485950493784[&state=29])root:0.0[&state=22];
