sample	replicate	trs
1	1	(((((nd111:0.33435706904912815[&state=0],(nd113:0.2595959035251728[&state=0],nd114:0.2595959035251728[&state=0])nd112:0.07476116552395538[&state=0])nd47:7.106365506692475[&state=0],(nd96:7.418989149212228[&state=0],nd67:7.418989149212226[&state=0])nd48:0.021733426529376484[&state=0])nd29:4.674921645292541[&state=0],((((nd115:0.10610472515134939[&state=1],nd116:0.10610472515134939[&state=1])nd101:1.6592313221806907[&state=1],nd102:1.76533604733204[&state=23])nd92:1.8203264492802063[&state=1],nd82:3.585662496612247[&state=1])nd45:4.025569849632939[&state=1],(nd109:0.9973529651477727[&state=9],nd110:0.9973529651477727[&state=9])nd46:6.613879381097411[&state=9])nd30:4.504411874788961[&state=1])nd11:4.38798554990922[&state=0],(((nd105:1.9132738778448481[&state=1],nd98:1.913273877844848[&state=1])nd77:3.1313823229097872[&state=1],nd70:5.044656200754634[&state=0])nd54:4.130028339032818[&state=7],((nd59:5.876951180084605[&state=0],nd103:5.876951180084606[&state=0])nd51:1.2625367937866157[&state=0],(nd107:1.0643649274199558[&state=0],nd108:1.0643649274199558[&state=0])nd88:6.075123046451266[&state=0])nd44:2.0351965659162325[&state=0])nd16:7.328945231155911[&state=0])nd5:2.3054793649013607[&state=0],((((nd85:3.2935054305453773[&state=0],nd86:3.2935054305453773[&state=8])nd27:8.856098232751934[&state=0],(nd65:5.198936372460704[&state=28],nd66:5.198936372460704[&state=0])nd33:6.950667290836601[&state=0])nd13:5.020314078583235[&state=0],(nd99:1.7989811906196398[&state=0],nd100:1.7989811906196398[&state=0])nd72:15.370936551260904[&state=0])nd7:0.22600578075569475[&state=0],((nd93:2.0843721815709637[&state=2],nd94:2.0843721815709637[&state=9])nd83:1.7888851223461426[&state=2],nd80:3.873257303917107[&state=2])nd56:13.522666218719133[&state=2])nd4:1.4131856132084877[&state=0])nd1:0.0[&state=0];
