sample	replicate	trs
1	1	(((((nd115:3.289949774400433,(nd138:3.1061212235701863,(nd133:1.7755511817663336,nd134:1.7755511817663336)nd118:1.3305700418038529)nd116:0.1838285508302462)nd47:6.565634123271605,nd106:9.855583897672037)nd43:1.0620309962385008,nd54:10.917614893910539)nd29:3.134575858019397,(nd109:9.097976639449628,(nd129:4.68050476133611,nd136:4.68050476133611)nd58:4.417471878113521)nd30:4.954214112480306)nd11:7.048494918623513,((((nd63:8.340990829895844,nd107:8.340990829895844)nd62:5.7398179605922675,((((nd125:2.094871506365236,nd126:2.094871506365236)nd123:0.4498514639203366,nd124:2.5447229702855725)nd93:3.2008889970477425,nd141:5.745611967333314)nd80:5.387809250996863,(nd139:1.1865976306265897,nd140:1.1865976306265897)nd42:9.946823587703594)nd33:2.9473875721579343)nd13:4.0333335266840695,(nd21:16.002693721095856,(nd71:9.216066395557784,(nd143:0.5044539412429296,nd144:0.5044539412429296)nd103:8.711612454314855)nd25:6.786627325538075)nd10:2.1114485960763245)nd7:0.21411885815455484,(((nd145:0.08210994761302054,nd146:0.08210994761302054)nd121:2.5345598994844982,nd122:2.6166698470975187)nd111:6.421409624277642,(nd97:6.405113216639107,nd86:6.405113216639108)nd70:2.632966254736054)nd40:9.290181703951575)nd4:2.772424495226711)nd1:0.0;
