sample	replicate	trs
1	1	(((((nd7:1.2412579425967278,(nd31:1.6606564767024028,(nd61:3.210160697138893,nd62:3.210160697138893)nd32:11.18329009162355)nd8:4.997365512572777)nd5:0.37326587790902455,(((nd67:0.5480712950242458,nd68:0.5480712950242458)nd65:0.18088028154315314,nd66:0.728951576567399)nd11:18.197465317897517,(((nd39:6.792081076346486,(nd69:0.2719750132736921,nd70:0.2719750132736921)nd40:11.446387879696827)nd27:3.1492522844038087,(nd35:1.7663505789723228,(nd57:1.112057904057111,nd58:5.242466138213636)nd36:7.152579208751938)nd28:2.472569830408754)nd15:2.650405806145617,nd16:7.586897918091076)nd12:1.4083959109449695)nd6:0.8376652847793313)nd3:0.3976302769213521,((nd37:3.0652518534014064,(nd45:9.898097447282053,(nd63:0.9639610653328016,nd64:1.83106946630486)nd46:8.067027980977194)nd38:2.1775827678223965)nd21:4.262505455839004,nd22:3.7128313311813606)nd4:3.8235267852221435)nd1:1.431387945201912,(nd9:7.380184056929256,((nd17:9.168078499069797,(nd29:5.429012583690769,(nd47:9.402105103281594,(nd51:7.770719360976015,(nd55:5.272036889763695,nd56:0.41830481799857644)nd52:2.4986824712123195)nd48:1.6313857423055798)nd30:5.155070957462995)nd18:2.2448607470393096)nd13:1.7858688945283867,((nd25:3.852959395264894,nd26:1.8814572629114408)nd19:1.1947883230050014,(((nd41:6.608170132449852,((nd53:5.790499523999142,(nd59:4.86200519939201,nd60:4.86200519939201)nd54:0.9284943246071315)nd43:5.28204766368966,nd44:0.033658757609502876)nd42:0.5984467806577829)nd33:1.5941259191644819,(nd49:1.2407216388102422,nd50:0.5819017348387638)nd34:4.53339336020388)nd23:2.7171082858478415,nd24:1.376443611907095)nd20:0.394936275724707)nd14:2.2107412532286688)nd10:0.5973062483407888)nd2:2.407888450714437)root:0.2106995986324892)origin:0.0;
