sample	replicate	trs
1	1	(((nd3:1.1588800323627502,(nd5:2.751155765116472,(nd9:3.8076291326797036,(nd13:5.5778427271511966,(nd31:4.368859943478139,nd32:4.368859943478139)nd14:4.305794873440606)nd10:0.6839467873263285)nd6:2.334835558537375)nd4:5.400048832115543)nd1:0.1712211648192128,((((((nd47:2.184116859482984,nd48:2.184116859482984)nd29:2.7066284996344283,(nd33:0.4556646189416621,(nd39:1.4326093527943842,nd40:1.929233911338299)nd34:1.5978399541037964)nd30:0.7035610077085399)nd25:0.5680816550362606,(nd41:2.4631664995980516,nd42:2.0670251721657724)nd26:2.9956605145556225)nd19:1.7134472621556232,nd20:4.10149448074765)nd11:2.028021516507117,((nd45:1.2642688215856661,(nd53:1.1026819039714,nd54:0.26441206929863964)nd46:1.1934042102092166)nd15:5.288084515252578,(((nd55:0.8256322885293843,nd56:0.8256322885293843)nd27:4.1416326746400784,nd28:3.199690769409434)nd17:2.3312381110056255,((nd23:2.2477211727740483,((nd49:0.3814480686484223,(nd59:0.688400087669351,nd60:0.688400087669351)nd50:1.2210868701368045)nd35:2.096372679177597,((nd51:1.2848464209447141,(nd57:0.7482637174148579,nd58:0.08451450893975221)nd52:0.5365827035298563)nd37:1.8208258551072323,((nd61:0.3444744319652271,(nd63:0.060045355706206005,nd64:0.060045355706206005)nd62:0.2844290762590211)nd43:1.996950792251995,nd44:2.3414252242172218)nd38:0.7642470518347244)nd36:0.9001873609318058)nd24:2.291190012456788)nd21:0.1740890711035498,nd22:1.3560654296007821)nd18:0.8273643536310001)nd16:0.28566755525810505)nd12:1.6161251633832188)nd7:1.844642597917501,nd8:0.473605555294832)nd2:6.219768768983291)root:0.605192840282802)origin:0.0;
