sample	replicate	trs
1	1	((((nd33:0.03781412765033865,nd34:0.03781412765033865)nd11:1.2836023923729987,(nd19:0.7596791101047314,nd20:0.7596791101047314)nd12:0.5617374099186059)nd1:0.994188191787894,((nd27:0.3093232601685885,nd28:0.3093232601685885)nd3:1.9167906962101304,(((((nd17:0.9064350884421652,(nd31:0.21930271256805067,nd32:0.21930271256805067)nd18:0.6871323758741146)nd15:0.16747744415696197,nd16:1.073912532599127)nd13:0.07822096490537211,nd14:1.1521334975044992)nd7:0.8589502882031652,((nd21:0.6392494750118048,nd22:0.6392494750118048)nd9:1.282412350797597,((nd25:0.340982371999089,nd26:0.340982371999089)nd23:0.04808129485752749,(nd29:0.2513252374054531,nd30:0.2513252374054531)nd24:0.13773842945116338)nd10:1.5325981589527855)nd8:0.08942195989826254)nd5:0.16844155450192333,nd6:0.18887858797539706)nd4:0.046588616169130834)nd2:0.08949075543251267)root:0.2324352881887679)origin:0.0;
