sample	replicate	trs
1	1	((nd4:9.869221234211581[&state=0],(nd10:8.170634084088666[&state=5],(nd28:2.381564909865476[&state=5],nd29:2.381564909865476[&state=5])nd11:5.78906917422319[&state=5])nd5:1.6985871501229173[&state=5])nd2:1.388047640905324[&state=16],(((nd16:5.076640308176205[&state=5],nd17:5.076640308176205[&state=5])nd14:4.335427435777001[&state=5],(((nd32:0.27439039949036914[&state=5],nd33:0.27439039949036914[&state=5])nd26:2.544133255651589[&state=5],nd27:2.8185236551419584[&state=5])nd12:2.916689711956626[&state=5],((nd24:3.2435242908336614[&state=5],(nd34:0.14360500808674176[&state=5],nd35:0.14360500808674176[&state=5])nd25:3.0999192827469195[&state=5])nd22:0.24386303120972602[&state=5],nd23:3.4873873220433875[&state=5])nd20:2.247826045055197[&state=5])nd9:3.6768543768546227[&state=5])nd6:0.4488041886726949[&state=5],(nd30:0.4204983191395356[&state=5],nd31:0.4204983191395356[&state=5])nd7:9.440373613486365[&state=5])nd3:1.3963969424910045[&state=5])root:0.0[&state=16];
