sample	replicate	trs
1	1	(((((nd22:3.2363625430267327[&state=49],nd23:0.37106091766467036[&state=5]):0.6632202050314613[&state=5],nd21:3.8995827480581946[&state=55]):5.7686834360887485[&state=5],((((((nd36:0.3690931936115148[&state=30],(nd40:0.2965443498664333[&state=1],nd41:0.2965443498664333[&state=36]):0.07254884374508157[&state=33]):0.060220971218606215[&state=61],nd35:0.4293141648301211[&state=15]):0.43228289679435383[&state=61],nd29:0.8615970616244751[&state=45]):0.8079576240592595[&state=45],nd25:1.6695546856837342[&state=17]):3.9597405776710835[&state=49],(((nd38:0.3064726047429751[&state=55],nd39:0.3064726047429751[&state=30]):0.1230803540617032[&state=40],nd33:0.42955295880467825[&state=5]):0.8711265322169063[&state=40],nd27:1.3006794910215844[&state=3]):4.328615772333233[&state=5]):2.7676356488700886[&state=31],(((nd42:0.08451197516343398[&state=27],nd43:0.08451197516343398[&state=3]):0.534190524983094[&state=24],nd31:0.6187025001465282[&state=49]):5.598620389667828[&state=49],nd15:2.3131080284856984[&state=0]):2.17960802241055[&state=16]):1.2713352719220374[&state=16]):3.0674998375204585[&state=16],((nd12:4.101201955445325[&state=5],(nd18:3.88242024915309[&state=0],nd19:1.7548816774212697[&state=0]):2.176640464294996[&state=16]):3.7276100246497217[&state=16],(nd8:5.055233770720944[&state=0],(nd44:0.04269951531588731[&state=61],nd45:0.04269951531588731[&state=15]):9.310421023124778[&state=61]):1.3433405474703755[&state=16]):2.0393049357563617[&state=16]):0.01663397833260378[&state=16]):0.0[&state=16];
