sample	replicate	trs
1	1	((nd45:0.01094440204038933,nd46:0.01094440204038933)nd28:5.723487161538029,((nd37:0.6932353906421479,(nd39:0.3642481581858521,nd40:0.3642481581858521)nd38:0.32898723245629574)nd29:4.812276635619652,((nd24:4.422042961822774,(nd21:3.1663012140130338,((nd35:0.7876397234566435,(nd43:0.030620719867533744,nd44:0.030620719867533744)nd36:0.7570190035891097)nd31:0.5652746246753554,(nd33:0.8226024148830813,nd34:0.8226024148830813)nd32:0.5303119332489175)nd22:1.8133868658810357)nd16:1.255741747809739)nd9:0.3057715401390112,(((nd41:0.07686967808205669,nd42:0.07686967808205669)nd25:2.6391345935333184,nd26:2.716004271615375)nd17:1.5993833267325872,nd18:4.315387598347963)nd11:0.41242690361382284)nd4:0.777697524300015)nd2:0.22891953731661843)root:0.0;
