sample	replicate	trs
1	1	(((((nd19:0.5937527526492666[&state=108],nd20:0.5937527526492666[&state=67]):1.7702766967894294[&state=120],(nd17:0.7401009234862037[&state=120],(nd25:0.022595564111108735[&state=50],nd26:0.022595564111108735[&state=16]):0.717505359375095[&state=108]):1.6239285259524925[&state=105]):2.2127094024391543[&state=48],(((nd21:0.20728491852523978[&state=120],nd22:0.20728491852523978[&state=2]):1.589665783782699[&state=120],((nd23:0.20693122666186975[&state=82],(nd27:0.02241592288029772[&state=81],nd28:0.02241592288029772[&state=1]):0.184515303781572[&state=81]):0.9593040200057182[&state=120],nd16:1.1662352466675876[&state=35]):0.6307154556403506[&state=104]):0.8801260080161489[&state=104],nd8:2.6770767103240884[&state=48]):1.899662141553763[&state=28]):2.2913216338617257[&state=48],(nd3:6.114623716508564[&state=120],(nd11:1.8386511651873507[&state=87],nd12:1.8386511651873507[&state=7]):4.275972551321211[&state=22]):0.7534367692310137[&state=48]):1.6774795142604237[&state=7]):0.0[&state=22];
