sample	replicate	trs
1	1	(((((nd31:2.096029532974031,nd32:0.18281285973322808)nd25:0.7060448599821696,(nd27:2.6711053183401186,(nd43:0.6812019158950897,nd44:0.6812019158950897)nd28:1.9899034024450288)nd26:0.13096907461608157)nd11:4.6991496066168175,(((nd21:3.659171481234088,nd22:0.6198951191646099)nd15:2.5497110225668598,(nd37:1.8319179840818092,nd38:1.8319179840818092)nd16:4.376964519719138)nd13:1.2828576174670325,((nd29:2.3911273390470225,(nd35:1.9501973477763122,nd36:1.9501973477763122)nd30:0.44092999127071025)nd19:2.8062543854689745,nd20:5.1973817245159974)nd14:2.294358396751983)nd12:0.009483878305036933)nd1:8.05737882475217,(nd3:3.392397269905643,(nd5:0.4401951754362261,((nd17:5.687969276148124,(nd23:3.2182413975797073,nd24:3.5468679949306474)nd18:2.141101281217475)nd7:4.546321664093276,(nd9:2.9779548668649842,((nd39:1.1425461542545423,(nd41:0.9290996975629799,nd42:0.9290996975629799)nd40:0.21344645669156234)nd33:0.9132840799317288,nd34:2.055830234186271)nd10:7.042221541300209)nd8:1.136239164754919)nd6:1.8877348743469864)nd4:2.639730822987959)nd2:0.7968461867488438)root:3.0523971756748156)origin:0.0;
