sample	replicate	trs
1	1	((nd1:1.1438209285293826,((((nd9:0.23501257989655702,((((nd49:0.07914809560293229,nd50:0.5338596309250101)nd43:0.07044198012726154,(nd53:0.33991330009498866,nd54:0.33991330009498866)nd44:0.264388310957283)nd39:0.2391758459080257,((nd51:0.403887151444685,((nd57:0.21597839971122207,nd58:0.21597839971122207)nd55:0.05274618787554235,nd56:0.2687245875867645)nd52:0.13516256385792055)nd41:0.37030377108110485,nd42:0.2573614645015762)nd40:0.06928653443450766)nd23:0.9839948821481429,nd24:1.827472339108439)nd10:1.3927200339325647)nd7:0.3914934499402522,(((nd29:1.263596286024825,nd30:1.263596286024825)nd17:1.1480209110307584,((nd71:0.009522837104804133,nd72:0.009522837104804133)nd19:2.3912878574963976,(nd27:0.3715566594264272,(nd31:1.2029053614325163,(nd65:0.07669306924055838,nd66:0.07669306924055838)nd32:1.1262122921919582)nd28:0.2658707839634575)nd20:0.932034549205229)nd18:0.010806502454380503)nd15:0.36502636108180414,nd16:0.601936066855371)nd8:0.835042264843869)nd5:0.953373928584207,(nd11:0.13602718165939703,(((nd25:0.702805987135574,((nd67:0.014883211343486635,nd68:0.014883211343486635)nd33:1.0188621080080362,(((nd47:0.5379336803815675,(nd63:0.11880177687248926,nd64:0.11880177687248926)nd48:0.41913190350907836)nd45:0.02839943147748801,(nd73:0.007796398901132132,nd74:0.007796398901132132)nd46:0.5585367129579235)nd37:0.2919819101346835,((nd61:0.13146476528387796,nd62:0.13146476528387796)nd59:0.05268678327001326,nd60:0.18415154855389124)nd38:0.6741634734398478)nd34:0.17543029735778426)nd26:0.4976498899800269)nd21:0.40104970551836766,(nd35:1.0059712198099662,(nd69:0.009736737417582755,nd70:0.009736737417582755)nd36:0.9962344823923834)nd22:0.9264736950399515)nd13:1.0318655424316552,nd14:1.9867867200650775)nd12:0.03981264375207769)nd6:1.5609366505318139)nd3:0.10904204168306389,nd4:0.4992415448094004)nd2:1.6313479442053411)root:0.495550262546119)origin:0.0;
