sample	replicate	trs
1	1	((nd1:0.5182259422517437,(nd3:0.9292794790953689,(((nd9:0.41167182760268084,((nd13:0.32750701407449323,(((((nd37:2.366212816483781,((((nd91:1.1625085604707364,nd92:1.1625085604707364)nd83:0.6897544263799493,nd84:1.8522629868506857)nd51:1.5950328807670837,nd52:3.4472958676177714)nd39:1.7313914077789025,((nd57:1.749162481375252,nd58:2.7413410375389886)nd41:1.9310397980339626,nd42:4.800776406686362)nd40:0.3779108687103131)nd38:0.44331939836512096)nd25:4.018735652472753,nd26:1.1303221322419492)nd21:1.3270755703087722,((nd31:7.412536323949686,nd32:0.46294516658833723)nd23:3.406330893454591,nd24:2.578342834976987)nd22:0.1489506791390477)nd17:1.104083480569939,((((nd67:2.2953907168148997,(((nd95:0.36573260398792656,nd96:0.36573260398792656)nd77:1.5455921564966135,nd78:1.91132476048454)nd73:0.042749213545271544,(nd81:1.4508361410426467,(nd87:1.166782033684851,nd88:1.3517489337810118)nd82:0.5240189084012178)nd74:0.07830613184758262)nd68:0.3413167427850898)nd35:4.044218835437876,(((nd65:2.30089368622012,(nd71:2.04511734827337,nd72:0.35072914592727983)nd66:0.2557763379467515)nd45:1.7494382109346336,((((nd69:2.259387713229542,nd70:2.259387713229542)nd55:0.6143027593398053,(nd63:0.9041375248158788,nd64:1.8184207391302885)nd56:0.42536726733296487)nd53:0.292491998429794,(nd61:0.4641878487293059,((nd93:0.752597303971292,nd94:1.1403843978777777)nd79:0.7638718113464134,((nd99:0.062130058639742455,nd100:0.062130058639742455)nd89:1.1841909819484555,nd90:1.2463210405881977)nd80:0.657935168635994)nd62:0.5920286570148344)nd54:0.6698976047601177)nd49:0.40149386148032856,(nd59:2.6180788304016467,(nd97:0.09427077141730764,nd98:0.09427077141730764)nd60:2.5238080589843395)nd50:0.949597502077824)nd46:0.482655564675284)nd43:0.7485937565795291,(nd47:2.2152501051778466,(nd75:1.9359425366573002,(nd85:1.7274002990694854,nd86:0.326808254546157)nd76:0.20854223758781515)nd48:1.6927972204877961)nd44:1.1701858965891883)nd36:1.540683898518493)nd33:0.4190953952298842,nd34:2.3746093676770075)nd19:4.439741292404799,((nd29:0.3118334904287791,nd30:0.3367683530607682)nd27:1.6610586514914678,nd28:1.0802420134632527)nd20:2.0714329721430955)nd18:0.8734551372257964)nd15:3.9292778417522087,nd16:1.0441135042887626)nd14:0.08669438650490088)nd11:2.1783468862286695,nd12:0.5713927511626803)nd10:1.6061194630398434)nd7:1.4583288023782803,nd8:2.0124377839294896)nd5:2.6838842182441143,nd6:1.5190363613843356)nd4:1.5864264732460864)nd2:1.6547131496592569)root:0.11470740183337554)origin:0.0;
