sample	replicate	trs
1	1	((((nd20:5.4083977183699705,(nd32:0.8855385571828096,(nd34:0.562058968710052,nd35:0.562058968710052)nd33:0.3234795884727574)nd21:4.522859161187163)nd9:2.7222738834856264,(((nd36:0.4205475143796008,nd37:0.4205475143796008)nd24:4.252150897577378,(nd26:3.67117100118572,(nd38:0.18924449689325562,nd39:0.18924449689325562)nd27:3.481926504292464)nd25:1.001527410771258)nd12:2.501257648414734,nd22:7.173956060371711)nd7:0.9567155414838843)nd4:4.112967315581885,(nd14:6.034141394318259,nd30:6.034141394318262)nd5:6.209497523119225)nd2:0.1241790104698223,((nd28:2.7503502577948424,nd29:2.7503502577948424)nd16:3.225600535071639,(nd18:5.949730383028871,nd19:5.949730383028871)nd17:0.02622040983761061)nd3:6.391867135040826)root:0.0;
