sample	replicate	trs
1	1	(nd6:20.09787562546837,((nd19:12.450134022986425,((((nd67:0.12164663741278914,nd68:0.12164663741278914)nd61:1.1563003560848466,nd62:1.2779469934976357)nd57:0.342078321904125,nd58:1.620025315401761)nd52:4.622593339846277,((nd65:0.14026447899730823,nd66:0.14026447899730823)nd53:3.0205619037551634,nd54:3.1608263827524716)nd38:3.081792272495565)nd20:6.2075153677383845)nd7:6.113696455002495,((((nd45:3.4723158001502537,nd46:3.4723158001502537)nd41:1.2120392240627205,nd42:4.684355024212976)nd33:7.895370634652354,(nd64:3.259309801368435,nd56:3.259309801368435)nd23:9.320415857496894)nd15:4.673243154078433,(nd60:9.06535635213319,nd48:9.06535635213319)nd13:8.18761246081057)nd9:1.3108616650451568)nd4:1.5340451474794525)root:0.0;
