sample	replicate	trs
1	1	(((((nd35:0.9747199661712634[&state=84],nd36:0.9747199661712634[&state=86])nd33:0.015509743343453418[&state=63],nd34:0.990229709514717[&state=81])nd31:0.138310925934138[&state=63],nd32:1.1285406354488552[&state=107])nd17:3.833417437613149[&state=63],((nd39:0.8057785488356514[&state=107],(nd43:0.5013922191847233[&state=0],nd44:0.5013922191847233[&state=120])nd40:0.3043863296509287[&state=120])nd15:3.7153242640344266[&state=104],((nd27:1.515183861691971[&state=120],((nd37:0.806480281021361[&state=64],nd38:0.806480281021361[&state=120])nd29:0.4329032049918315[&state=16],(nd41:0.6451873513288924[&state=4],nd42:0.6451873513288924[&state=105])nd30:0.5941961346843007[&state=86])nd28:0.27580037567877685[&state=53])nd21:1.0523380932373445[&state=78],(nd45:0.07571457220400275[&state=11],nd46:0.07571457220400275[&state=24])nd22:2.491807382725312[&state=81])nd16:1.9535808579407643[&state=2])nd14:0.44085526019192556[&state=23])nd4:4.911066729995446[&state=22],((nd23:2.023984202404895[&state=120],nd24:2.023984202404895[&state=106])nd11:3.257381527937223[&state=28],nd12:5.281365730342118[&state=36])nd7:4.591659072715333[&state=23])root:0.0[&state=6];
