sample	replicate	trs
1	1	(((nd3:7.238127349975247[&state=0],((((nd25:2.9564509259570078[&state=6],nd26:2.9564509259570078[&state=6]):4.767281880964556[&state=6],(nd31:1.6108702323610582[&state=90],nd32:1.6108702323610582[&state=19]):6.112862574560507[&state=28]):5.313213735907897[&state=6],nd12:7.738248989754593[&state=0]):4.281131028033832[&state=23],((nd9:0.25220742396910306[&state=6],(((nd27:2.1624173605966295[&state=23],(nd33:0.9663060419632248[&state=6],nd34:0.9663060419632248[&state=10]):1.1961113186334043[&state=23]):3.0546501479777346[&state=6],(nd45:0.15604050912812373[&state=3],nd46:0.15604050912812373[&state=6]):5.0610269994462405[&state=25]):6.397790396366331[&state=6],(((nd47:0.06374932803723701[&state=1],nd48:0.06374932803723701[&state=6]):7.734182049289141[&state=23],nd18:7.797931377326378[&state=6]):0.4761458041304738[&state=6],(nd35:0.9190366485927703[&state=46],nd36:0.9190366485927703[&state=6]):7.355040532864081[&state=56]):3.340780723483846[&state=6]):3.1775459968984463[&state=6]):0.3144404004542901[&state=6],(nd41:0.40650879573571463[&state=1],(nd43:0.34302706197001176[&state=8],nd44:0.34302706197001176[&state=68]):0.06348173376570296[&state=68]):14.700335506557717[&state=68]):2.211233268569862[&state=22]):0.32066327215833235[&state=0]):1.180587734447852[&state=0],(nd21:6.324425236171865[&state=0],((nd39:0.6641343471023254[&state=6],nd40:0.6641343471023254[&state=9]):1.169481019221002[&state=23],(nd37:0.7217287977950773[&state=6],nd38:0.7217287977950773[&state=0]):1.1118865685282502[&state=22]):4.490809869848536[&state=6]):12.494903341297615[&state=22]):0.34197142253052687[&state=22]):0.0[&state=22];
