sample	replicate	trs
1	1	((((nd113:7.69523265735489,(nd98:4.560011426748694,(nd119:0.8581780897229226,(nd121:0.8213863135754297,nd122:0.8213863135754297)nd120:0.036791776147493044)nd86:3.7018333370257714)nd60:3.1352212306061955)nd55:1.150643491551011,(((nd125:0.023962239818607525,nd126:0.023962239818607525)nd109:1.4123031143828215,nd110:1.436265354201429)nd89:3.5323175196076804,nd82:4.96858287380911)nd56:3.8772932750967914)nd37:12.745810072421715,((nd70:14.2074813051498,(((nd93:3.933967806773854,nd94:3.933967806773854)nd79:6.444769766962484,nd72:10.37873757373634)nd27:2.8920189736814375,nd49:13.270756547417772)nd20:0.936724757732024)nd17:0.13303446943829764,(nd75:13.14569300226518,(((nd73:5.762444250714988,((nd123:0.407267419028863,nd124:0.407267419028863)nd95:2.8797847689697607,nd96:3.287052187998624)nd74:2.4753920627163613)nd67:1.019710268049593,((nd118:2.684387880908269,(nd103:2.265255684038836,nd104:2.265255684038836)nd102:0.41913219686943354)nd99:0.36928883853588035,nd100:3.05367671944415)nd68:3.728477799320428)nd39:4.741593670340702,nd40:11.523748189105277)nd30:1.6219448131598935)nd18:1.1948227723229226)nd6:7.251170446739519)nd4:1.5348686272427048,((((nd108:4.12314913371241,nd92:4.12314913371241)nd57:4.274350644888238,nd116:8.397499778600649)nd53:7.8171344878824645,((nd111:1.2458221462459307,nd112:1.2458221462459307)nd63:5.939285631467416,nd65:7.185107777713348)nd23:9.029526488769765)nd9:3.805402947074984,nd106:20.020037213558098)nd2:3.1065176350122234)root:0.0;
