sample	replicate	trs
1	1	((((((nd29:0.3086245964627132[&state=6],nd30:0.3086245964627132[&state=30]):1.3326982692673472[&state=78],(nd33:0.1497558665708004[&state=81],nd34:0.1497558665708004[&state=29]):1.49156699915926[&state=104]):3.2411545290043557[&state=28],nd8:1.6976454210695626[&state=6]):1.4212023209624225[&state=22],(nd17:1.3502505584963418[&state=6],nd18:1.2291633042488657[&state=0]):4.953429157200497[&state=24]):0.6945401661755775[&state=22],((((nd27:0.5067212833384399[&state=63],(nd31:0.24168842931325546[&state=8],nd32:0.24168842931325546[&state=1]):0.26503285402518445[&state=31]):1.0803254857704094[&state=63],((nd25:0.571637508662997[&state=31],(nd35:0.09707179244118885[&state=7],nd36:0.09707179244118885[&state=28]):0.47456571622180793[&state=28]):0.5092947104941715[&state=63],(nd21:1.0608142969343388[&state=28],(nd23:0.704801247114174[&state=63],nd24:0.704801247114174[&state=29]):0.3560130498201643[&state=63]):0.020117922222829848[&state=63]):0.5061145499516811[&state=28]):2.2882672368666754[&state=9],nd10:0.2552695024554027[&state=1]):3.0447522127650446[&state=7],(nd13:1.6386661179891029[&state=30],nd14:1.6386661179891029[&state=78]):5.281400100751466[&state=0]):0.07815366313184796[&state=0]):0.673130118127582[&state=22]):0.0[&state=23];
