sample	replicate	trs
1	1	(((((nd9:1.8423822614615482[&state=1],(nd45:0.10801010379705242[&state=3],nd46:0.10801010379705242[&state=5]):11.277790892652359[&state=20]):0.06820886271814705[&state=7],(((nd21:1.8821392165073598[&state=11],nd22:0.7833091219095227[&state=2]):3.7560414104361413[&state=9],((nd35:0.6747460808966729[&state=47],nd36:0.6747460808966729[&state=37]):4.218838502884856[&state=37],((((nd29:1.0833767355135082[&state=43],((nd43:0.13546997684277196[&state=5],nd44:0.13546997684277196[&state=2]):0.5105127701262857[&state=19],nd38:0.6459827469690576[&state=16]):0.4373939885444508[&state=77]):0.44302380097686056[&state=37],((nd31:1.013033108844018[&state=6],nd32:1.013033108844018[&state=37]):0.11659596702702846[&state=25],nd28:1.129629075871047[&state=47]):0.3967714606193223[&state=57]):0.5502380474511299[&state=87],((nd41:0.27836931398900816[&state=2],nd42:0.27836931398900816[&state=4]):0.6695043264970658[&state=15],(nd39:0.48955863107900627[&state=21],nd40:0.48955863107900627[&state=12]):0.4583150094070676[&state=77]):1.1287649434554252[&state=15]):0.8432871381955653[&state=10],((nd47:0.03540817275583588[&state=1],nd48:0.03540817275583588[&state=0]):1.3738098685119298[&state=7],nd26:0.8619054610458456[&state=2]):1.510707680869299[&state=9]):1.973658861644467[&state=9]):0.7445960431619705[&state=28]):4.910632413387477[&state=7],nd12:8.097059339953882[&state=1]):0.9051968188365787[&state=7]):1.4041437983539276[&state=7],(nd5:2.949649653936945[&state=1],nd6:6.936796418024424[&state=0]):0.5794687530612175[&state=7]):4.7130645725519855[&state=0],nd2:14.669386576385442[&state=6]):0.18658176992652276[&state=22]):0.0[&state=22];
