sample	replicate	trs
1	1	(((((nd25:0.25533380990327315,nd26:0.25533380990327315)nd11:1.1966042273994792,((nd17:0.6103026395080986,nd18:0.6103026395080986)nd15:0.28592714174917067,nd16:0.8962297812572687)nd12:0.5557082560454827)nd9:0.15950996770080797,(nd29:0.16325667901895924,nd30:0.16325667901895924)nd10:1.4481913259846013)nd1:1.6826621689397676,((nd5:2.530714977076303,((nd27:0.21585406851836125,nd28:0.21585406851836125)nd7:1.555718865890401,(nd21:0.4780348643206366,(nd23:0.39967980863728025,nd24:0.39967980863728025)nd22:0.07835505568335621)nd8:1.2935380700881254)nd6:0.7591420426675416)nd3:0.5666968390018987,((nd19:0.6072084772559275,nd20:0.6072084772559275)nd13:0.5893200221275143,nd14:1.1965284993834415)nd4:1.9008833166947599)nd2:0.1966983578651257)root:3.9794698260566745)origin:0.0;
