sample	replicate	trs
1	1	((((((((((nd49:0.29312714228321235[&state=83],((nd69:0.008979169031125576[&state=4],nd70:0.008979169031125576[&state=4])nd61:0.07772838303127887[&state=4],(nd63:0.05052510557498309[&state=4],(nd67:0.00928350930114675[&state=4],nd68:0.00928350930114675[&state=4])nd64:0.04124159627383634[&state=4])nd62:0.03618244648742135[&state=4])nd50:0.2064195902208079[&state=4])nd39:0.1485884477194105[&state=56],((nd57:0.14012645170743046[&state=4],nd58:0.14012645170743046[&state=4])nd43:0.2736338089044441[&state=4],nd44:0.41376026061187454[&state=4])nd40:0.027955329390748407[&state=4])nd27:0.4082520880729119[&state=56],(nd37:0.4789325715873851[&state=64],nd38:0.4789325715873851[&state=4])nd28:0.37103510648814975[&state=13])nd25:0.01915799546159636[&state=15],((nd45:0.3852910900840434[&state=2],(nd65:0.019285378061808127[&state=15],nd66:0.019285378061808127[&state=4])nd46:0.36600571202223525[&state=15])nd35:0.14296732261994094[&state=15],(nd41:0.4225827565146897[&state=16],nd42:0.4225827565146897[&state=4])nd36:0.10567565618929484[&state=4])nd26:0.34086726083314683[&state=15])nd23:0.6234542410883416[&state=15],nd24:1.492579914625474[&state=24])nd15:1.4329887705927875[&state=24],nd19:2.92556868521826[&state=67])nd11:1.3127616455627433[&state=8],(((nd47:0.3305954180631297[&state=10],(nd53:0.24286712221142845[&state=55],(nd55:0.14926536531991683[&state=4],nd56:0.14926536531991683[&state=14])nd54:0.09360175689151164[&state=4])nd48:0.08772829585170129[&state=14])nd21:1.32591114386291[&state=36],(nd51:0.27424331343130737[&state=0],nd52:0.27424331343130737[&state=1])nd22:1.3822632484947326[&state=7])nd17:0.8200171584657387[&state=7],(nd59:0.7257547703576053[&state=12],nd32:0.7257547703576054[&state=11])nd18:1.750768950034173[&state=9])nd12:1.761806610389225[&state=28])nd7:1.8485178537651186[&state=7],nd8:6.08684818454612[&state=1])nd3:1.1799366659490513[&state=7],nd4:7.266784850495171[&state=2])nd1:1.1987693406908742[&state=22],((nd29:0.8150121932246303[&state=3],nd34:0.8150121932246303[&state=2])nd13:4.651900271335533[&state=63],nd10:5.466912464560162[&state=25])nd5:2.998641726625885[&state=22])root:0.0[&state=6];
