sample	replicate	trs
1	1	(((((nd19:1.8082070397340035[&state=6],nd20:1.8891618357486193[&state=6]):0.0426510480617269[&state=6],((nd39:0.7503617077072461[&state=6],(nd43:0.20133073573205812[&state=1],nd44:0.20133073573205812[&state=6]):0.5490309719751879[&state=23]):0.00156476441855051[&state=25],nd38:0.7519264721257967[&state=6]):1.1798864116845493[&state=25]):2.1823490283383653[&state=6],(nd7:2.840960515458027[&state=6],nd8:0.422709800439489[&state=6]):0.6609890155203977[&state=6]):1.4165045318523604[&state=6],(((nd11:0.014887815501864892[&state=6],((nd15:0.3973637850525688[&state=6],nd16:0.3170259341568332[&state=6]):0.05893639303032226[&state=6],(nd23:1.6197128602083422[&state=6],(nd31:1.1049553909874201[&state=6],nd32:1.1049553909874201[&state=6]):0.5147574692209219[&state=6]):0.9408798226248078[&state=6]):0.0013809368382475848[&state=6]):0.49201021006072276[&state=6],((nd41:0.37799216603624414[&state=6],nd42:0.37799216603624414[&state=6]):0.5303139353188684[&state=6],nd36:0.9083061013551125[&state=1]):2.145677728377008[&state=23]):1.0029032921904169[&state=6],(((nd45:0.17864955874435076[&state=1],nd46:0.17864955874435076[&state=6]):1.164485316644823[&state=23],nd28:0.3983979336350182[&state=6]):0.3341388856394891[&state=6],(nd25:0.43379866794141336[&state=2],((nd33:1.1047991702515483[&state=6],nd34:0.15658681212171596[&state=2]):0.074735430137579[&state=24],(nd47:0.043481064928530544[&state=48],nd48:0.043481064928530544[&state=6]):1.1360535354605972[&state=48]):0.21537529011935558[&state=24]):0.2823638705201799[&state=24]):2.379613360893874[&state=24]):1.4737793220785345[&state=6]):2.062833555998927[&state=6]):0.0[&state=23];
