sample	replicate	trs
1	1	(((nd27:1.9860529383895411[&state=0],nd28:1.9860529383895411[&state=0])nd7:4.898669375131922[&state=0],(nd25:2.3689193725338415[&state=0],(((nd59:0.3400992502117351[&state=0],nd60:0.3400992502117351[&state=0])nd53:0.49838515714851733[&state=0],((nd63:0.17717863459168098[&state=0],nd64:0.17717863459168098[&state=0])nd57:0.32385010638009504[&state=0],nd58:0.501028740971776[&state=0])nd54:0.33745566638847635[&state=0])nd35:0.9898733228115346[&state=0],((nd55:0.5870031793492562[&state=0],nd56:0.5870031793492562[&state=0])nd47:0.799062140085208[&state=0],nd48:1.3860653194344645[&state=0])nd36:0.44229241073732256[&state=0])nd26:0.540561642362054[&state=0])nd8:4.515802940987622[&state=0])nd3:3.0643321798825984[&state=0],((nd11:5.7826335488905025[&state=0],((nd45:1.5089097421366109[&state=0],nd46:1.5089097421366109[&state=0])nd15:4.164720153584554[&state=0],((nd42:1.8522474209659747[&state=0],(nd37:1.8145571354915444[&state=0],nd38:1.8145571354915444[&state=0])nd34:0.03769028547443027[&state=0])nd24:1.751570806040884[&state=0],(((nd61:0.19753071895634236[&state=1],nd62:0.19753071895634236[&state=1])nd51:0.7692330580286304[&state=1],nd52:0.9667637769849727[&state=1])nd21:2.591304854550964[&state=1],nd22:3.558068631535937[&state=0])nd20:0.04574959547092247[&state=7])nd14:2.0698116687143053[&state=7])nd12:0.10900365316933773[&state=0])nd5:1.4588137995294406[&state=0],((nd31:4.03544945819932[&state=0],((nd65:0.02685209627545764[&state=0],nd66:0.02685209627545764[&state=0])nd49:1.3340219036086256[&state=0],nd50:1.3608739998840833[&state=0])nd18:2.6745754583152377[&state=0])nd9:2.5419352757135765[&state=0],(nd39:1.9325838810031069[&state=0],nd30:1.932583881003107[&state=0])nd10:4.64480085290979[&state=0])nd6:0.664062614507046[&state=0])nd4:2.7076071449841184[&state=0])nd1:0.0[&state=0];
