sample	replicate	trs
1	1	((((nd48:1.6168484946684936[&state=0],nd49:1.6168484946684936[&state=0])nd42:0.12604964992638185[&state=0],(nd86:0.09652102163125174[&state=0],nd87:0.09652102163125174[&state=0])nd50:1.646377122963624[&state=0])nd36:0.9576021197035707[&state=0],(nd83:0.9675149521847338[&state=0],(nd76:0.541595809624022[&state=0],nd77:0.541595809624022[&state=0])nd65:0.425919142560712[&state=0])nd63:1.7329853121137129[&state=0])nd32:1.4608737215911152[&state=0],(((nd70:0.881276083737035[&state=0],nd71:0.881276083737035[&state=0])nd52:0.5365351196028174[&state=0],((nd84:0.2459579853582991[&state=0],nd85:0.2459579853582991[&state=0])nd56:0.9553029167991284[&state=0],nd75:1.2012609021574276[&state=0])nd53:0.2165503011824248[&state=0])nd30:2.6480488892774146[&state=0],((nd80:0.4763478987396077[&state=0],nd81:0.4763478987396077[&state=0])nd40:1.3029012298603895[&state=0],(nd78:0.4910443694427149[&state=0],nd79:0.4910443694427149[&state=0])nd72:1.2882047591572823[&state=0])nd22:2.28661096401727[&state=0])nd17:0.09551389327229509[&state=0])nd8:0.0[&state=0];
