sample	replicate	trs
1	1	(nd1:24.372194584299873,((((((nd61:1.0604539814562932,nd62:1.0604539814562932)nd55:0.7193530156645341,nd56:1.7798069971208277)nd25:6.27486863796287,((nd65:0.5322985358754113,nd66:0.5322985358754113)nd27:6.7098834909495935,(((nd43:3.5213974117163254,(nd53:1.8076723202234228,nd54:1.8076723202234228)nd44:1.7137250914929023)nd41:0.1694345548096325,nd42:3.6908319665259572)nd37:1.7776567213521284,nd38:5.468488687878084)nd28:1.7736933389469196)nd26:0.812493608258692)nd17:5.12891949142983,((((nd67:0.24445310698766792,nd68:0.24445310698766792)nd49:2.5977398107886853,nd50:2.8421929177763534)nd47:0.17123434815737246,nd48:3.013427265933726)nd35:2.499430602415447,(nd59:1.6584336809596087,(nd63:0.5508743074480045,nd64:0.5508743074480045)nd60:1.1075593735116043)nd36:3.8544241873895637)nd33:7.670737258164353)nd11:8.749409378916662,(nd23:11.693330590524496,((nd51:2.5188015933468706,nd52:2.5188015933468706)nd31:4.064391793768767,nd32:6.583193387115635)nd29:5.110137203408855)nd14:10.239673914905696)nd3:1.0319905382399706,((nd45:3.1071306409937964,(nd57:1.7397590241367649,nd58:1.7397590241367649)nd46:1.3673716168570316)nd19:10.043821806298283,(nd39:3.7935463798054414,nd40:3.7935463798054414)nd22:9.357406067486638)nd9:9.814042596378082)nd2:1.4071995406297153)root:0.0;
