sample	replicate	trs
1	1	((nd35:1.3906583999700677,nd36:1.3906583999700677)nd16:14.23385250407794,(((nd33:2.298105802105548,nd34:2.298105802105548)nd19:2.874756959290838,(nd55:0.01694721464018839,nd56:0.01694721464018839)nd20:5.1559155467561935)nd5:8.817713060795967,(((nd41:1.11326317937533,(nd45:0.6658130356898371,nd46:0.6658130356898371)nd42:0.4474501436854928)nd21:3.801912511697041,(nd47:0.45862222798392555,(nd49:0.3203574264071359,nd50:0.3203574264071359)nd48:0.13826480157678964)nd22:4.456553463088443)nd7:7.706542013381027,(((nd17:7.133037140442076,(nd31:2.4209906692162253,((nd53:0.08661154925499456,nd54:0.08661154925499456)nd37:1.0997356086880377,nd38:1.1863471579430322)nd32:1.2346435112731924)nd23:4.712046471225851)nd13:0.8485024957987061,(nd39:1.1221660644939353,nd40:1.1221660644939353)nd14:6.859373571746849)nd11:1.3669000239175055,(((nd51:0.11673058577399098,nd52:0.11673058577399098)nd43:0.6124714117773884,nd44:0.7292019975513793)nd27:2.642658508278557,(nd29:2.524503012063862,nd30:2.524503012063862)nd26:0.8473574937660724)nd12:5.976579154328354)nd10:3.273278044295112)nd6:1.3688581177389523)nd4:1.6339350818556526)nd2:0.0;
