sample	replicate	trs
1	1	((((nd55:0.17625044335123252[&state=0],nd56:0.17625044335123252[&state=0])nd37:3.3256555178489418[&state=0],nd38:3.5019059612001744[&state=0])nd29:3.5166473624722294[&state=0],(((nd39:3.1994611024939346[&state=0],nd40:3.1994611024939346[&state=0])nd35:0.8456293356423448[&state=0],(nd47:1.0455760727894947[&state=0],(nd53:0.22059752576577807[&state=0],nd54:0.22059752576577807[&state=0])nd48:0.8249785470237166[&state=0])nd36:2.999514365346785[&state=0])nd33:1.9019454781169303[&state=0],((nd43:1.412870030071045[&state=0],nd44:1.412870030071045[&state=0])nd41:0.22803940831114602[&state=0],nd42:1.6409094383821912[&state=0])nd34:4.306126477871018[&state=0])nd30:1.0715174074191942[&state=0])nd22:15.92468463286632[&state=0],((nd49:0.8182975443481971[&state=0],nd50:0.8182975443481971[&state=0])nd27:9.311462767223217[&state=0],((nd51:0.2675512796813271[&state=0],nd52:0.2675512796813271[&state=0])nd45:1.0954604010581983[&state=0],nd46:1.3630116807395254[&state=0])nd24:8.766748630831886[&state=0])nd13:12.81347764496731[&state=0])root:0.0[&state=0];
