sample	replicate	trs
1	1	(((nd13:7.1988810531234275[&state=6],(((nd25:0.698664908650475[&state=6],((nd45:1.062459824581473[&state=6],nd46:1.062459824581473[&state=6]):2.342650955875994[&state=6],nd34:1.9095901300187779[&state=6]):1.7098244445904223[&state=6]):1.6198690487650318[&state=6],(nd21:6.153524413736199[&state=23],nd22:6.153524413736199[&state=6]):0.5812798600767233[&state=6]):0.18633134314722827[&state=6],nd18:2.335500049610468[&state=6]):0.27774543616327785[&state=6]):2.8525260958381797[&state=6],(((nd7:1.2193658668970793[&state=6],((nd49:0.4818170048464576[&state=6],nd50:0.4818170048464576[&state=6]):7.373534643144906[&state=6],nd12:1.176133643623061[&state=6]):1.4600458870147857[&state=6]):0.4293918965307256[&state=6],(nd23:2.926854775590048[&state=6],nd24:6.080200993476656[&state=6]):3.664588438060218[&state=6]):0.1932500990663883[&state=6],(nd9:0.051697498836099115[&state=0],((nd27:1.790654976075282[&state=6],(nd43:1.5478667706265894[&state=1],nd44:1.5478667706265894[&state=6]):3.5405860087224363[&state=23]):2.0723573461873253[&state=6],(((nd37:3.1972748896928946[&state=6],(nd39:2.7160609607078463[&state=1],nd40:1.21302562569513[&state=1]):0.48121392898504867[&state=1]):0.04357158271639361[&state=23],(nd41:2.515021903407387[&state=48],nd42:2.515021903407387[&state=23]):0.7258245690019015[&state=1]):0.9173986891051441[&state=23],(nd31:3.6182221510373447[&state=6],(nd47:0.8067428010806253[&state=6],nd48:0.8067428010806253[&state=6]):2.8114793499567194[&state=6]):0.5400230104770871[&state=6]):3.0025649640219187[&state=23]):2.080203983102318[&state=6]):0.6970254219645928[&state=22]):0.11336761835834541[&state=22]):1.5531928510383977[&state=22]):0.0[&state=22];
