sample	replicate	trs
1	1	(((((nd24:0.6554401029983623[&state=0],(nd32:0.2083420658859566[&state=0],nd33:0.2083420658859566[&state=0])nd25:0.4470980371124057[&state=0])nd22:0.07986902395632378[&state=0],(nd26:0.44659973664857777[&state=0],(nd28:0.36237541868295875[&state=0],nd29:0.36237541868295875[&state=0])nd27:0.084224317965619[&state=0])nd23:0.2887093903061083[&state=0])nd12:3.5493150846814556[&state=0],(((nd18:2.025593620911896[&state=0],(nd34:0.13697380404184423[&state=0],nd35:0.13697380404184423[&state=0])nd19:1.8886198168700519[&state=0])nd16:0.2578659756659919[&state=0],(nd20:0.9908283235275825[&state=0],(nd30:0.3404365771228341[&state=0],nd31:0.3404365771228341[&state=0])nd21:0.6503917464047484[&state=0])nd17:1.2926312730503056[&state=0])nd14:1.2076392376448[&state=0],(nd36:0.07006624011198226[&state=0],nd37:0.07006624011198226[&state=0])nd15:3.4210325941107063[&state=0])nd13:0.793525377413454[&state=0])nd8:14.462216696632577[&state=0],(nd10:4.611765349309993[&state=0],nd11:4.611765349309993[&state=0])nd9:14.135075558958727[&state=0])nd6:2.585232686905806[&state=0],nd7:21.33207359517453[&state=0])nd3:0.0[&state=0];
