sample	replicate	trs
1	1	(((((((nd23:0.8827147218357208[&state=1],(nd29:0.6603297376825022[&state=1],(nd41:0.04245922857291057[&state=7],nd42:0.04245922857291057[&state=0]):0.6178705091095916[&state=7]):0.22238498415321847[&state=28]):0.24760418166151626[&state=7],(nd39:0.1959250132248716[&state=0],nd40:0.10434437693026251[&state=0]):0.9343938902723655[&state=0]):1.176759072484236[&state=7],nd10:2.307077975981472[&state=0]):1.0415136463690207[&state=0],nd6:0.40525116119978777[&state=6]):0.11238863966791776[&state=22],((nd11:2.1030200981052793[&state=7],((nd19:1.3479175776942116[&state=0],nd20:1.3479175776942116[&state=0]):0.2687439563691647[&state=0],(nd33:0.5584973480774851[&state=0],(nd43:0.03337646084731909[&state=0],nd44:0.03337646084731909[&state=0]):0.5251208872301659[&state=0]):1.0581641859858908[&state=0]):0.48635856404190403[&state=0]):0.655545822710324[&state=0],(nd13:0.5811052845950386[&state=0],((nd31:0.5649009234271666[&state=0],nd32:0.5649009234271666[&state=7]):1.1662516360857076[&state=7],((nd27:0.6772851829101[&state=0],(nd35:0.2714331657093501[&state=8],(nd45:0.010096087290552284[&state=0],nd46:0.010096087290552284[&state=0]):0.26133707841879783[&state=0]):0.4058520172007498[&state=0]):0.06574306930760582[&state=0],(nd37:0.21943060491329286[&state=0],nd38:0.21943060491329286[&state=0]):0.5235976473044128[&state=0]):0.9881243072951685[&state=0]):0.2077096963700613[&state=7]):0.8197036649326683[&state=0]):0.7024143412028075[&state=0]):0.5703433276187908[&state=22],nd2:1.5234035551581795[&state=6]):0.0628164103627981[&state=6]):0.0[&state=24];
