sample	replicate	trs
1	1	((((nd29:0.4543117246126826[&state=6],(nd37:0.048765165151820666[&state=6],nd38:0.048765165151820666[&state=6])nd30:0.40554655946086193[&state=6])nd8:2.1640488179847734[&state=6],((nd15:1.1655352110993993[&state=6],((nd35:0.1319630272598508[&state=6],nd36:0.1319630272598508[&state=6])nd31:0.206381314905845[&state=6],nd32:0.3383443421656958[&state=6])nd16:0.8271908689337036[&state=6])nd11:0.5709100712897426[&state=6],nd12:1.7364452823891423[&state=6])nd6:0.8819152602083141[&state=6])nd3:0.03611251325770968[&state=6],(nd23:0.9136210834996958[&state=6],nd24:0.9136210834996958[&state=6])nd4:1.7408519723554698[&state=6])nd1:0.21926189772665122[&state=6],((nd19:1.0960000493026163[&state=6],nd20:1.0960000493026163[&state=6])nd13:0.5645361778654087[&state=6],((nd33:0.23142312034829354[&state=6],nd34:0.23142312034829354[&state=6])nd17:0.892118123315121[&state=6],((nd27:0.5004791284082211[&state=6],nd28:0.5004791284082211[&state=6])nd21:0.5928039726791513[&state=6],nd25:1.0932831010873725[&state=6])nd18:0.030258142576042188[&state=6])nd14:0.5369949835046105[&state=6])nd10:1.213198726413792[&state=6])root:0.0[&state=6];
