sample	replicate	trs
1	1	((((nd124:0.17448120971075093,nd125:0.17448120971075093)nd122:0.08375866571587261,(nd126:0.09377624596219798,nd127:0.09377624596219798)nd123:0.16446362946442555)nd98:2.1617497693577823,((nd120:0.38253033499942973,nd121:0.38253033499942973)nd100:1.4620655808824787,(((nd118:0.4795486602789018,nd119:0.4795486602789018)nd116:0.0864024078690421,(nd128:0.03322476725669414,nd129:0.03322476725669414)nd117:0.5327263008912497)nd104:1.1124531680704635,(nd110:1.0491011532360415,nd111:1.0491011532360415)nd105:0.6293030829823658)nd101:0.1661916796635013)nd99:0.5753937289024975)nd96:2.00746450021508,(nd108:1.8159637451692134,((nd112:0.772808441824764,nd113:0.772808441824764)nd106:0.7473468895335662,nd114:1.52015533135833)nd103:0.29580841381088313)nd94:2.6114903998302728)nd86:0.0;
