sample	replicate	trs
1	1	(((nd97:1.6911026182200086[&state=5],nd123:1.6911026182200088[&state=5])nd41:0.7957665813980349[&state=5],(((nd134:0.06813366662463924[&state=5],nd135:0.06813366662463924[&state=5])nd93:1.409959159574023[&state=5],((nd130:0.10199222055931408[&state=5],nd131:0.10199222055931408[&state=5])nd126:0.16500908949272164[&state=5],nd127:0.26700131005203576[&state=5])nd75:1.2110915161466267[&state=5])nd47:0.6193815971403467[&state=5],((nd112:0.8771524140471308[&state=5],nd113:0.8771524140471308[&state=5])nd42:0.9131613297824651[&state=5],(nd102:1.0723702890404447[&state=5],(nd106:1.0298481432739277[&state=5],nd107:1.0298481432739277[&state=5])nd103:0.04252214576651695[&state=5])nd95:0.717943454789151[&state=5])nd33:0.30716067950941334[&state=5])nd30:0.38939477627903446[&state=5])nd22:3.782250188818375[&state=5],((nd128:0.21439030849436655[&state=5],nd129:0.21439030849436655[&state=5])nd117:1.7460133379488247[&state=5],(nd64:1.7713018155874136[&state=5],(((nd90:1.257142142556554[&state=5],(nd100:1.1482497184025244[&state=5],(nd104:1.032848812462201[&state=5],nd125:1.0328488124622008[&state=5])nd101:0.11540090594032341[&state=5])nd91:0.10889242415402982[&state=5])nd80:0.08785959377256565[&state=5],nd120:1.3450017363291196[&state=5])nd70:0.0646801529605262[&state=5],((nd132:0.08118077304803395[&state=5],nd133:0.08118077304803395[&state=5])nd76:1.270381614150592[&state=5],(nd110:0.9802042587382055[&state=5],nd137:0.9802042587382054[&state=5])nd109:0.3713581284604206[&state=5])nd71:0.05811950209101989[&state=5])nd45:0.36161992629776796[&state=5])nd37:0.1891018308557774[&state=5])nd34:4.308715741993227[&state=5])nd18:0.0[&state=5];
