sample	replicate	trs
1	1	(((nd4:1.6773143773465322[&state=5],nd5:1.6773143773465322[&state=5]):3.666967191640225[&state=5],((((((nd36:0.0066076413130611855[&state=4],nd37:0.0066076413130611855[&state=4]):0.0016774850059820224[&state=4],nd35:0.008285126319043209[&state=4]):0.05986525277024835[&state=4],nd21:0.06815037908929156[&state=4]):0.04725242369732032[&state=4],(nd16:0.10067397651923166[&state=4],((nd24:0.04273993075228775[&state=4],(nd26:0.04249452613803394[&state=4],(nd32:0.013988281930336525[&state=4],nd33:0.013988281930336525[&state=4]):0.02850624420769742[&state=4]):0.0002454046142538063[&state=4]):0.0332536303941738[&state=4],nd19:0.07599356114646155[&state=4]):0.0246804153727701[&state=4]):0.014728826267380235[&state=4]):0.09297922847132359[&state=4],((nd12:0.12262606349108318[&state=4],((nd28:0.03238460484549451[&state=4],nd29:0.03238460484549451[&state=4]):0.018850719897621368[&state=4],(nd30:0.01514019876623967[&state=4],nd31:0.01514019876623967[&state=4]):0.03609512597687621[&state=4]):0.07139073874796731[&state=4]):0.03150426694909972[&state=4],nd11:0.15413033044018293[&state=5]):0.05425170081775257[&state=20]):0.1878196707043684[&state=20],nd7:0.3962017019623039[&state=5]):4.948079867024454[&state=5]):2.2201884310132423[&state=5]):0.0[&state=16];
