sample	replicate	trs
1	1	((((nd13:1.7320991105924204,nd14:1.7320991105924204)nd3:1.5431936220812765,((((nd25:0.345781304361462,nd26:0.345781304361462)nd19:0.6522199183795521,(nd27:0.29655596760613845,nd28:0.29655596760613845)nd20:0.7014452551348757)nd11:0.8607651525114529,nd12:1.8587663752524668)nd5:0.5624434444466849,(nd7:2.3766954000248712,(((nd21:0.7551711453424311,(nd23:0.4756971964177414,nd24:0.4756971964177414)nd22:0.27947394892468974)nd17:0.4185517769331468,nd18:1.173722922275579)nd9:0.8532977095324944,((nd29:0.2585067690562712,(nd31:0.21285428480700502,nd32:0.21285428480700502)nd30:0.04565248424926615)nd15:0.997001342999311,nd16:1.2555081120555829)nd10:0.7715125197524899)nd8:0.34967476821680094)nd6:0.044514419674278695)nd4:0.8540829129745446)nd1:8.192315540233519,(nd33:0.11667690567004695,nd34:0.11667690567004695)nd2:11.350931367237168)root:0.2639917270927933)origin:0.0;
