sample	replicate	trs
1	1	((((nd15:6.219323657234062,(nd21:3.822007497119359,nd22:2.8059752656658494)nd16:1.965907010663502)nd3:7.507584017877688,(((nd9:2.87694297226959,(((((((nd79:1.2959618446215235,nd80:1.2959618446215235)nd75:0.2518815573176321,nd76:1.5478434019391556)nd51:4.071244437848833,nd52:1.3155501652102255)nd33:3.484428054796462,(((nd81:1.1538758562830564,nd82:1.1538758562830564)nd59:3.218308072947078,(nd63:0.44717597766613343,nd64:4.173226437737569)nd60:0.18600277376143007)nd45:1.6480262007771163,nd46:6.02021013000725)nd34:3.0833057645771986)nd29:2.572296159137391,nd30:0.3717183053075035)nd23:1.4553450652105155,(nd27:0.3934680995325016,((nd53:5.407183271583499,(((nd71:2.125670687466808,nd72:2.3953720331304096)nd65:1.4671231653932433,(nd69:2.4284551587653396,(nd89:0.2609886097981654,nd90:0.2609886097981654)nd70:2.167466548967174)nd66:1.4340400397583135)nd55:1.1552941286700238,nd56:1.5246249405704135)nd54:0.38939394438982333)nd37:1.6983373900306216,((nd61:4.219787512173402,nd62:4.219787512173402)nd39:2.616308476836432,((((nd91:0.23075507760360667,nd92:0.23075507760360667)nd87:0.1770973319030903,nd88:0.407852409506697)nd67:2.37503428838135,(nd77:1.3527758401963137,nd78:1.0149546769451212)nd68:1.4301108576917327)nd43:3.424513741610665,((nd73:2.2580192846576126,nd74:2.2580192846576126)nd49:3.4697058550814606,((nd83:0.8962991536570306,(nd85:0.4677826496317731,nd86:0.4677826496317731)nd84:0.42851650402525754)nd57:3.568922813490893,nd58:4.465221967147924)nd50:1.2625031725911495)nd44:0.47967529975963824)nd40:0.6286955495111225)nd38:0.2694246726042874)nd28:5.4387638373654426)nd24:0.5868726199527939)nd13:4.930758932328659,nd14:4.473513267526127)nd10:1.1717102743586127)nd7:1.8952819870224273,nd8:3.855377200109835)nd5:0.9096204911682019,nd6:2.2367714865999777)nd4:0.5712254264148977)nd1:0.5735492817562224,((nd17:9.313124808496902,((nd31:2.8469303787213187,((nd41:1.516288926064351,(nd47:5.751320414453731,nd48:2.257751351011071)nd42:0.6272380508382122)nd35:1.2068422442754052,nd36:5.9338998551571445)nd32:1.7019133787987348)nd19:4.610971455195811,(nd25:0.2689831991587975,nd26:3.339474242284053)nd20:1.023033293425435)nd18:1.115125066845637)nd11:3.5152069598206266,nd12:2.2238570859946982)nd2:4.654685941753219)root:0.3669964880186172)origin:0.0;
