sample	replicate	trs
1	1	((((nd219:1.7499137819006942[&state=2],(nd249:0.20388939622136523[&state=2],nd250:0.20388939622136523[&state=2])nd224:1.5460243856793288[&state=2])nd207:1.2911692960966723[&state=2],(((nd247:0.37107651516913454[&state=2],nd248:0.37107651516913454[&state=2])nd235:0.49938204194763103[&state=2],nd236:0.8704585571167655[&state=2])nd221:0.6478640570080338[&state=2],(nd229:0.9913965040706632[&state=2],nd230:0.9913965040706632[&state=2])nd222:0.526926110054136[&state=2])nd216:1.522760463872567[&state=2])nd191:10.521481875128812[&state=2],(nd237:0.7892077312871585[&state=4],nd238:0.7892077312871585[&state=4])nd205:12.77335722183902[&state=16])nd25:7.411062197308025[&state=1],(nd185:4.237993333691397[&state=2],(((nd245:0.5092218877691698[&state=2],nd246:0.5092218877691698[&state=2])nd239:0.2684150600005356[&state=2],nd242:0.7776369477697054[&state=12])nd189:3.348893221767476[&state=2],(((nd243:0.5170973835299095[&state=1],(nd251:0.0507949617729572[&state=1],nd252:0.0507949617729572[&state=9])nd244:0.4663024217569523[&state=9])nd231:0.40338005114930603[&state=9],nd232:0.9204774346792154[&state=2])nd197:2.4245989147421048[&state=2],(nd199:3.3407970637851685[&state=15],nd228:3.3407970637851694[&state=1])nd198:0.004279285636151016[&state=9])nd190:0.7814538201158618[&state=9])nd186:0.11146316415421526[&state=2])nd177:16.73563381674281[&state=9])root:0.0[&state=0];
