sample	replicate	trs
1	1	(((nd5:1.2956377159839019[&state=6],(((((nd39:0.5606373543637965[&state=108],nd40:0.5606373543637965[&state=120]):2.7182511323743235[&state=107],(nd25:2.518033044840142[&state=108],(nd31:1.8681479790065192[&state=87],(nd35:0.9585657508433232[&state=120],nd36:0.9585657508433232[&state=108]):0.9095822281631947[&state=120]):0.6498850658336203[&state=8]):0.7608554418979806[&state=28]):0.02574495889532818[&state=28],(nd33:1.8556811268966975[&state=87],(nd37:0.6809129476892403[&state=65],((nd45:0.006269737356090392[&state=6],nd46:0.006269737356090392[&state=108]):0.00589512717881527[&state=108],nd44:0.012164864534905662[&state=4]):0.6687480831543346[&state=108]):1.1747681792074567[&state=120]):1.4489523187367523[&state=31]):0.146457866060598[&state=28],(nd27:2.4275209120390504[&state=98],nd28:2.4275209120390504[&state=120]):1.023570399654996[&state=28]):1.943438186672345[&state=28],nd12:0.319966072728571[&state=0]):3.446162316628123[&state=7]):1.9727047669550102[&state=22],((((nd13:2.654270802812423[&state=6],((nd29:1.8760385932916315[&state=108],(nd41:0.5304138276037739[&state=108],nd42:0.5304138276037739[&state=56]):1.345624765687857[&state=108]):1.569075769127339[&state=9],(nd47:0.0022225307090308144[&state=107],nd48:0.0022225307090308144[&state=3]):3.442891831709942[&state=107]):1.436225851552364[&state=1]):0.9867561848030767[&state=7],nd10:5.868096398774414[&state=66]):1.1690486734076848[&state=0],(nd15:4.042284479286007[&state=120],nd16:0.07241875717579216[&state=0]):2.9948605928960887[&state=0]):1.8655254948288833[&state=7],nd4:0.5454764763105052[&state=0]):1.9107260149385457[&state=0]):1.0793034180504826[&state=22]):0.0[&state=23];
