sample	replicate	trs
1	1	(((((nd19:0.5937527526492666,nd20:0.5937527526492666)nd9:1.7702766967894294,(nd17:0.7401009234862037,(nd25:0.022595564111108735,nd26:0.022595564111108735)nd18:0.717505359375095)nd10:1.6239285259524925)nd5:2.2127094024391543,(((nd21:0.20728491852523978,nd22:0.20728491852523978)nd13:1.589665783782699,((nd23:0.20693122666186975,(nd27:0.02241592288029772,nd28:0.02241592288029772)nd24:0.184515303781572)nd15:0.9593040200057182,nd16:1.1662352466675876)nd14:0.6307154556403506)nd7:0.8801260080161489,nd8:2.6770767103240884)nd6:1.899662141553763)nd1:2.2913216338617257,(nd3:6.114623716508564,(nd11:1.8386511651873507,nd12:1.8386511651873507)nd4:4.275972551321211)nd2:0.7534367692310137)root:1.6774795142604237)origin:0.0;
