sample	replicate	trs
1	1	((((nd9:2.646216853134299[&state=6],(nd19:1.2584753662717165[&state=6],nd20:0.1676808842785201[&state=6]):0.9844045330900805[&state=6]):1.7626942087220003[&state=6],(((((nd17:2.037431715935594[&state=7],(nd31:0.26201696802590213[&state=6],nd32:0.26201696802590213[&state=9]):1.7754147479096918[&state=78]):0.248380713040453[&state=1],nd16:2.285812428976047[&state=6]):0.2028825291040919[&state=23],nd14:2.4886949580801394[&state=9]):0.40801290572785[&state=23],(nd35:0.062082598797979546[&state=24],nd36:0.062082598797979546[&state=2]):2.8346252650100103[&state=24]):0.9997477447492527[&state=23],nd6:3.896455608557241[&state=22]):0.5124554532990574[&state=6]):1.0816158771023097[&state=6],(nd11:2.5760029333481116[&state=6],((nd25:0.9278743217254817[&state=0],((nd33:0.08563941793781311[&state=2],nd34:0.08563941793781311[&state=48]):0.6305496197377167[&state=78],nd28:0.7161890376755298[&state=78]):0.21168528404995188[&state=24]):0.5645766734417825[&state=23],(nd23:1.1696735156886167[&state=6],(nd29:0.5644890189290486[&state=9],nd30:0.5644890189290486[&state=6]):0.605184496759568[&state=23]):0.32277747947864754[&state=23]):1.0835519381808465[&state=23]):2.914524005610497[&state=22]):0.4118230610413907[&state=22]):0.0[&state=22];
