sample	replicate	trs
1	1	(((nd11:6.143300029441974,(nd27:1.9215780794559696,nd28:1.9215780794559696)nd12:4.221721949986004)nd7:0.8995907708667907,(nd17:3.506617019076352,nd18:3.506617019076352)nd8:3.5362737812324125)nd1:2.269802144075241,(((nd13:4.676304988637773,nd14:4.676304988637773)nd9:1.488332958380533,((nd25:1.9535247917416954,nd26:1.9535247917416954)nd21:0.6647781041912305,(nd35:0.048746553440684716,nd36:0.048746553440684716)nd22:2.5695563424922407)nd15:3.54633505108538)nd3:3.108555553780519,((((nd33:0.1624061628830305,nd34:0.1624061628830305)nd31:0.31493816959000226,nd32:0.4773443324730328)nd19:2.5242917793137067,((nd29:0.7320035045100141,nd30:0.7320035045100141)nd23:1.7701444815789102,nd24:2.5021479860889237)nd20:0.4994881256978153)nd5:4.789103567596681,nd6:7.790739679383421)nd4:1.4824538214154042)nd2:0.03949944358518067)root:0.0;
