sample	replicate	trs
1	1	((((((nd27:0.5490608875910048,nd28:0.5490608875910048)nd23:0.5106400444065411,(nd39:0.015697380230257733,nd40:0.015697380230257733)nd24:1.0440035517672883)nd15:0.8985994690931549,(nd19:1.0910227904335579,(nd25:0.6504234694548757,(nd37:0.15907689461584898,nd38:0.15907689461584898)nd26:0.4913465748390268)nd20:0.440599320978682)nd16:0.867277610657143)nd3:2.698515178180873,((((nd33:0.3081309786669988,nd34:0.3081309786669988)nd29:0.18115731151988726,(nd35:0.18976253291409395,nd36:0.18976253291409395)nd30:0.299525757272792)nd21:0.571173800998413,nd22:1.0604620911852989)nd5:3.5933980220100366,(nd13:2.2059260978776503,nd14:2.2059260978776503)nd6:2.4479340153176876)nd4:0.0029554660762372074)nd1:0.09007650549582945,((nd17:1.243859636385052,nd18:1.243859636385052)nd7:2.940818230184444,(nd9:3.697398671485538,(nd11:3.6067282012319355,(nd31:0.4114261609497303,nd32:0.4114261609497303)nd12:3.1953020402822045)nd10:0.09067047025360254)nd8:0.48727919508395656)nd2:0.5622142181979066)root:1.2943879152326008)origin:0.0;
