sample	replicate	trs
1	1	((nd36:4.133802012273165[&state=57],((((nd51:0.100622759009316[&state=9],(nd53:0.06847515239371056[&state=1],nd54:0.06847515239371056[&state=1])nd52:0.03214760661560541[&state=1])nd45:0.4363796790579718[&state=1],((nd49:0.12718125526938232[&state=7],nd50:0.12718125526938232[&state=13])nd47:0.07182399277652339[&state=7],nd48:0.1990052480459057[&state=1])nd46:0.33799719002138223[&state=7])nd33:0.9929561071616032[&state=28],nd34:1.5299585452288917[&state=9])nd27:0.47004485905513704[&state=63],(nd37:0.7914442484992165[&state=1],nd38:0.7914442484992165[&state=1])nd31:1.208559155784811[&state=7])nd22:2.133798607989137[&state=7])nd11:0.1879654522148951[&state=0],(nd19:2.8149246512081745[&state=67],((((nd41:0.6418129029769821[&state=6],(nd43:0.5975541223540015[&state=52],nd44:0.5975541223540015[&state=53])nd42:0.044258780622980574[&state=6])nd39:0.09489017364752446[&state=6],nd40:0.7367030766245065[&state=1])nd25:1.7503055112425203[&state=23],nd30:2.487008587867028[&state=22])nd23:0.2702550005264907[&state=8],nd24:2.757263588393516[&state=0])nd20:0.05766106281465746[&state=8])nd18:1.5068428132798841[&state=8])nd10:0.0[&state=7];
