sample	replicate	trs
1	1	(((nd15:10.55742132264279[&state=6],(((nd51:1.1660355293189004[&state=6],nd52:1.1660355293189004[&state=6])nd27:6.367672499111962[&state=6],nd28:7.533708028430863[&state=6])nd25:0.39200641900272776[&state=6],(nd37:5.637072217922717[&state=6],(nd49:4.6746495002572885[&state=6],(nd45:3.7343187786273435[&state=6],nd46:3.7343187786273435[&state=6])nd42:0.9403307216299442[&state=6])nd38:0.9624227176654289[&state=6])nd26:2.2886422295108733[&state=6])nd16:2.6317068752092023[&state=6])nd7:3.7130982592900597[&state=6],(nd39:4.698504472617385[&state=6],nd40:4.698504472617385[&state=6])nd20:9.572015109315467[&state=6])nd3:3.3576458693902747[&state=6],((nd17:9.589216213719343[&state=6],nd30:9.589216213719345[&state=6])nd5:6.649802659485898[&state=6],((nd47:13.212570180647441[&state=6],((nd31:8.62062017771299[&state=6],(nd53:0.9048685412826674[&state=6],nd54:0.9048685412826674[&state=6])nd24:7.715751636430321[&state=6])nd13:3.1766325626471943[&state=6],(nd35:5.742242103978858[&state=6],nd44:5.7422421039788585[&state=6])nd33:6.0550106363813265[&state=6])nd12:1.4153174402872553[&state=6])nd9:0.4482802513870659[&state=6],nd10:13.660850432034504[&state=6])nd6:2.578168441170737[&state=6])nd4:1.3891465781178842[&state=6])nd1:0.0[&state=6];
