sample	replicate	trs
1	1	(((((nd37:0.26652025868040335[&state=12],nd38:0.26652025868040335[&state=3])nd21:1.0665788402486227[&state=12],((((nd43:0.04812157747559751[&state=2],nd44:0.04812157747559751[&state=63])nd41:0.032468958129349974[&state=63],nd42:0.08059053560494749[&state=12])nd29:1.026929416326202[&state=63],(nd45:0.02114457582211473[&state=1],nd46:0.02114457582211473[&state=63])nd30:1.0863753761090347[&state=63])nd23:0.13829257827420333[&state=2],nd24:1.2458125302053524[&state=1])nd22:0.08728656872367369[&state=9])nd7:1.0174883657566136[&state=9],((nd33:0.8834122616254376[&state=30],nd34:0.8834122616254376[&state=12])nd17:0.9221860179360053[&state=28],(nd19:1.5853210971600096[&state=8],((nd27:1.1741904193969321[&state=30],nd28:1.1741904193969321[&state=0])nd25:0.003933991390741308[&state=28],nd26:1.1781244107876736[&state=30])nd20:0.4071966863723361[&state=28])nd16:0.22027718240143263[&state=2])nd8:0.5449891851241976[&state=28])nd6:0.8680827180921575[&state=7],(nd39:0.23727564067840468[&state=30],nd40:0.23727564067840468[&state=2])nd4:2.981394542099394[&state=30])nd1:1.3669945337506437[&state=7],(((nd31:0.9012144711186696[&state=9],(nd35:0.49912941450462867[&state=1],nd36:0.49912941450462867[&state=10])nd32:0.4020850566140409[&state=63])nd13:0.9190026963751172[&state=1],nd14:1.8202171674937866[&state=9])nd9:0.22028241121268016[&state=9],nd12:2.040499578706467[&state=63])nd2:2.545165137821975[&state=28])root:0.0[&state=7];
