sample	replicate	trs
1	1	(((nd20:4.250270512838939[&state=0],(nd46:4.033033756985729[&state=0],(nd56:0.34507843823955175[&state=0],nd57:0.34507843823955175[&state=0])nd25:3.687955318746177[&state=0])nd21:0.21723675585321067[&state=0])nd16:0.17397690330870053[&state=0],(nd60:0.06911017247503964[&state=0],nd61:0.06911017247503964[&state=0])nd18:4.3551372436725995[&state=0])nd8:0.6392277251902141[&state=0],((nd36:4.7439117718513[&state=0],(((nd48:0.7290986860818274[&state=0],nd49:0.7290986860818274[&state=0])nd32:1.9837506234219764[&state=0],((nd58:0.2458354138184318[&state=0],nd59:0.2458354138184318[&state=0])nd38:1.4812317854157733[&state=0],nd39:1.727067199234205[&state=0])nd33:0.9857821102695989[&state=0])nd28:0.7723881959153456[&state=0],((nd50:0.41409900631468444[&state=0],nd52:0.41409900631468444[&state=0])nd44:0.7070274127889419[&state=0],nd45:1.1211264191036263[&state=0])nd27:2.3641110863155235[&state=0])nd15:1.2586742664321506[&state=0])nd12:0.1012305583757116[&state=0],nd54:4.845142330227012[&state=0])nd11:0.21833281111084266[&state=0])nd7:0.0[&state=0];
