sample	replicate	trs
1	1	(((((((nd45:0.047676199155468335,nd46:0.047676199155468335)nd31:0.5532391111008884,(nd43:0.21581673406523355,nd44:0.21581673406523355)nd32:0.38509857619112314)nd15:2.5023928175041052,((nd33:0.5985084434776465,nd34:0.5985084434776465)nd25:0.9640493566336105,(nd41:0.22589176594493657,nd42:0.22589176594493657)nd26:1.33666603416632)nd16:1.5407503276492052)nd9:1.1864507605181018,((nd39:0.3095502447820913,nd40:0.3095502447820913)nd21:1.3988699650144771,nd22:1.7084202097965684)nd10:2.5813386784819956)nd3:4.1583761172516525,(((((nd27:1.3001677542282393,(nd29:0.9079997672685156,(nd35:0.4750125002338423,nd36:0.4750125002338423)nd30:0.43298726703467294)nd28:0.39216798695972394)nd23:0.3336287188612539,nd24:1.633796473089493)nd17:1.1980889799867083,nd18:2.831885453076202)nd7:1.744019872063363,((nd19:2.4386709515276315,(nd37:0.3310783815891979,nd38:0.3310783815891979)nd20:2.1075925699384332)nd13:1.4195086056879915,nd14:0.5965950116276179)nd8:0.7177257679239419)nd5:1.5529811879205342,(nd11:4.102295895348954,nd12:3.1184556986351066)nd6:2.0265906177111463)nd4:2.319248492470118)nd1:0.1752077087401885,nd2:0.321586986438243)root:3.4397572857295993)origin:0.0;
