sample	replicate	trs
1	1	(((nd21:5.122492098004963[&state=6],(nd27:2.31841807244811[&state=12],(nd33:1.4558815251864146[&state=6],(nd37:0.7429710540521848[&state=6],nd38:0.7429710540521848[&state=6])nd34:0.71291047113423[&state=6])nd28:0.8625365472616953[&state=6])nd22:2.804074025556852[&state=22])nd15:3.4175735336164816[&state=6],(nd25:3.5419093833416[&state=6],nd26:3.5419093833416[&state=1])nd16:4.998156248279843[&state=23])nd8:10.329561785940152[&state=6],((nd11:9.495054198212877[&state=3],(nd23:4.292045188437854[&state=0],(nd39:0.0937091643547468[&state=0],nd40:0.0937091643547468[&state=0])nd24:4.1983360240831065[&state=0])nd12:5.203009009775024[&state=0])nd9:2.2922920323792613[&state=0],(((nd29:2.1369334243867963[&state=6],nd30:2.1369334243867963[&state=6])nd19:3.5428740156940957[&state=6],(nd31:2.1191247991033593[&state=0],nd32:2.1191247991033593[&state=2])nd20:3.5606826409775323[&state=8])nd13:3.264253430830692[&state=22],((nd35:1.067911697575394[&state=0],nd36:1.067911697575394[&state=0])nd17:5.304493518069409[&state=0],nd18:6.372405215644803[&state=0])nd14:2.571655655266781[&state=0])nd10:2.8432853596805545[&state=0])nd5:7.082281186969459[&state=7])root:0.0[&state=22];
