sample	replicate	trs
1	1	((nd19:0.7886446580165676,(nd21:0.6968456236969096,nd22:0.6968456236969096)nd20:0.09179903431965789)nd3:5.822312339080287,((nd23:0.6085104952048488,((nd29:0.05545791145154575,nd30:0.05545791145154575)nd25:0.37993346412961715,nd26:0.4353913755811629)nd24:0.17311911962368587)nd5:4.029836474068452,((nd9:4.136571987347554,((nd17:2.0999386763568584,nd18:2.0999386763568584)nd14:2.0212196265019124,nd12:4.121158302858772)nd10:0.015413684488781032)nd7:0.4003617657606793,((nd27:0.30967444994442306,(nd31:0.02486621036202433,nd32:0.02486621036202433)nd28:0.2848082395823987)nd15:1.9351478835101585,nd16:2.2448223334545823)nd8:2.29211141965365)nd6:0.10141321616506808)nd4:1.972610027823555)nd2:0.0;
