sample	replicate	trs
1	1	((nd1:2.16045357916902,((nd7:0.25623896141754016,nd8:2.5160354412891914)nd3:7.142282363377788,(nd5:0.5094923418080449,(((((nd25:0.06953551714185108,((nd75:0.07602020764437872,nd76:0.07602020764437872)nd37:1.0008867085527402,(nd57:0.39207131865323713,nd58:0.39207131865323713)nd38:0.6848355975438818)nd26:0.8153167704476153)nd15:3.4705077911483277,(nd55:0.4071696071762176,nd56:0.4071696071762176)nd16:4.955561870616835)nd13:1.5950339963275306,(((nd65:0.30668632080213626,nd66:0.30668632080213626)nd27:1.1309858612030383,((nd69:0.14142285237976973,nd70:0.14142285237976973)nd29:1.187672830926953,((((nd63:0.31534327655217165,nd64:0.31534327655217165)nd53:0.11599384636592182,nd54:0.43133712291809356)nd39:0.577851800875735,((nd49:0.4491112879908341,nd50:0.4491112879908341)nd47:0.039425353931520635,nd48:0.4885366419223547)nd40:0.5206522818714737)nd35:0.1446509624312525,(nd73:0.12325514834295852,(nd77:0.04233100925797429,nd78:0.04233100925797429)nd74:0.08092413908498425)nd36:1.0305847378821225)nd30:0.17525579708164157)nd28:0.10857649869845128)nd17:2.0531125983540655,(nd33:1.178710908686441,(nd45:0.6624766260188594,nd46:0.6624766260188594)nd34:0.5162342826675822)nd18:2.3120738716727987)nd14:3.4669806937613523)nd11:4.278351469654014,nd12:0.07155504548685675)nd9:1.414215538413246,((nd31:0.024287560755305738,nd32:1.3053419438106615)nd19:0.9204992489456142,((nd51:0.4405474343133054,nd52:0.4405474343133054)nd21:1.7167348481687335,(((nd61:0.3245948009856705,(nd67:0.23134838976326408,nd68:0.23134838976326408)nd62:0.09324641122240665)nd41:0.5576494149271406,((nd59:0.3548389928072398,nd60:0.3548389928072398)nd43:0.3387353404756242,(nd71:0.13864338433993784,nd72:0.13864338433993784)nd44:0.554930948942926)nd42:0.18866988262994736)nd23:1.082664711932006,nd24:1.96490892784482)nd22:0.1923733546372183)nd20:0.06855891027424074)nd10:10.42449128943158)nd6:12.195288840871472)nd4:3.064155817109431)nd2:0.1434774164340702)root:0.7782454433971542)origin:0.0;
