sample	replicate	trs
1	1	(((nd3:4.5541714616596005[&state=7],((((nd23:0.8708279977635929[&state=2],nd24:0.8708279977635929[&state=63]):1.3504545618473949[&state=78],(((nd33:0.13726032261263213[&state=9],nd34:0.13726032261263213[&state=50]):0.5446846115799826[&state=24],nd28:0.6819449341926145[&state=28]):0.19189807951196663[&state=9],(nd25:0.7900688655212417[&state=78],nd26:0.7900688655212417[&state=7]):0.08377414818333939[&state=80]):1.3474395459064068[&state=48]):0.24821451777323497[&state=1],(((nd29:0.3694511220412592[&state=23],nd30:0.3694511220412592[&state=48]):1.0458048561143471[&state=48],(nd19:0.9232294805603305[&state=7],(nd31:0.19528600228180637[&state=0],nd32:0.19528600228180637[&state=78]):0.7279434782785243[&state=48]):0.49202649759527617[&state=7]):0.772661454471198[&state=7],(nd15:1.618716494962095[&state=28],nd16:0.170696577851788[&state=2]):0.5692009376647099[&state=8]):0.28157964475741826[&state=7]):1.5979253338524364[&state=7],(nd7:0.016278515927533616[&state=2],(nd35:0.12415052286470324[&state=2],nd36:0.12415052286470324[&state=24]):2.3711141174864814[&state=24]):1.5721577708854741[&state=28]):0.48674905042294303[&state=0]):1.5968971348497867[&state=7],nd2:0.6883686579443413[&state=6]):6.942531403490607[&state=6]):0.0[&state=23];
