sample	replicate	trs
1	1	((nd65:5.242695780379921[&state=6],(nd101:4.464079825796446[&state=6],(nd73:4.009745938223391[&state=6],(nd107:0.3723815601123394[&state=6],nd108:0.3723815601123394[&state=6])nd74:3.6373643781110516[&state=6])nd72:0.4543338875730559[&state=6])nd69:0.7786159545834752[&state=6])nd48:16.2469763291774[&state=6],((nd79:3.7942184382998043[&state=6],(((nd99:1.3480936025300725[&state=6],nd100:1.3480936025300725[&state=6])nd93:0.5511136051692345[&state=6],nd94:1.8992072076993072[&state=6])nd91:0.5965168035161164[&state=6],nd92:2.4957240112154233[&state=6])nd80:1.298494427084381[&state=6])nd67:1.1914612461056642[&state=6],((nd106:2.50913597345993[&state=6],nd98:2.5091359734599306[&state=6])nd84:1.206964184066743[&state=6],((nd109:0.08908716311004426[&state=6],nd110:0.08908716311004426[&state=6])nd85:2.7690748353281434[&state=6],(nd103:0.4720015429327443[&state=6],nd104:0.4720015429327443[&state=6])nd86:2.3861604555054434[&state=6])nd82:0.857938159088486[&state=6])nd68:1.269579526878795[&state=6])nd50:16.503992425151857[&state=6])nd1:0.0[&state=6];
