sample	replicate	trs
1	1	(((((((nd37:0.4599099056845633,nd38:0.4599099056845633)nd35:1.0681706718420791,nd36:1.5280805775266424)nd27:1.3479844645899144,nd28:2.876065042116557)nd15:1.986981510693843,nd16:4.863046552810399)nd3:8.041339226167299,(((((nd23:3.1228548310072943,nd24:3.1228548310072943)nd17:0.49023350390901776,(nd21:3.14179176188663,(nd33:1.9606848104204797,nd34:1.4749245554100356)nd22:1.3532627300373028)nd18:0.29914079445852976)nd11:2.6198581688759988,nd12:0.8316590428433652)nd7:2.3074614717552406,nd8:6.202695429613452)nd5:1.5429198915533373,(nd13:6.134353287951701,((nd29:2.350371784414963,nd30:2.350371784414963)nd25:0.5647112434247252,nd26:2.915083027839689)nd14:3.2192702601120122)nd6:3.9489745791491893)nd4:2.8210579118768093)nd1:7.1243456331328225,((nd19:3.3757590098773305,nd20:1.4789600655759259)nd9:3.7941552913571606,(nd31:2.057702208362626,(nd39:0.4195389368232749,nd40:0.4195389368232749)nd32:1.6381632715393513)nd10:5.112212092871864)nd2:12.85881711087603)root:1.1486685878894747)origin:0.0;
