sample	replicate	trs
1	1	((nd13:1.4949836618251917,(nd29:0.38390263651578804,(nd33:0.12549253351868617,nd34:0.12549253351868617)nd30:0.25841010299710193)nd14:1.1110810253094037)nd3:2.4285929365364565,((nd11:1.6657210761344263,((nd21:1.2330356719168392,nd22:1.2330356719168392)nd19:0.06253506088695349,((((nd31:0.2601691664105199,nd32:0.2601691664105199)nd27:0.36895616277144794,nd28:0.6291253291819678)nd25:0.06447074194226007,nd26:0.6935960711242279)nd23:0.524520899486891,nd24:1.218116970611119)nd20:0.07745376219267372)nd12:0.370150343330634)nd5:1.6983493226307138,((nd9:2.988154037265042,nd10:2.988154037265042)nd7:0.20519439408299706,(nd15:1.459116696832259,(nd17:1.3309499921634118,nd18:1.3309499921634118)nd16:0.12816670466884716)nd8:1.7342317345157798)nd6:0.17072196741710194)nd4:0.5595061995965076)nd2:0.0;
