sample	replicate	trs
1	1	((((nd23:3.9875720495942777,nd26:3.987572049594278)nd19:0.2115945403973171,(nd29:2.2819994518803357,nd40:2.2819994518803357)nd20:1.9171671381112594)nd15:0.18001460581408746,((nd37:1.1434881431240511,nd38:1.1434881431240511)nd17:3.142228434045695,((nd27:2.2930294174198376,nd31:2.293029417419838)nd21:1.903697453698085,(nd45:0.2827988944596451,nd46:0.2827988944596451)nd22:3.913927976658277)nd18:0.08898970605182323)nd16:0.09346461863593625)nd9:4.766130178099099,(nd33:1.7438874586996593,((nd41:0.9296089014158762,nd42:0.9296089014158762)nd35:0.7780618109073208,(nd43:0.31454663995645027,(nd47:0.19393398245431243,nd48:0.19393398245431243)nd44:0.12061265750213782)nd36:1.3931240723667468)nd34:0.036216746376462355)nd12:7.401423915205121)root:0.0;
