sample	replicate	trs
1	1	(((nd51:1.2693860282433118,((nd67:0.07061946025154092,nd68:0.07061946025154092)nd53:1.1787945627510166,nd54:1.2494140230025574)nd52:0.019972005240754365)nd37:5.105009142572987,((nd64:1.0426656710295847,nd58:1.0426656710295845)nd44:2.7920702055266027,(nd65:0.11375724026484547,nd66:0.11375724026484547)nd32:3.7209786362913424)nd27:2.5396592942601113)nd3:2.467946875474884,((nd41:2.2458771568356597,nd42:2.2458771568356597)nd36:5.588865186786885,(((nd47:1.9079626718736076,nd48:1.9079626718736076)nd45:0.10397115852508657,nd46:2.0119338303986942)nd21:2.7556927816949,(((nd61:0.39084915589075797,nd62:0.39084915589075797)nd59:0.35174246297972933,nd60:0.7425916188704874)nd49:0.7866709095035058,nd50:1.5292625283739933)nd22:3.238364083719601)nd8:3.0671157315289515)nd5:1.0075997026686372)root:0.0;
