sample	replicate	trs
1	1	(((((((nd28:8.58308491207734,((nd46:3.901419052820892,(nd76:1.1306934676230986,nd77:1.1306934676230986)nd47:2.770725585197794)nd32:3.2356597735026513,nd33:3.961995237582726)nd29:1.4460060857538024)nd20:5.113553381116212,nd21:1.252856242074328)nd12:3.556905428117067,nd13:9.080803708537674)nd6:3.045762718475473,nd7:3.1562907468846473)nd4:2.9391878554852746,(((((nd34:5.760200959386308,nd35:5.760200959386308)nd24:3.2267273666040555,(nd26:1.7046465998793694,(((((nd66:2.3863947973027475,(nd72:1.8884324854380203,nd73:1.8884324854380203)nd67:0.4979623118647271)nd60:0.757511007134561,((nd84:0.31845541329487365,nd85:0.31845541329487365)nd78:0.6277851198744411,nd79:0.9462405331693148)nd61:2.197665271267994)nd54:0.21905647180006238,(nd62:0.2938715825545097,(nd64:2.533207419452752,nd65:1.9445478413260724)nd63:0.2073914564760052)nd55:0.6223634003086138)nd52:0.33690884585077996,nd53:0.3632420349102782)nd38:1.7452609720537644,(nd86:0.037352668770275,nd87:0.037352668770275)nd39:5.407779425371641)nd27:3.3307210350723486)nd25:0.21107519677609826)nd22:0.36318543514994006,nd23:9.350113761140292)nd14:7.484631356915892,(nd18:1.2333650709506758,(((nd50:3.3308550658204217,nd51:3.7090972796273114)nd44:0.9496769612748125,nd45:4.658774240902125)nd36:0.9582426579237001,nd37:5.617016898825827)nd19:8.642532150441326)nd15:2.575196068789045)nd8:1.4061700284451297,(nd16:16.271271994007222,(((nd82:0.6005505536371961,nd83:0.6005505536371961)nd68:1.7016861120998945,((nd74:1.8399461154163061,nd75:1.8399461154163061)nd70:0.36611523038187155,nd71:2.2060613457981777)nd69:0.0961753199389125)nd30:6.098513592124929,(nd40:0.34525865230447605,(nd42:4.736003854300433,(nd80:0.6281506703177798,nd81:0.6281506703177798)nd43:4.107853183982652)nd41:0.7012855942206973)nd31:2.9634608093408925)nd17:7.870521736145204)nd9:1.969643152494098)nd5:4.99757914877005)nd2:3.8196906893281612,((((nd58:2.427956349224344,nd59:3.193109816337913)nd56:0.06661312072210586,nd57:1.6629445263664757)nd48:0.4571826689140295,nd49:3.6254379465475854)nd10:13.581462209135024,nd11:0.6297587324641556)nd3:9.759817169490463)root:0.2093150154004432)origin:0.0;
