sample	replicate	trs
1	1	((nd52:1.2783862579252596[&state=5],(nd58:0.765487456158511[&state=5],nd59:0.765487456158511[&state=5])nd53:0.5128988017667484[&state=5])nd50:7.76690864619868[&state=5],((nd18:5.227769860608863[&state=5],(((nd56:1.2693639764408162[&state=5],(nd62:0.6187465068224447[&state=5],((nd68:0.05936983167179333[&state=5],nd69:0.05936983167179333[&state=5])nd66:0.26763050232375585[&state=5],nd67:0.3270003339955492[&state=5])nd63:0.2917461728268955[&state=5])nd55:0.6506174696183713[&state=5])nd42:0.3103412659096797[&state=5],((nd64:0.44228749652338617[&state=5],nd65:0.44228749652338617[&state=5])nd60:0.25591660665403543[&state=5],nd61:0.6982041031774217[&state=5])nd46:0.8815011391730742[&state=5])nd37:0.8511200042061882[&state=5],(nd44:1.5501943323621408[&state=5],nd45:1.5501943323621408[&state=5])nd35:0.8806309141945435[&state=5])nd33:2.796944614052179[&state=5])nd8:3.345114743104776[&state=5],((nd48:1.45005640177228[&state=5],nd49:1.45005640177228[&state=5])nd40:0.13917511177009867[&state=5],nd41:1.5892315135423787[&state=5])nd20:6.983653090171261[&state=5])nd7:0.4724103004102994[&state=5])nd4:0.0[&state=5];
