sample	replicate	trs
1	1	(((nd19:0.43514306358551824,(((nd37:0.09076040094641558,nd38:0.09076040094641558)nd35:0.049400918880013855,nd36:0.1401613198264294)nd27:0.12979122982479568,nd28:0.26995254965122506)nd20:0.1651905139342932)nd3:1.440130093844995,((nd29:0.2683129934111938,nd30:0.2683129934111938)nd21:0.1440397195082321,nd22:0.4123527129194259)nd4:1.462920444511087)nd1:0.26318408635035084,(((nd23:0.38396391872198715,nd24:0.38396391872198715)nd11:0.5312705315835946,nd12:0.9152344503055819)nd5:0.5908792542377368,(((nd33:0.1738269284184861,nd34:0.1738269284184861)nd13:0.578742308365422,((nd31:0.21577351486026045,nd32:0.21577351486026045)nd25:0.13581944472799504,(nd39:0.04315117860898457,nd40:0.04315117860898457)nd26:0.3084417809792709)nd14:0.4009762771956525)nd7:0.6908086366889327,((nd15:0.734793931535746,nd16:0.734793931535746)nd9:0.406816691685472,(nd17:0.4533049222858805,nd18:0.4533049222858805)nd10:0.6883057009353373)nd8:0.301767250251623)nd6:0.0627358310704777)nd2:0.632343539237546)root:0.0;
