sample	replicate	trs
1	1	(nd29:10.069255593357836,(((((((nd111:0.47560936637665524,nd112:0.47560936637665524)nd96:1.006430834824126,nd105:1.482040201200781)nd70:1.4942643477417963,(nd91:1.512820929654841,nd92:1.512820929654841)nd90:1.463483619287737)nd61:1.012006672920732,(nd85:2.562453571182901,nd74:2.562453571182902)nd62:1.4258576506804082)nd59:0.04719284355883038,((nd109:0.5277344878664231,nd110:0.5277344878664231)nd103:0.08146349913537432,nd104:0.6091979870017974)nd60:3.4263060784203416)nd46:3.476640883222718,((nd75:2.373154802636508,((nd117:0.3342739984236211,nd118:0.3342739984236211)nd99:0.7923556818681333,nd100:1.126629680291755)nd76:1.2465251223447535)nd71:0.3246421873715578,(nd101:1.9006729873788861,(nd113:0.42020914518129054,nd115:0.42020914518129054)nd84:1.4804638421975949)nd72:0.7971240026291803)nd40:4.814347958636792)nd37:2.208206014318761,((nd68:6.388732683508628,(nd119:0.05356493098080039,nd120:0.05356493098080039)nd48:6.335167752527824)nd43:0.2424373871316257,nd56:6.63117007064025)nd41:3.089180892323366)nd30:0.3489046303942131)nd22:0.0;
