sample	replicate	trs
1	1	(((((nd45:0.047676199155468335[&state=6],nd46:0.047676199155468335[&state=25])nd31:0.5532391111008884[&state=25],(nd43:0.21581673406523355[&state=6],nd44:0.21581673406523355[&state=53])nd32:0.38509857619112314[&state=24])nd15:2.5023928175041052[&state=25],((nd33:0.5985084434776465[&state=1],nd34:0.5985084434776465[&state=1])nd25:0.9640493566336105[&state=9],(nd41:0.22589176594493657[&state=1],nd42:0.22589176594493657[&state=1])nd26:1.33666603416632[&state=23])nd16:1.5407503276492052[&state=24])nd9:1.1864507605181018[&state=6],((nd39:0.3095502447820913[&state=0],nd40:0.3095502447820913[&state=80])nd21:1.3988699650144771[&state=80],nd22:1.7084202097965684[&state=50])nd10:2.5813386784819956[&state=6])nd3:4.1583761172516525[&state=6],(((((nd27:1.3001677542282393[&state=9],(nd29:0.9079997672685156[&state=50],(nd35:0.4750125002338423[&state=98],nd36:0.4750125002338423[&state=11])nd30:0.43298726703467294[&state=11])nd28:0.39216798695972394[&state=1])nd23:0.3336287188612539[&state=1],nd24:1.633796473089493[&state=0])nd17:1.1980889799867083[&state=7],nd18:2.831885453076202[&state=8])nd7:1.744019872063363[&state=0],(nd19:2.4386709515276315[&state=6],(nd37:0.3310783815891979[&state=1],nd38:0.3310783815891979[&state=28])nd20:2.1075925699384332[&state=104])nd13:2.1372343736119337[&state=22])nd5:1.5529811879205342[&state=22],nd11:6.128886513060101[&state=23])nd4:2.319248492470118[&state=6])nd1:0.0[&state=6];
