sample	replicate	trs
1	1	((nd157:1.1290804119076694[&state=108],nd158:1.1290804119076694[&state=120])nd123:6.222913228757404[&state=6],(((nd165:0.6500723014832372[&state=120],nd166:0.6500723014832372[&state=67])nd154:1.9944333243657235[&state=120],(((((nd171:0.3888228898059488[&state=108],nd178:0.38882288980594915[&state=105])nd167:0.1320282770647612[&state=50],nd168:0.5208511668707099[&state=120])nd159:0.22458469960475758[&state=52],((nd187:0.053011871583169806[&state=25],nd188:0.053011871583169806[&state=120])nd161:0.6663264499281295[&state=98],(nd175:0.31563157688692983[&state=87],nd176:0.31563157688692983[&state=108])nd162:0.403706744624369[&state=105])nd160:0.02609754496416872[&state=108])nd155:0.44718768816179755[&state=108],((nd179:0.12616664439237918[&state=0],(nd183:0.09945181420903895[&state=120],nd184:0.09945181420903895[&state=120])nd180:0.026714830183340213[&state=66])nd163:0.531177260814564[&state=120],(nd185:0.08335785845239248[&state=82],nd186:0.08335785845239248[&state=16])nd164:0.5739860467545509[&state=107])nd156:0.535279649430322[&state=67])nd151:0.7723072406254681[&state=6],nd152:1.9649307952627326[&state=120])nd150:0.6795748305862277[&state=6])nd146:1.1911515423017658[&state=6],((nd173:0.3869125055035639[&state=98],(nd181:0.12401080236870249[&state=87],nd182:0.12401080236870249[&state=120])nd174:0.2629017031348615[&state=120])nd169:0.09400469822942455[&state=98],nd170:0.4809172037329884[&state=87])nd132:3.35473996441774[&state=108])nd122:3.5163364725143462[&state=6])nd85:0.0[&state=6];
