sample	replicate	trs
1	1	((((nd18:2.1447536262878097,(nd22:3.0539056709063948,nd23:13.648257848681745)nd19:0.4837425209518333)nd6:5.816479227766691,(((nd36:3.5988246808240723,(nd40:0.858188523794311,nd41:0.858188523794311)nd37:2.740636157029761)nd12:12.850197422234329,(nd20:13.971908714549063,nd21:13.971908714549063)nd13:2.477113388509339)nd10:0.6975627837400901,nd11:6.14626851439708)nd7:2.8018947106017755)nd2:1.4407182909016985,((((((nd32:6.538286147455634,nd33:6.538286147455634)nd28:3.0228279594747987,nd29:7.881119992049935)nd24:2.8142160154484572,nd25:0.5366363667837712)nd14:3.1012458181910163,(nd38:3.542346242004071,nd39:3.542346242004071)nd15:11.934229698565838)nd8:2.848332907077646,(nd16:14.654130044708399,(nd26:10.68346579768641,(nd30:8.762083224095655,(nd34:4.592021953750762,nd35:4.592021953750762)nd31:4.1700612703448945)nd27:1.9213825735907522)nd17:3.970664247021983)nd9:3.6707788029391604)nd4:2.795773412286713,nd5:21.120682259934267)nd3:0.26851562836769594)root:1.9697021116980404)origin:0.0;
