sample	replicate	trs
1	1	(((((nd31:6.772240233329539,(nd49:0.3157664722701726,nd50:0.3157664722701726)nd32:6.4564737610593665)nd5:12.398071921781124,(((nd13:5.2864946103731105,(nd17:8.8201283178685,(nd29:7.986530252882513,((nd45:0.9573918653476384,(nd47:0.8418809512582258,nd48:0.8418809512582258)nd46:0.11551091408941258)nd35:4.024891694635101,nd36:4.982283559982739)nd30:3.004246692899774)nd18:2.0708178444220025)nd14:0.5862618949218594)nd11:1.1196650492858504,(nd15:1.3738580025038858,(nd25:8.526912103261786,(nd33:5.720886448320158,nd34:5.720886448320158)nd26:3.486092117075136)nd16:1.1445961999016065)nd12:1.4117002762153237)nd7:2.6788441148667195,((nd21:4.416287559819171,(nd23:1.0842820296121995,(nd41:2.2835373317541476,nd42:2.2835373317541476)nd24:6.965645622808833)nd22:0.4750058681776408)nd19:0.18225994094326256,nd20:1.174915194717917)nd8:4.535670392695059)nd6:4.728192998731718)nd3:2.0020285368168294,((nd27:8.407238972408908,(nd37:2.637935792522465,nd38:4.170463529441438)nd28:4.23677544296747)nd9:4.3458497004672285,(nd39:4.062518404653044,(nd43:2.0589150794463733,nd44:2.0589150794463733)nd40:2.0036033252066714)nd10:8.690570268223091)nd4:8.419252019051356)nd1:4.509867509256326,nd2:0.5089222640969163)root:2.1223917988161816)origin:0.0;
