sample	replicate	trs
1	1	(((((nd18:1.5722563165383203[&state=3],(nd20:1.3186016890249845[&state=3],(nd24:1.2427996866173332[&state=11],nd25:1.2427996866173332[&state=3])nd21:0.07580200240765116[&state=3])nd19:0.25365462751333584[&state=3])nd12:0.1409220340510154[&state=3],(nd16:1.6031552947041674[&state=3],nd17:1.6031552947041674[&state=17])nd13:0.11002305588516832[&state=19])nd8:2.464111054985213[&state=19],nd9:4.177289405574549[&state=5])nd4:5.797844011327182[&state=5],(((nd14:1.6055851359394995[&state=5],nd15:1.6055851359394995[&state=5])nd10:0.2684593521945189[&state=5],(((nd30:0.6402191939077548[&state=5],nd31:0.6402191939077548[&state=5])nd28:0.20830330476844483[&state=5],(nd32:0.5719930010870982[&state=0],nd33:0.5719930010870982[&state=3])nd29:0.27652949758910145[&state=9])nd22:0.4013741976301531[&state=34],nd23:1.2498966963063527[&state=0])nd11:0.6241477918276656[&state=16])nd6:5.500410339139049[&state=16],nd7:7.374454827273066[&state=0])nd5:2.600678589628664[&state=16])nd2:1.6750359291908186[&state=16],(nd26:0.9938800516554775[&state=0],nd27:0.9938800516554775[&state=0])nd3:10.656289294437071[&state=0])root:0.0[&state=16];
