sample	replicate	trs
1	1	((((nd5:0.25820432291221757,(((nd43:1.0445893559846446,(nd49:1.4999642357331966,nd50:0.18062131954961788)nd44:0.17858576522639752)nd11:6.446653046508107,(((((((nd61:0.004917832600348493,nd62:0.13001990199157148)nd57:0.6200220163079607,nd58:0.1797464298667036)nd47:0.7851148038654548,(nd63:0.09377684399690303,(nd65:0.05570617955073774,nd66:0.05570617955073774)nd64:0.0380706644461653)nd48:1.4413798781680847)nd45:0.11606483033730436,nd46:1.6512215525022924)nd39:0.8778699777175449,nd40:2.1565666456600314)nd37:0.28276008190816154,((nd59:0.4692444024018844,nd60:0.4692444024018844)nd41:1.5951905944373248,nd42:0.4927652775679058)nd38:0.7474166152887889)nd33:0.14434697919895675,nd34:2.6708600515603016)nd12:5.169004456140744)nd7:1.3974612781242144,(nd9:1.3975031842802723,((((nd31:3.7396749492650394,nd32:0.256985332981498)nd27:0.5032960522079157,(((nd51:1.4498595080915158,nd52:1.4498595080915158)nd35:1.467809258871801,(((nd67:0.017165509938439856,nd68:0.017165509938439856)nd55:1.057800235070539,nd56:1.074965745008979)nd53:0.21445039248158904,nd54:1.289416137490568)nd36:1.6282526294727486)nd29:1.197594121293134,nd30:0.9959783975257266)nd28:0.12770811321650594)nd19:1.8772434045832864,((nd23:1.674828299845663,nd24:0.027393538070440475)nd21:0.014504795459627781,(nd25:1.3889007273800356,nd26:0.009837898247655925)nd22:0.3673275386362485)nd20:0.04624134739852009)nd17:1.093041262496822,nd18:0.6574521250278025)nd10:1.4419723321123155)nd8:0.8674363249265314)nd6:0.8071798963545311)nd3:0.9418351529966082,((nd15:0.10335519104165884,nd16:2.8748509630872667)nd13:0.18133255062337444,nd14:1.2116773618265564)nd4:3.3342634803751867)nd1:2.325869678104206,nd2:0.12401422045691061)root:1.6111509469527463)origin:0.0;
