sample	replicate	trs
1	1	(((nd22:2.0129944974315883,(((nd54:0.9599526643831485,(nd80:0.1482939604368726,nd81:0.1482939604368726)nd55:0.8116587039462759)nd34:0.5661191471201066,(nd78:0.18194828225198711,nd79:0.18194828225198711)nd35:1.344123529251268)nd32:0.09850392262883659,(nd42:1.3770796013931474,(nd62:0.8091894437451598,nd84:0.8091894437451598)nd49:0.5678901576479876)nd33:0.24749613273894433)nd24:0.3884187632994963)nd19:2.304604582515224,((nd52:1.9667701112548328,((nd86:0.028718122514375017,nd87:0.028718122514375017)nd65:0.8881923012501508,(nd72:0.5502933517952442,nd73:0.5502933517952442)nd57:0.3666170719692818)nd40:1.049859687490307)nd27:0.09687342379736628,((nd74:0.4909816719488425,nd76:0.4909816719488425)nd67:0.9614870742016605,(nd68:1.4268026495607742,(nd58:0.9075859097116669,((nd82:0.0850233217480022,nd83:0.0850233217480022)nd71:0.7936095990473244,nd61:0.8786329207953266)nd59:0.02895298891634021)nd47:0.5192167398491074)nd37:0.025666096589728783)nd21:0.6111747889016965)nd14:2.2539555448946125)nd4:0.681332964202223,nd7:4.9989320441490355)nd3:0.0;
