sample	replicate	trs
1	1	(((nd23:3.2662721948952824,nd24:3.2662721948952824)nd19:3.142977992859624,((nd33:1.817513906359948,nd34:1.817513906359948)nd15:3.377195946407045,nd16:5.194709852766993)nd10:1.2145403349879134)nd3:1.8257815684178407,(((nd21:3.537220687675505,((nd45:0.1454651776183687,nd46:0.1454651776183687)nd31:1.7430430739497873,(nd35:1.4733627904069557,nd36:1.4733627904069557)nd32:0.4151454611612003)nd22:1.648712436107349)nd17:1.2771618668764368,((nd27:2.1963044981435464,((nd42:1.2467101860916936,nd38:1.2467101860916934)nd29:0.8571319302871432,nd30:2.1038421163788366)nd28:0.0924623817647097)nd25:1.008609144943684,nd26:3.2049136430872305)nd18:1.6094689114647114)nd7:1.8692133812845535,((nd43:0.5098368980725552,nd44:0.5098368980725552)nd39:0.4986612915245291,nd40:1.0084981895970841)nd8:5.675097746239411)nd5:1.551435820336251)nd1:0.0;
