sample	replicate	trs
1	1	(((nd53:0.3044619320945766,nd54:0.3044619320945766)nd11:12.07227020124823,(nd43:7.264425994781293,(((nd51:0.5193668674254197,nd52:0.5193668674254197)nd49:2.3063026335745356,nd50:2.8256695009999553)nd29:4.365312365326127,(nd33:6.0939518599520275,(nd55:0.18842810086544287,nd56:0.18842810086544287)nd34:5.905523759086584)nd30:1.0970300063740557)nd28:0.0734441284552111)nd22:5.112306138561513)nd4:7.901604792602813,((((nd57:0.10856141317481163,nd58:0.10856141317481163)nd39:4.646081162277684,nd47:4.754642575452496)nd19:4.944579212836444,((nd41:4.6268823813848,nd42:4.6268823813848)nd37:0.13811050709772232,nd38:4.7649928884825234)nd20:4.934228899806417)nd15:3.644467829696109,(nd45:3.2972663838730583,nd46:3.2972663838730583)nd25:10.046423234111991)nd7:6.93464730796057)root:0.0;
