sample	replicate	trs
1	1	(((nd61:1.5034848431003962[&state=6],(nd65:0.993931336486684[&state=12],nd66:0.993931336486684[&state=6])nd50:0.5095535066137127[&state=24])nd43:0.9592641050925115[&state=81],(((nd73:0.7109087675325625[&state=3],((nd91:0.07413018710106865[&state=34],nd92:0.07413018710106865[&state=1])nd77:0.60403358636492[&state=34],nd78:0.6781637734659887[&state=16])nd74:0.032744994066574135[&state=16])nd69:0.21687403899421068[&state=3],(((nd85:0.20692898265113904[&state=37],nd86:0.20692898265113904[&state=19])nd83:0.15713454786181455[&state=77],nd84:0.3640635305129535[&state=15])nd71:0.43204120232680004[&state=46],nd72:0.7961047328397537[&state=18])nd70:0.13167807368701948[&state=74])nd41:1.0523780306085864[&state=67],nd42:1.9801608371353605[&state=0])nd39:0.4825881110575482[&state=7])nd26:7.839406447168127[&state=7],(((nd53:1.4205535127913231[&state=8],(nd67:0.9283568245174969[&state=28],nd68:0.9283568245174969[&state=34])nd54:0.4921966882738268[&state=30])nd33:1.2779041945464718[&state=64],(nd75:1.9251451176159309[&state=6],((nd63:1.0318969338701365[&state=0],nd64:1.0318969338701365[&state=7])nd57:0.3602085106321346[&state=0],(nd79:0.4526255395172655[&state=0],nd80:0.4526255395172655[&state=0])nd58:0.9394799049850048[&state=0])nd46:0.53303967311366[&state=0])nd34:0.7733125897218641[&state=51])nd30:6.678986030981028[&state=0],(((nd55:1.394606445126448[&state=46],(nd93:0.017264971487940095[&state=12],nd94:0.017264971487940095[&state=12])nd60:1.377341473638508[&state=12])nd47:0.1094748862227863[&state=2],(((nd87:0.20191612579562676[&state=6],nd88:0.20191612579562676[&state=6])nd81:0.1827603257631145[&state=6],(nd89:0.15659075614074147[&state=24],nd90:0.15659075614074147[&state=3])nd82:0.2280856954179998[&state=80])nd51:1.08011237840412[&state=80],nd52:1.4647888299628615[&state=0])nd48:0.03929250138637258[&state=63])nd35:1.007878281871967[&state=63],nd36:2.5119596132212014[&state=47])nd31:6.865484125097621[&state=31])nd6:0.9247116570422113[&state=0])root:0.0[&state=7];
