sample	replicate	trs
1	1	(((nd35:0.26721089120431113,nd36:0.26721089120431113)nd1:6.073734579490092,(((nd15:3.020533036231477,(nd29:1.832475305334135,nd30:1.832475305334135)nd16:1.1880577308973406)nd9:1.761053766149935,(nd23:2.1655770636085285,nd24:0.813280841375755)nd10:2.616009738772882)nd3:1.4711565739951795,((((nd27:1.9785983902608972,nd28:1.9785983902608972)nd19:0.58136804290992,(nd31:1.367688406669884,nd32:1.367688406669884)nd20:1.1922780265009338)nd7:2.428899627525184,(((nd25:2.035588318981612,nd26:2.035588318981612)nd17:0.9483820084710018,(nd37:0.050779069883800584,nd38:0.050779069883800584)nd18:2.9331912575688146)nd13:0.47744320193641093,(nd33:1.3028824429121002,nd34:1.3028824429121002)nd14:2.1585310864769247)nd8:1.5274525313069764)nd5:0.8506217642722669,((nd39:0.018789588647218716,nd40:0.018789588647218716)nd11:4.584981300374476,(nd21:2.469578004554431,nd22:2.469578004554431)nd12:2.1341928844672657)nd6:1.2357169359465725)nd4:0.41325555140832176)nd2:0.08820209431781155)root:0.2835845293055966)origin:0.0;
