sample	replicate	trs
1	1	((nd1:1.4023867191291683,(nd3:2.2527193853056477,(nd5:1.2022818899200558,(nd7:0.6528697396774344,((((nd19:2.8918884399423104,((nd23:0.6108504124653109,((nd27:0.045935830878618925,((nd37:0.9383617811843923,nd38:0.9383617811843923)nd33:0.05143990191933717,nd34:0.9898016831037293)nd28:0.718249971550673)nd25:0.1227427218176039,(((nd41:0.5798126253383576,(nd43:0.548480064791807,nd44:0.548480064791807)nd42:0.031332560546550745)nd35:0.37042950912798034,((nd47:0.4230685309361009,nd48:0.4230685309361009)nd45:0.0557403091190812,nd46:0.47880884005518204)nd36:0.4714332944111563)nd29:0.4965937876125231,(((nd51:0.06492757644732415,nd52:0.06492757644732415)nd49:0.2800450891052743,(nd53:0.008224452723146314,nd54:0.008224452723146314)nd50:0.33674821282945216)nd31:0.8711057291330928,(nd39:0.849856037162943,nd40:0.849856037162943)nd32:0.36622235752274834)nd30:0.2307575273931699)nd26:0.3839584543931447)nd24:1.6660668429723433)nd21:2.799637148526581,nd22:0.3417222915687289)nd20:1.1812361990978892)nd15:1.6790075776004536,(nd17:3.246938179827971,nd18:1.2675493696523707)nd16:0.3900367904199874)nd13:2.97921484769246,nd14:1.1747442903037408)nd9:2.9328303919539884,(nd11:0.6542013950603216,nd12:3.280372140097253)nd10:0.48550576507929505)nd8:0.1158491275679495)nd6:0.5157808715173714)nd4:1.8857936080486375)nd2:0.06934860812086723)root:0.6765404004294446)origin:0.0;
