sample	replicate	trs
1	1	(((nd3:0.19652151664645312[&state=6],((nd13:0.008194392242477049[&state=6],(nd15:0.3528724114834296[&state=6],((nd41:0.03207826395937825[&state=6],nd42:0.023786863722823525[&state=6]):0.27757442104774555[&state=6],(nd27:0.2653207309321255[&state=6],(nd37:0.0817078593286263[&state=6],nd38:0.0817078593286263[&state=6]):0.18361287160349923[&state=6]):0.04433195407499823[&state=6]):0.04321972647630594[&state=6]):0.08362082857515353[&state=6]):0.09413067569173539[&state=6],((nd29:0.18821308433068132[&state=6],nd30:0.18821308433068132[&state=6]):0.08918226732691859[&state=6],nd24:0.27739535165759993[&state=6]):0.2532285640927187[&state=6]):0.26905855815395074[&state=6]):0.09970119721062179[&state=6],(((nd17:0.06096950393328981[&state=0],nd18:0.3379950713312783[&state=6]):0.22413910863333636[&state=6],((nd33:0.11281719820671718[&state=6],nd34:0.11281719820671718[&state=6]):0.2102131265217437[&state=6],nd20:0.3230303247284609[&state=6]):0.23910385523615388[&state=6]):0.049987234971537814[&state=6],((nd35:0.021675054310515595[&state=6],nd36:0.10520281610005376[&state=6]):0.501009456983905[&state=6],(nd25:0.07599669970745877[&state=6],((nd39:0.04800052571336062[&state=6],nd40:0.027164335828480782[&state=6]):0.08427513538644413[&state=6],nd32:0.13227566109980476[&state=6]):0.14052405017154712[&state=6]):0.3334125618126068[&state=6]):0.0059091418521938135[&state=6]):0.2872622561787386[&state=6]):0.01938932888510849[&state=6]):0.0[&state=25];
