sample	replicate	trs
1	1	(((nd4:1.3390722949476284[&state=0],(nd14:0.964837918022987[&state=5],((nd20:2.7495045154139195[&state=33],(nd48:1.221148129072383[&state=19],nd49:1.221148129072383[&state=49]):1.5283563863415364[&state=49]):0.28292963116790776[&state=8],(nd50:1.0146075279107347[&state=35],nd51:1.0146075279107347[&state=45]):2.0178266186710916[&state=15]):0.4773898299931628[&state=8]):2.2307328301837512[&state=33]):1.4820209336843155[&state=16],(((nd16:1.7216087368609663[&state=0],(nd22:2.7086029851854736[&state=54],nd23:2.7086029851854736[&state=52]):0.4457396503015558[&state=1]):1.188604986322473[&state=21],((((nd34:1.6480806530330512[&state=49],(nd46:1.285808963954145[&state=45],nd47:1.285808963954145[&state=52]):0.36227168907890533[&state=49]):0.04087499820662633[&state=49],((nd62:0.18132205806986873[&state=55],nd63:0.18132205806986873[&state=5]):0.7029848912480526[&state=36],nd55:0.8843069493179211[&state=13]):0.8046487019217543[&state=54]):1.8382859193237555[&state=49],(((nd38:1.528105136183341[&state=45],(nd60:0.33380007858476785[&state=30],nd61:0.33380007858476785[&state=18]):1.1943050575985728[&state=49]):0.41832116246932116[&state=57],((nd40:1.5104342324728663[&state=8],nd41:1.5104342324728663[&state=27]):0.4275237831215355[&state=1],(nd56:0.6087456138104416[&state=8],nd57:0.6087456138104416[&state=30]):1.3292124017839595[&state=45]):0.008468283058260587[&state=1]):0.12864234768100744[&state=10],((nd36:1.5307940340141022[&state=24],(((nd64:0.1548146383013235[&state=8],nd65:0.1548146383013235[&state=52]):0.40153349023130425[&state=33],nd59:0.5563481285326274[&state=3]):0.8675308507737987[&state=55],nd45:1.4238789793064273[&state=49]):0.10691505470767532[&state=18]):0.44313641581396274[&state=33],nd27:0.49378150402769666[&state=3]):0.10113819650560478[&state=49]):1.4521729242297625[&state=24]):0.39448364561847876[&state=21],nd11:1.569464702049676[&state=0]):0.4212224056275912[&state=21]):0.09843132896988047[&state=16],(nd42:1.4974275329407876[&state=49],(nd52:0.9722480563415302[&state=0],nd53:0.9722480563415302[&state=61]):0.5251794765992562[&state=45]):2.943951417838595[&state=24]):2.781198789663673[&state=16]):0.8224522595569528[&state=16]):0.0[&state=16];
