sample	replicate	trs
1	1	(((((((nd51:0.30432954667362777,(nd53:0.27508770804887883,(nd69:0.051132673717010316,nd70:0.051132673717010316)nd54:0.22395503433186859)nd52:0.029241838624748905)nd35:0.23331142956448855,(nd55:0.27152485211408817,nd56:0.15084178674172766)nd36:0.26611612412402813)nd31:0.034618648711217836,(((nd67:0.05445892804831649,nd68:0.05445892804831649)nd43:0.40554707984179184,nd44:0.30713864944290786)nd39:0.0408047899003746,nd40:0.5008107977904829)nd32:0.07144882715885127)nd7:1.2922622637770538,((nd21:1.0263527463132476,(((((nd65:0.07101310120887916,(nd71:0.027011256426016303,nd72:0.027011256426016303)nd66:0.04400184478286285)nd49:0.3178341877938141,nd50:0.38884728900269316)nd45:0.06150601719451314,nd46:0.45035330619720637)nd29:0.28202021654582166,nd30:0.31987131337108204)nd27:0.009900877674687315,(nd41:0.41345848156561604,((nd61:0.07735125553215617,nd62:0.02193567281391126)nd59:0.11092681620504014,nd60:0.1882780717371963)nd42:0.2940076944710378)nd28:0.2599886342094813)nd22:0.2840783458955324)nd13:0.2106378151316343,(nd17:0.032813883673652976,(nd19:1.0326472699868736,(nd47:0.41015562432126096,nd48:0.41015562432126096)nd20:0.6224916456656127)nd18:0.06667604103214576)nd14:0.13766725042586245)nd8:0.6275313272815057)nd3:0.31091658036166153,nd4:0.1927236779823624)nd1:0.33407065580644807,(((nd37:0.5027344830914151,((nd63:0.07650974195241865,nd64:0.07650974195241865)nd57:0.12299665671880011,nd58:0.19950639867121875)nd38:0.30322808442019644)nd9:0.9362898678108648,((((nd33:0.19525621059805562,nd34:0.19528694134325517)nd25:0.19766466698806656,nd26:0.332141898744656)nd23:0.15099122281159919,nd24:0.9008747242681115)nd11:0.3886943665986244,(nd15:0.1006790492834667,nd16:0.28978053731811043)nd12:0.05589651646097246)nd10:0.14945526003554382)nd5:0.4818961385573619,nd6:0.2685073756313436)nd2:0.5885886354348557)root:0.050120875105500534)origin:0.0;
