sample	replicate	trs
1	1	(((nd27:1.7822467435658784[&state=108],nd28:1.7822467435658784[&state=86])nd11:3.1860818744603785[&state=6],nd15:4.968328618026257[&state=6])nd5:3.875494048345419[&state=6],(((((nd35:0.29331602541997626[&state=0],(nd39:0.05511798322107833[&state=2],nd40:0.05511798322107833[&state=64])nd36:0.23819804219889792[&state=64])nd31:0.12502613372420524[&state=120],nd32:0.41834215914418144[&state=3])nd13:4.108432352716392[&state=98],nd24:4.526774511860575[&state=56])nd9:0.9930677862457334[&state=6],(nd21:3.4083160573501576[&state=6],((nd37:0.08265882653027609[&state=1],(nd41:0.006741686363106934[&state=53],nd42:0.006741686363106934[&state=6])nd38:0.07591714016716916[&state=53])nd25:2.1787890510676147[&state=81],nd26:2.261447877597891[&state=3])nd18:1.1468681797522664[&state=6])nd10:2.1115262407561506[&state=6])nd7:0.18707418608896154[&state=6],(nd29:0.8747722054219758[&state=6],(nd33:0.3482578630360272[&state=10],nd34:0.3482578630360272[&state=87])nd30:0.5265143423859486[&state=25])nd8:4.832144278773293[&state=6])nd4:3.1369061821764075[&state=6])nd1:0.0[&state=6];
