sample	replicate	trs
1	1	((((nd25:2.9564509259570078,nd26:2.9564509259570078)nd19:4.767281880964556,(nd31:1.6108702323610582,nd32:1.6108702323610582)nd20:6.112862574560507)nd11:9.594344763941729,((((nd27:2.1624173605966295,(nd33:0.9663060419632248,nd34:0.9663060419632248)nd28:1.1961113186334043)nd23:3.0546501479777346,(nd45:0.15604050912812373,nd46:0.15604050912812373)nd24:5.0610269994462405)nd13:6.397790396366331,(((nd47:0.06374932803723701,nd48:0.06374932803723701)nd17:7.734182049289141,nd18:7.797931377326378)nd15:0.4761458041304738,(nd35:0.9190366485927703,nd36:0.9190366485927703)nd16:7.355040532864081)nd14:3.340780723483846)nd10:3.4919863973527363,(nd41:0.40650879573571463,(nd43:0.34302706197001176,nd44:0.34302706197001176)nd42:0.06348173376570296)nd8:14.700335506557717)nd6:2.211233268569862)nd4:1.5012510066061844,(nd21:6.324425236171865,((nd39:0.6641343471023254,nd40:0.6641343471023254)nd29:1.169481019221002,(nd37:0.7217287977950773,nd38:0.7217287977950773)nd30:1.1118865685282502)nd22:4.490809869848536)nd2:12.494903341297615)root:0.0;
