sample	replicate	trs
1	1	(((nd37:0.04462000902002711[&state=4],nd38:0.04462000902002711[&state=4])nd5:0.25348660963544445[&state=4],(((nd21:0.12728082400034416[&state=4],(nd25:0.08658857317322213[&state=4],nd26:0.08658857317322213[&state=26])nd22:0.040692250827122016[&state=4])nd13:0.0973619254341477[&state=4],nd14:0.22464274943449186[&state=16])nd7:0.06371997671711421[&state=4],(nd9:0.23410820396306645[&state=37],((((nd41:0.03444488048872181[&state=4],(nd43:0.025765809341306026[&state=4],(nd45:0.016239698779113108[&state=4],nd46:0.016239698779113108[&state=4])nd44:0.009526110562192918[&state=4])nd42:0.008679071147415783[&state=4])nd39:0.0006589480937954125[&state=4],nd40:0.03510382858251722[&state=54])nd23:0.08887171509013812[&state=13],nd24:0.12397554367265534[&state=4])nd17:0.006935888406449949[&state=4],((((nd35:0.0452573522167241[&state=4],nd36:0.0452573522167241[&state=4])nd31:0.022555144562455685[&state=4],nd32:0.06781249677917979[&state=4])nd27:0.018294860028700326[&state=4],nd28:0.08610735680788012[&state=4])nd19:0.041841194799034705[&state=4],(nd33:0.0540693943042895[&state=4],nd34:0.0540693943042895[&state=4])nd20:0.0738791573026253[&state=4])nd18:0.002962880472190489[&state=4])nd10:0.10319677188396115[&state=4])nd8:0.05425452218853961[&state=4])nd6:0.009743892503865493[&state=4])nd3:0.05964111201135441[&state=4],(((nd29:0.07412335763583291[&state=4],nd30:0.07412335763583291[&state=4])nd15:0.12096507623281283[&state=4],nd16:0.19508843386864574[&state=4])nd11:0.031180139466664265[&state=4],nd12:0.22626857333531[&state=37])nd4:0.13147915733151594[&state=37])nd2:0.0[&state=37];
