sample	replicate	trs
1	1	(((nd31:0.388764759705493,(nd33:0.35529439001539315,nd34:0.35529439001539315)nd32:0.03347036969009972)nd5:0.9639993097193548,((((nd53:0.11538037335407851,nd54:0.11538037335407851)nd45:0.07583898987496712,nd46:0.19121936322904567)nd11:1.019802783855054,((nd37:0.31063997982527186,((nd55:0.1032969872376391,(nd63:0.0186412467956417,nd64:0.0186412467956417)nd56:0.0846557404419974)nd41:0.1802707980280267,nd42:0.2835677852656658)nd38:0.027072194559606112)nd35:0.02776095813468226,(nd61:0.02960878842043012,nd62:0.02960878842043012)nd44:0.30879214953952405)nd19:0.8726212091241455)nd9:0.04322295607508945,(((nd60:0.7263310468543561,nd24:0.7263310468543561)nd17:0.21729645001784686,(nd51:0.12267243903318108,nd52:0.12267243903318108)nd18:0.8209550578390218)nd15:0.012850469313371903,(nd57:0.101913278896027,nd58:0.101913278896027)nd21:0.8545646872895477)nd10:0.29776713697361445)nd6:0.09851896626565862)nd3:0.2802999731294211,(nd26:1.3081379273448388,((nd47:0.17379279849486962,nd48:0.17379279849486962)nd29:0.4257867668527446,(nd39:0.30173093341637064,(nd49:0.14476935099716012,nd50:0.14476935099716012)nd40:0.1569615824192107)nd30:0.2978486319312434)nd28:0.7085583619972247)nd4:0.32492611520943004)nd1:0.0;
