sample	replicate	trs
1	1	((((nd5:1.067667242412729[&state=0],nd6:0.5147262551635503[&state=1]):1.6651747190074604[&state=23],(((((nd35:0.9747199661712634[&state=84],nd36:0.9747199661712634[&state=86]):0.015509743343453418[&state=63],nd34:0.990229709514717[&state=81]):0.138310925934138[&state=63],nd32:1.1285406354488552[&state=107]):3.323263583520822[&state=63],((nd25:0.09784314112518813[&state=0],nd26:0.4232269420838625[&state=6]):1.0677720633090342[&state=22],nd20:0.9096290974732202[&state=1]):1.3799327171047173[&state=50]):0.5101538540923272[&state=48],((nd39:0.8057785488356514[&state=107],(nd43:0.5013922191847233[&state=0],nd44:0.5013922191847233[&state=120]):0.3043863296509287[&state=120]):3.7153242640344266[&state=104],((nd27:1.515183861691971[&state=120],((nd37:0.806480281021361[&state=64],nd38:0.806480281021361[&state=120]):0.4329032049918315[&state=16],(nd41:0.6451873513288924[&state=4],nd42:0.6451873513288924[&state=105]):0.5941961346843007[&state=86]):0.27580037567877685[&state=53]):1.0523380932373445[&state=78],(nd45:0.07571457220400275[&state=11],nd46:0.07571457220400275[&state=24]):2.491807382725312[&state=81]):1.9535808579407643[&state=2]):0.44085526019192556[&state=23]):3.79960938259279[&state=22]):1.1114573474026563[&state=22],(((nd23:2.023984202404895[&state=120],nd24:2.023984202404895[&state=106]):3.257381527937223[&state=28],nd12:5.281365730342118[&state=36]):1.4612757468036313[&state=23],(nd9:1.0352148430728363[&state=0],nd10:0.14130580524406583[&state=6]):0.7861686155633304[&state=22]):3.130383325911702[&state=48]):0.944875196942555[&state=6]):0.0[&state=23];
