sample	replicate	trs
1	1	((nd1:0.9205918895025776,(((nd7:3.380016897981325,(nd9:6.116232545291415,(nd11:1.0829430525334525,((nd23:2.85455802300395,((nd35:3.9025025671499547,((nd39:5.398036742545719,nd40:5.398036742545719)nd37:0.20272917461957707,nd38:5.600765917165297)nd36:0.2470498925586199)nd25:2.8572976492951776,nd26:8.705113459019094)nd24:0.6019397891249727)nd19:2.638653162180675,nd20:8.423976342715601)nd12:7.7093310399489825)nd10:3.7475633443358656)nd8:0.47832289433811714)nd5:0.2521743067625585,((((nd49:0.9124128137715263,nd50:0.9124128137715263)nd29:5.876514321946631,nd30:6.788927135718158)nd15:6.227579424820749,((nd33:5.875541414321615,nd34:5.875541414321615)nd21:5.523288102564109,nd22:11.398829516885725)nd16:1.6176770436531822)nd13:1.9603628100780746,(((nd45:0.3380909131884387,(nd47:1.55519657139132,nd48:1.55519657139132)nd46:1.068772271926902)nd27:4.584808001353335,(nd41:4.6140175509408206,(nd43:2.8337273559338567,nd44:4.603781862724803)nd42:0.010235688216017629)nd28:2.5947592937307364)nd17:5.326440648822141,(nd31:6.786968842474954,nd32:6.786968842474954)nd18:5.748248651018744)nd14:2.441651877123283)nd6:9.156228625093283)nd3:1.323888375534533,nd4:1.3142162027002275)nd2:0.9411728573314404)root:0.16474077142376348)origin:0.0;
