sample	replicate	trs
1	1	(((nd7:9.658523535005306,(((nd33:0.20185514416442382,nd34:0.20185514416442382)nd13:5.4337086908218,((nd29:0.26968404881111935,nd30:0.26968404881111935)nd27:0.3431708302820531,nd28:0.6128548790931724)nd14:5.022708955893053)nd11:0.18765158177359956,nd12:0.638541968226722)nd8:3.8353081182454893)nd1:5.243085924034104,((((nd31:0.26902948600217474,nd32:0.26902948600217474)nd15:4.92734953684586,nd16:0.37640499877046535)nd9:3.279881611587765,(nd19:3.5766302038703084,(nd21:1.7506027345991133,(nd23:0.8153182412562449,(nd25:0.7629886423387924,nd26:0.7629886423387924)nd24:0.05232959891745256)nd22:0.9352844933428689)nd20:1.8260274692711917)nd10:4.899630430565485)nd3:1.7580723408230639,(nd5:0.9269319581253845,(nd17:4.939480737707617,nd18:4.939480737707617)nd6:4.977439353649014)nd4:0.31741288390222433)nd2:4.667276483780556)root:4.093990540960602)origin:0.0;
