sample	replicate	trs
1	1	(nd3:2.3737566869426225,((((nd29:0.2603498493806581,nd30:0.2603498493806581)nd13:0.9663255570231049,((nd31:0.2112257837432368,nd32:0.2112257837432368)nd25:0.534915675301717,(nd27:0.4041589355295311,nd28:0.4041589355295311)nd26:0.3419825235154229)nd16:0.48053394735880917)nd7:1.070506446827019,(nd9:1.3853278790500314,((nd24:0.9196564927173183,nd22:0.9196564927173183)nd17:0.23971589387197292,nd18:1.1593723865892918)nd10:0.2259554924607395)nd8:0.9118539741807511)nd5:0.059368652942500495,(((nd35:0.03824777705095721,nd36:0.03824777705095721)nd33:0.13778702221129813,nd34:0.17603479926225535)nd11:1.1242180164573292,nd12:1.300252815719585)nd6:1.0562976904536983)nd4:0.0172061807693402)nd1:0.0;
