sample	replicate	trs
1	1	(((nd25:1.3125170902711971,((((nd61:1.3275127172542167,nd62:0.40920034860402715)nd49:0.1759721258461794,(nd65:0.993931336486684,nd66:0.993931336486684)nd50:0.5095535066137127)nd43:0.43265842208175315,nd44:0.6722119040828233)nd37:0.5266056830107584,((((nd73:0.7109087675325625,((nd91:0.07413018710106865,nd92:0.07413018710106865)nd77:0.60403358636492,nd78:0.6781637734659887)nd74:0.032744994066574135)nd69:0.21687403899421068,(((nd85:0.20692898265113904,nd86:0.20692898265113904)nd83:0.15713454786181455,nd84:0.3640635305129535)nd71:0.43204120232680004,nd72:0.7961047328397537)nd70:0.13167807368701948)nd41:1.0523780306085864,nd42:1.9801608371353605)nd39:0.24914720246794061,nd40:0.5831700691738952)nd38:0.23344090858960753)nd26:3.7114491271230805)nd1:4.127957320045047,(((nd13:0.10373494740762829,(nd17:1.6286372198864325,((nd27:1.3754624667347182,nd28:2.126052432551428)nd23:0.9255926525240654,nd24:0.3647523456383135)nd18:1.0670099711038914)nd14:1.1538389279909997)nd5:0.8694698360881435,(((nd21:2.066463218628549,nd22:0.2309902830415021)nd19:0.7049400297688794,(nd29:2.6112404450919193,((nd53:1.4205535127913231,(nd67:0.9283568245174969,nd68:0.9283568245174969)nd54:0.4921966882738268)nd33:1.2779041945464718,((nd75:0.7034578817359498,nd76:0.39031809030340464)nd45:1.221687235879981,((nd63:1.0318969338701365,nd64:1.0318969338701365)nd57:0.3602085106321346,(nd79:0.4526255395172655,nd80:0.4526255395172655)nd58:0.9394799049850048)nd46:0.53303967311366)nd34:0.7733125897218641)nd30:2.6212390532917254)nd20:2.690202258926049)nd9:1.3675447187632537,((((((nd55:1.394606445126448,(nd59:0.06532688810452981,(nd93:0.017264971487940095,nd94:0.017264971487940095)nd60:1.3388204937729407)nd56:0.03852097986556729)nd47:0.1094748862227863,(((nd87:0.20191612579562676,nd88:0.20191612579562676)nd81:0.1827603257631145,(nd89:0.15659075614074147,nd90:0.15659075614074147)nd82:0.2280856954179998)nd51:1.08011237840412,nd52:1.4647888299628615)nd48:0.03929250138637258)nd35:1.007878281871967,nd36:2.5119596132212014)nd31:2.6219091302065554,nd32:0.24912590999812112)nd15:3.279299570060299,nd16:1.7150210299953583)nd11:0.9484355910307802,nd12:0.5811894831920464)nd10:0.015839833799986214)nd6:0.6682022842490191)nd3:0.1739094017518389,(nd7:2.1191009463052555,nd8:1.753056721720602)nd4:0.30497517185688205)nd2:0.08259997104135332)root:7.49774460463897)origin:0.0;
