sample	replicate	trs
1	1	(((nd27:4.673004886887076[&state=6],(nd41:0.4172931464076422[&state=6],nd42:0.4172931464076422[&state=6])nd28:4.255711740479434[&state=6])nd15:4.98500315139105[&state=6],(((nd29:3.7572817706192496[&state=25],(nd33:2.8960847166972967[&state=24],nd34:2.8960847166972967[&state=24])nd30:0.8611970539219523[&state=6])nd21:2.2268441210567924[&state=6],nd20:5.984125891676042[&state=53])nd12:3.0646213676976632[&state=6],((nd31:3.161091481932239[&state=6],nd32:3.161091481932239[&state=6])nd25:1.7472937416743517[&state=6],((nd45:0.014718618331955046[&state=6],nd46:0.014718618331955046[&state=56])nd37:1.145744441497184[&state=56],(nd39:0.4188821521870006[&state=23],nd40:0.4188821521870006[&state=52])nd38:0.7415809076421384[&state=52])nd36:3.7479221637774502[&state=6])nd13:4.140362035767115[&state=6])nd8:0.6092607789044214[&state=6])nd5:3.029462320746386[&state=6],((nd43:0.30425592785544614[&state=52],nd44:0.30425592785544614[&state=3])nd17:5.896156767323138[&state=25],nd18:6.200412695178584[&state=6])nd4:6.4870576638459285[&state=6])nd2:0.0[&state=6];
