sample	replicate	trs
1	1	(((nd37:0.9383617811843923,nd38:0.9383617811843923)nd33:0.05143990191933717,nd34:0.9898016831037293)nd28:0.840992693368277,(((nd41:0.5798126253383576,(nd43:0.548480064791807,nd44:0.548480064791807)nd42:0.031332560546550745)nd35:0.37042950912798034,((nd47:0.4230685309361009,nd48:0.4230685309361009)nd45:0.0557403091190812,nd46:0.47880884005518204)nd36:0.4714332944111563)nd29:0.4965937876125231,(((nd51:0.06492757644732415,nd52:0.06492757644732415)nd49:0.2800450891052743,(nd53:0.008224452723146314,nd54:0.008224452723146314)nd50:0.33674821282945216)nd31:0.8711057291330928,(nd39:0.849856037162943,nd40:0.849856037162943)nd32:0.36622235752274834)nd30:0.2307575273931699)nd26:0.3839584543931447)nd24:0.0;
