sample	replicate	trs
1	1	(((nd97:1.6911026182200086,nd123:1.6911026182200088)nd41:0.7957665813980349,(((nd134:0.06813366662463924,nd135:0.06813366662463924)nd93:1.409959159574023,((nd130:0.10199222055931408,nd131:0.10199222055931408)nd126:0.16500908949272164,nd127:0.26700131005203576)nd75:1.2110915161466267)nd47:0.6193815971403467,((nd112:0.8771524140471308,nd113:0.8771524140471308)nd42:0.9131613297824651,(nd102:1.0723702890404447,(nd106:1.0298481432739277,nd107:1.0298481432739277)nd103:0.04252214576651695)nd95:0.717943454789151)nd33:0.30716067950941334)nd30:0.38939477627903446)nd22:3.782250188818375,((nd128:0.21439030849436655,nd129:0.21439030849436655)nd117:1.7460133379488247,(nd64:1.7713018155874136,(((nd90:1.257142142556554,(nd100:1.1482497184025244,(nd104:1.032848812462201,nd125:1.0328488124622008)nd101:0.11540090594032341)nd91:0.10889242415402982)nd80:0.08785959377256565,nd120:1.3450017363291196)nd70:0.0646801529605262,((nd132:0.08118077304803395,nd133:0.08118077304803395)nd76:1.270381614150592,(nd110:0.9802042587382055,nd137:0.9802042587382054)nd109:0.3713581284604206)nd71:0.05811950209101989)nd45:0.36161992629776796)nd37:0.1891018308557774)nd34:4.308715741993227)nd18:0.0;
