sample	replicate	trs
1	1	(((nd53:4.683184631229343,(nd114:0.8495212901044311,nd115:0.8495212901044311)nd60:3.833663341124913)nd10:4.408137354122697,(((nd122:0.2975705215652057,nd123:0.2975705215652057)nd84:2.7863389134840144,(nd74:1.5808174613304933,nd75:1.5808174613304933)nd41:1.503091973718726)nd13:4.990857989367633,(nd46:2.4912047447656795,(nd78:2.442851121801436,(nd100:1.1612034579727486,nd107:1.1612034579727484)nd49:1.2816476638286878)nd47:0.04835362296424342)nd19:5.583562679651174)nd5:1.0165545609351874)nd2:0.01722773260348242,(((nd88:1.2603964374095709,(((nd120:0.32372091024733585,nd121:0.32372091024733585)nd94:0.9312897757959989,nd95:1.2550106860433348)nd92:0.002121919156383286,(nd124:0.11828826806100559,nd125:0.11828826806100559)nd102:1.1388443371387125)nd89:0.0032638322098526166)nd22:3.7414463063218912,((nd86:1.268707126312231,(nd116:0.5075398122813981,(nd118:0.40299750995526257,nd119:0.40299750995526257)nd117:0.10454230232613551)nd87:0.7611673140308327)nd64:2.9788102875891793,((nd98:1.3612475964471538,(nd113:1.2599537917854322,nd91:1.2599537917854324)nd83:0.10129380466172126)nd70:0.3621919453267297,nd109:1.7234395417738833)nd42:2.524077872127527)nd23:0.7543253298300506)nd17:1.57353510197635,(nd66:1.832084899716506,(nd80:1.4637782757035533,nd110:1.4637782757035531)nd67:0.36830662401295294)nd62:4.743292945991305)nd7:2.5331718722477117)root:0.0;
