sample	replicate	trs
1	1	(((((((nd21:0.14383675349832872,(nd23:0.08144262173349454,(nd25:0.0601182661951708,nd26:0.0601182661951708)nd24:0.021324355538323743)nd22:0.062394131764834215)nd11:0.5647254587817251,((nd17:0.1998448941021709,(nd19:0.16547461635853514,(nd31:0.01855301754555542,nd32:0.01855301754555542)nd20:0.14692159881297973)nd18:0.03437027774363569)nd13:0.18082661785593482,(nd27:0.047909755329007736,(nd29:0.0353446703795504,nd30:0.0353446703795504)nd28:0.01256508494945734)nd14:0.3327617566290979)nd12:0.3278907003219482)nd7:0.1612262368667826,nd8:0.8697884491468366)nd5:0.06576604801697725,(nd9:0.7211158336003993,(nd15:0.3537671432730139,nd16:0.3537671432730139)nd10:0.36734869032738543)nd6:0.21443866356341446)nd3:1.5921282367171417,nd4:0.11836557460289258)nd1:1.8891027423304858,nd2:2.881027664442533)root:7.885814523788559)origin:0.0;
