sample	replicate	trs
1	1	((nd35:0.26721089120431113[&state=2],nd36:0.26721089120431113[&state=2])nd1:6.073734579490092[&state=2],(((nd15:3.020533036231477[&state=48],(nd29:1.832475305334135[&state=48],nd30:1.832475305334135[&state=6])nd16:1.1880577308973406[&state=50])nd9:1.761053766149935[&state=6],nd23:4.78158680238141[&state=6])nd3:1.4711565739951795[&state=6],((((nd27:1.9785983902608972[&state=12],nd28:1.9785983902608972[&state=0])nd19:0.58136804290992[&state=7],(nd31:1.367688406669884[&state=25],nd32:1.367688406669884[&state=7])nd20:1.1922780265009338[&state=23])nd7:2.428899627525184[&state=1],(((nd25:2.035588318981612[&state=1],nd26:2.035588318981612[&state=78])nd17:0.9483820084710018[&state=7],(nd37:0.050779069883800584[&state=2],nd38:0.050779069883800584[&state=7])nd18:2.9331912575688146[&state=28])nd13:0.47744320193641093[&state=7],(nd33:1.3028824429121002[&state=6],nd34:1.3028824429121002[&state=6])nd14:2.1585310864769247[&state=6])nd8:1.5274525313069764[&state=23])nd5:0.8506217642722669[&state=22],((nd39:0.018789588647218716[&state=3],nd40:0.018789588647218716[&state=6])nd11:4.584981300374476[&state=25],(nd21:2.469578004554431[&state=1],nd22:2.469578004554431[&state=0])nd12:2.1341928844672657[&state=1])nd6:1.2357169359465725[&state=23])nd4:0.41325555140832176[&state=22])nd2:0.08820209431781155[&state=6])root:0.0[&state=6];
