sample	replicate	trs
1	1	((((((((nd34:0.5042214650408139[&state=24],nd35:0.5042214650408139[&state=21]):0.7068003861143631[&state=41],((nd32:0.6401280925846772[&state=24],nd33:0.6401280925846772[&state=1]):0.11523740679516947[&state=24],nd31:0.7553654993798466[&state=49]):0.45565635177533026[&state=10]):0.5001772911307253[&state=6],nd27:0.17632237404968673[&state=2]):1.0985366601697784[&state=21],nd19:2.80973580245568[&state=0]):3.2117031210662597[&state=0],nd11:3.5729085343183766[&state=5]):2.1978478520191[&state=16],(((nd12:0.4165218365016284[&state=0],((nd16:3.513416879024463[&state=24],(nd22:2.1267823717720344[&state=0],nd23:2.1267823717720344[&state=0]):1.3866345072524344[&state=6]):1.1407309153608032[&state=21],(nd24:2.053368584141631[&state=8],nd25:2.053368584141631[&state=0]):2.600779210243641[&state=6]):0.46758906190107463[&state=1]):1.4044636755714683[&state=6],nd9:6.526200531857812[&state=0]):0.7732944220708625[&state=16],nd7:7.299494953928675[&state=19]):0.9197918216123637[&state=16]):3.874325022051825[&state=16],(nd20:2.65053745962244[&state=0],nd21:2.65053745962244[&state=22]):9.443074337970423[&state=0]):1.7306882024071426[&state=16]):0.0[&state=16];
