sample	replicate	trs
1	1	(((nd55:0.14081777482800506[&state=86],nd56:0.14081777482800506[&state=98])nd15:2.6496984925663627[&state=120],(((nd39:0.7776928835162501[&state=107],nd40:0.7776928835162501[&state=108])nd25:0.4803764351786969[&state=105],(nd43:0.530663983624009[&state=108],nd44:0.530663983624009[&state=120])nd26:0.7274053350709381[&state=64])nd19:0.8024400217194896[&state=63],(((nd57:0.09079961577575746[&state=48],nd58:0.09079961577575746[&state=108])nd33:0.8732271495976747[&state=67],((nd49:0.21664247103633022[&state=108],nd50:0.21664247103633022[&state=120])nd35:0.6927797782750565[&state=120],((nd45:0.33041012787447677[&state=106],nd46:0.33041012787447677[&state=120])nd37:0.5573591168213322[&state=120],(nd47:0.2957717114504556[&state=108],nd48:0.2957717114504556[&state=107])nd38:0.5919975332453534[&state=120])nd36:0.02165300461557802[&state=120])nd34:0.0546045160620456[&state=120])nd23:0.6051329829862475[&state=98],(nd29:0.9989590251755537[&state=120],nd30:0.9989590251755537[&state=120])nd24:0.5702007231841262[&state=67])nd20:0.49134959205475714[&state=63])nd16:0.7300069269799304[&state=63])nd9:1.3266736984488234[&state=7],((((nd59:0.01769170413946241[&state=26],nd60:0.01769170413946241[&state=30])nd41:0.6826285362763554[&state=107],nd42:0.700320240415818[&state=86])nd27:0.32582590117592347[&state=106],(nd53:0.17384498871331577[&state=120],nd54:0.17384498871331577[&state=85])nd28:0.8523011528784252[&state=120])nd13:2.3304996103889333[&state=87],(((nd51:0.2076400670227584[&state=108],nd52:0.2076400670227584[&state=107])nd21:1.6046759749335884[&state=120],(nd31:0.9743056707366856[&state=120],nd32:0.9743056707366856[&state=67])nd22:0.8380103712196645[&state=98])nd17:0.5890185278329242[&state=31],nd18:2.4013345697892743[&state=32])nd14:0.9553111821914017[&state=9])nd12:0.7605442138625156[&state=28])nd7:0.0[&state=0];
