sample	replicate	trs
1	1	(((nd36:3.614221574773765,(nd54:0.4478843582355826,nd55:0.4478843582355826)nd53:3.166337216538183)nd6:6.191863630524014,((nd16:7.717096080811242,(nd24:6.367957983675467,(nd50:1.8850047791374447,nd51:1.8850047791374447)nd25:4.482953204538021)nd17:1.3491380971357758)nd10:1.1003848076956375,(nd46:2.1863216915160457,nd47:2.1863216915160457)nd11:6.631159196990832)nd7:0.9886043167909004)nd2:0.6877865737246955,(((nd48:2.124507453125523,nd49:2.124507453125523)nd19:7.365511576418214,(((nd34:3.961487771126036,(nd40:3.0158208239915147,nd41:3.0158208239915147)nd35:0.9456669471345207)nd20:2.968741436706916,nd21:6.930229207832953)nd15:1.4812981995778647,(nd28:5.977727391111458,nd29:5.977727391111458)nd13:2.4338000162993607)nd9:1.0784916221329204)nd4:0.9773286889056307,(((nd32:5.232910387923399,(nd44:2.5969617363580015,nd45:2.5969617363580015)nd33:2.635948651565397)nd30:0.08755419689948062,(nd38:3.3118582344092102,nd39:3.3118582344092102)nd31:2.0086063504136695)nd26:0.7401384958651285,nd27:6.06060308068801)nd22:4.40674463776136)nd3:0.02652406057310699)root:0.0;
