sample	replicate	trs
1	1	((((((nd110:1.9191896259116916[&state=30],(nd120:1.3869139388256804[&state=2],nd158:1.3869139388256806[&state=1])nd109:0.5322756870860113[&state=11])nd98:1.1055664753664831[&state=11],(((nd152:0.23607024880329627[&state=2],(nd154:0.234522421883038[&state=2],nd155:0.234522421883038[&state=14])nd153:0.0015478269202582604[&state=14])nd116:1.4519042275671465[&state=14],(nd148:0.3005873887956704[&state=2],nd149:0.3005873887956704[&state=2])nd117:1.3873870875747725[&state=2])nd104:0.7064711113945897[&state=2],nd105:2.3944455877650332[&state=3])nd99:0.630310513513142[&state=2])nd94:0.13106013302474062[&state=2],(nd160:0.09833239066117487[&state=1],nd161:0.09833239066117487[&state=1])nd118:3.05748384364174[&state=1])nd92:0.937700312799572[&state=8],((nd139:0.9860041952026116[&state=2],(nd142:0.39356762485935926[&state=2],nd143:0.39356762485935926[&state=2])nd127:0.5924365703432526[&state=8])nd114:0.7367364680844881[&state=8],nd115:1.7227406632870998[&state=2])nd88:2.3707758838153876[&state=1])nd69:2.903024431353587[&state=1],(nd162:0.01407075757638579[&state=0],nd163:0.01407075757638579[&state=6])nd113:6.982470220879687[&state=6])nd32:1.8619917390033118[&state=5],((nd106:2.3783758442155007[&state=5],(nd122:1.169938548728192[&state=3],(((nd144:0.37456280295351196[&state=5],(nd146:0.3311458800726005[&state=5],nd147:0.3311458800726005[&state=5])nd145:0.043416922880911465[&state=5])nd132:0.13263733653227378[&state=5],((nd150:0.26301668957501795[&state=17],nd151:0.26301668957501795[&state=5])nd134:0.2324105579660794[&state=5],nd135:0.49542724754109735[&state=16])nd133:0.011772891944688297[&state=19])nd130:0.18065568954045108[&state=5],nd156:0.6878558290262367[&state=16])nd123:0.48208271970195504[&state=5])nd107:1.2084372954873077[&state=19])nd102:0.28591340464122766[&state=16],nd125:2.6642892488567274[&state=17])nd71:6.194243468602658[&state=16])nd21:0.0[&state=5];
