sample	replicate	trs
1	1	(((nd31:1.4259586576889733,(nd33:1.3624893351937517,nd34:1.3624893351937517)nd32:0.06346932249522183)nd5:4.720004756916092,(((nd43:0.7829412458323998,(nd49:0.6537498137699634,nd50:0.6537498137699634)nd44:0.12919143206243636)nd11:4.4280249514443195,((nd37:1.227267447809599,((nd57:0.3893975969678739,nd58:0.3893975969678739)nd51:0.1730272259655442,nd52:0.5624248229334182)nd38:0.6648426248761812)nd13:3.6941535849691176,(nd42:1.3105831209248147,nd36:1.3105831209248149)nd22:3.610837911853902)nd12:0.28954516449800266)nd9:0.25379382932280176,(((nd61:0.017074708498180893,nd62:0.017074708498180893)nd55:0.41740728381704395,nd56:0.43448199231522483)nd17:3.5248410991284036,((nd25:2.847442612393462,(nd47:0.6939442471943807,nd48:0.6939442471943807)nd26:2.1534983651990807)nd19:1.019496163028256,nd20:3.8669387754217164)nd18:0.09238431602191204)nd10:1.5054369351558925)nd6:0.6812033880055428)nd3:0.5848672949392256,(((nd53:3.577604981970026,nd24:3.577604981970027)nd15:0.5747339556133235,nd28:4.152338937583351)nd7:1.6185724007896425,((nd45:0.7790165902527851,nd46:0.7790165902527851)nd39:0.3805562277512726,(nd59:0.13582577009088576,nd60:0.13582577009088576)nd40:1.023747047913172)nd30:4.611338520368935)nd4:0.9599193711712972)nd1:0.0;
