sample	replicate	trs
1	1	(((((nd29:0.7530362505667753,nd30:0.8144767790829872)nd9:1.678182973237597,(nd13:0.15485192481444623,nd14:2.0969816022864216)nd10:0.39567815003416307)nd3:0.6203362364932669,(nd37:0.37193652388693665,(nd39:0.13017089740064608,nd40:0.13017089740064608)nd38:0.24176562648629063)nd4:2.7410594649269133)nd1:0.30245776777041816,(nd5:0.4245692193831361,((nd21:1.3285904538341782,nd22:0.058853351621945604)nd7:1.3244107399522553,(((nd23:1.214016209847361,((nd33:0.07401009263064029,nd34:0.7698511975447777)nd27:0.1946162702688275,(nd43:0.041331992350778585,nd44:0.041331992350778585)nd28:0.9231354754628266)nd24:0.24954874203375518)nd15:0.3884293425287511,((nd31:0.7931485549389496,nd32:0.3380177695166651)nd17:0.7733611938907862,(nd25:1.0679244175415494,nd26:1.0679244175415494)nd18:0.4985853312881865)nd16:0.035935803546375725)nd11:0.5727350574108221,(nd19:0.17311792582766367,((nd41:0.01868109278032364,nd42:0.10897318535844899)nd35:0.6205955911240136,nd36:0.7295687764824625)nd20:0.6049184415288924)nd12:0.840693391775579)nd8:0.47782058399949967)nd6:0.45997567713200904)nd2:0.302476885665827)root:0.030186243415731215)origin:0.0;
