sample	replicate	trs
1	1	((((((nd58:1.0610123161951444[&state=55],nd75:1.0610123161951446[&state=61])nd52:0.5609389403360048[&state=49],((nd72:0.4564152735165636[&state=49],nd73:0.4564152735165636[&state=0])nd68:0.03537079100251135[&state=23],nd69:0.4917860645190749[&state=40])nd53:1.1301651920120743[&state=44])nd37:4.076591197902793[&state=49],(nd46:3.144933204477892[&state=0],((nd66:0.5628310027130455[&state=45],nd67:0.5628310027130455[&state=6])nd56:0.5135811006797008[&state=45],(nd64:0.576824904869109[&state=45],nd65:0.576824904869109[&state=20])nd57:0.49958719852363737[&state=8])nd51:2.068521101085146[&state=49])nd44:2.5536092499560494[&state=21])nd28:1.0799521160391299[&state=31],nd29:6.778494570473072[&state=0])nd22:2.191878861225346[&state=16],((nd70:0.4635538988115345[&state=55],nd71:0.4635538988115345[&state=24])nd40:8.137221747506029[&state=30],nd54:8.600775646317562[&state=45])nd23:0.36959778538085675[&state=16])nd19:15.427778890028483[&state=16],((nd62:0.7413710232488313[&state=55],nd63:0.7413710232488313[&state=45])nd48:2.3745373633002878[&state=45],((nd76:0.1036804445437149[&state=30],nd77:0.1036804445437149[&state=5])nd60:0.8702482280136878[&state=55],nd61:0.9739286725574027[&state=61])nd49:2.1419797139917156[&state=40])nd38:21.282243935177785[&state=8])root:0.0[&state=16];
