sample	replicate	trs
1	1	(((((nd47:1.6748405663737145[&state=67],(nd51:1.2969297868990877[&state=36],nd52:1.2969297868990877[&state=102])nd48:0.37791077947462737[&state=11])nd37:1.1074662762878023[&state=98],(nd69:0.16870381998210535[&state=107],nd70:0.16870381998210535[&state=5])nd38:2.6136030226794107[&state=126])nd35:0.46355295281251296[&state=8],nd36:3.2458597954740265[&state=74])nd23:6.142291367584305[&state=28],(((nd67:0.17478591091552617[&state=4],nd68:0.17478591091552617[&state=0])nd33:3.1803116521841654[&state=13],nd45:3.3550975630996938[&state=28])nd15:4.979525066995643[&state=48],nd20:8.334622630095332[&state=87])nd12:1.0535285329630002[&state=6])nd3:4.675493696182567[&state=48],((((nd31:3.4933418399544687[&state=83],nd32:3.4933418399544687[&state=25])nd17:4.678874616460166[&state=6],(nd43:1.9299569821417104[&state=93],((nd57:0.7479627392651436[&state=22],nd58:0.7479627392651436[&state=63])nd53:0.47069737725515504[&state=49],nd54:1.218660116520299[&state=68])nd44:0.7112968656214109[&state=49])nd18:6.242259474272927[&state=30])nd7:3.5389224336313476[&state=22],(((nd61:0.6670222873476155[&state=126],nd62:0.6670222873476155[&state=19])nd29:3.3681293580871823[&state=108],(nd39:2.617366940749018[&state=66],(nd41:2.276966422765362[&state=25],(nd65:0.26463737850069124[&state=108],(nd71:0.050310829490820816[&state=5],nd72:0.050310829490820816[&state=5])nd66:0.21432654900987044[&state=5])nd42:2.012329044264672[&state=125])nd40:0.34040051798365556[&state=23])nd30:1.4177847046857794[&state=50])nd21:1.8016936177961662[&state=28],(nd55:1.0905880522227545[&state=121],nd56:1.0905880522227545[&state=6])nd22:4.746257211008209[&state=78])nd8:5.874293626815019[&state=7])nd5:0.7184844741098899[&state=23],((nd49:1.3253264556933808[&state=119],(nd59:0.7227570592694961[&state=14],nd60:0.7227570592694961[&state=5])nd50:0.6025693964238841[&state=18])nd27:7.211105417502784[&state=28],(nd63:0.5386819770742158[&state=33],nd64:0.5386819770742158[&state=67])nd14:7.997749896121946[&state=98])nd9:3.893191490959709[&state=7])nd4:1.6340214950850287[&state=7])nd1:0.0[&state=7];
