sample	replicate	trs
1	1	(((((nd27:0.10904869617799062,nd28:0.14650261913518564)nd17:1.3399800525013892,nd18:1.9943421864039645)nd13:0.24466079631877288,(nd33:0.38772445351458784,nd34:1.2086726918532105)nd14:1.8155127430898599)nd1:2.290926674759534,((((nd19:0.21268125785566305,(((nd71:0.0845620129974973,nd72:0.0845620129974973)nd51:1.2889461676049798,nd52:0.6623347514716501)nd31:1.9838828772535573,(((nd49:0.46196821562012724,((nd75:0.029500095621059808,nd76:0.029500095621059808)nd65:0.3563810468193925,nd66:0.3858811424404523)nd50:1.2107288575033002)nd47:0.4338602292389202,nd48:0.06376871443211247)nd35:1.1251069658305668,(((nd53:1.0987758795421287,nd54:0.17642379482871962)nd43:0.9802861477058402,(((nd73:0.042763504371011944,nd74:0.042763504371011944)nd67:0.11209954916911122,nd68:0.15486305354012317)nd61:0.2720959591935064,nd62:0.4269590127336296)nd44:1.7618191396213514)nd37:0.7526001773609305,nd38:2.941378329715912)nd36:0.21419886529732785)nd32:0.201813862842795)nd20:1.4915647044906657)nd9:0.6567789692941131,nd10:0.8187569884422464)nd5:1.4439883706994434,(((nd29:0.032726480081278576,((nd57:1.0505018702196613,nd58:1.0505018702196613)nd55:0.13581094025888532,(nd63:0.389258303311561,nd64:0.389258303311561)nd56:0.7970545071669857)nd30:2.2169206820193996)nd23:0.9137088567381948,(nd39:2.3868804475895113,nd40:2.3868804475895113)nd24:1.93006190164663)nd15:0.6506587690360093,nd16:0.3840939998503716)nd6:1.9821219840681061)nd3:0.026046992909713212,(((nd21:0.65583718159939,((nd41:0.10693433244959337,nd42:0.741590763735844)nd25:1.6151465234405897,nd26:0.4072243303422385)nd22:0.4844050747728408)nd11:0.9073581738543219,(nd45:2.0419283929240497,(nd59:0.4445258469710427,((nd77:0.012008727395518224,nd78:0.012008727395518224)nd69:0.10170427157529967,nd70:0.1137129989708179)nd60:0.33081284800022476)nd46:1.5974025459530072)nd12:3.2601406136858153)nd7:1.339675885566391,nd8:1.1148195410522606)nd4:0.3340252030737132)nd2:0.4558686434735104)root:0.23292126127651924)origin:0.0;
