sample	replicate	trs
1	1	((((nd153:0.10043751209281901,nd154:0.10043751209281901)nd131:1.7518814075947402,nd132:1.8523189196875591)nd95:8.440587881157285,nd113:10.29290680084484)nd28:10.859009952462571,(((((nd155:0.06311473138634324,nd156:0.06311473138634324)nd149:2.535623927799505,(nd139:1.2906054230833492,nd140:1.2906054230833492)nd124:1.308133236102499)nd91:3.152226821125343,(nd111:3.4435301454933827,(nd137:1.3750907357671431,(nd151:0.1037822826552101,nd152:0.1037822826552101)nd138:1.2713084531119332)nd112:2.0684394097262397)nd109:2.3074353348178067)nd81:0.14729503280861223,((nd125:2.2779813782312206,(nd143:1.0008927920886626,nd144:1.0008927920886626)nd126:1.2770885861425587)nd115:1.0611751988835,nd147:3.339156577114722)nd98:2.559103936005081)nd62:5.329034050601804,((nd135:1.450737669006741,(nd141:1.0523878905325545,nd142:1.0523878905325545)nd136:0.3983497784741868)nd121:3.90700575168923,nd146:5.357743420695972)nd77:5.8695511430256335)nd31:9.924622189585811)nd2:0.0;
