sample	replicate	trs
1	1	((nd23:1.6399998726716307[&state=46],((nd39:0.6517496003553117[&state=66],nd40:0.6517496003553117[&state=75])nd27:0.4885840373066159[&state=46],(nd29:1.0099103056977505[&state=77],(nd45:0.36223096875106403[&state=37],nd46:0.36223096875106403[&state=45])nd30:0.6476793369466868[&state=37])nd28:0.13042333196417702[&state=31])nd24:0.4996662350097031[&state=67])nd13:14.920900993890175[&state=87],(((nd21:1.641430151143745[&state=45],(nd35:0.870633349953683[&state=77],(((nd43:0.47880930995953735[&state=32],nd44:0.47880930995953735[&state=16])nd41:0.002580210765337001[&state=106],(nd47:0.35991520714348013[&state=5],nd48:0.35991520714348013[&state=29])nd42:0.12147431358139421[&state=17])nd37:0.21395636072079804[&state=106],nd38:0.6953458814456722[&state=43])nd36:0.1752874685080107[&state=123])nd22:0.7707968011900622[&state=86])nd17:2.353968086066814[&state=12],nd18:3.995398237210558[&state=16])nd15:0.6939707596524243[&state=8],((nd49:0.20491976004245038[&state=103],nd50:0.20491976004245038[&state=6])nd31:0.7748765876182949[&state=125],((nd51:0.17053124395230046[&state=5],nd52:0.17053124395230046[&state=2])nd33:0.7913037762514529[&state=19],nd34:0.9618350202037532[&state=46])nd32:0.017961327456991947[&state=31])nd25:3.7095726492022383[&state=108])nd10:11.871531869698822[&state=28])nd2:0.0[&state=6];
