sample	replicate	trs
1	1	(((nd19:0.8752280783402746[&state=108],(nd25:0.5251290779219814[&state=87],nd26:0.5251290779219814[&state=120])nd20:0.35009900041829356[&state=108])nd15:0.1734403196485943[&state=108],nd16:1.0486683979888693[&state=120])nd1:2.554252883535798[&state=25],((((nd51:0.093506762664768[&state=120],nd52:0.093506762664768[&state=56])nd11:1.323315626047984[&state=120],(nd27:0.5025217606403801[&state=108],(nd45:0.15282431121215825[&state=120],nd46:0.15282431121215825[&state=87])nd28:0.34969744942822195[&state=120])nd12:0.9143006280723704[&state=84])nd9:0.04284044566528153[&state=11],(((nd21:0.7378424111675177[&state=120],((nd49:0.09788333815769883[&state=87],(nd59:0.04025952211399044[&state=2],nd60:0.04025952211399044[&state=120])nd50:0.057623816043708385[&state=120])nd43:0.05677019915649602[&state=120],nd44:0.15465353731419487[&state=84])nd22:0.5831888738533229[&state=120])nd17:0.2793822087990375[&state=107],(nd39:0.17866406337883775[&state=120],nd40:0.17866406337883775[&state=98])nd18:0.8385605565877176[&state=108])nd13:0.12600664935935993[&state=104],((((nd37:0.23812400040881557[&state=120],nd38:0.23812400040881557[&state=120])nd33:0.0938397326458584[&state=120],(nd57:0.043888675111907034[&state=81],nd58:0.043888675111907034[&state=106])nd34:0.2880750579427667[&state=120])nd29:0.1509306790909081[&state=120],(nd47:0.12099045283334214[&state=98],nd48:0.12099045283334214[&state=31])nd30:0.36190395931224006[&state=120])nd23:0.08833418450709112[&state=120],(nd31:0.38838453898744313[&state=105],(nd41:0.17771621977862093[&state=107],nd42:0.17771621977862093[&state=87])nd32:0.21066831920882223[&state=120])nd24:0.18284405766523015[&state=120])nd14:0.5720026726732418[&state=120])nd10:0.31643156505211684[&state=48])nd5:1.4518920893918985[&state=104],((nd53:0.06364844963286255[&state=26],nd54:0.06364844963286255[&state=108])nd7:2.1589801548609446[&state=108],((nd55:0.05350747691891313[&state=0],nd56:0.05350747691891313[&state=98])nd35:0.25299079000244956[&state=98],nd36:0.3064982669213627[&state=120])nd8:1.9161303375724454[&state=120])nd6:0.6889263192761232[&state=6])nd3:0.6913663577547364[&state=6])root:0.0[&state=6];
