sample	replicate	trs
1	1	((nd7:9.658523535005306,((nd33:0.20185514416442382,nd34:0.20185514416442382)nd13:5.4337086908218,((nd29:0.26968404881111935,nd30:0.26968404881111935)nd27:0.3431708302820531,nd28:0.6128548790931724)nd14:5.022708955893053)nd11:4.022959700019089)nd1:5.243085924034104,(((nd31:0.26902948600217474,nd32:0.26902948600217474)nd15:8.207231148433625,(nd19:3.5766302038703084,(nd21:1.7506027345991133,(nd23:0.8153182412562449,(nd25:0.7629886423387924,nd26:0.7629886423387924)nd24:0.05232959891745256)nd22:0.9352844933428689)nd20:1.8260274692711917)nd10:4.899630430565485)nd3:1.7580723408230639,(nd17:4.939480737707617,nd18:4.939480737707617)nd6:5.294852237551238)nd2:4.667276483780556)root:0.0;
