sample	replicate	trs
1	1	(((((nd7:3.1400897257754026,(nd29:1.4689462641542947,nd30:1.4689462641542947)nd8:6.845968516997523)nd5:0.062007101488380054,((nd15:5.129595593591942,(nd31:0.7472724090420281,nd32:0.7472724090420281)nd16:4.3823231845499135)nd11:0.6428789389995796,nd12:5.772474532591521)nd6:2.6044473500486753)nd3:1.15640451914705,(nd23:3.574029451933508,nd24:3.574029451933508)nd4:5.959296949853739)nd1:2.8413324576291084,(nd9:0.8116611800128356,((nd19:4.149325070839707,nd20:4.149325070839707)nd13:1.0265679975344209,(nd17:4.899617083719627,((nd27:2.0475612660407303,nd28:2.0475612660407303)nd21:1.540588608374077,(nd25:3.39870224074104,nd26:3.39870224074104)nd22:0.18944763367376719)nd18:1.3114672093048192)nd14:0.27627598465450065)nd10:2.2604787358322587)nd2:4.938287055209969)root:6.419241140583642)origin:0.0;
