sample	replicate	trs
1	1	(((nd33:3.1567030499483546,nd34:3.1567030499483546)nd23:4.567948806764493,nd29:7.724651856712845)nd18:6.854231486431835,(((((nd75:0.3003745475661811,(nd83:0.009764293379940414,nd84:0.009764293379940414)nd76:0.2906102541862407)nd71:0.36036950692835057,nd72:0.6607440544945318)nd59:0.5551934509977365,nd65:1.2159375054922683)nd47:0.39308180455007347,(nd49:1.603391615666968,((nd79:0.2161436617702396,nd80:0.2161436617702396)nd77:0.01493519428380119,(nd81:0.11413698498513632,nd82:0.11413698498513632)nd78:0.1169418710689045)nd50:1.3723127596129272)nd48:0.005627694375373759)nd20:12.074317697170986,((nd67:0.6915337562227403,(nd85:0.007837324540543644,nd86:0.007837324540543644)nd68:0.6836964316821966)nd21:7.440443737948139,(((((nd57:1.2195090991800785,nd58:1.2195090991800785)nd55:0.0003463839104637659,(nd73:0.5791406547885302,nd74:0.5791406547885302)nd56:0.6407148283020122)nd45:0.47447276339469907,nd46:1.6943282464852416)nd37:1.1380697275650595,((nd41:1.8008446437390182,((nd61:0.9505341638379324,(nd63:0.7726769086002314,nd69:0.7726769086002314)nd62:0.17785725523770102)nd51:0.5288430626210798,(nd53:1.2567534334029253,nd54:1.2567534334029253)nd52:0.2226237930560867)nd42:0.32146741728000594)nd39:0.20914974488676202,nd43:2.0099943886257803)nd38:0.8224035854245206)nd31:0.6500557987188895,nd36:3.4824537727691904)nd22:4.64952372140169)nd16:5.551359513042449)nd6:0.8955463359313529)nd3:0.0;
