sample	replicate	trs
1	1	((((nd10:7.504296714395921[&state=0],nd11:1.4469796872985068[&state=0]):1.407262752992903[&state=16],(((nd40:1.3568038055431928[&state=0],nd41:1.3568038055431928[&state=0]):6.291835468473512[&state=0],((nd22:2.6321025282413935[&state=0],nd23:3.156963799703989[&state=0]):0.4416480434880535[&state=0],(nd24:3.04191840206261[&state=0],nd25:3.04191840206261[&state=0]):0.5566934411294326[&state=0]):4.050027430824662[&state=0]):0.7950216613308125[&state=0],((((nd34:0.5244438313010287[&state=0],nd35:1.9618934746738645[&state=0]):2.7584700027529805[&state=0],(nd28:0.2999373620587038[&state=0],nd29:2.772462303403137[&state=0]):1.8767441586462261[&state=0]):0.8861999786246721[&state=0],(nd30:2.6922305948186267[&state=0],(nd38:1.6907748990608922[&state=0],((nd46:0.1620131857904459[&state=0],nd47:0.33616157543155245[&state=0]):0.15571657672529504[&state=0],nd43:0.4918781521568475[&state=0]):1.1988967469040448[&state=0]):1.001455695757734[&state=0]):2.9143328612328903[&state=0]):0.07795575186420553[&state=0],(nd16:5.083221893414958[&state=0],nd17:0.9272919194701527[&state=0]):0.3173525104076047[&state=0]):2.759141727431795[&state=0]):0.4678985320413053[&state=0]):1.0264736824288487[&state=0],(nd26:2.9832924806118055[&state=0],(nd32:1.9707816292558198[&state=0],((nd44:0.48754044151096854[&state=0],nd45:0.48754044151096854[&state=0]):1.4716348739705356[&state=0],nd37:1.9591753154815041[&state=0]):0.011606313774315525[&state=0]):1.0125108513559855[&state=0]):6.954740669205866[&state=0]):13.855666850182327[&state=16]):0.0[&state=16];
