sample	replicate	trs
1	1	(((nd97:2.266643248164171,(nd101:0.8734511625983055,nd102:0.8734511625983055)nd87:1.393192085565866)nd52:9.133964481251445,(((nd89:1.1513156935737665,(nd99:0.8751279556639263,nd100:0.8751279556639263)nd90:0.27618773790983997)nd83:0.15295352222350905,nd84:1.3042692157972755)nd67:4.276267124005771,((nd71:3.604821863614847,nd62:3.604821863614849)nd53:1.844326047107167,((nd75:1.962630671558509,((nd111:0.1470218747660407,nd112:0.1470218747660407)nd79:1.1958172195994317,((nd93:1.114177266756308,nd94:1.114177266756308)nd85:0.15608432030904926,nd86:1.2702615870653573)nd80:0.07257750730011528)nd76:0.6197915771930363)nd55:2.7006320068268637,(nd73:2.0554633209158455,nd74:2.0554633209158455)nd56:2.6077993574695264)nd54:0.7858852323366418)nd50:0.13138842908103118)nd28:5.82007138961257)nd19:1.940607709381442,((nd108:4.448152621884546,(nd109:0.2224340059153686,nd110:0.2224340059153686)nd58:4.225718615969177)nd48:3.457283261371192,(((nd91:1.114641120526502,nd103:1.114641120526502)nd81:0.21627464883413935,(nd105:0.7394057344467038,nd106:0.7394057344467038)nd82:0.5915100349139376)nd63:1.9040200056923127,((nd95:1.0438312898264694,nd96:1.0438312898264694)nd77:0.32649342948535715,nd78:1.3703247193118269)nd64:1.8646110557411273)nd42:4.670500108202783)nd26:5.4357795555413215)nd8:0.0;
