sample	replicate	trs
1	1	((((((((nd19:2.6677989346182236,(nd27:0.49781027403802464,(nd31:0.20641017214992993,nd32:0.20641017214992993)nd28:0.29140010188809473)nd20:2.1699886605801977)nd15:1.373530813730992,(nd33:0.19430277332726664,nd34:0.19430277332726664)nd16:3.84702697502195)nd9:1.4573219358453442,(nd17:3.394039480640718,((nd23:1.735856564208338,nd24:1.735856564208338)nd21:0.8430736576292864,nd22:1.1586656175800816)nd18:0.8151092588030906)nd10:2.104612203553844)nd7:0.1910105779282888,(nd11:5.21909487319009,(nd13:4.973949633894864,nd14:1.4373982695821212)nd12:0.24514523929522467)nd8:0.47056738893276306)nd5:0.4174524311373287,nd6:6.107114693260182)nd3:0.8754838012099463,nd4:4.576883010537577)nd1:0.7981592903829305,(nd25:1.7104138455252822,(nd29:0.37946429631132866,nd30:0.37946429631132866)nd26:1.3309495492139538)nd2:6.07034393932777)root:3.369642215146958)origin:0.0;
