sample	replicate	trs
1	1	((((nd25:0.7573243332410127[&state=3],nd26:0.7573243332410127[&state=2]):0.5993955501210725[&state=2],nd4:1.356719883362085[&state=2]):0.24954272198411703[&state=2],(((nd33:0.2706230971582693[&state=4],nd34:0.2706230971582693[&state=4]):0.9682000154385715[&state=4],(((nd39:0.13635653375493395[&state=4],nd40:0.13635653375493395[&state=4]):0.9729073767215067[&state=4],nd20:1.1092639104764408[&state=4]):0.12599507441741958[&state=4],((nd15:1.1519003217722357[&state=16],(nd17:1.1123281657045885[&state=4],(nd27:0.5221306969058571[&state=4],(nd29:0.3778826338791243[&state=5],(nd31:0.3705353756271208[&state=2],nd32:0.3705353756271208[&state=19]):0.007347258252003516[&state=19]):0.14424806302673274[&state=19]):0.5901974687987314[&state=46]):0.03957215606764729[&state=4]):0.041129435827864[&state=4],(nd21:0.9488582322883261[&state=4],(nd37:0.15342356640324173[&state=4],nd38:0.15342356640324173[&state=4]):0.7954346658850843[&state=4]):0.24417152531177372[&state=4]):0.0422292272937605[&state=4]):0.003564127702980599[&state=4]):0.06405927804996052[&state=4],(((nd35:0.26279438102730307[&state=2],nd36:0.26279438102730307[&state=15]):0.6817984687901986[&state=15],nd24:0.9445928498175018[&state=2]):0.2420999942784659[&state=2],nd14:1.1866928440959676[&state=3]):0.11618954655083379[&state=37]):0.30338021469940074[&state=37]):3.1155173946537977[&state=31]):0.0[&state=1];
