sample	replicate	trs
1	1	((((((nd9:7.389392464278566,(((nd15:0.5785987334260774,((nd37:0.05631812467448192,(nd39:0.03219524105986209,nd40:0.03219524105986209)nd38:0.024122883614619835)nd35:0.01790110750780999,nd36:0.07421923218229191)nd16:5.136047805165471)nd13:0.23341952394681173,nd14:5.443686561294574)nd11:0.5214762389772764,(nd31:0.5249833427003451,nd32:0.5249833427003451)nd12:5.4401794575715074)nd10:1.4242296640067154)nd7:2.4207276605456265,((nd33:0.23004319112494895,nd34:0.23004319112494895)nd29:0.8591425058135318,nd30:1.0891856969384812)nd8:8.72093442788571)nd5:5.0017493106709985,nd6:14.81186943549519)nd3:0.06747468980694529,nd4:14.879344125302133)nd1:2.6305231054281975,((nd25:1.4293634654817644,nd26:1.4293634654817644)nd17:3.4651865117143106,(((nd27:1.1952640804606975,nd28:1.1952640804606975)nd23:0.2785828678031215,nd24:1.4738469482638192)nd19:3.0277935350734624,(nd21:3.218286244408586,nd22:3.218286244408586)nd20:1.2833542389286954)nd18:0.39290949385879315)nd2:12.61531725353426)root:5.131732769269666)origin:0.0;
