sample	replicate	trs
1	1	(((((((((nd48:0.33282317821619145,((nd66:1.219442126273332,((((nd84:0.028562949150957112,nd85:0.028562949150957112)nd78:0.3261958975468243,nd79:0.030338143410552135)nd70:0.5257418288847566,nd71:0.8805006755825382)nd68:0.1757213582578735,nd69:0.23138774430056047)nd67:0.16322009243292027)nd60:0.3561320433067821,nd61:1.5755741695801142)nd49:0.7439876082442463)nd40:0.6222167641452502,nd41:0.4969958212954046)nd34:1.7240846379885628,nd35:0.6055071384215802)nd24:1.5161739735671729,nd25:2.6675152600181096)nd8:4.7117762910058865,nd9:1.3486548898488702)nd6:0.22311917853745253,nd7:4.8871164965965)nd4:0.08183300775750343,((nd16:2.9687103327048723,(nd32:5.404705714606152,(nd36:2.1028673678049046,nd37:2.7180744533428705)nd33:1.6440787729879003)nd17:3.9753824323069615)nd12:0.03870784000971713,nd13:6.204828573765387)nd5:1.3317459541924428)nd2:0.6536546175814162,((nd14:0.05586283651835746,((nd20:2.743834405349846,((nd28:3.7963911955149987,((((nd44:2.394984606221274,nd45:0.6719289462563014)nd42:0.0191035601187551,(nd52:1.1750027424471243,nd53:0.1717319363332835)nd43:0.44290339604976814)nd38:0.7333238391550825,(nd46:0.7985986783750211,(((((nd80:0.2872153187784642,nd81:0.2872153187784642)nd64:0.9907967124551467,(nd72:0.8407846196244115,(nd74:0.6597342352068577,nd75:0.6597342352068577)nd73:0.18105038441755364)nd65:0.43722741160919937)nd56:0.5759712601575802,(nd58:1.84822012148394,(nd82:0.25212671975140205,nd83:0.25212671975140205)nd59:1.5960934017325379)nd57:0.005763169907251038)nd54:0.05260053950303374,nd55:1.906583830894225)nd50:0.2529303283663024,((nd76:0.35573156441733067,nd77:0.35573156441733067)nd62:1.1391800021189373,nd63:0.7210104578007128)nd51:0.6646025927242591)nd47:0.19468836744081308)nd39:0.7932094787937722)nd30:2.7206554562890983,nd31:0.6806493386567751)nd29:0.1490677901375776)nd22:0.31020190939318615,nd23:0.11571917097870123)nd21:0.9298362574366115)nd18:1.3227508027100594,(nd26:0.5443261134530305,nd27:1.5464613597248396)nd19:2.4548109664419746)nd15:1.267386963394943)nd10:0.4783207021460947,nd11:1.1494233954757986)nd3:1.5267883614049222)root:2.7025797515924)origin:0.0;
