sample	replicate	trs
1	1	(((((nd7:8.294854929735267[&state=0],(((nd35:4.439530599611839[&state=0],(nd65:0.07208262510771726[&state=77],nd66:0.07208262510771726[&state=2]):4.367447974504122[&state=77]):3.7167783752553483[&state=7],nd28:2.200895680938465[&state=0]):3.6898189727319886[&state=0],nd14:8.23841969975126[&state=1]):1.3654292186378458[&state=0]):1.9146143995180211[&state=0],(((((nd49:2.490318611265822[&state=9],(nd55:1.9567116350513265[&state=9],nd56:1.9567116350513265[&state=18]):0.5336069762144956[&state=1]):1.6285121992441158[&state=1],nd40:2.2946002757378445[&state=1]):0.20352414565127624[&state=1],(nd43:0.9510026885333543[&state=1],(nd61:0.637996681498546[&state=77],nd62:0.637996681498546[&state=15]):3.204571683508733[&state=15]):0.47978659115393507[&state=1]):6.992595035354592[&state=1],((nd53:0.07425131151746595[&state=0],nd54:2.1583522906079122[&state=0]):6.7921280166847025[&state=0],nd24:3.8644166051726194[&state=0]):2.3644696842231907[&state=0]):0.9880477488430445[&state=7],((((nd29:7.157884700259564[&state=9],(nd47:2.832248293045591[&state=1],nd48:2.673973857490908[&state=1]):4.325636407213974[&state=1]):1.9188549131523915[&state=7],nd22:1.388717304353051[&state=0]):0.4488042609189604[&state=0],nd20:5.81054395089097[&state=0]):0.36002583082772244[&state=0],(nd25:2.278826197592378[&state=0],nd26:6.366911650525899[&state=0]):1.2596029410932361[&state=0]):2.417428035200208[&state=0]):2.8231738253961938[&state=7]):1.1853131691677892[&state=0],((nd31:2.417628697473823[&state=0],nd32:0.4656872079213512[&state=0]):6.208817249931577[&state=0],((nd51:1.9000772050351808[&state=0],nd52:2.3872191911238145[&state=29]):4.117946692775101[&state=0],((nd45:0.8029980638902031[&state=0],nd46:3.0603543602022456[&state=0]):0.8816295117062521[&state=0],(((nd63:0.24558985589060162[&state=0],nd64:0.24558985589060162[&state=0]):0.9265498069715904[&state=0],nd60:1.1721396628621918[&state=0]):0.129778570279247[&state=0],nd58:1.3019182331414387[&state=0]):2.6400656387670587[&state=0]):2.5631820119904183[&state=7]):6.328897094898491[&state=0]):3.4774217561254264[&state=0]):3.8826082290747603[&state=0],nd2:3.9795889501472805[&state=6]):0.11790703600240639[&state=22]):0.0[&state=22];
