sample	replicate	trs
1	1	((((((nd27:0.21869415260060723,nd28:0.21869415260060723)nd13:0.3906098776975268,(nd37:0.11099011824719597,nd38:0.11099011824719597)nd14:0.49831391205093833)nd9:0.226987270670202,(nd33:0.13539095181281371,nd34:0.13539095181281371)nd10:0.7009003491555227)nd3:0.24988254180135888,nd4:1.0861738427696954)nd1:3.889362154846856,(((nd15:0.5999031446849441,((nd21:0.3430505015729454,nd22:0.3430505015729454)nd17:0.18451049669674066,(nd23:0.3285927682290796,nd24:0.3285927682290796)nd18:0.19896823004060643)nd16:0.07234214641525723)nd7:0.26991801635650275,(nd19:0.47809104401148733,(((nd39:0.10298720766268996,nd40:0.10298720766268996)nd29:0.1042456619885766,(nd31:0.0008267285485613964,nd32:0.20202544492213587)nd30:0.005207424729130784)nd25:0.09218406071799638,nd26:0.2994169303692631)nd20:0.17867411364222407)nd8:0.39173011702995914)nd5:0.13533465497714192,((nd35:0.12266542768843411,nd36:0.12266542768843411)nd11:0.4943661842359564,(nd41:0.058738100684228,nd42:0.058738100684228)nd12:0.5582935112401626)nd6:0.3881242040941977)nd2:3.9703801815979625)root:10.295964002383437)origin:0.0;
