sample	replicate	trs
1	1	((((nd53:0.8962328311921935,((nd77:0.3099439410764365,nd78:0.3099439410764365)nd67:0.25074211528663515,(nd83:0.14466404280740489,nd84:0.14466404280740489)nd68:0.4160220135556668)nd54:0.3355467748291216)nd41:0.30740541371528685,((nd89:0.02983328058160022,nd90:0.02983328058160022)nd65:0.8576170893200141,nd63:0.8874503699016141)nd42:0.31618787500586626)nd21:1.80644491268373,((nd49:1.0695346637114997,nd50:1.0695346637114997)nd45:0.0800172406774519,(nd61:0.6816172933512156,nd62:0.6816172933512156)nd46:0.4679346110377361)nd22:1.860531253202259)nd3:4.6925556853864085,((((nd35:1.5359797923346696,(((nd75:0.3957466540155029,nd76:0.3957466540155029)nd51:0.6303685372563493,nd52:1.0261151912718522)nd37:0.4940202298720439,((nd85:0.10835222824820873,nd86:0.10835222824820873)nd47:1.0139437391427246,((nd80:0.5575137821773046,(nd71:0.5372625595116196,nd72:0.5372625595116196)nd70:0.020251222665684895)nd59:0.22553416815013755,(nd73:0.4637679087367962,(nd87:0.04399349392623011,nd88:0.04399349392623011)nd74:0.4197744148105661)nd60:0.3192800415906462)nd48:0.33924801706349106)nd38:0.3978394537529627)nd36:0.01584437119077476)nd27:0.6154005946435958,nd32:2.1513803869782646)nd17:3.9573109025773823,nd16:6.108691289555648)nd8:0.9774283063749036,(((nd43:1.1523025974108454,nd81:1.1523025974108454)nd25:1.0798687203411237,nd40:2.232171317751969)nd19:2.286700653753882,nd34:4.51887197150585)nd6:2.567247624424702)nd2:0.616519247047065)root:0.0;
