sample	replicate	trs
1	1	((nd10:8.911559467388823[&state=0],(((nd40:1.3568038055431928[&state=0],nd41:1.3568038055431928[&state=0])nd8:6.291835468473512[&state=0],(nd23:3.5986118431920424[&state=0],(nd24:3.04191840206261[&state=0],nd25:3.04191840206261[&state=0])nd21:0.5566934411294326[&state=0])nd9:4.050027430824662[&state=0])nd6:0.7950216613308125[&state=0],(nd35:5.606563456051518[&state=0],(nd30:2.6922305948186267[&state=0],(nd38:1.6907748990608922[&state=0],(nd47:0.4918781521568475[&state=0],nd43:0.4918781521568475[&state=0])nd39:1.1988967469040448[&state=0])nd31:1.001455695757734[&state=0])nd15:2.9143328612328903[&state=0])nd12:2.837097479296[&state=0])nd5:0.4678985320413053[&state=0])nd2:1.0264736824288487[&state=0],(nd26:2.9832924806118055[&state=0],(nd32:1.9707816292558198[&state=0],((nd44:0.48754044151096854[&state=0],nd45:0.48754044151096854[&state=0])nd36:1.4716348739705356[&state=0],nd37:1.9591753154815041[&state=0])nd33:0.011606313774315525[&state=0])nd27:1.0125108513559855[&state=0])nd3:6.954740669205866[&state=0])root:0.0[&state=16];
