sample	replicate	trs
1	1	((nd9:1.4612107391750877,((nd39:0.19562491539839652,nd40:0.19562491539839652)nd13:0.9597477709959202,(nd15:0.9976842423019948,(nd43:0.030072121149071783,nd44:0.030072121149071783)nd16:0.967612121152923)nd14:0.15768844409232194)nd10:0.3058380527807708)nd1:0.3279417374474797,((((nd37:0.42619942648078807,nd32:0.426199426480788)nd11:0.8618228162271315,(nd27:0.5172784980088192,nd28:0.5172784980088192)nd12:0.7707437446991003)nd5:0.3464888211857068,(nd7:1.5189088788904523,(nd33:0.9189715080137213,((nd41:0.13778301403402363,nd42:0.13778301403402363)nd29:0.31399551908104434,nd30:0.4517785331150679)nd23:0.4671929748986534)nd8:0.5999373708767309)nd6:0.11560218500317412)nd3:0.07374343567735235,(nd35:0.2258257350093534,nd36:0.2258257350093534)nd4:1.4824287645616252)nd2:0.08089797705158865)root:0.0;
