sample	replicate	trs
1	1	(((nd55:0.9424822970324094[&state=6],nd63:0.9424822970324094[&state=6])nd34:4.454568431682386[&state=6],(((nd49:1.1005614045771392[&state=6],(nd61:0.531703799782175[&state=6],nd62:0.531703799782175[&state=6])nd50:0.5688576047949644[&state=6])nd35:0.8975830358873091[&state=6],((((nd71:0.02465849474108713[&state=6],nd72:0.02465849474108713[&state=6])nd69:0.013055012860693287[&state=6],nd70:0.03771350760178042[&state=6])nd57:0.7447974390404845[&state=6],nd58:0.7825109466422648[&state=2])nd47:0.40137271382610323[&state=6],nd48:1.1838836604683678[&state=6])nd36:0.8142607799960805[&state=6])nd30:3.395112724259631[&state=6],(((nd45:1.2378820914489697[&state=6],nd68:1.2378820914489699[&state=6])nd41:0.14059917444748365[&state=6],nd53:1.3784812658964531[&state=6])nd39:0.181625451185217[&state=6],(nd59:0.5540153811054231[&state=24],nd60:0.5540153811054231[&state=2])nd40:1.0060913359762471[&state=24])nd28:3.833150447642409[&state=6])nd18:0.0037935639907154765[&state=6])nd9:3.4001234580678776[&state=6],((nd43:1.2775534407049434[&state=0],nd51:1.2775534407049431[&state=0])nd31:2.073435286332037[&state=0],(nd37:1.7197793055889832[&state=0],nd38:1.7197793055889832[&state=0])nd32:1.6312094214479969[&state=0])nd22:5.446185459745693[&state=0])root:0.0[&state=22];
