sample	replicate	trs
1	1	((((nd9:0.39477907303819565,(nd11:4.184184583150024,(nd27:1.7162094824140053,nd28:3.3119375034276026)nd12:2.527371888364029)nd10:1.1954839350375344)nd3:2.655442430267512,((nd7:0.33615773541987626,((nd15:0.7238758639894142,(((((nd43:1.5497411412634452,nd44:1.5497411412634452)nd41:0.42081462650864815,nd42:0.10804341402830796)nd33:0.7775446804415008,(nd49:0.6301041440384662,nd50:0.03099392603772774)nd34:2.117996304175128)nd29:0.5322897181940568,nd30:3.280390166407651)nd19:0.44131487983160383,(nd21:3.5135185033081746,(((nd47:0.7767877711610675,nd48:0.7767877711610675)nd37:1.4429861255229919,(nd53:0.5547714084521129,nd54:0.5547714084521129)nd38:1.6650024882319465)nd25:1.143907953022604,(((nd51:0.5940603511446954,(nd57:0.32155941676891164,nd58:0.32155941676891164)nd52:0.27250093437578377)nd45:0.5328530723433974,nd46:1.1269134234880929)nd31:1.980996620345706,nd32:3.1079100438337983)nd26:0.2557718058728651)nd22:0.32127267728601255)nd20:0.0367505192465787)nd16:1.7133233798187155)nd13:0.15294518987369735,((nd23:0.8152654140300039,nd24:3.5767253101991145)nd17:0.46479583953994225,((nd55:0.4018474076776965,nd56:0.4018474076776965)nd35:1.8559173754092946,(nd39:2.1969080267831234,nd40:2.1969080267831234)nd36:0.060856756303867166)nd18:1.7837563666520662)nd14:1.5464524661926102)nd8:3.416908018813972)nd5:0.05841528359182093,nd6:0.8684307374172207)nd4:0.6269388387592182)nd1:4.330719930893354,nd2:0.9057473910123889)root:0.09094431200995984)origin:0.0;
