sample	replicate	trs
1	1	((((((nd35:1.1025801346823134[&state=0],nd36:1.1025801346823134[&state=0]):5.978277640779986[&state=0],((((nd19:5.461411036338979[&state=10],nd20:5.461411036338979[&state=0]):0.11108552558547904[&state=0],(nd37:0.52460066848545[&state=0],nd38:0.52460066848545[&state=8]):5.0478958934390095[&state=0]):1.0408342322244424[&state=0],nd12:0.4434626085120829[&state=0]):0.24404574735464957[&state=0],((nd25:4.7555384222658414[&state=0],nd26:3.7771709500142547[&state=0]):1.0249825418263245[&state=0],((nd29:3.8798567448806267[&state=0],nd30:3.8798567448806267[&state=0]):0.905560840628069[&state=0],nd24:3.236453445919841[&state=0]):0.99510337858347[&state=0]):1.0768555774113853[&state=0]):0.2234812339587489[&state=0]):0.04677578352922677[&state=0],(((nd41:0.38030616939465806[&state=0],nd42:0.38030616939465806[&state=0]):0.030263296733189917[&state=0],nd40:0.41056946612784795[&state=0]):3.927453451456128[&state=0],nd28:4.338022917583976[&state=0]):2.7896106414075517[&state=0]):0.21342801220211688[&state=0],(nd43:0.03356658628836263[&state=7],nd44:0.03356658628836263[&state=0]):7.30749498490528[&state=7]):7.294416718535687[&state=0],((nd21:5.112979390987898[&state=0],(nd31:0.5286766333417359[&state=0],nd32:0.539836678435577[&state=0]):1.4672485029328175[&state=0]):0.9798767607069071[&state=0],(nd33:1.2830269455542547[&state=0],nd34:0.3354765292655427[&state=0]):4.809829206140551[&state=0]):8.542622138034524[&state=0]):6.055421710270673[&state=0]):0.0[&state=22];
