sample	replicate	trs
1	1	((((nd39:5.398036742545719[&state=6],nd40:5.398036742545719[&state=6])nd37:0.20272917461957707[&state=6],nd38:5.600765917165297[&state=6])nd36:3.1043475418537976[&state=6],nd26:8.705113459019094[&state=23])nd24:15.427984536691172[&state=6],((((nd49:0.9124128137715263[&state=0],nd50:0.9124128137715263[&state=0])nd29:5.876514321946631[&state=0],nd30:6.788927135718158[&state=0])nd15:6.227579424820749[&state=0],((nd33:5.875541414321615[&state=0],nd34:5.875541414321615[&state=0])nd21:5.523288102564109[&state=0],nd22:11.398829516885725[&state=0])nd16:1.6176770436531822[&state=0])nd13:1.9603628100780746[&state=0],(((nd47:1.55519657139132[&state=0],nd48:1.55519657139132[&state=0])nd46:5.653580273280237[&state=0],(nd41:4.6140175509408206[&state=0],nd44:4.6140175509408206[&state=0])nd28:2.5947592937307364[&state=0])nd17:5.326440648822141[&state=0],(nd31:6.786968842474954[&state=0],nd32:6.786968842474954[&state=0])nd18:5.748248651018744[&state=0])nd14:2.441651877123283[&state=0])nd6:9.156228625093283[&state=0])nd3:0.0[&state=22];
