sample	replicate	trs
1	1	((((nd7:5.126177291909091,(nd9:2.5750663359863686,nd10:2.0114747467685907)nd8:0.5298506284665148)nd3:0.4026122621451535,((nd31:2.093818907543739,nd32:2.093818907543739)nd15:2.5361571167564603,(((nd47:0.1757825465304581,((nd55:0.11712982920711201,nd56:0.11712982920711201)nd49:0.725465888422376,nd50:0.8425957176294879)nd48:0.22116060075285252)nd37:0.12083347247660568,nd38:1.1845897908589462)nd33:0.6466102006943886,(nd45:1.0671729869527768,nd46:1.0671729869527768)nd34:0.7640270046005581)nd16:2.798776032746865)nd4:1.6669956781534023)nd1:0.37250875508650244,((nd11:5.292106890638737,(nd21:1.6674274339935615,(((nd43:1.101316231685336,nd44:1.101316231685336)nd35:0.20406317645513877,nd36:1.3053794081404742)nd29:1.175567711070296,nd30:2.48094711921077)nd22:1.286997692060663)nd12:1.5241620793673027)nd5:0.9130521782625689,(nd13:0.46329811272760596,(((nd23:2.1562203292570334,((nd53:0.17045307911325283,nd54:0.17045307911325283)nd27:2.748265951699643,((nd41:1.1067323053609488,(nd51:0.4854421355637801,nd52:0.4854421355637801)nd42:0.6212901697971687)nd39:0.03889166217257904,nd40:1.145623967533528)nd28:1.7730950632793676)nd24:0.23067416823117068)nd19:1.2107680330071364,nd20:0.6717934919252042)nd17:0.1980891657325905,(nd25:0.10863830246102181,nd26:2.933976965691073)nd18:1.6242734320927201)nd14:0.38609295776307534)nd6:1.2608157133544369)nd2:0.4643213886387992)root:1.0211895424598958)origin:0.0;
