sample	replicate	trs
1	1	(((nd31:2.093818907543739[&state=3],nd32:2.093818907543739[&state=50])nd15:2.5361571167564603[&state=23],((((nd55:0.11712982920711201[&state=0],nd56:0.11712982920711201[&state=2])nd49:0.725465888422376[&state=8],nd50:0.8425957176294879[&state=1])nd48:0.3419940732294582[&state=8],nd38:1.1845897908589462[&state=81])nd33:0.6466102006943886[&state=0],(nd45:1.0671729869527768[&state=3],nd46:1.0671729869527768[&state=2])nd34:0.7640270046005581[&state=8])nd16:2.798776032746865[&state=0])nd4:2.039504433239905[&state=22],((nd11:5.292106890638737[&state=8],(((nd43:1.101316231685336[&state=81],nd44:1.101316231685336[&state=23])nd35:0.20406317645513877[&state=1],nd36:1.3053794081404742[&state=8])nd29:1.175567711070296[&state=7],nd30:2.48094711921077[&state=7])nd22:2.811159771427966[&state=7])nd5:0.9130521782625689[&state=48],(((nd53:0.17045307911325283[&state=23],nd54:0.17045307911325283[&state=0])nd27:2.748265951699643[&state=22],((nd41:1.1067323053609488[&state=2],(nd51:0.4854421355637801[&state=6],nd52:0.4854421355637801[&state=2])nd42:0.6212901697971687[&state=24])nd39:0.03889166217257904[&state=2],nd40:1.145623967533528[&state=6])nd28:1.7730950632793676[&state=24])nd24:1.6395313669708975[&state=23],nd26:4.558250397783793[&state=8])nd14:1.6469086711175123[&state=48])nd2:0.4643213886387992[&state=0])root:0.0[&state=22];
