sample	replicate	trs
1	1	(((nd13:4.624362709967128,(nd17:4.258637303219576,(nd35:0.6603919846586593,nd36:0.6603919846586593)nd18:3.5982453185609167)nd14:0.3657254067475489)nd5:2.5705900577870127,nd6:7.194952767754139)nd4:2.7228704537112423,(((nd27:1.3515153004203282,(nd39:0.4288844438390472,nd40:0.4288844438390472)nd28:0.9226308565812807)nd11:3.320308321535156,(nd19:4.053921029768146,(nd21:3.1470677941586946,nd22:3.1470677941586946)nd20:0.9068532356094496)nd12:0.617902592187336)nd9:1.4377329198480535,((nd29:1.0190793786205419,nd30:1.0190793786205419)nd15:3.587386563955029,(nd23:2.6070127387138013,((((nd37:0.564490940604914,nd38:0.564490940604914)nd33:0.12314708329571884,nd34:0.6876380239006329)nd31:0.09513005160376087,nd32:0.7827680755043939)nd25:1.2431011179093014,(nd41:0.11102570214555955,nd42:0.11102570214555955)nd26:1.9148434912681356)nd24:0.5811435453001029)nd16:1.99945320386177)nd10:1.5030905992279668)nd8:3.808266679661847)root:0.0;
