sample	replicate	trs
1	1	((nd13:1.6551278817196173[&state=31],(nd19:0.9888295924907834[&state=63],(nd29:0.5318570220658486[&state=11],nd30:0.5318570220658486[&state=7])nd20:0.45697257042493467[&state=29])nd14:0.6662982892288339[&state=7])nd5:3.626345400770184[&state=28],((nd25:0.6496636767270716[&state=0],(nd31:0.4940210770647929[&state=1],nd32:0.4940210770647929[&state=6])nd26:0.1556425996622785[&state=23])nd7:3.1491985942836713[&state=48],((nd21:0.7374497821253806[&state=9],(nd33:0.3761908293933347[&state=12],nd34:0.3761908293933347[&state=11])nd22:0.36125895273204583[&state=31])nd9:2.152117743136689[&state=8],((nd17:1.13704133647268[&state=7],nd23:1.13704133647268[&state=0])nd11:1.3007644596917625[&state=7],((nd27:0.6125889583597526[&state=28],nd28:0.6125889583597526[&state=1])nd15:0.7497860906925987[&state=7],nd16:1.3623750490523516[&state=7])nd12:1.0754307471120912[&state=1])nd10:0.45176172909762746[&state=7])nd8:0.9092947457486725[&state=7])nd6:1.4826110114790598[&state=7])nd3:0.0[&state=7];
