sample	replicate	trs
1	1	(((((((nd51:0.30432954667362777[&state=0],(nd53:0.27508770804887883[&state=0],(nd69:0.051132673717010316[&state=48],nd70:0.051132673717010316[&state=6]):0.22395503433186859[&state=22]):0.029241838624748905[&state=0]):0.23331142956448855[&state=0],(nd55:0.27152485211408817[&state=0],nd56:0.15084178674172766[&state=0]):0.26611612412402813[&state=0]):0.034618648711217836[&state=0],(((nd67:0.05445892804831649[&state=0],nd68:0.05445892804831649[&state=0]):0.40554707984179184[&state=0],nd44:0.30713864944290786[&state=1]):0.0408047899003746[&state=7],nd40:0.5008107977904829[&state=1]):0.07144882715885127[&state=7]):1.2922622637770538[&state=7],((nd21:1.0263527463132476[&state=48],(((((nd65:0.07101310120887916[&state=6],(nd71:0.027011256426016303[&state=6],nd72:0.027011256426016303[&state=6]):0.04400184478286285[&state=6]):0.3178341877938141[&state=6],nd50:0.38884728900269316[&state=22]):0.06150601719451314[&state=6],nd46:0.45035330619720637[&state=6]):0.28202021654582166[&state=6],nd30:0.31987131337108204[&state=1]):0.009900877674687315[&state=1],(nd41:0.41345848156561604[&state=1],((nd61:0.07735125553215617[&state=1],nd62:0.02193567281391126[&state=1]):0.11092681620504014[&state=1],nd60:0.1882780717371963[&state=7]):0.2940076944710378[&state=1]):0.2599886342094813[&state=1]):0.2840783458955324[&state=7]):0.2106378151316343[&state=0],(nd17:0.032813883673652976[&state=0],(nd19:1.0326472699868736[&state=0],(nd47:0.41015562432126096[&state=7],nd48:0.41015562432126096[&state=22]):0.6224916456656127[&state=48]):0.06667604103214576[&state=0]):0.13766725042586245[&state=0]):0.6275313272815057[&state=0]):0.31091658036166153[&state=48],nd4:0.1927236779823624[&state=6]):0.33407065580644807[&state=6],(((nd37:0.5027344830914151[&state=22],((nd63:0.07650974195241865[&state=7],nd64:0.07650974195241865[&state=0]):0.12299665671880011[&state=7],nd58:0.19950639867121875[&state=0]):0.30322808442019644[&state=7]):0.9362898678108648[&state=7],((((nd33:0.19525621059805562[&state=6],nd34:0.19528694134325517[&state=6]):0.19766466698806656[&state=6],nd26:0.332141898744656[&state=6]):0.15099122281159919[&state=6],nd24:0.9008747242681115[&state=6]):0.3886943665986244[&state=6],(nd15:0.1006790492834667[&state=6],nd16:0.28978053731811043[&state=6]):0.05589651646097246[&state=23]):0.14945526003554382[&state=23]):0.4818961385573619[&state=6],nd6:0.2685073756313436[&state=6]):0.5885886354348557[&state=6]):0.050120875105500534[&state=6]):0.0[&state=24];
