sample	replicate	trs
1	1	((nd2:3.8429635734946808,((nd12:1.2532027325634418,nd13:1.2532027325634418)nd4:0.07275811034608666,(nd6:1.2997216933445352,(((nd20:0.7900842590447827,nd21:0.7900842590447827)nd14:0.45226521334612174,(nd18:1.2026568191475302,nd19:1.2026568191475302)nd15:0.03969265324337465)nd8:0.02175615548393225,(nd10:1.2623951651046408,(((((nd30:0.12363146145553919,nd31:0.12363146145553919)nd28:0.0226105071111524,(nd34:0.027129623584155563,nd35:0.027129623584155563)nd29:0.11911234498253602)nd24:0.07600959988338699,nd25:0.22225156845007854)nd22:0.09800198135786792,((nd32:0.07912508914995142,nd33:0.07912508914995142)nd26:0.10621297815383085,nd27:0.18533806730378227)nd23:0.1349154825041642)nd16:0.9190319107988695,nd17:1.2392854606068162)nd11:0.023109704497824714)nd9:0.001710462770196022)nd7:0.03561606546969853)nd5:0.026239149564993167)nd3:2.5170027305851512)root:5.0223164265053235)origin:0.0;
