sample	replicate	trs
1	1	(nd1:4.752286579903146,(((nd23:0.5385734432803113,nd24:0.5385734432803113)nd7:2.3888652823537715,(((nd27:0.3414865147301174,nd28:0.3414865147301174)nd13:1.4475863657523684,((nd25:0.4871814520532445,(nd29:0.1655851813184535,nd30:0.1655851813184535)nd26:0.321596270734791)nd19:0.4385892720012772,nd20:0.9257707240545215)nd14:0.8633021564279643)nd11:0.08572554157115406,nd12:1.87479842205364)nd8:1.0526403035804421)nd3:0.9953240378313546,(nd5:3.3762777166323943,(nd9:2.6981605913146467,((nd17:0.9509943461748024,(nd21:0.7463270160784045,nd22:0.7463270160784045)nd18:0.20466733009639798)nd15:0.05263057763417853,nd16:1.0036249238089807)nd10:1.6945356675056653)nd6:0.6781171253177474)nd4:0.5464850468330433)nd2:0.8295238164377096)root:0.0;
