sample	replicate	trs
1	1	((((nd19:2.111228655464254[&state=80],nd20:2.111228655464254[&state=63])nd17:0.34514184215707605[&state=49],((nd47:0.3464147808202572[&state=80],nd48:0.3464147808202572[&state=120])nd27:0.7311777939353242[&state=120],(nd31:0.967185977865348[&state=120],nd32:0.967185977865348[&state=120])nd28:0.1104065968902333[&state=104])nd18:1.3787779228657484[&state=120])nd13:1.098332974290765[&state=78],(((((nd41:0.44013222681837166[&state=78],nd42:0.44013222681837166[&state=28])nd37:0.33943070801167435[&state=120],nd38:0.7795629348300456[&state=81])nd35:0.05024883994297689[&state=26],(nd39:0.5283062908075801[&state=120],(nd51:0.18788046309811898[&state=85],nd52:0.18788046309811898[&state=104])nd40:0.34042582770946117[&state=79])nd36:0.301505483965443[&state=104])nd25:0.27333643607353214[&state=105],(nd29:1.058647179855693[&state=81],nd30:1.058647179855693[&state=26])nd26:0.04450103099086216[&state=108])nd15:2.010050612768446[&state=104],(nd23:1.2912453038474083[&state=120],(nd45:0.3765322479264216[&state=104],nd46:0.3765322479264216[&state=105])nd24:0.9147130559209881[&state=104])nd16:1.821953519767591[&state=78])nd14:0.441504648297093[&state=78])nd6:7.757434098946231[&state=7],((nd9:5.746293603174848[&state=104],nd10:5.746293603174848[&state=108])nd7:1.0677608354177914[&state=7],((((nd49:0.25324109276403417[&state=14],nd50:0.25324109276403417[&state=24])nd33:0.5974168772781192[&state=106],nd34:0.850657970042153[&state=120])nd21:0.561878750936015[&state=120],nd22:1.4125367209781663[&state=80])nd11:4.127335542178282[&state=81],(nd43:0.4307736435276635[&state=107],nd44:0.4307736435276635[&state=104])nd12:5.109098619628783[&state=120])nd8:1.2741821754361926[&state=48])nd4:4.498083132265684[&state=48])root:0.0[&state=22];
