sample	replicate	trs
1	1	((nd330:8.754245856450375[&state=6],(nd316:2.572964889609752[&state=6],(nd328:1.9580858756120607[&state=6],nd311:1.9580858756120612[&state=6])nd297:0.6148790139976912[&state=6])nd270:6.181280966840623[&state=6])nd211:14.092650550315321[&state=6],((nd278:11.634261230382592[&state=6],(((nd323:0.9026751776030555[&state=6],(nd335:0.029808044000749597[&state=6],nd336:0.029808044000749597[&state=6])nd324:0.872867133602306[&state=6])nd317:0.19422844015390722[&state=6],nd318:1.0969036177569633[&state=6])nd309:2.9835985885685865[&state=6],(nd333:0.03439436614634702[&state=6],nd334:0.03439436614634702[&state=6])nd313:4.046107840179202[&state=6])nd274:7.553759024057043[&state=6])nd151:6.267831941822053[&state=6],((nd320:2.3724887401220434[&state=6],nd296:2.3724887401220425[&state=6])nd271:1.838075419577937[&state=6],(nd289:3.4013643102459485[&state=6],(nd331:0.11433914565546366[&state=6],(nd337:0.006022965061361376[&state=6],nd338:0.006022965061361376[&state=6])nd332:0.10831618059410228[&state=6])nd292:3.287025164590484[&state=6])nd272:0.8091998494540316[&state=6])nd268:13.691529012504665[&state=6])nd64:4.944803234561048[&state=6])nd2:0.0[&state=6];
