sample	replicate	trs
1	1	(((nd44:0.6161568137161191[&state=0],nd45:0.6161568137161191[&state=0])nd6:4.943099519459518[&state=0],(((nd48:0.08810734943658283[&state=0],nd49:0.08810734943658283[&state=0])nd32:4.449385293841495[&state=0],(nd46:0.3335925549766352[&state=0],nd47:0.3335925549766352[&state=0])nd15:4.203900088301443[&state=0])nd8:0.7539746985089939[&state=0],(((nd42:0.6895082455257365[&state=0],nd43:0.6895082455257365[&state=0])nd20:3.442808080573186[&state=0],(nd27:3.4984609859436153[&state=0],(nd34:2.1930684230957707[&state=0],nd35:2.1930684230957707[&state=0])nd25:1.3053925628478442[&state=0])nd21:0.6338553401553075[&state=0])nd12:0.6265397832691169[&state=0],(nd16:4.390999054951138[&state=0],((nd40:0.7763720482934724[&state=0],nd41:0.7763720482934724[&state=0])nd38:0.7218781909157174[&state=0],nd39:1.4982502392091899[&state=0])nd17:2.892748815741948[&state=0])nd13:0.3678570544169026[&state=0])nd9:0.5326112324190311[&state=0])nd7:0.2677889913885675[&state=0])nd4:1.4737453702546621[&state=0],(nd18:4.218211322840058[&state=0],((nd36:1.909651795265943[&state=0],nd37:1.909651795265943[&state=0])nd30:0.5973021166439234[&state=0],nd31:2.5069539119098665[&state=0])nd19:1.711257410930191[&state=0])nd5:2.814790380590243[&state=0])nd2:0.0[&state=16];
