sample	replicate	trs
1	1	((((nd39:5.398036742545719,nd40:5.398036742545719)nd37:0.20272917461957707,nd38:5.600765917165297)nd36:3.1043475418537976,nd26:8.705113459019094)nd24:15.427984536691172,((((nd49:0.9124128137715263,nd50:0.9124128137715263)nd29:5.876514321946631,nd30:6.788927135718158)nd15:6.227579424820749,((nd33:5.875541414321615,nd34:5.875541414321615)nd21:5.523288102564109,nd22:11.398829516885725)nd16:1.6176770436531822)nd13:1.9603628100780746,(((nd47:1.55519657139132,nd48:1.55519657139132)nd46:5.653580273280237,(nd41:4.6140175509408206,nd44:4.6140175509408206)nd28:2.5947592937307364)nd17:5.326440648822141,(nd31:6.786968842474954,nd32:6.786968842474954)nd18:5.748248651018744)nd14:2.441651877123283)nd6:9.156228625093283)nd3:0.0;
