sample	replicate	trs
1	1	((((((nd110:1.9191896259116916,(nd120:1.3869139388256804,nd158:1.3869139388256806)nd109:0.5322756870860113)nd98:1.1055664753664831,(((nd152:0.23607024880329627,(nd154:0.234522421883038,nd155:0.234522421883038)nd153:0.0015478269202582604)nd116:1.4519042275671465,(nd148:0.3005873887956704,nd149:0.3005873887956704)nd117:1.3873870875747725)nd104:0.7064711113945897,nd105:2.3944455877650332)nd99:0.630310513513142)nd94:0.13106013302474062,(nd160:0.09833239066117487,nd161:0.09833239066117487)nd118:3.05748384364174)nd92:0.937700312799572,((nd139:0.9860041952026116,(nd142:0.39356762485935926,nd143:0.39356762485935926)nd127:0.5924365703432526)nd114:0.7367364680844881,nd115:1.7227406632870998)nd88:2.3707758838153876)nd69:2.903024431353587,(nd162:0.01407075757638579,nd163:0.01407075757638579)nd113:6.982470220879687)nd32:1.8619917390033118,((nd106:2.3783758442155007,(nd122:1.169938548728192,(((nd144:0.37456280295351196,(nd146:0.3311458800726005,nd147:0.3311458800726005)nd145:0.043416922880911465)nd132:0.13263733653227378,((nd150:0.26301668957501795,nd151:0.26301668957501795)nd134:0.2324105579660794,nd135:0.49542724754109735)nd133:0.011772891944688297)nd130:0.18065568954045108,nd156:0.6878558290262367)nd123:0.48208271970195504)nd107:1.2084372954873077)nd102:0.28591340464122766,nd125:2.6642892488567274)nd71:6.194243468602658)nd21:0.0;
