sample	replicate	trs
1	1	(((((nd106:4.512983564428053[&state=6],(nd128:0.8966051431413[&state=6],nd122:0.8966051431413001[&state=6])nd117:3.616378421286753[&state=6])nd83:3.4474188368758347[&state=6],((((nd131:0.22113282630066272[&state=6],nd132:0.22113282630066272[&state=6])nd129:0.07991606573806934[&state=6],nd130:0.3010488920387321[&state=6])nd88:5.951029907109003[&state=6],(nd107:2.6359092552057177[&state=6],nd108:2.6359092552057177[&state=6])nd102:3.616169543942017[&state=6])nd75:0.05502110258194602[&state=6],(nd93:4.420612492240938[&state=6],(nd113:1.6235199140746477[&state=6],nd114:1.6235199140746477[&state=6])nd112:2.797092578166289[&state=6])nd76:1.8864874094887438[&state=6])nd73:1.6533024995742067[&state=6])nd45:2.180530180492084[&state=6],(nd109:2.2409903482230034[&state=6],nd110:2.2409903482230034[&state=6])nd46:7.899942233572969[&state=6])nd31:4.3178068984846725[&state=6],((nd125:0.4680870478531188[&state=6],nd126:0.4680870478531188[&state=6])nd53:8.247800266635808[&state=6],(nd99:3.8110184150899142[&state=6],((nd119:0.9142959850244443[&state=6],nd120:0.9142959850244443[&state=6])nd115:0.6715126905090812[&state=6],nd116:1.5858086755335254[&state=6])nd103:2.225209739556389[&state=6])nd54:4.904868899399009[&state=6])nd44:5.742852165791722[&state=6])nd16:2.8689353090531347[&state=6],(nd81:10.680275025870463[&state=6],(nd57:8.602274546981835[&state=6],(nd123:0.696977803785107[&state=6],nd124:0.696977803785107[&state=6])nd89:7.905296743196724[&state=6])nd47:2.078000478888631[&state=6])nd38:6.647399763463318[&state=6])nd6:0.0[&state=6];
