sample	replicate	trs
1	1	(((((nd55:1.1182618381056897,(nd59:1.019137399461123,nd60:1.019137399461123)nd56:0.09912443864456677)nd25:2.771922100438254,(nd37:2.4482129577222964,((nd81:0.04469469756885884,nd82:0.04469469756885884)nd61:0.833863900069023,nd62:0.6115652637631498)nd38:1.5696543600844146)nd26:1.4419709808216468)nd3:5.152343991398443,((((((nd51:1.5237895184155898,nd52:1.5237895184155898)nd41:0.7372811228079601,((nd77:0.17035287698228252,nd78:0.17035287698228252)nd69:0.28592256976694136,(nd79:0.10014435906170994,nd80:0.10014435906170994)nd70:0.3561310876875139)nd42:1.804795194474326)nd35:0.2207114338148909,((nd73:0.23105239458557258,nd74:0.23105239458557258)nd49:1.4172478669829731,nd50:1.6483002615685456)nd36:0.8334818134698951)nd19:2.148531467124938,nd20:2.8279670773948684)nd17:0.08283137068886155,((nd43:2.2488544173892544,(nd71:0.3245335297608053,nd72:0.3245335297608053)nd44:1.924320887628449)nd27:1.4505464462731807,(nd29:3.314032510394998,nd30:3.314032510394998)nd28:0.38536835326743824)nd18:1.013744049189805)nd5:3.6055723099733465,((((nd47:0.3070679016843505,nd48:1.6535403609822168)nd39:0.7116854658752394,(nd67:0.5853376608516786,nd68:0.5853376608516786)nd40:1.7798881660057773)nd11:4.40115846397289,((nd53:0.7895181014473344,nd54:1.328155380642616)nd15:4.948138578736287,(nd23:4.0479490150334705,((nd57:1.0918570665713427,nd58:1.0918570665713427)nd31:1.490834547202054,(((nd63:0.7644461000226848,nd64:0.7644461000226848)nd45:1.2469900596580035,((nd75:0.17367680044018835,nd76:0.17367680044018835)nd65:0.5529461507545166,nd66:0.726622951194705)nd46:1.2848132084859831)nd33:0.5575076000786937,nd34:2.5689437597593816)nd32:0.013747854014015105)nd24:1.4652574012600734)nd16:2.2283449443454324)nd12:0.4900903314514438)nd9:1.0878423589436306,(nd13:2.59545784172976,(nd21:3.270932556463427,nd22:2.472582639896078)nd14:2.1164912968021756)nd10:1.3154377645753113)nd6:0.4644905730516104)nd4:0.7238107071167995)nd1:1.0099859224030145,(nd7:1.1724273281599216,nd8:7.855579524579686)nd2:2.1969343277657134)root:1.0408861476546)origin:0.0;
