sample	replicate	trs
1	1	(((((((((nd29:0.301962581859452[&state=87],(nd35:0.019569520331754634[&state=37],nd36:0.019569520331754634[&state=3]):0.2823930615276974[&state=37]):0.6066846648965313[&state=87],nd22:0.9086472467559834[&state=64]):1.285852706657637[&state=6],nd16:0.6579448071309697[&state=6]):0.9708735452061137[&state=6],(nd19:0.5818021033916121[&state=6],nd20:1.6368911597165687[&state=86]):1.528482338903165[&state=6]):0.32647762576543077[&state=6],(((nd27:0.4425983102292951[&state=50],nd28:0.4425983102292951[&state=1]):0.028628302064280766[&state=9],nd26:0.471226612293576[&state=6]):2.0380249632715404[&state=50],(nd31:0.227690074830868[&state=6],nd32:0.227690074830868[&state=37]):2.2815615007342473[&state=108]):0.9825995488200485[&state=6]):2.84711372261624[&state=6],((nd23:0.670585222020329[&state=6],nd24:0.670585222020329[&state=108]):1.4952090639617055[&state=87],nd18:2.1657942859820354[&state=107]):4.17317056101937[&state=6]):0.7314225566073792[&state=6],nd6:0.6394211080122532[&state=6]):1.993359308438575[&state=6],(nd3:2.6338329298320637[&state=6],(nd33:0.046621976672352614[&state=104],nd34:0.046621976672352614[&state=1]):7.308855138367294[&state=63]):1.7082695970077109[&state=6]):0.44515328795264636[&state=6]):0.0[&state=23];
