sample	replicate	trs
1	1	(((nd45:0.8277197584899294,(nd53:0.44200377131104784,nd54:0.44200377131104784)nd46:0.3857159871788815)nd23:9.138796675248525,((nd37:1.56619277314809,((nd47:0.7896738861308619,(nd57:0.14034385919907788,nd58:0.14034385919907788)nd48:0.649330026931784)nd39:0.726717402136274,(nd55:0.23061761214041643,nd56:0.23061761214041643)nd40:1.2857736761267196)nd38:0.04980148488095386)nd31:5.752147399722315,nd29:7.318340172870404)nd16:2.6481762608680506)nd5:6.857456665944548,(nd11:11.61633103234618,((nd51:0.49376207673503353,nd52:0.49376207673503353)nd44:9.420982254437055,((nd49:0.7234968051707047,nd50:0.7234968051707047)nd33:1.5216476478505312,((nd41:1.1605406209074762,nd42:1.1605406209074762)nd35:0.44081570528816644,nd36:1.601356326195643)nd34:0.6437881268255936)nd19:7.669599878150853)nd12:1.7015867011740906)nd7:5.207642067336824)nd1:0.0;
