sample	replicate	trs
1	1	((((nd41:1.239576712501576[&state=6],(nd43:1.1199109476365954[&state=6],nd44:1.1199109476365954[&state=6])nd42:0.11966576486498082[&state=6])nd37:0.3336465743375203[&state=6],((nd57:0.2181102364272326[&state=6],nd58:0.2181102364272326[&state=6])nd39:1.1030387671285906[&state=6],nd40:1.321149003555823[&state=6])nd38:0.25207428328327336[&state=6])nd23:2.063862239008734[&state=6],nd47:3.6370855258478305[&state=6])nd1:2.1708316927216247[&state=6],((nd21:3.8019458678012295[&state=6],(((nd49:0.7207431510236307[&state=6],nd50:0.7207431510236307[&state=6])nd33:1.1115580830342824[&state=6],((nd53:0.5879031091014573[&state=6],(nd55:0.30334249872877256[&state=6],nd56:0.30334249872877256[&state=6])nd54:0.28456061037268476[&state=6])nd46:1.1977468543330114[&state=6],nd36:1.7856499634344687[&state=6])nd34:0.0466512706234442[&state=6])nd25:1.3165168472210647[&state=6],nd26:3.148818081278977[&state=6])nd22:0.6531277865222516[&state=6])nd10:1.8278600119358417[&state=6],(nd15:5.173381337211948[&state=0],((nd19:4.510671808016068[&state=6],nd20:4.510671808016068[&state=6])nd13:0.5516977720109618[&state=6],(nd29:3.0085148396328774[&state=1],((nd59:0.11163558381470365[&state=0],nd60:0.11163558381470365[&state=0])nd51:0.4967920076727145[&state=0],nd52:0.6084275914874181[&state=8])nd32:2.4000872481454594[&state=7])nd14:2.0538547403941516[&state=0])nd12:0.11101175718491763[&state=22])nd8:0.45642454252512404[&state=22])nd2:0.17811133883238414[&state=22])root:0.0[&state=22];
