sample	replicate	trs
1	1	(((((nd17:3.7666098334286855,(((nd31:1.8375848959928882,nd32:1.8375848959928882)nd27:0.14375805550651174,nd28:1.9813429514993999)nd23:0.8815078645654468,(nd37:1.1223955641941599,nd38:1.1223955641941599)nd24:1.7404552518706864)nd18:0.9037590173638367)nd15:0.894619162670118,(nd21:2.894563623137285,(nd29:1.9132890169172978,nd30:1.9132890169172978)nd22:0.9812746062199866)nd16:1.766665372961517)nd5:3.362159275080714,((nd11:5.414525362634556,nd12:0.008982747934871986)nd9:0.6363139481384212,(((nd45:0.6694049772167714,nd46:0.6694049772167714)nd19:2.69241191828201,((nd35:1.2283461698014473,nd36:1.2283461698014473)nd25:1.0588981356242946,((nd43:0.7862035221503546,nd44:0.7862035221503546)nd33:0.5691439939364349,(nd39:0.9296438384193187,(nd41:0.8318697391895206,nd42:0.8318697391895206)nd40:0.09777409922979804)nd34:0.4257036776674705)nd26:0.9318967893389524)nd20:1.0745725900730378)nd13:1.4663660706879185,nd14:0.12972695145690472)nd10:1.2226563445862777)nd6:1.9725489604065392)nd1:1.8118471292447025,(nd3:8.099396809741865,(nd7:0.6411090397001765,(nd47:0.36788795284200804,nd48:0.36788795284200804)nd8:7.179510054813507)nd4:0.5519988020863552)nd2:1.7358385906823488)root:2.3102645995757816)origin:0.0;
