sample	replicate	trs
1	1	((((((((nd46:0.007166852497939982,nd47:0.007166852497939982)nd22:2.0754652263306483,(nd30:1.4729586480387935,nd31:1.4729586480387935)nd23:0.6096734307897949)nd20:0.08625212114644702,nd21:0.6349145924492898)nd16:0.5854097997938461,(((nd42:0.05964970903301372,nd43:0.05964970903301372)nd34:0.5514104508068007,(nd44:0.010175331490045073,nd45:0.010175331490045073)nd35:0.6008848283497694)nd32:0.03782176612343345,(nd36:0.41546450394946954,nd37:0.41546450394946954)nd33:0.23341742201377835)nd17:2.1054120738056334)nd14:0.4852963339872061,nd15:1.086736186453108)nd6:1.0055639604334,(((nd28:1.7100055609879536,nd29:1.4815858841406755)nd18:0.841156574922351,(nd24:1.9231422776283258,nd25:1.0999430377798092)nd19:0.6280198582819787)nd12:0.8158797981753829,nd13:0.22120982774507048)nd7:0.8781123601038)nd2:2.51049582857576,(((nd10:0.34392045536443683,((nd40:0.3164689054925751,nd41:0.3164689054925751)nd26:1.4709177126448312,nd27:1.2281680002845445)nd11:1.6718981041266836)nd8:0.6767182672355186,(nd38:0.31076728449334323,nd39:0.3378576856925326)nd9:3.7981453038070763)nd4:1.8654585171429128,nd5:0.988382243895792)nd3:0.7541886161227269)root:3.1924698772347484)origin:0.0;
