sample	replicate	trs
1	1	((((nd8:0.21217625945623336,nd9:0.04408091115457738)nd6:0.17969292653916005,(((((nd50:0.034779648789031184,nd51:0.034779648789031184)nd30:0.6215152470632486,(nd46:0.12982943547392117,nd47:0.12982943547392117)nd31:0.5264654603783586)nd26:0.7638700195317505,nd27:1.4201649153840306)nd18:0.379882282836128,((nd32:0.23252905272911992,(nd36:0.5065204821376622,nd37:0.5065204821376622)nd33:0.1297555487363482)nd20:1.1349032729350796,((nd48:0.06245443017470581,(nd54:0.02117660114123406,nd55:0.02117660114123406)nd49:0.041277829033471755)nd42:0.19451424459143463,nd43:0.25696867476614044)nd21:1.5142106290429496)nd19:0.02886789441106837)nd16:0.50479057285333,(nd38:0.4088152753123551,nd39:0.12575347710225632)nd17:1.8960224957611331)nd7:2.8939254246421724)nd2:0.2959593416967542,((nd10:0.05207909699817156,(((nd34:0.5775534498373124,nd35:0.5775534498373124)nd22:1.0289848778041417,((nd52:0.025541828592041866,nd53:0.025541828592041866)nd24:1.4102077615218833,nd25:0.47816380153307425)nd23:0.17078873752752904)nd12:1.7404834795333344,nd13:0.9355175098261944)nd11:1.3333341662325215)nd4:0.5614103346009058,((nd44:0.18160046078291603,nd45:0.18160046078291603)nd14:2.3442139652717753,((nd40:0.2725777593650872,nd41:0.2725777593650872)nd28:0.70746902530584,nd29:0.9800467846709272)nd15:1.5457676413837644)nd5:2.715951881953524)nd3:0.25295622940419793)root:1.8668174625875866)origin:0.0;
