sample	replicate	trs
1	1	((((((nd17:1.4449512533195572[&state=50],nd18:1.4449512533195572[&state=104]):1.7482755237935959[&state=48],((nd23:0.24978150263664967[&state=63],(nd31:0.07953964322305346[&state=0],nd32:0.07953964322305346[&state=24]):0.17024185941359635[&state=49]):0.36165303837238544[&state=50],((nd33:0.051189697720509575[&state=104],nd34:0.051189697720509575[&state=78]):0.15081487228587012[&state=78],nd28:0.20200457000637964[&state=78]):0.4094299710026555[&state=104]):2.581792236104121[&state=78]):1.71077877905737[&state=28],(((nd25:0.21935090816846203[&state=104],nd26:0.21935090816846203[&state=7]):0.887411127366164[&state=0],nd20:1.106762035534627[&state=78]):1.4560129977775973[&state=63],(nd29:0.09813663365462386[&state=9],nd30:0.09813663365462386[&state=48]):2.464638399657598[&state=78]):2.3412305228583006[&state=78]):2.7527036266574525[&state=7],(nd5:2.0814863932322414[&state=0],nd6:0.5593244672243406[&state=1]):2.355909321983339[&state=7]):2.041885982753543[&state=7],((nd11:3.8343954553383544[&state=104],nd12:0.47860703701125507[&state=2]):0.007724498120715145[&state=1],nd10:3.8421199534590693[&state=78]):5.856475212122449[&state=28]):1.768904834418497[&state=6]):0.0[&state=23];
