sample	replicate	trs
1	1	(((((nd29:0.7530362505667753[&state=0],nd30:0.8144767790829872[&state=48]):1.678182973237597[&state=48],(nd13:0.15485192481444623[&state=6],nd14:2.0969816022864216[&state=48]):0.39567815003416307[&state=22]):0.6203362364932669[&state=22],(nd37:0.37193652388693665[&state=48],(nd39:0.13017089740064608[&state=0],nd40:0.13017089740064608[&state=1]):0.24176562648629063[&state=7]):2.7410594649269133[&state=7]):0.30245776777041816[&state=22],(nd5:0.4245692193831361[&state=6],((nd21:1.3285904538341782[&state=48],nd22:0.058853351621945604[&state=0]):1.3244107399522553[&state=48],(((nd23:1.214016209847361[&state=48],((nd33:0.07401009263064029[&state=1],nd34:0.7698511975447777[&state=6]):0.1946162702688275[&state=48],(nd43:0.041331992350778585[&state=23],nd44:0.041331992350778585[&state=0]):0.9231354754628266[&state=48]):0.24954874203375518[&state=48]):0.3884293425287511[&state=48],((nd31:0.7931485549389496[&state=48],nd32:0.3380177695166651[&state=6]):0.7733611938907862[&state=22],(nd25:1.0679244175415494[&state=48],nd26:1.0679244175415494[&state=7]):0.4985853312881865[&state=7]):0.035935803546375725[&state=48]):0.5727350574108221[&state=48],(nd19:0.17311792582766367[&state=1],((nd41:0.01868109278032364[&state=6],nd42:0.10897318535844899[&state=22]):0.6205955911240136[&state=22],nd36:0.7295687764824625[&state=48]):0.6049184415288924[&state=48]):0.840693391775579[&state=48]):0.47782058399949967[&state=22]):0.45997567713200904[&state=0]):0.302476885665827[&state=0]):0.030186243415731215[&state=22]):0.0[&state=22];
