sample	replicate	trs
1	1	((((((nd67:1.1478305033655756,nd48:1.1478305033655756)nd31:0.047818492434442125,nd32:1.1956489958000176)nd25:0.018847407334763488,((nd71:0.5058382149745322,nd72:0.5058382149745322)nd55:0.6290705963605704,nd56:1.1349088113351025)nd26:0.07958759179967873)nd21:0.09477772468634549,((nd77:0.08788992255212086,nd78:0.08788992255212086)nd73:0.17862867711760366,nd74:0.2665185996697245)nd22:1.042755528151402)nd19:0.030721327375874814,((nd61:1.1219251913976687,nd62:1.1219251913976687)nd29:0.07424656855486242,((nd57:1.129404207562783,nd69:1.1294042075627833)nd44:0.0609433162067309,((nd53:1.1382059540272003,nd54:1.1382059540272003)nd45:0.014678610076777794,nd46:1.152884564103978)nd36:0.03746295966553602)nd30:0.0058242361830170754)nd20:0.14382369524447045)nd15:0.17044451793980223,((((nd65:1.1157717330911006,nd66:1.1157717330911006)nd39:0.06502541134554653,(nd75:0.12416868403274975,nd76:0.12416868403274975)nd40:1.0566284604038976)nd23:0.053297106419209116,(nd50:1.1927708481574957,(nd37:1.1813284525885979,nd38:1.1813284525885979)nd34:0.011442395568897956)nd24:0.041323402698360524)nd17:0.1608919846891204,(nd27:1.2097643164047822,nd51:1.2097643164047824)nd18:0.18522191914019434)nd16:0.11545373759182699)nd13:0.0;
