sample	replicate	trs
1	1	((nd1:0.3198032703436495[&state=0],((((((nd29:0.09219596243497788[&state=4],(nd31:0.050659958779443987[&state=73],nd32:0.050659958779443987[&state=5]):0.04153600365553389[&state=73]):0.4150431126562515[&state=44],((nd27:0.10980806599343752[&state=97],nd28:0.10980806599343752[&state=15]):0.2910667920203735[&state=118],nd26:0.400874858013811[&state=103]):0.10636421707741825[&state=118]):0.17507168667734505[&state=118],nd14:0.6823107617685747[&state=46]):0.6005625620689866[&state=118],nd8:1.2828733238375605[&state=119]):0.029283454000042522[&state=16],(nd9:1.278123154596232[&state=77],((nd17:0.6165137197264456[&state=76],nd18:0.6165137197264456[&state=76]):0.09681232573971511[&state=5],((nd33:0.006813480179276254[&state=4],nd34:0.006813480179276254[&state=103]):0.5942115428205693[&state=103],(nd21:0.5337728915180968[&state=103],nd22:0.5337728915180968[&state=47]):0.06725213148174887[&state=5]):0.1123010224663151[&state=100]):0.5647971091300719[&state=119]):0.03403362324137104[&state=55]):0.40191833985870123[&state=26],(nd15:0.6454544598911951[&state=47],nd16:0.6454544598911951[&state=21]):1.0686206578051096[&state=77]):1.6975054455579695[&state=37]):22.80961943674574[&state=30]):0.0[&state=22];
