sample	replicate	trs
1	1	(((((nd19:0.8801847885398086[&state=0],nd20:0.8801847885398086[&state=0])nd9:0.5887522245190284[&state=0],(nd23:0.9114194454260621[&state=7],nd16:0.9114194454260621[&state=7])nd10:0.5575175676327749[&state=7])nd5:0.9404516539375538[&state=0],(nd27:0.14461818918132358[&state=0],nd28:0.14461818918132358[&state=0])nd6:2.2647704778150675[&state=0])nd3:0.07049081051202612[&state=22],((nd21:0.8363210266693668[&state=28],nd22:0.8363210266693668[&state=28])nd7:0.7942636460758925[&state=7],(nd29:0.1302443393113439[&state=0],nd30:0.1302443393113439[&state=1])nd8:1.5003403334339154[&state=7])nd4:0.8492948047631574[&state=7])nd1:0.7818644136465999[&state=22],(((nd25:0.3931324847870957[&state=7],nd26:0.3931324847870957[&state=28])nd17:0.49142778658559627[&state=1],nd18:0.8845602713726919[&state=28])nd11:0.44552099153699937[&state=7],(nd13:0.9594437209333518[&state=28],nd14:0.9594437209333518[&state=9])nd12:0.37063754197633947[&state=7])nd2:1.9316626282453258[&state=7])root:0.0[&state=22];
