sample	replicate	trs
1	1	((((nd49:5.053206419003837,nd50:5.053206419003837)nd47:0.04934044702137153,((((nd83:1.1143212143141352,nd84:1.1143212143141352)nd81:0.032479851366189236,nd82:1.1468010656803242)nd69:1.2365247245273583,nd70:2.3833257902076825)nd61:0.7251641830649056,(nd89:0.6470485104739107,(nd99:0.22614754576739143,nd100:0.22614754576739143)nd90:0.4209009647065193)nd62:2.4614414627986765)nd48:1.994056892752621)nd46:9.520720117877637,(nd34:12.280866157725661,((nd59:3.7173110226655806,(nd97:0.25909594365449545,nd98:0.25909594365449545)nd60:3.4582150790110853)nd29:4.47691060105955,(nd93:0.3057424352678433,nd94:0.3057424352678433)nd36:7.888479188457291)nd26:4.086644534000525)nd24:2.3424008261771876)nd16:2.284923881962392,((nd74:5.608596699107951,nd63:5.608596699107951)nd27:3.918408412844757,(((nd78:2.0713972865584207,(nd79:1.639540327597555,nd80:1.639540327597555)nd76:0.4318569589608662)nd57:1.7539942622769698,nd58:3.8253915488353893)nd51:4.167157282386652,((nd87:0.9270878232998508,(nd95:0.27826114203768776,nd96:0.27826114203768776)nd88:0.648826681262163)nd54:4.466125517878188,(((nd101:0.19530111989570384,nd102:0.19530111989570384)nd67:2.188517574774072,(nd71:2.2968029533906305,nd72:2.2968029533906305)nd68:0.08701574127914528)nd65:0.10240009646239717,((nd91:0.39528825274666457,nd92:0.39528825274666457)nd85:0.5733280973775013,nd86:0.9686163501241659)nd66:1.5176024410080071)nd44:2.9069945500458667)nd32:2.5993354900440044)nd28:1.5344562807306636)nd13:7.381185753912531)nd2:0.0;
