sample	replicate	trs
1	1	((((nd51:7.6091812831433066,(nd58:0.25314257757921377,nd59:0.25314257757921377)nd25:7.356038705564093)nd22:0.7717267040408281,(nd34:4.4500405546101405,(nd48:1.486462218726239,nd49:1.486462218726239)nd35:2.9635783358839)nd23:3.9308674325739963)nd16:3.417236367478795,(((nd60:0.11903851415356193,nd61:0.11903851415356193)nd46:1.6884501896084023,nd47:1.8074887037619642)nd32:3.101572385335486,nd33:4.9090610890974515)nd28:6.88908326556548)nd12:11.887562340680287,(nd40:3.407451996441033,(nd44:2.459660770370953,(nd52:1.2162437904017065,(nd54:0.364991187704781,(nd56:0.32733106495322867,nd57:0.32733106495322867)nd55:0.03766012275155234)nd53:0.8512526026969254)nd45:1.2434169799692467)nd42:0.9477912260700789)nd36:20.278254698902188)root:0.0;
