sample	replicate	trs
1	1	((((nd27:4.1739285326689375[&state=23],(nd35:2.9082027866322906[&state=6],(nd47:0.28502735034680543[&state=6],nd48:0.28502735034680543[&state=6])nd36:2.623175436285485[&state=6])nd28:1.2657257460366473[&state=6])nd8:8.518774180799896[&state=6],(((nd43:0.8422396933352094[&state=6],nd44:0.8422396933352094[&state=6])nd15:5.180249134229516[&state=6],(nd34:4.13814688937297[&state=6],(nd37:2.7842105154203467[&state=6],(nd45:0.7153690475678844[&state=6],nd46:0.7153690475678844[&state=23])nd38:2.068841467852462[&state=23])nd30:1.3539363739526238[&state=6])nd16:1.884341938191756[&state=6])nd11:1.8903992653849178[&state=6],nd12:7.912888092949643[&state=6])nd6:4.779814620519189[&state=6])nd3:0.5162203558804126[&state=6],nd4:13.208923069349247[&state=26])nd1:0.5184614105432443[&state=6],((nd21:4.560601866651107[&state=6],nd22:4.560601866651107[&state=6])nd13:1.9695992699345655[&state=6],(nd32:5.744578934241726[&state=6],(nd19:5.101096121907493[&state=0],(((nd49:0.22420526954762757[&state=6],nd50:0.22420526954762757[&state=6])nd41:2.1424639461581574[&state=6],nd42:2.366669215705785[&state=6])nd39:0.014589126539971688[&state=6],nd40:2.3812583422457565[&state=26])nd25:2.719837779661738[&state=6])nd18:0.6434828123342328[&state=22])nd14:0.7856222023439461[&state=22])nd10:7.1971833433068175[&state=6])root:0.0[&state=6];
