sample	replicate	trs
1	1	(((nd25:0.7573243332410127,nd26:0.7573243332410127)nd3:0.5993955501210725,nd4:1.356719883362085)nd1:0.24954272198411703,(((nd33:0.2706230971582693,nd34:0.2706230971582693)nd7:0.9682000154385715,(((nd39:0.13635653375493395,nd40:0.13635653375493395)nd19:0.9729073767215067,nd20:1.1092639104764408)nd9:0.12599507441741958,((nd15:1.1519003217722357,(nd17:1.1123281657045885,(nd27:0.5221306969058571,(nd29:0.3778826338791243,(nd31:0.3705353756271208,nd32:0.3705353756271208)nd30:0.007347258252003516)nd28:0.14424806302673274)nd18:0.5901974687987314)nd16:0.03957215606764729)nd11:0.041129435827864,(nd21:0.9488582322883261,(nd37:0.15342356640324173,nd38:0.15342356640324173)nd22:0.7954346658850843)nd12:0.24417152531177372)nd10:0.0422292272937605)nd8:0.003564127702980599)nd5:0.06405927804996052,(((nd35:0.26279438102730307,nd36:0.26279438102730307)nd23:0.6817984687901986,nd24:0.9445928498175018)nd13:0.2420999942784659,nd14:1.1866928440959676)nd6:0.11618954655083379)nd2:0.30338021469940074)root:0.0;
