sample	replicate	trs
1	1	(nd28:9.69023575709668,(((((nd43:1.5497411412634452,nd44:1.5497411412634452)nd41:1.198359306950149,nd49:2.7481004482135942)nd29:0.5322897181940568,nd30:3.280390166407651)nd19:0.44131487983160383,(((nd47:0.7767877711610675,nd48:0.7767877711610675)nd37:1.4429861255229919,(nd53:0.5547714084521129,nd54:0.5547714084521129)nd38:1.6650024882319465)nd25:1.143907953022604,(((nd51:0.5940603511446954,(nd57:0.32155941676891164,nd58:0.32155941676891164)nd52:0.27250093437578377)nd45:0.5328530723433974,nd46:1.1269134234880929)nd31:1.980996620345706,nd32:3.1079100438337983)nd26:0.2557718058728651)nd22:0.35802319653259124)nd16:1.8662685696924128,(nd24:4.041521149739057,((nd55:0.4018474076776965,nd56:0.4018474076776965)nd35:1.8559173754092946,(nd39:2.1969080267831234,nd40:2.1969080267831234)nd36:0.060856756303867166)nd18:1.7837563666520662)nd14:1.5464524661926102)nd8:4.102262141165011)nd1:0.0;
