sample	replicate	trs
1	1	(((((nd27:0.9761117103702587[&state=63],(nd29:0.7997657999584838[&state=2],(nd35:0.4413342988886584[&state=1],nd36:0.4413342988886584[&state=9])nd30:0.35843150106982546[&state=9])nd28:0.17634591041177472[&state=8])nd15:1.0234199266723178[&state=28],((nd37:0.017567296681527487[&state=2],nd38:0.017567296681527487[&state=25])nd21:1.1330695766545542[&state=53],nd22:1.1506368733360817[&state=31])nd16:0.8488947637064949[&state=52])nd7:4.513785733862993[&state=28],(nd13:2.9167979960094765[&state=28],(nd33:0.5994578439296702[&state=0],nd34:0.5994578439296702[&state=28])nd14:2.3173401520798063[&state=28])nd8:3.596519374896092[&state=7])nd5:0.517557186778461[&state=7],(nd17:1.480078702549565[&state=9],(nd23:1.0074799473261078[&state=0],nd24:1.0074799473261078[&state=63])nd18:0.4725987552234574[&state=10])nd6:5.550795855134467[&state=63])nd3:3.4172515702267257[&state=7],((nd19:1.3438195237599098[&state=12],(nd25:0.9819921387208113[&state=0],(nd31:0.7436572020983314[&state=1],nd32:0.7436572020983314[&state=29])nd26:0.23833493662247965[&state=1])nd20:0.3618273850390988[&state=7])nd9:3.0753698945652603[&state=28],(nd11:3.873032907983203[&state=104],nd12:3.873032907983203[&state=9])nd10:0.5461565103419669[&state=28])nd4:6.028936709585586[&state=7])nd2:0.0[&state=0];
