sample	replicate	trs
1	1	((((nd19:1.1788997800251413[&state=6],nd20:0.1285274742812096[&state=6]):0.2763439228990437[&state=6],(nd27:0.23863173765335802[&state=0],(nd45:0.01094440204038933[&state=0],nd46:0.01094440204038933[&state=0]):2.688988624755432[&state=0]):1.752553221840527[&state=0]):1.2819453149420699[&state=0],(((((nd37:0.6932353906421479[&state=8],(nd39:0.3642481581858521[&state=11],nd40:0.3642481581858521[&state=10]):0.32898723245629574[&state=10]):0.8906604761924302[&state=0],nd30:1.3883061053016035[&state=2]):3.423000853569941[&state=0],nd8:0.0723501838435588[&state=0]):0.40170957773908755[&state=0],nd6:3.475220457751655[&state=0]):0.09690572811819317[&state=0],(((nd23:0.04954744325280595[&state=0],nd24:2.7943093048898127[&state=7]):1.6277336569329606[&state=0],(nd21:3.1663012140130338[&state=7],((nd35:0.7876397234566435[&state=0],(nd43:0.030620719867533744[&state=0],nd44:0.030620719867533744[&state=0]):0.7570190035891097[&state=0]):0.5652746246753554[&state=0],(nd33:0.8226024148830813[&state=0],nd34:0.8226024148830813[&state=10]):0.5303119332489175[&state=0]):1.8133868658810357[&state=0]):1.255741747809739[&state=0]):0.3057715401390112[&state=0],((((nd41:0.07686967808205669[&state=1],nd42:0.07686967808205669[&state=1]):2.6391345935333184[&state=1],nd26:2.716004271615375[&state=7]):1.5993833267325872[&state=7],nd18:4.315387598347963[&state=0]):0.2846104020465612[&state=0],nd12:0.07905457268868739[&state=0]):0.12781650156726165[&state=0]):0.777697524300015[&state=0]):0.22891953731661843[&state=0]):1.0947184364215805[&state=0]):0.0[&state=23];
