sample	replicate	trs
1	1	((nd45:4.46148632851881,(((nd47:1.3196929713931476,nd48:1.3196929713931476)nd33:0.7968800210791547,(nd35:1.9151483880885654,(nd61:0.2471752184863203,nd62:0.2471752184863203)nd36:1.6679731696022453)nd34:0.20142460438373727)nd21:0.9253539280133228,((nd41:1.5228988419489848,(nd59:0.24758499535397832,nd60:0.24758499535397832)nd42:1.2753138465950067)nd25:1.459174721863416,(nd53:0.6202717721838784,(nd55:0.36414684241735445,nd56:0.36414684241735445)nd54:0.25612492976652396)nd26:2.361801791628523)nd22:0.05985335667322486)nd20:1.4195594080331853)nd13:6.4209375746172626,((nd49:1.2807653889809663,nd50:1.2807653889809663)nd27:4.154898261245722,((nd31:2.131015055398336,((nd57:0.3513258409076388,nd58:0.3513258409076388)nd39:1.2262693359021961,((nd63:0.06706819544762481,nd64:0.06706819544762481)nd43:1.3929353313028503,nd44:1.460003526750475)nd40:0.11759165005935945)nd32:0.5534198785885015)nd29:0.1808754611342243,(nd51:0.7850256116258798,nd52:0.7850256116258798)nd30:1.5268649049066805)nd18:3.123773133694128)nd15:5.446760252909384)nd10:0.0;
