sample	replicate	trs
1	1	(((((((nd51:0.26903491054445733,(nd53:0.004844402468787257,nd54:0.004844402468787257)nd52:0.26419050807567007)nd47:0.5941324152698271,(nd49:0.5224340102872063,nd50:0.5224340102872063)nd48:0.34073331552707825)nd31:5.629570043847829,nd32:4.2393821675215655)nd5:5.087504764903683,(nd13:3.3168166484074972,(nd17:9.235349753568004,nd18:9.235349753568004)nd14:0.24047230390503974)nd6:2.1044200770927497)nd3:1.4547219361678938,(((nd29:1.3919291533118936,((nd45:1.9204007932416118,nd46:1.9204007932416118)nd43:0.18105163217207623,nd44:0.5344640532886771)nd30:4.6204772965874215)nd11:2.971101299336796,(nd15:0.9698883263539142,(nd25:8.560866674833651,((nd35:1.8380351454170358,nd36:5.226011275314296)nd33:0.9680177516871628,nd34:0.15159393256790918)nd26:2.366837647832192)nd16:0.8052965526791658)nd12:0.32686779382508724)nd7:1.0879895240934403,(((nd23:8.70765788766556,nd24:0.7062345430677955)nd21:0.16043442881025385,nd22:0.6163158895981635)nd19:0.029740614884757093,(nd27:4.718304151379544,nd28:8.14615825377582)nd20:0.7516746775847525)nd8:1.883187614070775)nd4:2.253943525302342)nd1:3.970497783146371,((nd37:5.006328447966259,nd38:2.4898482453935387)nd9:4.9067852172524455,(nd39:3.7026417748349267,(nd41:2.8031129244705983,nd42:2.8031129244705983)nd40:0.8995288503643281)nd10:6.2104718903837774)nd2:7.092348188661353)root:1.0518381461199384)origin:0.0;
