sample	replicate	trs
1	1	(nd29:10.069255593357836[&state=0],(((((((nd111:0.47560936637665524[&state=2],nd112:0.47560936637665524[&state=2])nd96:1.006430834824126[&state=2],nd105:1.482040201200781[&state=1])nd70:1.4942643477417963[&state=2],(nd91:1.512820929654841[&state=1],nd92:1.512820929654841[&state=1])nd90:1.463483619287737[&state=28])nd61:1.012006672920732[&state=12],(nd85:2.562453571182901[&state=0],nd74:2.562453571182902[&state=8])nd62:1.4258576506804082[&state=11])nd59:0.04719284355883038[&state=2],((nd109:0.5277344878664231[&state=6],nd110:0.5277344878664231[&state=1])nd103:0.08146349913537432[&state=23],nd104:0.6091979870017974[&state=2])nd60:3.4263060784203416[&state=50])nd46:3.476640883222718[&state=28],((nd75:2.373154802636508[&state=0],((nd117:0.3342739984236211[&state=12],nd118:0.3342739984236211[&state=6])nd99:0.7923556818681333[&state=53],nd100:1.126629680291755[&state=0])nd76:1.2465251223447535[&state=8])nd71:0.3246421873715578[&state=0],(nd101:1.9006729873788861[&state=2],(nd113:0.42020914518129054[&state=0],nd115:0.42020914518129054[&state=2])nd84:1.4804638421975949[&state=8])nd72:0.7971240026291803[&state=8])nd40:4.814347958636792[&state=0])nd37:2.208206014318761[&state=7],((nd68:6.388732683508628[&state=7],(nd119:0.05356493098080039[&state=1],nd120:0.05356493098080039[&state=1])nd48:6.335167752527824[&state=1])nd43:0.2424373871316257[&state=1],nd56:6.63117007064025[&state=9])nd41:3.089180892323366[&state=1])nd30:0.3489046303942131[&state=7])nd22:0.0[&state=7];
