sample	replicate	trs
1	1	((((((nd55:3.029394064757388,nd56:3.029394064757388)nd51:0.3483601211560586,nd52:3.3777541859134463)nd25:6.739681088901979,((nd57:2.431448449229441,nd58:2.431448449229441)nd33:4.979648474617798,(nd41:6.8019963277901425,nd42:6.8019963277901425)nd34:0.6091005960570951)nd26:2.7063383509681884)nd3:12.547763298067562,((((nd37:6.938641675987753,((nd63:1.1828887309598093,(nd65:0.049984558000927576,nd66:0.049984558000927576)nd64:1.1329041729588818)nd47:3.3628595599883555,nd48:4.545748290948165)nd38:2.392893385039588)nd31:0.5570898912472508,(nd45:4.913633156377866,nd46:4.913633156377866)nd32:2.5820984108571374)nd19:4.729050081658485,nd20:6.8473255300921005)nd17:0.17423578744009163,((nd39:6.9077677502749175,nd40:6.9077677502749175)nd27:3.1309173848053766,((nd43:4.929237470252977,nd44:4.929237470252977)nd35:2.2724451499230787,((nd53:2.3380943105987666,nd54:3.342278371777461)nd49:0.6278559057519565,nd50:3.970134277529417)nd36:3.2315483426466383)nd28:2.8370025149042375)nd18:2.3603323012532877)nd4:10.266181136549406)nd1:1.0849468244324771,((nd59:1.9497737510715472,nd60:1.9497737510715472)nd5:19.941223350573622,((nd15:12.963581816422296,(nd61:1.5882000172633712,nd62:1.5882000172633712)nd16:13.495198820769508)nd7:6.805168783954825,((((nd29:7.715263909853414,nd30:1.666305043184301)nd23:3.2677887818881213,nd24:0.22591826668876142)nd11:6.616023074618868,(nd13:7.8712250925329466,(nd21:7.950758022624775,nd22:5.966779957566519)nd14:4.999886828819484)nd12:0.8149251155017798)nd9:0.7957757886881822,nd10:14.67119695848595)nd8:3.493716066939117)nd6:0.002429479657470855)nd2:1.8591482956702918)root:1.2546546026845418)origin:0.0;
