sample	replicate	trs
1	1	(((nd24:1.7172918792791854,(nd26:1.6788709426241009,nd27:1.6788709426241009)nd25:0.03842093665508467)nd14:2.3292710607742553,nd15:4.04656294005344)nd2:3.7881835827610537,(nd12:5.348297615778877,(nd19:5.09888864719829,(nd28:4.708600916160508,((((nd36:0.09076382497849977,nd37:0.09076382497849977)nd30:1.358686805248505,nd31:1.449450630227005)nd20:1.4660415490687588,(((nd34:0.1963022902932292,nd35:0.1963022902932292)nd32:0.7758101211477053,nd33:0.9721124114409345)nd22:1.8462357209820395,nd23:2.8183481324229738)nd21:0.09714404687278998)nd16:1.0909410511105446,nd17:4.006433230406308)nd11:0.7021676857542005)nd9:0.3902877310377814)nd7:0.24940896858058792)nd5:2.4864489070356157)root:0.0;
