sample	replicate	trs
1	1	((((nd33:1.4192873829505976[&state=7],nd34:1.4192873829505976[&state=14])nd23:1.8281929409030377[&state=1],nd24:3.247480323853636[&state=31])nd21:7.139676591442196[&state=11],((nd39:0.08394800473953117[&state=8],nd40:0.08394800473953117[&state=0])nd13:7.588659991372656[&state=8],nd32:7.672607996112185[&state=9])nd10:2.7145489191836436[&state=1])nd1:5.872279561617606[&state=7],(((nd37:0.42935989076180725[&state=7],nd38:0.42935989076180725[&state=0])nd18:6.951515229275484[&state=7],(nd19:5.096634920783088[&state=7],((nd35:1.328737096287325[&state=7],nd36:1.328737096287325[&state=0])nd27:1.528265864676873[&state=28],nd28:2.8570029609641976[&state=2])nd20:2.2396319598188907[&state=28])nd16:2.2842401992542016[&state=7])nd5:7.230091585806196[&state=7],((nd25:2.9742447501907288[&state=2],nd26:2.9742447501907288[&state=10])nd11:5.210446282646436[&state=28],nd30:8.184691032837161[&state=1])nd7:6.426275673006321[&state=0])nd2:1.6484697710699499[&state=0])root:0.0[&state=0];
