sample	replicate	trs
1	1	(((((nd95:0.9941305676693156,(nd101:0.597688875014548,nd102:0.597688875014548)nd96:0.3964416926547676)nd83:1.4399646111347195,nd78:2.4340951788040357)nd74:5.9512303134798,(((nd105:0.17974536288201054,nd106:0.17974536288201054)nd81:1.676511017632943,(nd93:1.3332642563512942,nd94:1.3332642563512942)nd82:0.5229921241636593)nd59:3.8480627179279043,(nd75:2.927401905176027,(nd87:1.6051249976592017,((nd103:0.20366117345637302,nd104:0.20366117345637302)nd91:1.1863957938264735,nd92:1.3900569672828462)nd88:0.21506803037635552)nd76:1.3222769075168246)nd60:2.776917193266832)nd42:2.6810063938409776)nd35:3.326012457504295,((nd107:0.15397289720384985,nd108:0.15397289720384985)nd85:1.454043065867757,nd86:1.6080159630716067)nd63:10.103321986716523)nd13:0.23052051487755132,(((nd109:0.1252605596767113,nd110:0.1252605596767113)nd99:0.5687077087162469,(nd111:0.11533173020237315,nd112:0.11533173020237315)nd100:0.578636538190585)nd90:3.4215350175180346,(nd97:0.7440042083360475,nd98:0.7440042083360475)nd68:3.3714990775749443)nd43:7.8263551787546906)nd7:0.0;
