sample	replicate	trs
1	1	((((((nd29:0.1037155021586402[&state=23],nd30:0.1037155021586402[&state=30]):4.819225132947595[&state=120],(nd11:2.9041089222277026[&state=98],(nd15:0.21049726241687766[&state=1],(nd17:2.000855038853334[&state=78],nd18:2.000855038853334[&state=105]):0.5559207553099962[&state=28]):0.34733312806437405[&state=7]):2.0188317128785322[&state=28]):0.5361398617198158[&state=48],nd6:1.5411073693301969[&state=0]):0.2912356008746321[&state=0],(((nd25:0.9275343647337965[&state=25],nd26:0.9275343647337965[&state=104]):0.8554058302360484[&state=53],nd20:1.782940194969846[&state=104]):1.4936815504980867[&state=79],nd10:3.276621745467931[&state=120]):2.4736943522327515[&state=7]):4.8830403868242325[&state=7],((nd23:1.0530878134310597[&state=87],nd24:1.0530878134310597[&state=48]):1.6043949775666055[&state=6],((nd31:0.002100578126285193[&state=6],nd32:0.002100578126285193[&state=52]):1.1575708078616167[&state=52],(nd27:0.7158931509868683[&state=24],nd28:0.7158931509868683[&state=120]):0.443778235001033[&state=54]):1.4978114050097633[&state=78]):7.975873693527252[&state=48]):0.12944351547508123[&state=22]):0.0[&state=22];
