sample	replicate	trs
1	1	(((nd5:2.8806802435358474,((((nd31:0.12557378707490152,nd32:0.12557378707490152)nd23:0.609851084398327,nd24:0.7354248714732285)nd9:1.1726259523303568,(nd33:0.043109511754076506,nd34:0.043109511754076506)nd17:1.8649413120495089)nd7:0.5884730664538834,nd21:2.4965238902574685)nd6:0.38415635327837877)nd3:0.2417044677948658,((nd19:1.0885562951160939,(nd29:0.2263036172322037,nd30:0.2263036172322037)nd20:0.8622526778838902)nd11:0.5716595106971307,((nd37:0.012226089739109366,nd38:0.012226089739109366)nd35:0.014592234290311062,nd36:0.02681832402942043)nd12:1.6333974817838044)nd4:1.4621689055174887)nd1:0.24361379497752517,(nd25:0.7233749522769579,(nd27:0.36741048624411693,nd28:0.36741048624411693)nd26:0.35596446603284104)nd16:2.6426235540312804)root:0.0;
