sample	replicate	trs
1	1	((((nd33:0.04092803024522072,nd34:0.04092803024522072)nd19:0.7840413622555373,nd20:0.8249693925007585)nd13:0.2637666313795507,nd14:1.0887360238803094)nd6:3.815815934188769,((((nd27:0.31732601788120435,nd28:0.31732601788120435)nd9:0.9854990551541783,(nd11:1.1717459037491031,(((nd23:0.5396278187301241,nd24:0.5396278187301241)nd21:0.2700151423650326,nd22:0.8096429610951564)nd15:0.2580203023657127,((nd35:0.015423306528223605,nd36:0.015423306528223605)nd29:0.26360408492545284,nd30:0.27902739145367655)nd16:0.7886358720071923)nd12:0.10408264028823333)nd10:0.13107916928628036)nd7:0.6008763464257202,(nd25:0.4500325002309987,nd26:0.4500325002309987)nd8:1.4536689192301049)nd3:1.0716609909105232,(nd17:0.8337953325410953,(nd31:0.2234663361736584,nd32:0.2234663361736584)nd18:0.6103289963674363)nd4:2.1415670778305333)nd2:1.929189547697452)root:0.0;
