sample	replicate	trs
1	1	((((nd8:1.2889335335923053,nd9:2.7227196067483117)nd4:0.13250269022523287,((nd20:4.018015536389328,nd21:1.057926784967733)nd12:6.378908107212378,nd13:4.291361552293405)nd5:3.297920147212802)nd2:1.701050583538446,(((nd18:0.6909116994026567,((((nd46:0.699016869950452,nd47:0.699016869950452)nd32:3.9415536095514585,nd33:4.6405704795019105)nd26:3.4627601542563085,(nd30:4.625524654883426,nd31:0.4482797909758367)nd27:1.401448815529962)nd22:1.0724871902148603,(nd28:7.89543723135506,((nd52:0.31422147511893134,nd53:0.3178369421039675)nd40:1.257991849766801,((nd48:0.6004857527416867,(nd58:0.008321219869577533,nd59:0.008321219869577533)nd49:0.5921645328721092)nd42:0.4732745248200277,nd43:1.0737602775617143)nd41:0.5020685143090541)nd29:6.319608439484292)nd23:1.28038059261802)nd19:1.2250888841317247)nd10:6.979627605575921,(((((nd56:0.2530350942670579,nd57:0.2530350942670579)nd34:3.647345328110176,(((nd54:0.26010129187745096,nd55:0.26010129187745096)nd38:1.6645648980485592,(nd44:0.8510511532177418,nd45:0.8510511532177418)nd39:1.0736150367082682)nd36:1.8256701508189654,(nd50:0.562129378729249,nd51:0.562129378729249)nd37:3.1882069620157263)nd35:0.15004408163225838)nd24:4.684228895231059,nd25:1.9978191872638802)nd16:4.177357575786487,nd17:1.9075677230710468)nd14:2.7074785912943904,nd15:2.4094532632402466)nd11:1.9110888289915546)nd6:1.7762506352642706,nd7:3.521857804655245)nd3:1.7939423302679285)root:2.5139727207870752)origin:0.0;
