sample	replicate	trs
1	1	(((nd43:1.3826159180240711,nd44:1.3826159180240711)nd23:2.5885764475605058,((nd51:0.970609582220639,nd52:0.970609582220639)nd37:0.7701972284377265,nd38:1.7408068106583652)nd24:2.2303855549262117)nd14:9.331475723023066,((((nd29:2.916037113263064,nd30:2.916037113263064)nd19:3.0137323459178225,((nd27:3.2228394596457606,nd28:3.2228394596457606)nd25:0.010295046342084144,(((nd55:0.6427777037690813,nd56:0.6427777037690813)nd45:1.0738856035095912,nd40:1.7166633072786717)nd31:1.1585277072935736,(nd41:1.3879620523156775,(((nd53:0.6961663995515467,nd54:0.6961663995515467)nd49:0.5488711038531814,nd50:1.245037503404728)nd47:0.06448479175141475,nd48:1.3095222951561434)nd42:0.07843975715953476)nd32:1.487228962256568)nd26:0.35794349141560156)nd22:2.6966349531930423)nd15:0.7440318146366457,(nd33:2.297510991176322,nd34:2.297510991176322)nd16:4.37629028264121)nd12:4.505775621583087,(nd57:0.5513688088540749,(nd59:0.4710545826843791,nd60:0.4710545826843791)nd58:0.08031422616969608)nd35:10.628208086546547)nd2:2.123091193207022)root:0.0;
