sample	replicate	trs
1	1	(((((nd11:0.9785886447068688,(nd29:0.024756977956342387,nd30:0.024756977956342387)nd12:0.9538316667505264)nd5:0.469007879737198,(nd7:1.3446291155674996,(nd17:0.838193137813084,((nd25:0.21810583963255598,nd26:0.21810583963255598)nd21:0.188950494500448,nd22:0.407056334133004)nd18:0.43113680368008006)nd8:0.5064359777544152)nd6:0.10296740887656754)nd3:0.02847688377103022,((nd19:0.6677436662656955,(nd27:0.13358113301949281,nd28:0.13358113301949281)nd20:0.5341625332462028)nd13:0.2482713500696872,nd14:0.9160150163353828)nd4:0.5600583918797142)nd1:0.6263196839343012,((nd15:0.8636534758114871,nd16:0.8636534758114871)nd9:0.31873730556878166,(nd23:0.282035026039238,nd24:0.282035026039238)nd10:0.9003557553410311)nd2:0.9200023107691292)root:0.6080169078506028)origin:0.0;
