sample	replicate	trs
1	1	(((nd7:0.6055391559721849,((nd21:5.122492098004963,(nd27:2.31841807244811,(nd33:1.4558815251864146,(nd37:0.7429710540521848,nd38:0.7429710540521848)nd34:0.71291047113423)nd28:0.8625365472616953)nd22:2.804074025556852)nd15:3.4175735336164816,(nd25:3.5419093833416,nd26:3.5419093833416)nd16:4.998156248279843)nd8:4.175354560630604)nd1:6.154207225309548,(nd3:1.1581070023669424,(((nd11:9.495054198212877,(nd23:4.292045188437854,(nd39:0.0937091643547468,nd40:0.0937091643547468)nd24:4.1983360240831065)nd12:5.203009009775024)nd9:2.2922920323792613,(((nd29:2.1369334243867963,nd30:2.1369334243867963)nd19:3.5428740156940957,(nd31:2.1191247991033593,nd32:2.1191247991033593)nd20:3.5606826409775323)nd13:3.264253430830692,((nd35:1.067911697575394,nd36:1.067911697575394)nd17:5.304493518069409,nd18:6.372405215644803)nd14:2.571655655266781)nd10:2.8432853596805545)nd5:2.025224192590141,nd6:1.9974165422473904)nd4:1.0622956354922777)nd2:3.9947613588870405)root:0.5776725824384086)origin:0.0;
