sample	replicate	trs
1	1	((((((nd23:4.875716819624245,nd24:0.4941136022865154)nd11:2.7165757373834696,((nd17:6.816241791526626,(nd19:2.733283131326302,(nd39:2.915840674640227,nd40:2.915840674640227)nd20:4.6548356090599485)nd18:1.1575772669270936)nd15:0.4769543638706362,nd16:2.5907617263010985)nd12:0.4812230649124141)nd7:3.995564110982361,(((nd53:1.4688510580200702,nd54:0.27661584348648993)nd21:5.564345882826781,(nd45:2.6216652575473605,nd46:2.6216652575473605)nd22:4.41153168329949)nd9:3.1365010095069845,nd10:2.2317561225781803)nd8:3.5122971400388447)nd5:1.9587596301719363,nd6:4.261045325176313)nd1:1.526902156182641,(nd3:11.515788681291383,(((nd55:1.3345742953240916,((nd61:0.1763154144940435,nd62:0.1763154144940435)nd59:0.44152786768140073,nd60:0.6178432821754443)nd56:0.7167310131486471)nd25:5.634999469343708,(nd33:3.923889029544977,(nd35:0.8424145751137787,(nd49:2.3454263732443654,nd50:2.3454263732443654)nd36:1.852400213362868)nd34:0.6411165592979341)nd26:2.1306306187626314)nd13:2.4643251433714597,((((nd43:2.628608431864608,nd44:1.3250209594641138)nd37:1.3513883030377256,nd38:3.979996734902335)nd31:1.062483172533535,(nd57:0.6210272865943318,nd58:0.6210272865943318)nd32:4.421452620841539)nd27:0.8176732206427445,(((nd47:2.453487056308841,nd48:1.9026747565061841)nd41:0.2963250168746227,(nd51:1.726318655802528,nd52:1.726318655802528)nd42:1.023493417380937)nd29:3.0960382636271837,nd30:5.845850336810647)nd28:0.014302791267966481)nd14:3.573745779960646)nd4:7.471200951019787)nd2:0.26255701768821016)root:1.6510431232527432)origin:0.0;
