sample	replicate	trs
1	1	((((((nd42:0.09385107249156,nd43:0.09385107249156)nd34:0.370207166910577,nd35:0.464058239402137)nd26:0.5670941834977002,((nd36:0.4053601759582688,nd37:0.4053601759582688)nd30:0.5734043223365831,(nd38:0.2530302014608398,nd39:0.2530302014608398)nd29:0.7257342968340121)nd27:0.05238792460498529)nd16:2.294602615101232,nd21:3.3257550380010685)nd12:0.4650757138608455,((nd32:0.7249537423227679,(nd40:0.22797822840668644,nd41:0.22797822840668644)nd33:0.49697551391608147)nd22:1.4384840412828812,nd23:2.163437783605649)nd13:1.6273929682562651)nd4:3.5929390723664785,((nd24:1.4581176773815376,nd25:1.4581176773815376)nd18:0.9917920656921981,nd19:2.4499097430737358)nd8:4.933860081154657)root:0.0;
