sample	replicate	trs
1	1	(((nd123:0.7068242382303074,nd124:0.7068242382303074)nd85:2.600426513590288,nd100:3.307250751820595)nd24:15.428423088301155,((((((nd95:2.3768034105849667,(nd103:1.5821690341751138,nd104:1.5821690341751138)nd96:0.7946343764098517)nd93:0.029603851180714,(nd97:2.2951335849246215,(nd119:0.7609585292839386,nd120:0.7609585292839386)nd98:1.5341750556406828)nd94:0.11127367684105846)nd65:5.549507794553968,((nd73:4.036361836179388,(nd127:0.19098434210610124,nd128:0.19098434210610124)nd74:3.845377494073287)nd63:2.9529842053343573,((nd75:3.851653664189998,((nd91:2.8576541097322865,(nd111:1.1327739947240296,nd112:1.1327739947240296)nd92:1.724880115008257)nd83:0.7856336998077802,nd84:3.643287809540066)nd76:0.2083658546499315)nd71:0.2789069730698588,((((nd117:0.8406788265158294,nd118:0.8406788265158294)nd113:0.27160838561864553,(nd121:0.725953959799915,nd122:0.725953959799915)nd114:0.38633325233456006)nd107:0.1507979116726615,nd108:1.2630851238071361)nd105:0.08572456577512111,(nd115:0.9634863743522372,(nd125:0.20422722890678355,nd126:0.20422722890678355)nd116:0.7592591454454536)nd106:0.38532331523002034)nd90:2.7817509476775992)nd64:2.8587854042538887)nd60:0.9665690148059012)nd51:0.7995576403589897,nd67:8.755472696678636)nd45:2.3041173798553833,(nd109:1.1608287420590278,nd110:1.1608287420590278)nd70:9.898761334474994)nd37:6.857737210268011,(nd40:14.225559532949024,(nd81:3.6660391438080886,(nd101:1.9279954548097653,nd102:1.9279954548097653)nd82:1.7380436889983233)nd57:10.559520389140937)nd21:3.691767753853005)nd10:0.8183465533197188)nd7:0.0;
