sample	replicate	trs
1	1	((nd1:2.199009415531241[&state=1],(((((nd37:1.9111819324604125[&state=9],nd38:1.1460747375416929[&state=2]):0.9342808068508544[&state=2],nd24:0.9636408138943624[&state=2]):1.705340059113128[&state=2],((((nd41:1.07801778993491[&state=2],nd42:1.0726220946583547[&state=2]):0.26616491426292394[&state=2],nd34:2.1590252254105624[&state=3]):0.8637954228366581[&state=2],(((nd49:0.36241591861874234[&state=2],nd50:0.46362647027981246[&state=2]):2.06630819335579[&state=2],nd26:2.5299346636356024[&state=2]):0.44905745458183743[&state=2],(nd39:1.8944637261895316[&state=2],nd40:1.8944637261895316[&state=2]):1.0845283920279083[&state=2]):0.043828530029780814[&state=2]):1.1068664222547346[&state=2],(nd43:1.7001039022247113[&state=4],nd44:1.7001039022247113[&state=37]):2.4295831682772437[&state=37]):0.42111572792244006[&state=2]):1.1057988856615821[&state=2],nd8:0.7364640300104587[&state=1]):1.1312887087645218[&state=1],(nd5:2.7408117420694063[&state=1],((nd15:3.5179140233353476[&state=19],(((nd31:2.161409878066247[&state=2],(nd35:1.919020084788007[&state=2],nd36:1.919020084788007[&state=2]):0.24238979327824028[&state=2]):0.0894505221941464[&state=2],(nd45:1.632411683761089[&state=3],((nd53:0.08566521764334997[&state=5],(nd55:0.020381880274065296[&state=5],nd56:0.020381880274065296[&state=5]):0.06528333736928468[&state=5]):0.31841563384774263[&state=5],nd52:0.4040808514910926[&state=43]):1.2283308322699964[&state=43]):0.6184487164993048[&state=12]):0.2407906177038122[&state=2],nd28:1.9739204816232248[&state=2]):1.0262630053711412[&state=2]):0.8657598976648495[&state=2],((nd47:0.8231103595201813[&state=46],nd48:0.8231103595201813[&state=2]):2.13439234430992[&state=2],nd22:2.957502703830102[&state=15]):1.4261712171700953[&state=2]):2.2793413530365068[&state=9]):0.12487511881379565[&state=1]):0.5629834113640915[&state=1]):0.4073361957854084[&state=1]):0.0[&state=1];
