sample	replicate	trs
1	1	((nd62:2.7335855579320314,(nd96:0.6735881577265075,nd97:0.6735881577265075)nd75:2.0599974002055235)nd49:3.9769685024590604,(((nd50:2.9009154248865414,((nd80:1.0500405137249689,(nd86:0.8479690738200834,((nd108:0.6194386359488988,nd99:0.6194386359488988)nd94:0.13764385465582962,nd95:0.7570824906047283)nd87:0.09088658321535485)nd81:0.20207143990488535)nd58:1.7545464122060666,(nd70:2.7482623432301074,(nd84:2.6192646945502265,nd67:2.619264694550227)nd61:0.1289976486798816)nd59:0.05632458270092689)nd51:0.0963284989555061)nd30:0.6007857292782316,(nd90:0.8349464230082294,nd91:0.8349464230082294)nd37:2.666754731156543)nd16:1.3620616185869543,(((nd92:0.8444570500367008,(nd100:0.4831128867387097,nd101:0.4831128867387097)nd89:0.361344163297991)nd78:0.24786380027366578,nd79:1.0923208503103665)nd32:2.362361602662907,((((nd82:0.9479419439384263,(nd110:0.25819022096307304,nd107:0.25819022096307304)nd83:0.6897517229753533)nd76:0.18749224921287314,(nd104:0.28259471894991917,nd105:0.28259471894991917)nd77:0.8528394742013803)nd72:0.5842453194916832,(nd102:0.39284415227123026,nd103:0.39284415227123026)nd73:1.3268353603717524)nd65:1.4056626560478822,nd47:3.1253421686908647)nd33:0.32934028428240913)nd27:1.409080319778453)nd15:1.8467912876393648)nd3:0.0;
