sample	replicate	trs
1	1	((((((nd11:2.161190965268194,((nd23:1.268932513706397,nd24:1.268932513706397)nd19:0.08073595069617437,(nd33:0.01737562716716782,nd34:0.01737562716716782)nd20:1.3322928372354035)nd12:0.8115225008656235)nd9:0.045251053759668314,(nd13:1.6948011703739456,nd14:0.28559978218545046)nd10:0.5116408486539176)nd7:1.0672444944496322,((nd27:0.48991298671325584,(nd31:0.08481987801852989,nd32:0.08481987801852989)nd28:0.405093108694726)nd15:1.0462800305551048,(nd17:1.439018026679801,(nd29:0.3933035954327446,nd30:0.3933035954327446)nd18:1.0457144312470554)nd16:0.09717499058856056)nd8:1.7374934962091335)nd3:0.9263941770250191,((nd25:0.7254842975963876,nd26:0.7254842975963876)nd5:2.690037654438956,nd6:3.4155219520353435)nd4:0.7845587384671697)nd1:0.8663472381593013,(nd21:1.2835669153559637,nd22:1.2835669153559637)nd2:3.782861013305852)root:0.26827207133818703)origin:0.0;
