sample	replicate	trs
1	1	((((((((nd44:1.060513430778943[&state=0],(nd48:0.9745546766594555[&state=0],nd49:0.9745546766594555[&state=0]):0.08595875411948728[&state=0]):1.1499842573091879[&state=0],((nd34:1.7761417831137511[&state=0],(nd60:0.14539717879578104[&state=0],nd61:0.14539717879578104[&state=0]):1.63074460431797[&state=0]):0.20848123926021928[&state=0],nd33:1.9846230223739705[&state=0]):0.22587466571416046[&state=0]):0.5406326726143726[&state=0],((nd50:0.8509732589280739[&state=0],nd51:0.8509732589280739[&state=0]):0.3195827807753022[&state=0],nd41:1.170556039703376[&state=0]):1.5805743209991274[&state=0]):0.1058296145862174[&state=0],nd15:0.983182781684076[&state=0]):1.4138595265751124[&state=0],(((((nd30:1.991210285196467[&state=0],nd31:1.991210285196467[&state=6]):0.8315184624185005[&state=0],(((nd54:0.6403982462855681[&state=0],nd55:0.1538091086744229[&state=0]):0.09988441432010443[&state=0],nd53:0.7402826606056725[&state=0]):1.5153531368707749[&state=0],nd27:2.2556357974764474[&state=0]):0.5670929501385196[&state=0]):0.5876644279444075[&state=0],(nd20:0.4682616649526468[&state=0],(nd58:0.16443997364041293[&state=0],nd59:0.16443997364041293[&state=0]):2.356559708321589[&state=0]):0.8893934935973727[&state=0]):0.2580342500322426[&state=0],(((((nd56:0.23259453467822733[&state=0],nd57:0.5647732506025498[&state=0]):0.4929474393439399[&state=0],nd47:1.0577206899464897[&state=0]):0.07649160852044454[&state=0],nd43:1.1342122984669343[&state=0]):1.2129665526658493[&state=0],nd25:0.1179834552514592[&state=0]):0.11492690644428429[&state=0],((nd38:1.4336237274751022[&state=0],nd39:1.4336237274751022[&state=0]):0.3170282109226533[&state=0],nd37:1.7506519383977557[&state=0]):0.7114538191793124[&state=0]):1.2063216680145494[&state=0]):0.09147644117014095[&state=0],nd9:1.091668741076933[&state=0]):0.5109156351020747[&state=0]):2.6524338401681433[&state=0],nd5:0.3839719674630689[&state=5]):0.21472483080672708[&state=16],nd3:0.12281411642749987[&state=5]):2.8101418271612997[&state=16]):0.0[&state=16];
