sample	replicate	trs
1	1	(((nd3:4.296251371257725,((((((nd41:1.6652454008097397,nd42:1.6652454008097397)nd37:0.12378344371871408,(nd43:1.4186888700347455,nd44:1.2522601916775524)nd38:0.37033997449370826)nd21:2.575866688512003,(nd25:3.7538265948679386,(nd33:2.746133245559339,nd34:2.746133245559339)nd26:1.0076933493086)nd22:0.6110689381725181)nd11:1.2187455397773301,(((nd27:0.22425149576729664,((nd57:0.02018312606961032,nd58:0.02018312606961032)nd31:2.82542811843686,nd32:2.8456112445064705)nd28:0.5289797985414315)nd19:1.1001644364121488,nd20:4.4747554794600495)nd13:0.6340746699847817,(((nd51:0.21899385527531445,nd52:0.21899385527531445)nd39:1.5287403402885018,(nd53:0.14652929566699605,nd54:0.14652929566699605)nd40:1.6012048998968202)nd23:2.349142676208548,(((nd49:0.7217473259530833,nd50:0.7217473259530833)nd45:0.2635650513239394,nd46:0.9853123772770227)nd29:1.9149093777940924,(nd35:1.497151750674047,(nd47:0.8247076981535514,(nd55:0.0906664109470387,nd56:0.0906664109470387)nd48:0.7340412872065126)nd36:1.7433685865178343)nd30:0.33214547039972947)nd24:1.1966551167012485)nd14:1.0119532776724687)nd12:0.47481092337295444)nd9:0.5467898643614997,((nd17:4.521029483229299,nd18:2.70238951219161)nd15:0.04430989031859507,nd16:1.3902194382393804)nd10:1.5650915636313918)nd5:2.620338718009913,(nd7:0.44335876685977216,nd8:0.5359610629586862)nd6:1.5090777575428733)nd4:4.950256743533291)nd1:0.02568564000282095,nd2:0.16534545083018268)root:0.5139879612746906)origin:0.0;
