sample	replicate	trs
1	1	(((nd29:0.9254977819535117[&state=6],nd30:0.9254977819535117[&state=6])nd11:5.452501818735714[&state=6],((((nd31:0.8965420089899023[&state=1],(nd43:0.5195484312738784[&state=4],(nd49:0.42014382956127866[&state=6],nd50:0.42014382956127866[&state=29])nd44:0.09940460171259971[&state=79])nd32:0.37699357771602404[&state=106])nd19:3.3959132587104652[&state=117],((nd35:0.8119052118169953[&state=12],(nd39:0.7217018984138664[&state=7],((nd59:0.1319728820764278[&state=1],nd60:0.1319728820764278[&state=6])nd51:0.21524230870990207[&state=23],(nd57:0.20763909022532892[&state=12],nd58:0.20763909022532892[&state=2])nd52:0.13957610056100092[&state=2])nd40:0.37448670762753666[&state=50])nd36:0.09020331340312876[&state=104])nd33:0.0697101005455319[&state=104],nd34:0.8816153123625272[&state=6])nd20:3.4108399553378406[&state=104])nd17:0.5488069487307671[&state=6],((nd41:0.5854018590021587[&state=3],nd42:0.5854018590021587[&state=6])nd21:2.1743437800408243[&state=25],nd22:2.7597456390429826[&state=6])nd18:2.0815165773881517[&state=6])nd13:0.8673193271920004[&state=6],(((nd55:0.24276754262191452[&state=67],nd56:0.24276754262191452[&state=2])nd47:0.20785821613546732[&state=2],nd48:0.4506257587573819[&state=3])nd23:1.3876837949243963[&state=12],((nd53:0.31459702002112744[&state=118],nd54:0.31459702002112744[&state=6])nd25:1.4319512840656436[&state=87],(nd45:0.5165479278996511[&state=6],nd46:0.5165479278996511[&state=23])nd26:1.2300003761871199[&state=52])nd24:0.0917612495950071[&state=25])nd14:3.870271989941357[&state=57])nd12:0.6694180570660888[&state=6])nd9:1.1042614877405146[&state=6],(nd15:5.499318736102723[&state=6],(nd27:1.2593225571059865[&state=6],(nd37:0.745492112726924[&state=6],(nd61:0.025385551376862082[&state=16],nd62:0.025385551376862082[&state=0])nd38:0.7201065613500619[&state=35])nd28:0.5138304443790618[&state=25])nd16:4.239996178996738[&state=6])nd10:1.982942352327016[&state=6])nd7:0.0[&state=6];
