sample	replicate	trs
1	1	((((nd21:0.5344879671265562,((nd33:0.049856243471601586,nd34:0.049856243471601586)nd31:0.010680310080571848,nd32:0.06053655355217343)nd22:0.47395141357438275)nd11:1.3965083439767927,nd6:1.930996311103349)nd3:0.2024440282257972,((nd13:1.4001103494035603,nd14:1.4001103494035603)nd7:0.4745523485062697,(nd17:1.1695927172677456,(nd23:0.5073392672111174,nd24:0.5073392672111174)nd18:0.6622534500566281)nd8:0.7050699806420841)nd4:0.25877764141931636)nd1:0.03313025825211686,(nd15:1.7959778796441674,(nd27:0.24008820499206668,(nd29:0.21051883527678084,(nd35:0.04147695364413103,nd36:0.04147695364413103)nd30:0.16904188163264983)nd28:0.029569369715285808)nd25:1.5558896746521003)nd2:0.3705927179370957)root:0.0;
