sample	replicate	trs
1	1	((nd1:6.68815487296852,((nd7:1.9333904587070445,nd8:0.8905254580304289)nd3:0.051705071052214606,(nd5:0.1388378882273839,(nd9:2.0476804035239873,((nd13:1.3084256979357054,(((((nd33:2.82542781356835,nd34:5.590234393429485)nd29:0.4567469929689629,(nd31:0.22404824454197467,((nd55:2.9890810121470706,(nd57:1.2051914376599335,nd58:0.909732079751669)nd56:1.2629471970753259)nd49:0.40306804664678614,nd50:2.345160868763481)nd32:2.5210513936773506)nd30:0.13378093392724172)nd21:1.2646477974805557,((((nd59:1.078464772479306,nd60:1.078464772479306)nd53:1.9948426373602262,(nd63:0.9823934449007226,nd64:0.9823934449007226)nd54:2.0909139649388098)nd45:0.3822639753701422,nd46:0.36896758264065754)nd35:1.8090951167743436,nd36:5.264666501984017)nd22:2.0469626818949873)nd17:1.7599700176149355,(((nd27:1.4731263099764096,((nd41:3.6871778645703044,(nd51:0.28066774091264474,nd52:1.2149498128292577)nd42:0.40361408310860736)nd39:0.34212250354534984,nd40:4.029300368115654)nd28:2.3150557208418077)nd25:0.14269748037489188,(nd43:1.4042995402043696,nd44:3.5834972208079625)nd26:2.9035563485243907)nd19:1.1148882425492457,nd20:6.4228847705903265)nd18:1.469657389612341)nd15:0.22408145993347237,(nd23:7.056375164177498,((((nd65:0.66416752815441,nd66:0.66416752815441)nd61:0.3427228873017387,nd62:1.0068904154561489)nd47:2.425175120274946,nd48:0.9975047779869793)nd37:1.345096843474567,nd38:4.777162379205662)nd24:2.279212784971837)nd16:2.239305497249913)nd14:0.44830127597562264)nd11:4.356075790659386,nd12:3.014961777715367)nd10:0.7339859598910725)nd6:6.611434806619352)nd4:0.010727238061037848)nd2:0.17278595930249216)root:0.4900083080636192)origin:0.0;
