sample	replicate	trs
1	1	((((((nd9:1.5275849544270341[&state=0],nd10:7.798622605467493[&state=7]):0.015276333024083403[&state=0],((((((nd65:0.14843925763724894[&state=1],nd66:0.14843925763724894[&state=0]):0.19501093513412002[&state=7],(nd63:0.18518965801812817[&state=0],nd64:0.18518965801812817[&state=0]):0.15826053475324076[&state=35]):0.5794463166124028[&state=35],nd54:0.9228965093837717[&state=0]):0.047953463939474764[&state=35],(nd61:0.19163744368339253[&state=0],nd62:0.19163744368339253[&state=30]):0.779212529639854[&state=10]):3.7627553461934884[&state=10],nd24:1.0655700574179847[&state=1]):1.2014048479661563[&state=1],((nd29:1.1994994015901588[&state=0],(nd31:1.3428144998838947[&state=1],nd32:3.4477245208861755[&state=0]):0.023934614201044882[&state=7]):1.9060109933817713[&state=7],((nd47:1.5878312746719856[&state=0],(nd59:0.25222540818434874[&state=78],nd60:0.25222540818434874[&state=2]):1.335605866487637[&state=78]):0.9365837762758297[&state=0],(nd39:1.1360582483759654[&state=2],nd40:2.284472596980418[&state=0]):0.23994245396739788[&state=28]):2.8532550775211765[&state=28]):0.5573400390138988[&state=7]):1.8788887710086846[&state=7]):0.06901081498567502[&state=0],((nd55:0.518281140506475[&state=2],nd56:0.518281140506475[&state=1]):5.0525865457819865[&state=9],((nd25:1.023419657101354[&state=0],nd26:1.1247839037182112[&state=0]):0.9941454330988755[&state=0],((((nd45:1.588970399290281[&state=0],nd46:1.588970399290281[&state=0]):0.34931528744813206[&state=0],nd42:1.938285686738413[&state=0]):1.191862747607612[&state=7],nd34:0.8558721181664868[&state=0]):0.6525933672378824[&state=0],((nd43:1.5149953714796185[&state=3],(nd49:1.41416420939558[&state=57],nd50:1.41416420939558[&state=8]):0.1995555486325423[&state=0]):1.3624963631327491[&state=10],nd36:0.9973261707730908[&state=0]):0.8065256804230361[&state=28]):1.3390454105846772[&state=0]):0.4490804741198786[&state=7]):2.3120420671887865[&state=0]):0.9063981045816961[&state=0],nd4:1.2847666762924588[&state=0]):0.11859446958340433[&state=0],(nd11:3.1226863233754854[&state=6],(nd13:0.6017451828080175[&state=6],nd14:1.0005620195627283[&state=6]):1.2854040321309648[&state=6]):1.2401581866195825[&state=6]):0.03758767235764935[&state=22]):0.0[&state=22];
