sample	replicate	trs
1	1	((((nd46:0.699016869950452[&state=0],nd47:0.699016869950452[&state=0])nd32:3.9415536095514585[&state=0],nd33:4.6405704795019105[&state=0])nd26:4.535247344471169[&state=0],(nd28:7.89543723135506[&state=0],(nd53:1.5758287918707685[&state=0],((nd48:0.6004857527416867[&state=0],(nd58:0.008321219869577533[&state=0],nd59:0.008321219869577533[&state=0])nd49:0.5921645328721092[&state=0])nd42:0.4732745248200277[&state=0],nd43:1.0737602775617143[&state=0])nd41:0.5020685143090541[&state=0])nd29:6.319608439484292[&state=0])nd23:1.28038059261802[&state=0])nd19:8.204716489707646[&state=0],((nd56:0.2530350942670579[&state=0],nd57:0.2530350942670579[&state=0])nd34:3.647345328110176[&state=0],(((nd54:0.26010129187745096[&state=0],nd55:0.26010129187745096[&state=0])nd38:1.6645648980485592[&state=0],(nd44:0.8510511532177418[&state=0],nd45:0.8510511532177418[&state=0])nd39:1.0736150367082682[&state=0])nd36:1.8256701508189654[&state=0],(nd50:0.562129378729249[&state=0],nd51:0.562129378729249[&state=0])nd37:3.1882069620157263[&state=0])nd35:0.15004408163225838[&state=0])nd24:13.48015389130349[&state=0])nd6:0.0[&state=0];
