sample	replicate	trs
1	1	(((nd4:11.548329356831449,(nd24:3.885485242136759,nd25:3.885485242136759)nd5:7.662844114694677)nd2:0.9593148260917479,(((nd12:0.9287174163122691,((nd28:2.8200998996660047,nd29:2.8200998996660047)nd22:1.0970111637598485,(nd32:2.7192588537259494,(nd40:0.19485574098803748,nd41:0.19485574098803748)nd33:2.524403112737912)nd23:1.1978522096999031)nd13:1.3489392100820274)nd8:5.61859389476431,(((nd38:0.9352080392132818,nd39:0.9352080392132818)nd34:0.647466126173713,nd35:1.5826741653869956)nd26:1.5347471990545858,(nd30:2.775498880431626,nd31:0.5922339384222709)nd27:0.3419224840099549)nd9:7.767222803830611)nd6:0.04857430905089111,((nd14:2.1691744248131792,(nd20:1.4755152915854957,nd21:0.2897863942425184)nd15:1.1031487909253685)nd10:1.9801499224566577,((nd18:4.499804454924335,nd19:2.668506820723902)nd16:0.2516987863644154,(nd36:1.1384313258824168,nd37:1.1384313258824168)nd17:3.6130719154063358)nd11:2.3238777739137464)nd7:3.8578374621205818)nd3:1.574425705600101)root:1.3166558170768035)origin:0.0;
