sample	replicate	trs
1	1	(((((nd31:0.388764759705493,(nd33:0.35529439001539315,nd34:0.35529439001539315)nd32:0.03347036969009972)nd5:0.9639993097193548,((((nd53:0.11538037335407851,nd54:0.11538037335407851)nd45:0.07583898987496712,nd46:0.19121936322904567)nd11:1.019802783855054,(nd13:0.9226930842181122,(((nd37:0.31063997982527186,((nd55:0.1032969872376391,(nd63:0.0186412467956417,nd64:0.0186412467956417)nd56:0.0846557404419974)nd41:0.1802707980280267,nd42:0.2835677852656658)nd38:0.027072194559606112)nd35:0.02776095813468226,(nd43:0.1929933001446648,(nd61:0.02960878842043012,nd62:0.02960878842043012)nd44:0.17769787661791822)nd36:0.13109427292160583)nd19:0.5919549483802812,nd20:0.5017348172676248)nd14:0.2328544976616909)nd12:0.04781176308217347)nd9:0.04322295607508945,((((nd59:0.00021597512945128252,nd60:0.04239349587666649)nd23:0.6839375509776896,nd24:0.7263310468543561)nd17:0.21729645001784686,(nd51:0.12267243903318108,nd52:0.12267243903318108)nd18:0.8209550578390218)nd15:0.012850469313371903,((nd57:0.101913278896027,nd58:0.101913278896027)nd21:0.778600808792793,nd22:0.8202209091278541)nd16:0.07596387849675465)nd10:0.29776713697361445)nd6:0.09851896626565862)nd3:0.2802999731294211,((nd25:0.06320370717685195,nd26:0.6509980919145664)nd7:0.6571398354302724,(nd27:0.411509944569578,((nd47:0.17379279849486962,nd48:0.17379279849486962)nd29:0.4257867668527446,(nd39:0.30173093341637064,(nd49:0.14476935099716012,nd50:0.14476935099716012)nd40:0.1569615824192107)nd30:0.2978486319312434)nd28:0.034292996773312295)nd8:0.6742653652239123)nd4:0.32492611520943004)nd1:0.22532002149230462,nd2:0.012877205481048778)root:0.7605559359534262)origin:0.0;
