sample	replicate	trs
1	1	((((nd9:7.207181786882178,(nd11:2.7840830224399267,(((nd61:0.3260635757554547,nd62:0.3260635757554547)nd49:0.6967309932619724,nd50:1.0227945690174276)nd17:4.563365236413703,nd18:2.741556577787171)nd12:0.6501145294111863)nd10:0.9709074520398623)nd7:0.07479524072256462,((nd57:0.545744534371375,(nd59:0.4966804300313482,nd60:0.4966804300313482)nd58:0.0490641043400267)nd13:5.478875907573599,((((nd53:0.926699754156706,nd54:0.926699754156706)nd21:2.8697081239500846,(((nd33:2.507071409885244,((nd43:0.4558380793475933,nd44:0.7356876715617899)nd39:0.5131714418597045,nd40:1.7109161442551732)nd34:0.796155265630069)nd27:0.3860806844660609,(nd45:1.1916483676972305,nd46:1.1916483676972305)nd28:1.7015037266540702)nd23:0.3182202432381082,(nd29:2.7472262818054527,(nd47:1.0943984936802311,nd48:0.9401141242510395)nd30:1.6528277881252187)nd24:0.46414605578396045)nd22:0.5850355405173806)nd19:0.4306586288665651,nd20:1.2036394153013492)nd15:1.6882490505944427,((nd63:0.29092785471873234,nd64:0.29092785471873234)nd35:1.765698341974209,(((nd65:0.07009672901852063,nd66:0.07009672901852063)nd41:1.4411481095280314,(nd51:0.9906062641136633,nd52:0.9906062641136633)nd42:0.5206385744328892)nd37:0.47713905718527244,nd38:1.9883838957318263)nd36:0.06824230096111489)nd16:3.8586893608748585)nd14:0.10930488437717581)nd8:1.2573565856597684)nd1:2.349226856923552,((nd5:2.7777910379590094,((nd31:2.5487073669646274,nd32:2.5487073669646274)nd25:0.5408962269711804,(nd55:0.8828157627718243,nd56:0.8828157627718243)nd26:2.2067878311639815)nd6:4.405778946768045)nd3:1.878680999073549,nd4:5.587946594797142)nd2:0.257140344750895)root:0.2983661154717126)origin:0.0;
