sample	replicate	trs
1	1	((((nd15:0.5421686753549306,nd16:0.5421686753549306)nd9:0.19442616284094527,((nd23:0.20732318493319002,nd24:0.20732318493319002)nd21:0.07520278686252888,nd22:0.282525971795719)nd10:0.45406886640015687)nd7:0.1645017650309317,nd8:0.9010966032268077)nd1:4.126964912927564,((nd25:0.08056487751967834,nd26:0.08056487751967834)nd3:3.2023748328546304,(((nd17:0.41178971427845484,nd18:0.41178971427845484)nd13:0.25536075563945504,(nd19:0.2979357223120277,nd20:0.2979357223120277)nd14:0.36921474760588235)nd5:0.6973314932414533,(nd11:0.6740176603787013,(nd27:0.05331389281858713,nd28:0.05331389281858713)nd12:0.620703767560114)nd6:0.6904643027806623)nd4:1.918457747214947)nd2:1.7451218057800595)root:0.0;
