sample	replicate	trs
1	1	((nd2:9.716732424916753,((((nd10:3.7341550843444087,(nd24:1.54099120280244,(nd44:2.823423655026979,nd45:2.823423655026979)nd25:3.2098995067727083)nd11:1.2115878102220539)nd8:1.1475458883564342,((nd32:4.385015527509595,(nd34:0.6571862736152408,((nd62:0.1115351220866338,nd63:0.1115351220866338)nd58:1.4612782285972807,nd59:0.05182985961722991)nd35:2.678244153235581)nd33:0.13395802359009962)nd14:2.5134374882128414,(((nd48:2.596737421649177,(nd50:2.5038998169372624,nd51:2.5038998169372624)nd49:0.09283760471191449)nd30:1.879728320562515,(nd40:3.18395805645084,nd41:0.22508940269946498)nd31:1.292507685760852)nd16:2.162731625659998,(nd22:6.196221533546399,nd23:1.560502339311843)nd17:0.4429758343252924)nd15:0.2592556478507469)nd9:1.4940038446557384)nd6:0.20748900358989886,((nd36:3.405889170825449,((nd54:1.1874508354080382,nd55:2.2069739106804596)nd38:0.9814529595041969,(nd46:2.6881060305746467,nd47:1.1035361027736454)nd39:0.50032083961001)nd37:0.21746230064079206)nd12:3.7663755972260953,((nd20:6.345407469468903,((nd28:1.9579611425965766,nd29:2.9787377436062745)nd26:0.4025194987451091,nd27:1.1553552525808561)nd21:0.5928355967360033)nd18:0.2517583680456348,((nd52:2.4677105951824863,(nd60:0.12782982311822846,nd61:1.2559071694955812)nd53:1.2118034256869046)nd42:0.6147527770378318,(nd56:1.8720790492925319,nd57:0.18999148197412227)nd43:1.195443363066663)nd19:3.5147024652942185)nd13:0.5750989305370078)nd7:1.4276810959165296)nd4:0.9740646817483554,nd5:9.574010545716428)nd3:0.14272187920032472)root:0.849667575083249)origin:0.0;
