sample	replicate	trs
1	1	((((((((nd41:0.6301495682889864,nd42:0.6301495682889864)nd39:0.177919025148524,nd40:0.8080685934375105)nd33:1.4009345267415945,nd34:2.209003120179105)nd21:1.0727857581734275,nd22:3.2817888783525326)nd9:0.9347161617701043,(((((nd29:2.7206544594278292,nd30:2.7206544594278292)nd23:0.5565186195313223,(nd27:2.5436400505129297,nd28:3.01086210931047)nd24:0.2663109696486815)nd17:0.13678474953778424,nd18:0.09618736867674493)nd13:0.2536147734344928,nd14:2.9554121249535865)nd11:0.08266359181841142,(nd19:3.381651597880721,((nd35:1.6310889446041021,nd36:1.820524660193041)nd31:0.7378318330815227,nd32:2.5583564932745633)nd20:0.8232951046061578)nd12:0.3685845958691186)nd10:0.46626884637279703)nd7:0.7473809112856877,((nd25:3.1479718645231265,nd26:2.1551941037441265)nd15:0.44148971739989684,(nd37:1.5889883182048368,(nd43:0.47380629966614135,nd44:0.47380629966614135)nd38:1.1151820185386956)nd16:2.0004732637181863)nd8:1.3744243694853013)nd1:13.686176541890552,((nd5:3.3270230678276116,nd6:5.189472222809398)nd3:0.5960246457301661,nd4:4.807797505634408)nd2:0.2587537058092085)root:0.34103750670112865)origin:0.0;
