sample	replicate	trs
1	1	((((nd17:3.420941993614864[&state=64],(nd27:0.873029897152417[&state=6],(nd29:0.823514771796716[&state=3],(nd31:0.7327740141151275[&state=52],nd34:0.7327740141151277[&state=37])nd30:0.09074075768158832[&state=81])nd28:0.04951512535570107[&state=53])nd18:2.5479120964624475[&state=53])nd11:3.1274818925280514[&state=2],nd10:6.548423886142917[&state=10])nd5:4.016623642794113[&state=7],((nd21:2.684238834809835[&state=30],nd22:2.684238834809835[&state=77])nd13:3.235892848544605[&state=29],(((nd25:1.974758515523688[&state=1],nd26:1.974758515523688[&state=63])nd23:0.3564138609665387[&state=65],nd24:2.331172376490227[&state=32])nd15:1.1335819907832734[&state=7],((nd35:0.02464840750950123[&state=65],nd36:0.02464840750950123[&state=2])nd19:3.0849920122207073[&state=103],nd20:3.1096404197302085[&state=8])nd16:0.35511394754329006[&state=7])nd14:2.455377316080942[&state=7])nd7:4.644915845582587[&state=7])nd3:0.9990967503602606[&state=7],nd4:11.564144279297283[&state=0])nd2:0.0[&state=7];
