sample	replicate	trs
1	1	(((((nd7:3.2370007893258403[&state=6],(nd29:2.2875961194546246[&state=6],(nd37:6.353044882283138[&state=6],nd38:6.353044882283138[&state=6]):1.3141598331427629[&state=6]):6.357180308836418[&state=6]):0.26043065364494455[&state=6],(((nd53:3.9286975025859885[&state=6],nd54:3.9286975025859885[&state=6]):5.923721232664024[&state=6],((nd35:3.268371816500105[&state=6],nd36:0.9786496619441208[&state=6]):0.7307981455302256[&state=6],((nd45:4.731853573692256[&state=6],nd46:3.290547180780472[&state=6]):1.4799498064772325[&state=6],nd40:5.077637872526384[&state=6]):0.8866078018274585[&state=6]):2.754007553253066[&state=6]):2.258522046637406[&state=6],(nd47:1.6230208315792318[&state=6],(nd59:3.041088660107215[&state=6],nd60:0.15370253116303062[&state=6]):1.5860974893024673[&state=6]):7.483754632477737[&state=6]):2.1738748960198473[&state=6]):1.4880947105963664[&state=6],(nd23:7.737246963644134[&state=6],nd24:2.5456105726575755[&state=6]):8.035663424859498[&state=6]):5.722493661129187[&state=6],(nd9:1.1797456798095276[&state=6],((((nd61:2.705843194564411[&state=6],nd62:2.705843194564411[&state=6]):1.2324138545099366[&state=6],nd52:3.9382570490743483[&state=6]):4.9193289774864795[&state=6],(nd65:0.6052470359117451[&state=6],nd66:1.688032852047295[&state=6]):6.837424643965605[&state=6]):2.0654496797857713[&state=6],((nd33:3.0961701325003173[&state=6],nd34:2.7713995162228025[&state=6]):3.275427009983598[&state=6],((nd27:7.672734606598899[&state=6],nd28:1.5014136948036438[&state=6]):0.6567070076279825[&state=6],((((nd55:3.7670854738849204[&state=6],(((nd71:0.43364675017525917[&state=6],nd72:0.43364675017525917[&state=6]):1.756641982804807[&state=6],nd64:2.190288732980066[&state=6]):1.1023874516997347[&state=6],nd58:0.11669096072730274[&state=6]):0.4744092892051191[&state=6]):1.6175119081340101[&state=6],nd44:3.698299671638493[&state=6]):0.08881633166126379[&state=6],((nd67:0.929400047716062[&state=6],(nd69:0.7713443450041335[&state=6],nd70:0.28544972550613706[&state=6]):0.15805570271192854[&state=6]):3.4450586655386886[&state=6],nd50:4.131644817663041[&state=6]):1.0989550004254445[&state=6]):2.2091280611087103[&state=6],nd26:0.8673107660954213[&state=6]):0.6468998394379765[&state=6]):1.4474583698468293[&state=6]):1.146135722272888[&state=6]):2.7215419567305053[&state=6]):7.850826386555715[&state=6]):1.4479959503671833[&state=6]):0.0[&state=22];
