sample	replicate	trs
1	1	(((((nd65:0.22398760643206653[&state=12],nd66:0.22398760643206653[&state=0])nd49:0.44778827474765964[&state=10],nd63:0.6717758811797261[&state=12])nd17:1.8495935793322793[&state=10],(nd39:1.012236839681372[&state=6],nd51:1.0122368396813721[&state=0])nd18:1.5091326208306337[&state=53])nd3:3.0198778779337645[&state=7],((nd62:0.9671163600316162[&state=7],nd42:0.967116360031616[&state=0])nd9:4.04379340325956[&state=0],((nd25:1.7469677766728933[&state=8],(((nd59:0.38865733271421843[&state=2],nd60:0.38865733271421843[&state=6])nd45:0.5251087943976387[&state=30],nd46:0.913766127111857[&state=8])nd31:0.6225014339330026[&state=30],(nd43:0.9588732016085482[&state=0],(nd55:0.5573074668053574[&state=1],nd56:0.5573074668053574[&state=6])nd44:0.40156573480319085[&state=7])nd32:0.5773943594363115[&state=7])nd26:0.21070021562803323[&state=0])nd23:0.7647839058368958[&state=0],(nd47:0.8506528879388501[&state=24],nd48:0.8506528879388501[&state=6])nd29:1.6610987945709388[&state=24])nd10:2.4991580807813873[&state=0])nd8:0.5303375751545932[&state=7])nd1:0.02321261883331697[&state=0],(((nd67:0.20511928618453243[&state=48],nd68:0.20511928618453243[&state=7])nd37:0.9816547014192014[&state=7],(nd69:0.08053714389410774[&state=8],nd70:0.08053714389410774[&state=1])nd38:1.1062368437096257[&state=28])nd14:3.962023751283337[&state=7],(nd15:3.6213251490931837[&state=50],((nd53:0.6192938433628855[&state=6],nd54:0.6192938433628855[&state=6])nd33:0.7827191918702645[&state=6],nd36:1.4020130352331497[&state=8])nd22:2.219312113860033[&state=7])nd6:1.5274725897938881[&state=22])nd2:0.4156622183920151[&state=0])root:0.0[&state=0];
