sample	replicate	trs
1	1	(nd2:12.881116965231968[&state=5],((nd8:10.852488651062206[&state=57],((((nd44:0.09015388272334197[&state=55],nd45:0.09015388272334197[&state=0])nd36:0.8407406638959926[&state=60],nd37:0.9308945466193346[&state=30])nd26:2.503187246845476[&state=23],nd25:3.4340817934648094[&state=45])nd20:0.7466728071629115[&state=5],(nd40:0.5134721246711049[&state=15],nd41:0.5134721246711049[&state=4])nd38:3.667282475956616[&state=30])nd12:6.671734050434486[&state=5])nd4:1.782600567268967[&state=16],(((nd30:1.9917796095465332[&state=55],nd31:1.9917796095465332[&state=0])nd22:1.5323106644937439[&state=32],nd23:3.5240902740402755[&state=55])nd6:8.766759729292888[&state=5],(nd19:9.554248577664124[&state=19],(((nd42:0.38942525277831747[&state=0],nd43:0.38942525277831747[&state=42])nd32:1.0693172050537956[&state=25],(nd34:1.2291533475121077[&state=2],nd35:1.2291533475121077[&state=54])nd33:0.2295891103200053[&state=36])nd28:1.537123605549113[&state=57],nd29:2.9958660633812246[&state=5])nd15:6.558382514282897[&state=31])nd7:2.736601425669046[&state=16])nd5:0.3442392149980054[&state=5])nd3:0.24602774690080134[&state=16])root:0.0[&state=16];
