sample	replicate	trs
1	1	(((((nd21:2.6509028637248693[&state=2],(nd23:2.2385407843145524[&state=2],nd24:2.2385407843145524[&state=3])nd22:0.412362079410317[&state=9])nd9:2.3428248901692172[&state=9],(nd17:3.8099711753264742[&state=6],nd18:3.8099711753264742[&state=1])nd10:1.1837565785676123[&state=23])nd5:0.8611809533957492[&state=23],nd6:5.854908707289835[&state=0])nd3:0.4189459015382919[&state=48],((nd13:4.1207281576684585[&state=8],nd14:4.1207281576684585[&state=0])nd7:1.6412152978415646[&state=0],((nd27:0.19653426361057763[&state=64],nd28:0.19653426361057763[&state=1])nd19:2.8028145934097135[&state=64],nd20:2.999348857020291[&state=0])nd8:2.7625945984897315[&state=0])nd4:0.5119111533181048[&state=0])nd1:0.5267223104418168[&state=48],(((nd25:0.5195206879522825[&state=6],nd26:0.5195206879522825[&state=6])nd15:3.475154755818744[&state=6],nd16:3.994675443771026[&state=6])nd11:0.6720359255725421[&state=6],nd12:4.6667113693435684[&state=6])nd2:2.133865549926376[&state=6])root:0.0[&state=22];
