sample	replicate	trs
1	1	(((nd3:1.0782562772652453[&state=6],(nd13:5.110016304075441[&state=6],nd14:5.110016304075441[&state=6]):1.2730160079050286[&state=6]):0.0931474026019422[&state=6],(((nd31:1.995324032827517[&state=6],nd32:1.10514052101876[&state=6]):0.613209029577423[&state=6],((nd33:2.2425763244481587[&state=6],(nd37:2.726714049955904[&state=6],(((nd67:0.2077034327240358[&state=6],nd68:0.2077034327240358[&state=6]):0.41018609387326965[&state=6],nd62:0.6178895265973054[&state=6]):1.3599824888109897[&state=6],(nd55:0.09156098085649259[&state=6],(nd63:0.34335291963140735[&state=6],nd64:0.34335291963140735[&state=6]):0.9660366596387902[&state=6]):0.6684824361380974[&state=6]):0.7488420345476107[&state=6]):0.6492039211375888[&state=6]):0.6434175552924011[&state=6],((nd43:2.517901122567758[&state=6],(nd57:1.2331985972561585[&state=6],(nd69:0.10760321659761388[&state=6],nd70:0.10760321659761388[&state=6]):1.1255953806585446[&state=6]):1.2847025253116005[&state=6]):0.020784008251787285[&state=6],nd42:2.398245738811155[&state=6]):1.4806503955663497[&state=6]):0.13479495811727915[&state=6]):2.2133365917001884[&state=6],(nd7:3.0146265802687644[&state=6],(((((nd29:1.8732404160639575[&state=6],((nd49:1.6847293665137557[&state=6],nd50:0.7591265649359208[&state=6]):0.4885924181444571[&state=6],(nd53:0.42802923793041747[&state=6],((nd65:0.2097159326996646[&state=6],nd66:0.2097159326996646[&state=6]):0.7261682791902931[&state=6],nd60:0.9358842118899577[&state=6]):0.5786781954437514[&state=6]):0.6587593773245034[&state=6]):1.4009012814114008[&state=6]):0.8351972415115972[&state=6],(nd35:0.7544017810562468[&state=6],nd36:3.0613858150295794[&state=6]):1.3480344925516297[&state=6]):0.25228631173055105[&state=6],((nd39:0.31220483035687047[&state=6],nd40:0.8410777637492554[&state=6]):1.3909396809406345[&state=6],nd24:0.7298380987033957[&state=6]):0.6001923619048125[&state=6]):0.22960038530108334[&state=6],(nd27:3.3011173777216705[&state=6],(nd51:1.0369220414309102[&state=6],nd52:1.5243847634779075[&state=6]):2.147418169936125[&state=6]):1.2195040711988128[&state=6]):0.4294930923903586[&state=6],(nd11:0.37749097554346556[&state=6],nd12:0.19500808109919962[&state=6]):0.16603844736620538[&state=6]):0.7240266933157076[&state=6]):0.3226402858844519[&state=6]):0.1087126383790508[&state=6]):0.4103602854175845[&state=6]):0.0[&state=23];
