sample	replicate	trs
1	1	(((nd22:2.0129944974315883[&state=5],(((nd54:0.9599526643831485[&state=5],(nd80:0.1482939604368726[&state=5],nd81:0.1482939604368726[&state=5])nd55:0.8116587039462759[&state=5])nd34:0.5661191471201066[&state=5],(nd78:0.18194828225198711[&state=5],nd79:0.18194828225198711[&state=5])nd35:1.344123529251268[&state=5])nd32:0.09850392262883659[&state=5],(nd42:1.3770796013931474[&state=5],(nd62:0.8091894437451598[&state=5],nd84:0.8091894437451598[&state=5])nd49:0.5678901576479876[&state=5])nd33:0.24749613273894433[&state=5])nd24:0.3884187632994963[&state=5])nd19:2.304604582515224[&state=5],((nd52:1.9667701112548328[&state=5],((nd86:0.028718122514375017[&state=5],nd87:0.028718122514375017[&state=5])nd65:0.8881923012501508[&state=5],(nd72:0.5502933517952442[&state=5],nd73:0.5502933517952442[&state=5])nd57:0.3666170719692818[&state=5])nd40:1.049859687490307[&state=5])nd27:0.09687342379736628[&state=5],((nd74:0.4909816719488425[&state=5],nd76:0.4909816719488425[&state=5])nd67:0.9614870742016605[&state=5],(nd68:1.4268026495607742[&state=5],(nd58:0.9075859097116669[&state=5],((nd82:0.0850233217480022[&state=5],nd83:0.0850233217480022[&state=5])nd71:0.7936095990473244[&state=5],nd61:0.8786329207953266[&state=5])nd59:0.02895298891634021[&state=5])nd47:0.5192167398491074[&state=5])nd37:0.025666096589728783[&state=5])nd21:0.6111747889016965[&state=5])nd14:2.2539555448946125[&state=5])nd4:0.681332964202223[&state=5],nd7:4.9989320441490355[&state=0])nd3:0.0[&state=16];
