sample	replicate	trs
1	1	(((((((nd33:3.245995281986727[&state=0],((nd41:2.262200095603425[&state=0],nd42:2.262200095603425[&state=0]):0.5779788799556207[&state=0],(nd43:1.7438403261300375[&state=0],nd44:2.0870427476216378[&state=0]):0.7531362279374083[&state=0]):0.40581630642768135[&state=0]):2.1461918112880385[&state=0],nd18:5.3921870932747655[&state=0]):1.561726364599985[&state=0],nd14:1.6259553371801467[&state=0]):3.8576841832522315[&state=0],((((nd25:4.28122744292924[&state=0],nd26:4.28122744292924[&state=0]):1.5404178261384898[&state=0],(nd31:3.556638931200938[&state=0],nd32:3.556638931200938[&state=0]):2.265006337866791[&state=0]):1.658311810578614[&state=0],(nd21:4.946949988491379[&state=0],((nd39:0.6100686762130907[&state=0],nd40:2.832815350494032[&state=0]):1.2584097318176204[&state=0],nd28:4.091225082311651[&state=0]):0.8557249061797261[&state=0]):2.5330070911549654[&state=0]):1.870895946339603[&state=0],((nd35:0.8778148622087967[&state=0],nd36:3.1360081868886374[&state=7]):2.0170344338182034[&state=0],(((nd45:0.6187533660576796[&state=0],nd46:0.6187533660576796[&state=0]):3.003260028455106[&state=0],nd30:3.622013394512785[&state=0]):0.8107398521364122[&state=0],nd24:4.432753246649198[&state=0]):0.7202893740576437[&state=0]):4.197810405279107[&state=0]):1.460744615141035[&state=0]):6.348418005612732[&state=0],(nd9:0.7164239728809111[&state=0],nd10:2.174197168243306[&state=0]):9.434434266323466[&state=0]):3.2648033336385254[&state=0],nd2:16.33091147781682[&state=6]):0.9917810196217598[&state=22]):0.0[&state=22];
