sample	replicate	trs
1	1	((((nd7:5.126177291909091[&state=6],(nd9:2.5750663359863686[&state=1],nd10:2.0114747467685907[&state=0]):0.5298506284665148[&state=0]):0.4026122621451535[&state=22],((nd31:2.093818907543739[&state=3],nd32:2.093818907543739[&state=50]):2.5361571167564603[&state=23],(((nd47:0.1757825465304581[&state=0],((nd55:0.11712982920711201[&state=0],nd56:0.11712982920711201[&state=2]):0.725465888422376[&state=8],nd50:0.8425957176294879[&state=1]):0.22116060075285252[&state=8]):0.12083347247660568[&state=0],nd38:1.1845897908589462[&state=81]):0.6466102006943886[&state=0],(nd45:1.0671729869527768[&state=3],nd46:1.0671729869527768[&state=2]):0.7640270046005581[&state=8]):2.798776032746865[&state=0]):1.6669956781534023[&state=22]):0.37250875508650244[&state=6],((nd11:5.292106890638737[&state=8],(nd21:1.6674274339935615[&state=1],(((nd43:1.101316231685336[&state=81],nd44:1.101316231685336[&state=23]):0.20406317645513877[&state=1],nd36:1.3053794081404742[&state=8]):1.175567711070296[&state=7],nd30:2.48094711921077[&state=7]):1.286997692060663[&state=7]):1.5241620793673027[&state=1]):0.9130521782625689[&state=48],(nd13:0.46329811272760596[&state=0],(((nd23:2.1562203292570334[&state=6],((nd53:0.17045307911325283[&state=23],nd54:0.17045307911325283[&state=0]):2.748265951699643[&state=22],((nd41:1.1067323053609488[&state=2],(nd51:0.4854421355637801[&state=6],nd52:0.4854421355637801[&state=2]):0.6212901697971687[&state=24]):0.03889166217257904[&state=2],nd40:1.145623967533528[&state=6]):1.7730950632793676[&state=24]):0.23067416823117068[&state=23]):1.2107680330071364[&state=23],nd20:0.6717934919252042[&state=0]):0.1980891657325905[&state=48],(nd25:0.10863830246102181[&state=1],nd26:2.933976965691073[&state=8]):1.6242734320927201[&state=7]):0.38609295776307534[&state=48]):1.2608157133544369[&state=0]):0.4643213886387992[&state=0]):1.0211895424598958[&state=22]):0.0[&state=22];
