sample	replicate	trs
1	1	((((((nd81:4.138167678419929[&state=2],nd82:4.138167678419929[&state=0])nd79:0.03401319087216807[&state=0],((nd89:3.1448304468587147[&state=1],(nd109:0.7176230906129979[&state=1],nd110:0.7176230906129979[&state=9])nd92:2.4272073562457175[&state=1])nd85:0.23046414295793294[&state=1],nd86:3.3752945898166478[&state=0])nd83:0.7968862794754511[&state=7])nd59:4.893219844962245[&state=7],((nd101:2.252149839388681[&state=6],nd98:2.252149839388681[&state=6])nd95:0.02198007987854445[&state=22],(nd113:0.5391000641250882[&state=0],nd114:0.5391000641250882[&state=0])nd96:1.735029855142137[&state=0])nd76:6.79127079498712[&state=22])nd27:2.3620694789399654[&state=0],(nd67:7.086684701064116[&state=0],(nd111:0.5768175339015041[&state=0],nd112:0.5768175339015041[&state=2])nd100:6.509867167162612[&state=8])nd63:4.340785492130195[&state=0])nd25:1.5303135910549541[&state=0],(nd115:0.38405415117049646[&state=0],nd116:0.38405415117049646[&state=0])nd65:12.57372963307877[&state=0])nd18:6.415019309396174[&state=0],((nd77:4.504095303469244[&state=6],nd93:4.504095303469245[&state=6])nd61:3.406150201238053[&state=6],(nd103:3.1839817420808667[&state=6],nd105:3.1839817420808667[&state=6])nd74:4.7262637626264326[&state=6])nd40:11.462557588938138[&state=6])nd2:0.0[&state=22];
