sample	replicate	trs
1	1	((((nd51:1.7078073354003969[&state=6],((nd65:1.1646458033004798[&state=6],(nd103:0.14431194045120316[&state=6],nd104:0.14431194045120316[&state=6])nd66:1.0203338628492766[&state=6])nd55:0.45492742781992906[&state=6],nd56:1.6195732311204085[&state=6])nd52:0.08823410427998828[&state=6])nd47:0.7221249080145196[&state=6],((nd95:0.2655198615315983[&state=6],nd96:0.2655198615315983[&state=6])nd59:1.1130650702708218[&state=6],(nd78:1.1416673201018968[&state=6],(nd73:0.9588279254758061[&state=6],nd74:0.9588279254758061[&state=6])nd68:0.1828393946260905[&state=6])nd60:0.23691761170052333[&state=6])nd48:1.0513473116124965[&state=6])nd33:6.347561820637088[&state=6],((((((nd101:0.1786406650595316[&state=6],nd102:0.1786406650595316[&state=6])nd79:0.6612083970609846[&state=6],(nd91:0.33852008045854765[&state=6],nd92:0.33852008045854765[&state=6])nd80:0.5013289816619686[&state=6])nd75:0.10118438506367676[&state=6],nd76:0.9410334471841928[&state=6])nd69:0.15257447188135723[&state=6],(nd87:0.5837143877135695[&state=6],(nd99:0.20715468595720274[&state=6],nd100:0.20715468595720274[&state=6])nd88:0.3765597017563668[&state=6])nd70:0.5098935313519807[&state=6])nd53:0.588420207742924[&state=6],(nd93:0.30580851929245645[&state=6],nd94:0.30580851929245645[&state=6])nd54:1.3762196075160178[&state=6])nd46:3.065691426315587[&state=6],(nd62:3.4698574972285847[&state=6],(nd71:1.0531519024241094[&state=6],(nd89:0.44334475444491767[&state=6],nd90:0.44334475444491767[&state=6])nd72:0.6098071479791918[&state=6])nd40:2.416705594804475[&state=6])nd36:1.277862055895476[&state=6])nd30:4.029774510927943[&state=6])nd19:5.290899430485451[&state=6],(((nd83:0.7774455630845807[&state=1],nd84:0.7774455630845807[&state=1])nd57:0.7585973833669282[&state=1],((nd97:0.23724120774298296[&state=6],nd98:0.23724120774298296[&state=6])nd85:0.39233320016656087[&state=6],nd86:0.6295744079095438[&state=4])nd64:0.9064685385419651[&state=26])nd43:1.3566081081245709[&state=23],(nd81:0.8007988910382062[&state=6],nd82:0.8007988910382062[&state=6])nd50:2.0918521635378737[&state=6])nd41:11.175742439961375[&state=6])nd1:0.0[&state=6];
