sample	replicate	trs
1	1	((nd49:8.125203047467702[&state=48],(((nd62:1.535156722164987[&state=0],(nd63:0.09377684399690303[&state=6],(nd65:0.05570617955073774[&state=0],nd66:0.05570617955073774[&state=48])nd64:0.0380706644461653[&state=48])nd48:1.4413798781680847[&state=48])nd45:0.11606483033730436[&state=11],nd46:1.6512215525022924[&state=11])nd39:1.1606300596257064[&state=1],(nd59:0.4692444024018844[&state=1],nd60:0.4692444024018844[&state=7])nd41:2.342607209726114[&state=7])nd33:5.313351435339701[&state=1])nd7:1.3974612781242144[&state=0],(nd31:4.242971001472955[&state=10],((nd51:1.4498595080915158[&state=6],nd52:1.4498595080915158[&state=6])nd35:1.467809258871801[&state=25],(((nd67:0.017165509938439856[&state=3],nd68:0.017165509938439856[&state=104])nd55:1.057800235070539[&state=104],nd56:1.074965745008979[&state=31])nd53:0.21445039248158904[&state=9],nd54:1.289416137490568[&state=9])nd36:1.6282526294727486[&state=9])nd29:1.32530223450964[&state=23])nd19:5.279693324118956[&state=22])nd6:0.0[&state=22];
