sample	replicate	trs
1	1	((((nd19:1.1788997800251413,nd20:0.1285274742812096)nd13:0.2763439228990437,(nd27:0.23863173765335802,(nd45:0.01094440204038933,nd46:0.01094440204038933)nd28:2.688988624755432)nd14:1.752553221840527)nd1:1.2819453149420699,(((((nd37:0.6932353906421479,(nd39:0.3642481581858521,nd40:0.3642481581858521)nd38:0.32898723245629574)nd29:0.8906604761924302,nd30:1.3883061053016035)nd7:3.423000853569941,nd8:0.0723501838435588)nd5:0.40170957773908755,nd6:3.475220457751655)nd3:0.09690572811819317,(((nd23:0.04954744325280595,nd24:2.7943093048898127)nd15:1.6277336569329606,(nd21:3.1663012140130338,((nd35:0.7876397234566435,(nd43:0.030620719867533744,nd44:0.030620719867533744)nd36:0.7570190035891097)nd31:0.5652746246753554,(nd33:0.8226024148830813,nd34:0.8226024148830813)nd32:0.5303119332489175)nd22:1.8133868658810357)nd16:1.255741747809739)nd9:0.3057715401390112,((((nd41:0.07686967808205669,nd42:0.07686967808205669)nd25:2.6391345935333184,nd26:2.716004271615375)nd17:1.5993833267325872,nd18:4.315387598347963)nd11:0.2846104020465612,nd12:0.07905457268868739)nd10:0.12781650156726165)nd4:0.777697524300015)nd2:0.22891953731661843)root:1.0947184364215805)origin:0.0;
