sample	replicate	trs
1	1	((((nd5:3.06447188597825[&state=6],((((nd35:0.7829311795105003[&state=6],nd36:0.7829311795105003[&state=6]):0.7829903844949597[&state=6],(nd17:0.8543858973976746[&state=6],nd18:1.2676610570257816[&state=6]):0.2982605069796784[&state=6]):0.20244383213727113[&state=6],(nd15:0.295950110331259[&state=6],(nd25:1.0898054080080064[&state=6],((nd39:0.28398820521691404[&state=6],nd40:0.28398820521691404[&state=6]):0.5429179015098636[&state=6],nd34:0.8269061067267776[&state=6]):0.2628993012812286[&state=6]):0.24057126033550946[&state=6]):0.43798872779921527[&state=6]):0.9706828922134867[&state=6],((nd21:1.170139806640794[&state=6],(((nd41:0.2748378076900982[&state=6],(nd49:0.06752506641195444[&state=6],nd50:0.06752506641195444[&state=6]):0.20731274127814375[&state=6]):0.3413775884237956[&state=6],nd38:0.6162153961138939[&state=6]):0.513258462124078[&state=6],nd24:0.7680943742498286[&state=6]):0.04066594840282199[&state=6]):0.03333206319746153[&state=6],(((nd47:0.08490564914541777[&state=6],nd48:0.08490564914541777[&state=6]):0.7735968213250124[&state=6],nd32:0.8585024704704302[&state=6]):0.11645782666594198[&state=6],(nd29:0.9086774316200816[&state=6],nd30:0.9086774316200816[&state=6]):0.06628286551629066[&state=6]):0.22851157270188296[&state=6]):1.5355764185179626[&state=6]):0.3254235976220322[&state=6]):0.48775603280311614[&state=6],((nd43:0.24799177487270313[&state=6],nd44:0.24799177487270313[&state=6]):2.1674574992806352[&state=6],(nd45:0.2122857374470363[&state=6],(nd51:0.02955594606211087[&state=6],nd52:0.02955594606211087[&state=6]):0.18272979138492543[&state=6]):2.203163536706302[&state=6]):1.1367786446280275[&state=6]):0.5411085117169915[&state=6],nd2:0.29293725284618793[&state=6]):0.6638035695016437[&state=6]):0.0[&state=24];
