sample	replicate	trs
1	1	(((((nd33:0.6980483508880244[&state=104],nd34:0.6980483508880244[&state=107])nd27:0.3426850407699829[&state=56],(nd50:0.8525942252228954[&state=86],nd32:0.8525942252228953[&state=120])nd28:0.1881391664351118[&state=98])nd23:0.22805807898717068[&state=52],(nd35:0.6590010398587327[&state=87],(nd37:0.6274098536008013[&state=108],nd38:0.6274098536008013[&state=83])nd36:0.03159118625793138[&state=120])nd24:0.6097904307864455[&state=105])nd19:0.5911147207961891[&state=81],(nd25:1.0522220193652052[&state=105],((nd43:0.2679725428751415[&state=52],(nd53:0.02894431210015192[&state=4],nd54:0.02894431210015192[&state=66])nd44:0.23902823077498964[&state=66])nd29:0.6550336375494913[&state=87],nd30:0.9230061804246326[&state=37])nd26:0.12921583894057267[&state=16])nd18:0.8076841720761619[&state=67])nd15:2.3730299551789087[&state=63],((nd39:0.44648350625999284[&state=37],((nd51:0.15332531015410436[&state=108],nd52:0.15332531015410436[&state=55])nd41:0.2694432018434972[&state=86],(nd45:0.26403610270853656[&state=87],(nd47:0.25199513532849344[&state=15],nd48:0.25199513532849344[&state=67])nd46:0.01204096738004319[&state=107])nd42:0.1587324092890649[&state=83])nd40:0.023714994262391244[&state=120])nd21:0.8424550895487987[&state=120],nd22:1.2889385958087916[&state=108])nd16:2.943997550811484[&state=31])nd14:0.0[&state=0];
