sample	replicate	trs
1	1	((((nd7:0.21303210742747591,nd8:0.49315308914190237)nd3:0.1910188440092566,nd4:0.0049349019101940185)nd1:0.25075165793212756,((nd9:0.08087335499483572,((nd17:0.71201464373122,(nd21:0.2822250094013264,nd22:1.12614948417063)nd18:0.2106061922173082)nd11:0.8294753887997823,(((nd19:0.24093644640648892,(nd25:1.8220866125667639,nd26:0.2628633790629824)nd20:1.9696352244797553)nd15:0.6202267737950165,(nd23:0.10048386219365786,(((nd31:0.916849078908777,(nd37:0.31609657592821716,nd38:0.6413457978836037)nd32:1.2285537340973778)nd29:0.8776728368428806,(nd33:1.3988140796565511,(nd35:0.08994741208468034,(nd39:0.07589109133873197,(((nd49:0.10233698641520372,nd50:0.5736351937916968)nd43:2.2126187787037024,((nd47:1.0769300307315233,(nd51:0.566209387743889,((((((nd83:0.01999023172265472,nd84:0.01999023172265472)nd79:0.02121936342728442,nd80:0.041209595149939146)nd59:0.6353377645063844,(nd67:0.24680280431793608,nd68:0.24680280431793608)nd60:0.4297445553383874)nd57:0.058767203963314946,(((nd65:0.3177209003732642,(nd69:0.17137347151073165,(((nd87:0.007486085751535023,nd88:0.007486085751535023)nd77:0.053280023825070556,(nd85:0.01108739854006741,nd86:0.01108739854006741)nd78:0.04967871103653817)nd73:0.07711972155723489,(nd81:0.03801566804442322,nd82:0.03801566804442322)nd74:0.09987016308941725)nd70:0.033487640376891156)nd66:0.14634742886253257)nd63:0.08185540429460177,nd64:0.399576304667866)nd61:0.10317597474762352,(((nd89:0.006436362948472928,nd90:0.006436362948472928)nd75:0.08076965565027604,nd76:0.024608389189450706)nd71:0.07385974978753417,nd72:0.16106576838628314)nd62:0.3416865110292063)nd58:0.23256228420414893)nd55:0.6748486815028565,nd56:1.2957879321849408)nd53:0.5844665511372276,nd54:1.340862736751661)nd52:1.117726289105925)nd48:0.9844371447307363)nd45:1.5471093194012517,nd46:0.7273187972352065)nd44:0.4721739620056247)nd41:0.2557240136054966,nd42:0.30449271778861403)nd40:1.1768236417513205)nd36:1.3829378983906646)nd34:0.9750635251162934)nd30:1.1302142947639962)nd27:0.27461280885002726,nd28:0.858842722311794)nd24:1.1696726266204587)nd16:2.1692672601803813)nd13:0.1771986568285385,nd14:0.8064918821797119)nd12:0.21020707071919875)nd10:0.2858501055198741)nd5:0.7287658510659021,nd6:0.300537135509638)nd2:0.35578043468048337)root:4.312605300404099)origin:0.0;
