sample	replicate	trs
1	1	(((nd3:4.43512657561219,((nd7:4.775955946105034,(nd25:2.340547777104579,nd26:9.635748356219866)nd8:4.700709365139004)nd5:1.3432351980004094,((nd23:0.15783080586754553,((((nd55:0.37293147299318097,(nd85:0.5226853389815987,nd86:0.5226853389815987)nd56:3.2039973419348513)nd51:0.11441274884917037,(nd59:2.8171731559042854,(nd93:0.184591371328317,nd94:0.184591371328317)nd60:2.632581784575968)nd52:1.0239222738613352)nd29:4.465369940597259,(((nd67:2.2386316884893995,nd68:2.2386316884893995)nd53:1.5177859962230722,(((nd91:0.30889657716976143,nd92:0.30889657716976143)nd87:0.15450920388900433,nd88:0.4634057810587657)nd71:1.4716366421810594,(nd75:1.6050504206399363,nd76:0.1256716790254657)nd72:0.3299920025998891)nd54:1.8213752614726462)nd31:4.391214154183188,nd32:2.8373225792645194)nd30:0.1588335314672211)nd27:0.4045359087679109,(nd37:7.070640290371228,((((nd81:0.6387838617129716,nd82:0.6387838617129716)nd49:3.635642859188703,nd50:4.274426720901675)nd45:0.5716336889362454,nd46:4.8460604098379205)nd43:0.0004946943786570052,((nd63:2.270990651970357,(nd89:0.3857555371793882,(nd95:0.17734807390240498,nd96:0.17734807390240498)nd90:0.20840746327698326)nd64:1.8852351147909683)nd61:0.09262693268930265,((nd73:1.934401393937493,nd74:0.36350682100174203)nd65:0.33250009987960594,nd66:2.266901493817099)nd62:0.09671609084256094)nd44:2.482937519556917)nd38:2.22408518615465)nd28:1.6403609887595632)nd24:1.031641179553951)nd21:0.6734058132722714,nd22:6.952775732451119)nd6:5.263644647402266)nd4:1.4648379097729867)nd1:2.289979576715037,((nd15:2.759183593739063,(nd39:2.202390242573964,(nd41:0.2654143834907252,(nd69:2.0286223262099234,(nd83:0.5612601691729309,nd84:0.5612601691729309)nd70:1.467362157036992)nd42:3.4273611970546685)nd40:0.11612611369205664)nd16:6.457864001715681)nd9:2.2046370877277024,((nd13:0.31395410315529715,(nd17:11.90543339953558,(((nd77:1.3474047133824658,(nd79:1.3041493718766926,nd80:1.3041493718766926)nd78:0.04325534150577334)nd47:3.22706517158589,nd48:4.574469884968355)nd19:6.124243670958463,((nd57:3.526584205248767,nd58:3.526584205248767)nd33:4.536889399361192,(nd35:6.010360631990175,nd36:5.106665994783749)nd34:0.9433012673776613)nd20:2.6352399513168607)nd18:1.2067198436087627)nd14:0.20610210807768548)nd11:0.10157342799083029,nd12:2.757993671529267)nd10:2.0215017907959356)nd2:5.199899679447269)root:1.2685895941527099)origin:0.0;
