sample	replicate	trs
1	1	(((((nd55:2.1418479007854367,(nd57:1.9992601740245668,nd58:1.9992601740245668)nd56:0.14258772676087)nd43:5.130184129687698,(nd59:6.314662838803616,nd48:6.314662838803617)nd44:0.9573691916695186)nd33:1.8795976395690774,(((nd67:1.1192643812821923,nd68:1.1192643812821923)nd65:0.13722831827304566,(nd69:0.021795617813911372,nd70:0.021795617813911372)nd66:1.2346970817413265)nd51:2.34312731418088,nd52:3.599620013736118)nd34:5.552009656306095)nd12:9.412192881192583,((nd42:11.277740328246875,nd28:11.277740328246882)nd25:0.5400731460733782,((nd63:1.7021907390240796,nd64:1.7021907390240796)nd54:2.1366987393368992,(nd61:1.7526769814378065,nd62:1.7526769814378065)nd50:2.0862124969231717)nd35:7.978923995959276)nd13:6.746009076914541)nd1:5.8393831331608474,((nd23:12.03294933487986,nd24:12.03294933487986)nd19:1.3625103463560175,nd30:13.395459681235874)nd9:11.00774600315977)root:0.0;
