sample	replicate	trs
1	1	((((nd81:1.1253538996004817[&state=15],nd82:1.1253538996004817[&state=37])nd56:2.81640206985106[&state=2],nd36:3.941755969451543[&state=2])nd31:0.572018692795126[&state=6],((((nd71:1.7591798969468881[&state=12],(nd98:0.7835331031794349[&state=2],nd94:0.7835331031794349[&state=6])nd72:0.9756467937674534[&state=25])nd69:0.021167739249989336[&state=25],nd95:1.7803476361968773[&state=25])nd67:0.1935540295007222[&state=25],((nd77:1.5658086674855667[&state=12],nd78:1.5658086674855667[&state=35])nd73:0.1144701643379978[&state=3],((nd83:0.8253502247874208[&state=3],nd84:0.8253502247874208[&state=3])nd79:0.5704759516241905[&state=3],nd80:1.3958261764116113[&state=3])nd74:0.2844526554119533[&state=3])nd68:0.2936228338740351[&state=3])nd63:1.1749805959103803[&state=25],(nd61:2.2686850852735674[&state=56],(nd75:2.006155102828115[&state=3],(nd92:0.7162431509001345[&state=6],nd88:0.7162431509001345[&state=6])nd66:1.2899119519279807[&state=6])nd62:0.26252998244545295[&state=6])nd59:0.8801971763344121[&state=6])nd40:1.3648924006386884[&state=6])nd23:1.970637228296162[&state=6],(nd89:0.6222817328417674[&state=2],nd90:0.6222817328417674[&state=2])nd58:5.862130157701062[&state=2])nd6:0.0[&state=6];
