sample	replicate	trs
1	1	(((nd23:3.2662721948952824[&state=0],nd24:3.2662721948952824[&state=0])nd19:3.142977992859624[&state=0],((nd33:1.817513906359948[&state=0],nd34:1.817513906359948[&state=0])nd15:3.377195946407045[&state=0],nd16:5.194709852766993[&state=0])nd10:1.2145403349879134[&state=0])nd3:1.8257815684178407[&state=0],(((nd21:3.537220687675505[&state=0],((nd45:0.1454651776183687[&state=6],nd46:0.1454651776183687[&state=6])nd31:1.7430430739497873[&state=6],(nd35:1.4733627904069557[&state=0],nd36:1.4733627904069557[&state=2])nd32:0.4151454611612003[&state=8])nd22:1.648712436107349[&state=22])nd17:1.2771618668764368[&state=0],((nd27:2.1963044981435464[&state=0],((nd42:1.2467101860916936[&state=23],nd38:1.2467101860916934[&state=0])nd29:0.8571319302871432[&state=7],nd30:2.1038421163788366[&state=0])nd28:0.0924623817647097[&state=0])nd25:1.008609144943684[&state=0],nd26:3.2049136430872305[&state=0])nd18:1.6094689114647114[&state=0])nd7:1.8692133812845535[&state=0],((nd43:0.5098368980725552[&state=7],nd44:0.5098368980725552[&state=0])nd39:0.4986612915245291[&state=7],nd40:1.0084981895970841[&state=0])nd8:5.675097746239411[&state=0])nd5:1.551435820336251[&state=0])nd1:0.0[&state=0];
