sample	replicate	trs
1	1	((((((nd53:0.13102720332016213[&state=50],nd54:0.13102720332016213[&state=87]):0.11867329834483227[&state=12],(nd57:0.08587832441109361[&state=104],nd58:0.08587832441109361[&state=15]):0.16382217725390075[&state=120]):0.12477455472482632[&state=105],nd32:0.37447505638982065[&state=79]):0.17205701992218383[&state=105],nd24:0.5465320763120043[&state=108]):4.915936548891761[&state=98],((((nd59:0.062054582863852105[&state=3],nd60:0.062054582863852105[&state=104]):0.3517580083776114[&state=104],(nd29:0.1343770773432693[&state=6],(nd51:0.18077948025827828[&state=104],nd52:0.18077948025827828[&state=7]):0.2312167436486203[&state=104]):0.001816367334564948[&state=23]):0.5770996557855991[&state=120],(nd49:0.19224589337509906[&state=28],nd50:0.19224589337509906[&state=79]):0.7986663536519637[&state=104]):3.4642778689280704[&state=6],(((((nd33:0.3538679329800276[&state=53],nd34:0.3538679329800276[&state=2]):0.15566695610425968[&state=53],(nd47:0.2105887716803397[&state=2],nd48:0.2105887716803397[&state=120]):0.29894611740394766[&state=104]):0.3681056929489124[&state=24],nd16:0.8776405820332[&state=16]):0.18879616753640735[&state=53],((nd55:0.10544483760445612[&state=2],(nd61:0.03326961494927685[&state=49],nd62:0.03326961494927685[&state=1]):0.07217522265517927[&state=78]):0.8279557639340869[&state=105],(nd37:0.3381142714615169[&state=81],nd38:0.3381142714615169[&state=104]):0.5952863300770259[&state=108]):0.13303614803106417[&state=25]):3.1273855927776433[&state=25],((nd17:0.8494437773915695[&state=80],(nd45:0.21428900481972404[&state=104],nd46:0.21428900481972404[&state=9]):0.6351547725718456[&state=104]):0.8264404027567341[&state=53],(((nd39:0.2943923552239498[&state=2],(nd43:0.23935607073347412[&state=53],nd44:0.23935607073347412[&state=6]):0.05503628449047567[&state=56]):0.4904081439844358[&state=24],nd22:0.011976274771298664[&state=6]):0.028297397227936616[&state=24],((nd63:0.03260793751672961[&state=50],nd64:0.03260793751672961[&state=1]):0.31538055369797474[&state=81],nd36:0.014310779189573646[&state=4]):0.4651094052216177[&state=108]):0.8627862837119814[&state=23]):2.5179381621989467[&state=6]):0.26136777360788305[&state=6]):1.0072785092486312[&state=6]):2.7459013747962255[&state=6]):0.0[&state=23];
