sample	replicate	trs
1	1	((nd1:7.291617334302909[&state=6],((((nd25:0.889644937181403[&state=6],(((nd55:0.8631265662369018[&state=6],nd56:0.8631265662369018[&state=6]):2.4428160399484145[&state=6],(nd33:1.1509250263152426[&state=6],nd34:0.5417485198566333[&state=1]):1.1564587058084193[&state=23]):0.3527622448246999[&state=6],(nd53:1.2394313404689763[&state=6],nd54:0.7897007990389033[&state=6]):2.3867055243796442[&state=6]):0.07185367104416336[&state=6]):2.579812759131778[&state=6],(((nd19:5.021490522872943[&state=6],nd20:1.9766811624260936[&state=6]):0.057358099877699166[&state=6],nd18:5.078848622750644[&state=6]):0.48097539943370177[&state=6],((((nd51:0.3639445770092643[&state=6],(nd57:0.2691732697111199[&state=23],nd58:0.2691732697111199[&state=6]):1.1180110595584047[&state=23]):0.7425010085954803[&state=6],((nd49:1.4677881305842744[&state=9],nd50:1.4677881305842744[&state=12]):0.47341543285219245[&state=2],(nd43:1.8121909570031614[&state=2],nd44:1.8121909570031614[&state=2]):0.12901260643330575[&state=2]):0.18848177442853822[&state=2]):0.1303460172277274[&state=24],nd32:1.716967000723457[&state=6]):1.553150961782049[&state=6],nd24:2.0600426387450352[&state=6]):1.7466417053095655[&state=6]):0.7505472590016115[&state=6]):0.34815130359069724[&state=6],nd8:0.7853273727154133[&state=6]):2.7098601087619287[&state=6],((nd39:1.9670908671826512[&state=6],(nd45:1.786123488858409[&state=6],(nd47:1.5122940152888673[&state=6],nd48:1.5122940152888673[&state=6]):0.2738294735695414[&state=6]):0.18096737832424228[&state=6]):5.7910756653233655[&state=6],((nd15:1.0848450571644794[&state=6],(nd21:0.6394442422522213[&state=6],(nd37:2.075939950340794[&state=1],nd38:1.3529667656712083[&state=6]):2.4290174339813673[&state=23]):0.6811215317227888[&state=6]):0.5270109537828602[&state=6],nd12:1.691688791100788[&state=6]):2.045076662678207[&state=6]):1.6102161610325665[&state=6]):0.02577356819144511[&state=6]):3.720343738269964[&state=6]):0.0[&state=23];
