sample	replicate	trs
1	1	((((((nd33:0.6458003461611029[&state=7],(nd35:0.41740410707670783[&state=7],nd36:0.41740410707670783[&state=0]):0.22839623908439527[&state=28]):0.4771849350911384[&state=0],nd22:1.1229852812522414[&state=8]):0.4852954155768365[&state=0],(nd43:0.07503984761535071[&state=28],nd44:0.07503984761535071[&state=1]):1.5332408492137273[&state=28]):2.178798873327933[&state=7],(nd7:3.6979569551707603[&state=7],((nd41:0.12344747380643865[&state=2],nd42:0.12344747380643865[&state=28]):3.077786378082366[&state=28],(nd11:1.161323900726758[&state=0],(((nd39:0.17170728931015675[&state=2],nd40:0.17170728931015675[&state=28]):0.7596505701924557[&state=28],nd26:0.9313578595026123[&state=7]):0.6725498187866841[&state=28],((nd29:0.05030047213366404[&state=2],nd30:0.7441302403199023[&state=7]):0.4419083333495946[&state=28],(((nd31:0.6776186865768846[&state=28],(nd37:0.19848145222531943[&state=2],nd38:0.19848145222531943[&state=2]):0.4791372343515654[&state=2]):0.08577522353322513[&state=9],nd28:0.7633939101101098[&state=1]):0.2522518035713501[&state=1],nd24:1.0156457136814598[&state=7]):0.17039285998803705[&state=1]):0.4178691046197996[&state=7]):1.3224359704368187[&state=7]):0.27489020316268975[&state=48]):0.4967231032819559[&state=48]):0.08912261498624979[&state=22]):0.7227470801976511[&state=22],((nd13:0.917688049762224[&state=6],nd14:2.2244809359900626[&state=6]):2.2569415166425877[&state=6],nd4:4.48142245263265[&state=6]):0.02840419772201201[&state=6]):1.1749533496453346[&state=6]):0.0[&state=23];
