sample	replicate	trs
1	1	(((((nd105:0.32740853027110967,nd106:0.32740853027110967)nd87:1.1554679861037327,nd88:1.4828765163748427)nd53:2.201350232634493,nd54:3.684226749009334)nd19:7.575915895579229,((nd59:2.8227497607676546,nd60:2.8227497607676546)nd39:3.982498376692626,nd43:6.805248137460279)nd23:4.454894507128281)nd13:6.024462311379936,(((((nd85:1.4916470217212372,nd86:1.4916470217212372)nd81:0.04411306192015037,nd82:1.5357600836413876)nd74:0.6698864976042864,(nd93:1.0907132062494262,nd94:1.0907132062494262)nd68:1.1149333749962476)nd17:9.230037767939573,(nd37:7.004559664177156,((((nd71:2.12790179896156,(nd113:0.05740507914188946,nd114:0.05740507914188946)nd72:2.070496719819671)nd57:0.8328190233380773,(nd77:1.5785769673584533,nd78:1.5785769673584533)nd58:1.382143854941185)nd51:1.2102919659256737,((nd65:2.382205239364111,((((nd111:0.21367116259075525,nd112:0.21367116259075525)nd95:0.8407721638366905,(nd97:0.6466620395064355,(nd99:0.614483101892184,nd100:0.614483101892184)nd98:0.032178937614251626)nd96:0.40778128692101007)nd75:0.5884384010790772,nd76:1.642881727506524)nd69:0.5306525324363085,(nd109:0.26087674603316047,nd110:0.26087674603316047)nd70:1.912657513909671)nd66:0.2086709794212806)nd55:0.7755890905986573,(nd63:2.58015992694832,nd64:2.58015992694832)nd56:0.5776344030144476)nd52:1.013218458262542)nd45:1.1199035405398063,((nd83:1.5240351431821124,(nd101:0.47944760828421107,nd102:0.47944760828421107)nd84:1.0445875348979008)nd61:1.1712660804281891,nd62:2.6953012236102993)nd48:2.595615105154817)nd38:1.713643335412039)nd26:4.431124685008086)nd3:5.70633978208607,(nd27:12.549115574577947,(nd104:4.318516817629675,((nd107:0.2727759279037219,nd108:0.2727759279037219)nd89:1.2699934458909916,nd92:1.5427693737947141)nd50:2.775747443834961)nd34:8.230598756948265)nd7:4.592908556693372)nd2:0.14258082469718633)root:0.0;
