sample	replicate	trs
1	1	((((nd15:0.5421686753549306[&state=120],nd16:0.5421686753549306[&state=106])nd9:0.19442616284094527[&state=120],((nd23:0.20732318493319002[&state=65],nd24:0.20732318493319002[&state=120])nd21:0.07520278686252888[&state=120],nd22:0.282525971795719[&state=108])nd10:0.45406886640015687[&state=120])nd7:0.1645017650309317[&state=107],nd8:0.9010966032268077[&state=106])nd1:4.126964912927564[&state=120],((nd25:0.08056487751967834[&state=120],nd26:0.08056487751967834[&state=108])nd3:3.2023748328546304[&state=120],(((nd17:0.41178971427845484[&state=108],nd18:0.41178971427845484[&state=120])nd13:0.25536075563945504[&state=120],(nd19:0.2979357223120277[&state=120],nd20:0.2979357223120277[&state=108])nd14:0.36921474760588235[&state=120])nd5:0.6973314932414533[&state=108],(nd11:0.6740176603787013[&state=120],(nd27:0.05331389281858713[&state=65],nd28:0.05331389281858713[&state=120])nd12:0.620703767560114[&state=120])nd6:0.6904643027806623[&state=120])nd4:1.918457747214947[&state=63])nd2:1.7451218057800595[&state=28])root:0.0[&state=7];
