sample	replicate	trs
1	1	((((nd9:2.562734352511712,nd10:0.39571031368141185)nd3:1.8496823027572216,nd4:0.04919855830907055)nd1:0.6923370756314023,((((((nd35:0.7914495711376757,(nd39:0.46221352092181944,(nd45:0.011436987762372858,nd46:0.011436987762372858)nd40:0.45077653315944666)nd36:0.32923605021585567)nd31:0.20279662153779882,nd32:0.09607994606664794)nd27:0.156237206291272,nd28:1.1504833989667458)nd11:7.520244750912577,nd12:4.2662238478244365)nd7:0.2133779218120686,((((nd41:0.4372547449507678,nd42:0.4372547449507678)nd21:2.6323028589247874,(nd33:0.9416516755526454,nd34:0.9416516755526454)nd22:2.1279059283229103)nd17:2.5750647675538563,(((nd43:0.23221487523604284,nd44:0.23221487523604284)nd29:0.8366016473523573,nd30:1.0688165225884005)nd23:1.0747147854572783,nd24:0.07135294890266955)nd18:3.5010910633837327)nd13:1.373701447801941,(nd15:0.6001875749830072,nd16:6.485363087332613)nd14:0.5329607318987433)nd8:1.8657822524600363)nd5:1.0709120540426125,(((nd37:0.4829305156662353,nd38:0.4829305156662353)nd25:1.3701229550047478,nd26:1.8530534706709831)nd19:3.3336277811351316,nd20:0.7019453105875415)nd6:4.768336873927885)nd2:1.3502787509693277)root:3.1332031232966715)origin:0.0;
