sample	replicate	trs
1	1	((nd1:8.572304877169739[&state=0],(nd3:1.0240795663150601[&state=6],((((nd35:0.09897924492417397[&state=5],nd36:0.6667946099495761[&state=74]):0.08362750979732798[&state=118],(nd39:0.4551789125876753[&state=46],((nd47:0.20524061081107195[&state=19],nd48:0.20524061081107195[&state=103]):0.22724309676801208[&state=42],nd42:0.43248370757908394[&state=5]):0.022695205008591155[&state=76]):0.2952432071592284[&state=47]):0.8505121452607834[&state=118],(((nd43:0.34289124035487784[&state=44],nd44:0.34289124035487784[&state=20]):0.1357308876711086[&state=21],nd38:0.4786221280259866[&state=119]):0.9083342103457568[&state=100],(nd19:0.6573031309998546[&state=6],(nd57:0.038249143447643956[&state=5],nd58:0.038249143447643956[&state=126]):1.2643467462714912[&state=122]):0.08436044865260814[&state=4]):0.2139779266359435[&state=87]):0.08660652643408466[&state=37],(((nd13:1.4099365291495867[&state=103],((nd25:0.10292749770600296[&state=5],(nd53:0.10758352752872782[&state=5],nd54:0.10758352752872782[&state=103]):0.8181188401941074[&state=71]):0.4603323422934552[&state=114],(nd21:1.2059926931617722[&state=103],(nd27:0.7515036783041964[&state=103],((nd51:0.1726023123050667[&state=0],nd52:0.1726023123050667[&state=119]):0.5246272348993934[&state=65],(nd33:0.6745387372620251[&state=34],(nd49:0.18461298206581692[&state=102],nd50:0.18461298206581692[&state=37]):0.48992575519620807[&state=20]):0.022690809942435365[&state=5]):0.054274131099735966[&state=77]):0.4544890148575764[&state=77]):0.18004201685451793[&state=26]):0.0239018191332959[&state=107]):0.20964447794829572[&state=107],((nd45:0.26122136752439845[&state=78],nd46:0.26122136752439845[&state=77]):0.9359882958564031[&state=115],nd24:0.048127651824655865[&state=4]):0.4223713437170806[&state=36]):0.0431217074273411[&state=107],(nd55:0.04535099410707452[&state=19],nd56:0.04535099410707452[&state=103]):1.6173517204181498[&state=74]):0.02483807691654813[&state=107]):14.200782380258191[&state=85]):3.1559479362656853[&state=22]):5.783528892034335[&state=0]):0.0[&state=22];
