sample	replicate	trs
1	1	((nd28:8.679923219940266[&state=6],((((nd99:0.5715690031087047[&state=6],nd100:0.5715690031087047[&state=6])nd86:2.8600164717478007[&state=6],((nd84:3.0281444889517886[&state=6],nd62:3.028144488951789[&state=1])nd53:0.3856631738751029[&state=23],nd92:3.4138076628268914[&state=26])nd52:0.017777812029614027[&state=6])nd45:0.8104010874414571[&state=6],nd46:4.2419865622979644[&state=6])nd35:0.5989303345839179[&state=6],nd36:4.840916896881882[&state=6])nd10:3.839006323058385[&state=6])nd1:2.1553659921742137[&state=6],(((nd93:0.8463539463978774[&state=6],nd94:0.8463539463978774[&state=0])nd89:3.761914975185129[&state=22],nd40:4.608268921583009[&state=6])nd3:5.5054663854667805[&state=6],(((nd79:1.9487488015716452[&state=6],((nd101:0.12012357636553714[&state=1],nd102:0.12012357636553714[&state=1])nd87:0.9810852438116424[&state=1],nd88:1.1012088201771795[&state=6])nd80:0.8475399813944657[&state=23])nd33:4.970821406818712[&state=6],((nd103:0.07291150860852669[&state=6],nd104:0.07291150860852669[&state=6])nd71:3.0936065241872273[&state=6],nd58:3.1665180327957554[&state=6])nd50:3.753052175594602[&state=6])nd20:2.851012073966718[&state=6],((nd67:2.6844540533843415[&state=6],(nd77:2.08196556308607[&state=6],nd78:2.08196556308607[&state=6])nd74:0.602488490298271[&state=6])nd60:5.918871973318959[&state=6],(((nd95:0.8246888810684506[&state=6],(nd97:0.7509979115082656[&state=6],nd98:0.7509979115082656[&state=6])nd96:0.07369096956018509[&state=6])nd63:2.1718221433682263[&state=6],nd64:2.9965110244366775[&state=6])nd47:1.0479000266777883[&state=6],nd48:4.044411051114466[&state=6])nd29:4.558914975588835[&state=6])nd8:1.167256255653775[&state=6])nd6:0.34315302469271064[&state=6])nd2:0.7215539050646932[&state=6])root:0.0[&state=6];
