sample	replicate	trs
1	1	((((((nd59:0.45915119878970223[&state=33],nd60:0.45915119878970223[&state=0])nd57:1.0230481818414865[&state=7],(nd49:1.433130944215359[&state=0],(nd65:0.05810420467439904[&state=3],nd66:0.05810420467439904[&state=10])nd50:1.3750267395409599[&state=10])nd48:0.04906843641582959[&state=0])nd41:1.3651242885133152[&state=0],(nd45:1.6136102637139098[&state=6],((nd61:0.2688836865246593[&state=3],(nd63:0.14796378537344435[&state=1],nd64:0.14796378537344435[&state=11])nd62:0.12091990115121495[&state=42])nd53:0.8123191968160336[&state=11],nd54:1.081202883340693[&state=6])nd46:0.5324073803732169[&state=23])nd42:1.2337134054305943[&state=23])nd39:0.5187437997796729[&state=1],nd40:3.3660674689241774[&state=9])nd33:4.1667540380893575[&state=1],((nd35:4.629396167365848[&state=0],nd36:4.629396167365848[&state=0])nd31:0.6318651296578379[&state=0],(nd55:0.8468020443734491[&state=7],nd56:0.8468020443734491[&state=11])nd44:4.414459252650236[&state=1])nd24:2.27156020998985[&state=7])nd22:2.1294775410124704[&state=1],(nd51:1.4083696575985014[&state=1],nd52:1.4083696575985014[&state=0])nd38:8.253929390427501[&state=28])nd8:0.0[&state=1];
