sample	replicate	trs
1	1	(nd7:19.91272790306453[&state=0],(nd13:1.6791854576472196[&state=35],((nd28:1.4006362143064572[&state=3],(nd54:1.3347917594976773[&state=1],((nd59:1.1386634711677737[&state=37],(nd67:0.9461755789949458[&state=15],(nd76:0.23463372831077706[&state=4],nd74:0.2346337283107771[&state=4])nd68:0.7115418506841688[&state=4])nd61:0.19248789217282755[&state=15])nd57:0.04011026344093752[&state=15],nd70:1.178773734608711[&state=4])nd30:0.15601802488896602[&state=15])nd24:0.06584445480877994[&state=4])nd21:0.03263930015760975[&state=4],(((nd71:0.5885689252375602[&state=2],nd72:0.5885689252375602[&state=4])nd52:0.679033217820647[&state=15],(nd49:1.2356678019673217[&state=3],nd50:1.2356678019673217[&state=2])nd44:0.03193434109088555[&state=4])nd41:0.05597929148901209[&state=4],(nd47:1.2395316444687567[&state=4],((nd77:0.05835920278039873[&state=4],nd78:0.05835920278039873[&state=4])nd63:1.0526390465012299[&state=4],(nd65:0.9643831902712567[&state=4],nd66:0.9643831902712567[&state=4])nd64:0.1466150590103717[&state=4])nd48:0.12853339518712786[&state=4])nd46:0.0840497900784627[&state=4])nd22:0.10969407991684753[&state=4])nd17:0.24590994318315285[&state=4])nd10:18.233542445417314[&state=37])root:0.0[&state=22];
