sample	replicate	trs
1	1	((((nd5:4.388090344898602[&state=6],((nd15:1.5722857219624387[&state=6],nd16:1.5722857219624387[&state=6]):5.274961066370579[&state=6],(nd13:3.178407837400051[&state=2],nd14:3.178407837400051[&state=6]):3.668838950932967[&state=23]):2.9243192228043897[&state=6]):0.3583654670891827[&state=6],((nd11:3.769942942439599[&state=6],nd12:3.769942942439599[&state=24]):3.643016516379402[&state=6],((nd19:0.5365182343256665[&state=4],((nd23:0.32169319589482404[&state=4],nd24:0.32169319589482404[&state=4]):0.07409947405738045[&state=4],(((nd37:0.09118566206850592[&state=4],nd38:0.09118566206850592[&state=4]):0.15949873623165017[&state=4],nd28:0.2506843983001561[&state=15]):0.050010589859024915[&state=56],((nd33:0.17378914170998755[&state=4],(nd35:0.13660234207415006[&state=4],nd36:0.13660234207415006[&state=26]):0.03718679963583748[&state=4]):0.008920572667434649[&state=4],(nd39:0.07808623519605754[&state=4],(nd41:0.05420505215135092[&state=4],nd42:0.05420505215135092[&state=4]):0.02388118304470662[&state=4]):0.10462347918136466[&state=4]):0.1179852737817588[&state=4]):0.09509768179302346[&state=56]):0.140725564373462[&state=56]):0.06926734184527494[&state=56],(nd29:0.24255324461819455[&state=4],nd30:0.24255324461819455[&state=4]):0.3632323315527468[&state=4]):6.807173882648059[&state=56]):2.716972019407589[&state=6]):2.9252702955444887[&state=6],nd2:3.800028294109482[&state=0]):4.39799822622892[&state=22]):0.0[&state=22];
