sample	replicate	trs
1	1	(((nd27:1.7822467435658784,nd28:1.7822467435658784)nd11:3.1860818744603785,nd15:4.968328618026257)nd5:3.875494048345419,(((((nd35:0.29331602541997626,(nd39:0.05511798322107833,nd40:0.05511798322107833)nd36:0.23819804219889792)nd31:0.12502613372420524,nd32:0.41834215914418144)nd13:4.108432352716392,nd24:4.526774511860575)nd9:0.9930677862457334,(nd21:3.4083160573501576,((nd37:0.08265882653027609,(nd41:0.006741686363106934,nd42:0.006741686363106934)nd38:0.07591714016716916)nd25:2.1787890510676147,nd26:2.261447877597891)nd18:1.1468681797522664)nd10:2.1115262407561506)nd7:0.18707418608896154,(nd29:0.8747722054219758,(nd33:0.3482578630360272,nd34:0.3482578630360272)nd30:0.5265143423859486)nd8:4.832144278773293)nd4:3.1369061821764075)nd1:0.0;
