sample	replicate	trs
1	1	(((((nd35:1.0818020229042202[&state=1],nd36:1.0818020229042202[&state=12])nd21:4.233341781793002[&state=31],(nd29:2.2443919945160253[&state=25],nd30:2.2443919945160253[&state=2])nd26:3.070751810181197[&state=25])nd15:6.229426889586592[&state=23],nd16:11.544570694283811[&state=82])nd9:3.317729865678352[&state=7],nd19:14.862300559962167[&state=6])nd4:7.378663157090822[&state=48],(((nd39:0.5564038184449057[&state=18],nd40:0.5564038184449057[&state=7])nd7:18.972953049953666[&state=7],(nd37:0.6976318790097605[&state=7],nd38:0.6976318790097605[&state=6])nd8:18.831724989388814[&state=48])nd5:0.7134474504715815[&state=22],((nd27:2.286401922912935[&state=1],nd28:2.286401922912935[&state=104])nd17:8.721609183192719[&state=28],(((nd33:1.118284826241594[&state=15],nd34:1.118284826241594[&state=1])nd31:0.24848104364245885[&state=4],(nd41:0.30773199289509046[&state=3],nd42:0.30773199289509046[&state=23])nd32:1.0590338769889622[&state=52])nd23:3.736235642796353[&state=86],nd24:5.103001512680406[&state=24])nd18:5.90500959342525[&state=6])nd6:9.234793212764496[&state=22])nd2:1.9981593981828376[&state=6])root:0.0[&state=22];
