sample	replicate	trs
1	1	(nd2:12.881116965231968,((nd8:10.852488651062206,((((nd44:0.09015388272334197,nd45:0.09015388272334197)nd36:0.8407406638959926,nd37:0.9308945466193346)nd26:2.503187246845476,nd25:3.4340817934648094)nd20:0.7466728071629115,(nd40:0.5134721246711049,nd41:0.5134721246711049)nd38:3.667282475956616)nd12:6.671734050434486)nd4:1.782600567268967,(((nd30:1.9917796095465332,nd31:1.9917796095465332)nd22:1.5323106644937439,nd23:3.5240902740402755)nd6:8.766759729292888,(nd19:9.554248577664124,(((nd42:0.38942525277831747,nd43:0.38942525277831747)nd32:1.0693172050537956,(nd34:1.2291533475121077,nd35:1.2291533475121077)nd33:0.2295891103200053)nd28:1.537123605549113,nd29:2.9958660633812246)nd15:6.558382514282897)nd7:2.736601425669046)nd5:0.3442392149980054)nd3:0.24602774690080134)root:0.0;
