sample	replicate	trs
1	1	((nd1:0.02726450187058643[&state=0],((nd5:0.7596657585434152[&state=6],(nd11:0.5144372726124584[&state=0],((nd23:1.6399998726716307[&state=46],((nd39:0.6517496003553117[&state=66],nd40:0.6517496003553117[&state=75]):0.4885840373066159[&state=46],(nd29:1.0099103056977505[&state=77],(nd45:0.36223096875106403[&state=37],nd46:0.36223096875106403[&state=45]):0.6476793369466868[&state=37]):0.13042333196417702[&state=31]):0.4996662350097031[&state=67]):3.185172391443437[&state=87],nd14:0.8269495479712137[&state=6]):1.0515407103529206[&state=24]):6.628170045876603[&state=23]):4.056017846217215[&state=23],(nd7:4.526244399411119[&state=6],(nd9:0.2082019266440574[&state=6],(((nd21:1.641430151143745[&state=45],(nd35:0.870633349953683[&state=77],(((nd43:0.47880930995953735[&state=32],nd44:0.47880930995953735[&state=16]):0.002580210765337001[&state=106],(nd47:0.35991520714348013[&state=5],nd48:0.35991520714348013[&state=29]):0.12147431358139421[&state=17]):0.21395636072079804[&state=106],nd38:0.6953458814456722[&state=43]):0.1752874685080107[&state=123]):0.7707968011900622[&state=86]):2.353968086066814[&state=12],nd18:3.995398237210558[&state=16]):0.6939707596524243[&state=8],((((nd49:0.20491976004245038[&state=103],nd50:0.20491976004245038[&state=6]):0.7748765876182949[&state=125],((nd51:0.17053124395230046[&state=5],nd52:0.17053124395230046[&state=2]):0.7913037762514529[&state=19],nd34:0.9618350202037532[&state=46]):0.017961327456991947[&state=31]):0.3534562936064895[&state=108],nd26:0.9681084973556118[&state=3]):0.6048471359323861[&state=87],nd20:0.8585576648991117[&state=1]):2.7512692196633624[&state=104]):4.088079718256815[&state=28]):0.22149476317587694[&state=6]):7.56195738826613[&state=6]):0.742317237271463[&state=6]):0.5255818961667342[&state=22]):0.0[&state=22];
