sample	replicate	trs
1	1	((((nd19:0.7843969483552631,nd20:0.7843969483552631)nd16:0.602698022336678,((nd35:1.3297925774932415,(nd39:0.03122724210109057,nd40:0.03122724210109057)nd14:1.2985653353921507)nd11:0.008628404439936382,nd12:1.3384209819331776)nd10:0.04867398875876331)nd3:2.4043668792292476,(nd8:3.1264416810703564,(nd31:0.565066955867443,nd32:0.565066955867443)nd6:2.561374725202913)nd4:0.6650201688508321)nd1:0.11595937053883155,((nd33:0.7211009305002652,(nd37:0.1790472187810831,nd38:0.1790472187810831)nd24:0.5420537117191822)nd17:0.5210409512270497,((nd27:0.6896921196243484,nd28:0.6896921196243484)nd25:0.006894342664822181,nd29:0.6965864622891706)nd18:0.5455554194381442)nd2:2.665279338732706)root:0.0;
