sample	replicate	trs
1	1	((((((((nd39:0.059287056318588854[&state=2],nd40:0.059287056318588854[&state=2]):2.147163654325888[&state=2],(nd37:0.78007092412386[&state=0],nd38:0.78007092412386[&state=0]):1.4263797865206171[&state=0]):0.3739135457311696[&state=8],nd24:2.5803642563756464[&state=37]):5.4809512855619955[&state=8],nd18:6.809637270882103[&state=1]):5.621560170450985[&state=7],((((nd35:0.7857118190223352[&state=7],nd36:0.4384720868320244[&state=0]):5.1093756761405[&state=0],nd20:5.895087495162835[&state=35]):2.835752222324291[&state=0],(nd15:3.844310541298761[&state=0],(nd33:1.018673799428788[&state=11],nd34:1.018673799428788[&state=17]):7.386874951752728[&state=7]):0.3252909663056095[&state=0]):3.7200956130810803[&state=0],nd10:9.402821865350603[&state=6]):1.231940381820422[&state=22]):4.091487214314815[&state=0],(nd21:4.5086847472508635[&state=0],((nd31:1.2432555580009623[&state=4],nd32:1.2432555580009623[&state=102]):0.4127317564305673[&state=66],nd30:1.6559873144315294[&state=30]):2.8526974328193333[&state=30]):13.265678179452575[&state=0]):1.508021081161373[&state=0],(((nd27:1.7701469862115686[&state=28],nd28:1.7701469862115686[&state=6]):8.650950599107817[&state=81],nd12:5.498723829990924[&state=0]):7.030846041403263[&state=22],nd6:17.45194362672265[&state=6]):1.830440381142167[&state=6]):0.46121599213519143[&state=22]):0.0[&state=22];
