sample	replicate	trs
1	1	((((nd82:0.4788719061973,(nd92:0.14682120688240252,nd93:0.14682120688240252)nd83:0.3320506993148975)nd28:5.841481617765648,((nd58:1.576481031916771,(((nd86:0.27538770905880655,nd87:0.27538770905880655)nd78:0.38910242060017786,(nd94:0.027614122361851623,nd95:0.027614122361851623)nd79:0.6368760072971329)nd72:0.3408003351237463,(nd80:0.5314447865571805,nd81:0.5314447865571805)nd73:0.4738456782255501)nd59:0.5711905671340404)nd55:2.886470133631657,((((nd62:3.2588362140650213,nd45:3.2588362140650218)nd42:0.46154933920580354,(nd64:1.4783690930493456,(nd70:1.1258690873181214,(nd74:1.0013660196208818,nd75:1.0013660196208818)nd71:0.12450306769723957)nd65:0.35250000573122436)nd50:2.2420164602214796)nd40:0.21974298839971718,((nd89:0.2965273373884087,nd85:0.2965273373884087)nd60:1.271139726886068,nd61:1.5676670642744766)nd41:2.3724614773960657)nd38:0.05547172810050321,nd39:3.9956002697710447)nd37:0.46735089577738304)nd33:1.857402358414519)nd22:4.5462962570013845,nd26:10.866649780964332)nd12:8.853794266236289,(((nd76:0.8812188141567894,nd77:0.8812188141567894)nd68:3.60353298035419,(nd90:0.2098015454160681,nd91:0.2098015454160681)nd53:4.274950249094912)nd20:7.068107749703094,(nd66:1.2784513396434667,nd67:1.2784513396434667)nd21:10.274408204570612)nd19:8.167584502986548)nd2:0.0;
