sample	replicate	trs
1	1	(((((nd35:1.1025801346823134,nd36:1.1025801346823134)nd7:5.978277640779986,(((nd19:5.461411036338979,nd20:5.461411036338979)nd17:0.11108552558547904,(nd37:0.52460066848545,nd38:0.52460066848545)nd18:5.0478958934390095)nd11:1.284879979579092,(nd25:5.780520964092166,(nd29:3.8798567448806267,nd30:3.8798567448806267)nd23:1.900664219211539)nd10:1.0768555774113853)nd8:0.2234812339587489)nd5:0.04677578352922677,(((nd41:0.38030616939465806,nd42:0.38030616939465806)nd39:0.030263296733189917,nd40:0.41056946612784795)nd27:3.927453451456128,nd28:4.338022917583976)nd6:2.7896106414075517)nd3:0.21342801220211688,(nd43:0.03356658628836263,nd44:0.03356658628836263)nd4:7.30749498490528)nd1:7.294416718535687,(nd21:6.092856151694805,nd33:6.092856151694806)nd2:8.542622138034524)root:0.0;
