sample	replicate	trs
1	1	((nd37:4.550802798424395[&state=9],((nd34:3.0228206482472206[&state=3],((nd50:2.5299346636356024[&state=2],nd26:2.5299346636356024[&state=2])nd19:0.44905745458183743[&state=2],(nd39:1.8944637261895316[&state=2],nd40:1.8944637261895316[&state=2])nd20:1.0845283920279083[&state=2])nd18:0.043828530029780814[&state=2])nd13:1.1068664222547346[&state=2],(nd43:1.7001039022247113[&state=4],nd44:1.7001039022247113[&state=37])nd14:2.4295831682772437[&state=37])nd10:0.42111572792244006[&state=2])nd7:2.2370875944261037[&state=2],((nd15:3.5179140233353476[&state=19],((nd31:2.161409878066247[&state=2],(nd35:1.919020084788007[&state=2],nd36:1.919020084788007[&state=2])nd32:0.24238979327824028[&state=2])nd29:0.0894505221941464[&state=2],(nd45:1.632411683761089[&state=3],((nd53:0.08566521764334997[&state=5],(nd55:0.020381880274065296[&state=5],nd56:0.020381880274065296[&state=5])nd54:0.06528333736928468[&state=5])nd51:0.31841563384774263[&state=5],nd52:0.4040808514910926[&state=43])nd46:1.2283308322699964[&state=43])nd30:0.6184487164993048[&state=12])nd27:1.2670536230749534[&state=2])nd11:0.8657598976648495[&state=2],((nd47:0.8231103595201813[&state=46],nd48:0.8231103595201813[&state=2])nd21:2.13439234430992[&state=2],nd22:2.957502703830102[&state=15])nd12:1.4261712171700953[&state=2])nd6:2.4042164718503023[&state=9])nd2:0.0[&state=1];
