sample	replicate	trs
1	1	((nd12:2.132639224675689,(nd40:0.578014022447451,nd41:0.578014022447451)nd13:1.5546252022282379)nd7:3.8025538605553906,(nd47:2.3115679097810493,(((nd26:1.4464317419013806,((nd54:0.031207830460058622,nd55:0.031207830460058622)nd28:1.39144652658814,((nd44:0.5076459340322705,nd45:0.5076459340322705)nd34:0.4613389674721898,(nd36:0.9357576606435796,nd53:0.9357576606435797)nd35:0.033227240860880726)nd29:0.4536694555437382)nd27:0.023777384853182024)nd25:0.22806217497308345,nd32:1.674493916874464)nd16:0.274894661520083,((nd38:0.9183467099491005,nd39:0.9183467099491005)nd20:0.824382893565405,(nd48:0.1999104783990488,(nd50:0.1312373079035097,nd51:0.1312373079035097)nd49:0.06867317049553909)nd21:1.542819125115457)nd19:0.2066589748800416)nd9:0.36217933138650216)nd3:3.6236251754500306)root:0.0;
