sample	replicate	trs
1	1	(((nd19:3.5537729926116506,nd20:3.5537729926116506)nd9:8.630310980379877,(nd21:3.442839146808068,nd22:3.442839146808068)nd14:8.74124482618346)nd1:8.431707217853909,(((nd15:6.172022925455564,nd16:6.172022925455564)nd5:8.071949861530081,((nd35:0.18142109148277769,nd36:0.18142109148277769)nd23:2.5426526411152244,(nd27:2.442477677450634,nd28:2.442477677450634)nd24:0.2815960551473688)nd6:11.519899054387643)nd3:4.161238323373843,((nd32:4.283907022807657,(nd37:0.08591763472081082,nd38:0.08591763472081082)nd18:4.197989388086847)nd7:8.817926208638069,(nd25:2.4825681355311153,(nd29:2.1906837712544696,(nd33:0.9936452575856931,nd34:0.9936452575856931)nd30:1.1970385136687756)nd26:0.291884364276646)nd12:10.619265095914612)nd4:5.303377878913765)nd2:2.2105800804859443)root:0.0;
