sample	replicate	trs
1	1	((nd1:1.502207045677591,((nd5:5.9063340712730525,(nd15:0.20365160465459042,((nd37:0.11620289413022443,(nd41:0.0963432845967669,nd42:0.0963432845967669)nd38:0.019859609533457508)nd19:1.0135458670244781,((nd43:0.0686372030686798,nd44:0.0686372030686798)nd27:0.592655405114806,nd28:0.6612926081834857)nd20:0.4684561529712167)nd16:2.5114233550287675)nd6:6.046927836550025)nd3:3.7921425314782877,((nd9:0.07321885870536468,(nd11:0.7054446381674551,((((nd31:0.5515198667625549,nd32:0.5515198667625549)nd29:0.07610115719407852,nd30:0.6276210239566332)nd17:0.9299983333011194,(((nd35:0.25396166050627456,nd36:0.25396166050627456)nd33:0.20151911979379392,(nd39:0.11062918084969021,nd40:0.11062918084969021)nd34:0.34485159945037824)nd23:0.31429200912499067,(nd25:0.6830905267846713,(nd45:0.035923882589927084,nd46:0.035923882589927084)nd26:0.6471666441947442)nd24:0.08668226264038777)nd18:0.7878465678326936)nd13:2.2054003684670174,(nd21:1.0039805558057822,nd22:1.0039805558057822)nd14:2.759039169918988)nd12:2.6207800112944297)nd10:0.5967576258520473)nd7:1.5555490725822363,nd8:3.982585034241821)nd4:4.944136048758299)nd2:1.8545412962857717)root:0.1371162195024495)origin:0.0;
