sample	replicate	trs
1	1	(((((nd54:0.7489424553266598,(nd56:0.6236804284932016,nd57:0.6236804284932016)nd55:0.1252620268334581)nd6:8.490409801504022,((((nd28:0.5408747708753114,nd29:3.373543704284277)nd20:1.2615510725592671,((nd44:0.7114388149894576,(nd60:0.1560483751513314,nd61:0.1560483751513314)nd45:1.7465688799724743)nd32:1.2056483976892416,((nd48:1.424709562926,nd49:1.424709562926)nd42:0.6920513520057563,nd43:0.5587688195776817)nd33:0.9915047378812911)nd21:2.171874241705819)nd14:1.7051516440308856,(nd24:2.3899347544256813,(nd26:4.618280951297173,(nd34:0.6871224854896784,nd35:0.30642440454026165)nd27:1.732322305305186)nd25:0.5236193048515653)nd15:1.8433912824010132)nd12:0.07731193455819375,(((nd40:1.3671336141092922,(((nd58:0.4201643935111358,nd59:0.4201643935111358)nd50:0.6499006380917336,nd51:1.0700650316028693)nd46:0.3632866022341311,(nd52:0.9705942400273068,nd53:0.9705942400273068)nd47:0.4627573938096937)nd41:0.7978606662265563)nd38:0.07207369581767853,nd39:0.7676448801260796)nd16:3.7979090903272104,(nd18:1.7844112935224015,nd19:0.16893854585109877)nd17:0.627874552992193)nd13:0.9614083868995003)nd7:2.1767487837227355)nd4:0.4556154063469369,nd5:2.8172288925967655)nd2:0.08167904722629331,((nd36:1.9207381569909878,nd37:2.707625265398346)nd8:4.99476219893725,(nd10:6.205476964520578,((nd30:3.3547136509343596,nd31:3.3547136509343596)nd22:1.9167071126311035,nd23:0.7714574823296664)nd11:1.8053786222844108)nd9:0.6255880784857223)nd3:2.0742592460683147)root:0.17147328959608985)origin:0.0;
