sample	replicate	trs
1	1	(((nd51:0.1677162439320566[&state=6],nd52:0.1677162439320566[&state=6])nd27:0.9585402216495034[&state=6],((nd53:0.1499411884672594[&state=6],nd54:0.1499411884672594[&state=6])nd47:0.04508828846578296[&state=6],(nd49:0.18011312915518427[&state=6],nd50:0.18011312915518427[&state=6])nd48:0.014916347777858103[&state=6])nd28:0.9312269886485176[&state=6])nd1:2.1071737353519304[&state=6],((((nd57:0.04965832458241342[&state=1],nd58:0.04965832458241342[&state=23])nd13:1.479842024996743[&state=23],((nd45:0.2570075415884996[&state=6],(nd55:0.11360174492726016[&state=6],nd56:0.11360174492726016[&state=6])nd46:0.1434057966612394[&state=6])nd43:0.0647725483074288[&state=6],nd44:0.3217800898959284[&state=6])nd14:1.207720259683228[&state=6])nd10:0.35383395606960144[&state=6],((nd31:0.8010011839183921[&state=6],nd32:0.8010011839183921[&state=6])nd25:0.5637461258265084[&state=6],(nd33:0.776437794048175[&state=6],nd34:0.776437794048175[&state=22])nd22:0.5883095156967256[&state=6])nd12:0.5185869959038572[&state=6])nd3:0.888319711978721[&state=6],((((nd29:1.3728098684420664[&state=6],((nd59:0.028494170987485377[&state=6],nd60:0.028494170987485377[&state=6])nd39:0.5871666126096077[&state=6],nd40:0.6156607835970931[&state=6])nd20:0.7571490848449735[&state=6])nd17:0.09149942598271844[&state=6],nd23:1.464309294424785[&state=6])nd15:0.035462996180378605[&state=6],(nd35:0.7442517417224166[&state=6],nd36:0.7442517417224166[&state=6])nd16:0.7555205488827471[&state=6])nd5:0.6926176901536822[&state=6],(nd37:0.6309399064155187[&state=6],(nd41:0.39839725699466194[&state=6],nd42:0.39839725699466194[&state=6])nd38:0.23254264942085667[&state=6])nd6:1.5614500743433275[&state=6])nd4:0.5792640368686326[&state=6])nd2:0.46177618330601145[&state=6])root:0.0[&state=6];
