sample	replicate	trs
1	1	(((nd29:0.06116915459259965[&state=0],nd30:0.06116915459259965[&state=6])nd25:0.10946774828020733[&state=22],nd26:0.17063690287280697[&state=1])nd1:2.7021986206658886[&state=23],((((nd15:0.2848713007987961[&state=1],(nd23:0.18349998113195554[&state=48],nd24:0.18349998113195554[&state=0])nd16:0.10137131966684058[&state=22])nd7:1.1913780161197127[&state=7],((nd17:0.27601956977045006[&state=48],(nd27:0.11866671891157991[&state=1],nd28:0.11866671891157991[&state=7])nd18:0.15735285085887019[&state=7])nd13:0.539522132698171[&state=7],nd14:0.815541702468621[&state=7])nd8:0.6607076144498879[&state=7])nd5:0.5306149163519627[&state=7],(((nd21:0.19497243008753248[&state=0],nd22:0.19497243008753248[&state=1])nd11:0.6477295245038507[&state=7],nd12:0.8427019545913831[&state=7])nd9:0.08417054574288697[&state=7],(nd19:0.2546217154555837[&state=6],nd20:0.2546217154555837[&state=6])nd10:0.6722507848786864[&state=6])nd6:1.0799917329362017[&state=48])nd3:0.7117563059332855[&state=22],(nd31:0.047925315233959674[&state=6],(nd33:0.035614809347052245[&state=1],nd34:0.035614809347052245[&state=1])nd32:0.01231050588690743[&state=1])nd4:2.670695223969797[&state=23])nd2:0.15421498433493855[&state=22])root:0.0[&state=6];
