sample	replicate	trs
1	1	((((nd15:1.7345529246631863,(((nd33:0.3742840306868864,nd34:0.3742840306868864)nd31:0.018399486781096316,nd32:0.3926835174679827)nd25:0.367915031671407,nd26:0.7605985491393897)nd16:0.9739543755237967)nd7:1.4284281502367915,(nd21:0.8940083055210007,nd22:0.8940083055210007)nd8:2.2689727693789767)nd1:2.0339018070575765,(nd3:0.7186649935478089,(((nd13:2.119912281999578,((nd35:0.168375130487207,nd36:0.168375130487207)nd29:0.2519862765904969,nd30:0.42036140707770386)nd14:1.6995508749218737)nd11:0.6073680401560436,nd12:2.7272803221556225)nd5:0.4777002324873403,(((nd23:0.246809290738268,nd24:0.3874520549131801)nd17:0.4459512927823909,(nd27:0.7468548742002418,nd28:0.7468548742002418)nd18:0.5631048860194505)nd9:1.7955885243756204,(nd19:0.42291830671809694,nd20:0.9218834918242113)nd10:2.183664792771102)nd6:0.09943227004764818)nd4:0.14776256395107865)nd2:1.8441397633635142)root:0.2553471180424481)origin:0.0;
