sample	replicate	trs
1	1	((((nd49:1.4579559267478437[&state=6],nd50:1.4579559267478437[&state=6])nd41:1.102968862221174[&state=6],(((nd57:0.7423617381070866[&state=6],((nd81:0.15026512626267907[&state=6],nd82:0.15026512626267907[&state=6])nd65:0.388885252082973[&state=6],nd66:0.5391503783456522[&state=6])nd58:0.20321135976143456[&state=6])nd53:0.13844208159017418[&state=6],nd54:0.8808038196972611[&state=6])nd45:0.7215652472602228[&state=6],(nd76:0.44855644310049525[&state=6],(nd71:0.3490321922667094[&state=25],(nd79:0.276988334387734[&state=6],nd80:0.276988334387734[&state=24])nd72:0.07204385787897535[&state=6])nd70:0.09952425083378583[&state=6])nd46:1.1538126238569884[&state=6])nd38:0.9585557220115342[&state=6])nd31:0.5358022334425563[&state=6],((nd63:0.6304981644161655[&state=6],(nd83:0.05319647133175794[&state=6],nd84:0.05319647133175794[&state=6])nd64:0.5773016930844075[&state=6])nd51:0.5106507525915942[&state=6],(nd73:0.34266104946119663[&state=6],(nd85:0.008361364445939141[&state=6],nd86:0.008361364445939141[&state=6])nd74:0.3342996850152575[&state=6])nd60:0.798487867546563[&state=6])nd39:1.9555781054038144[&state=6])nd29:0.35256935844943665[&state=6],nd67:3.4492963808610106[&state=6])nd27:0.0[&state=6];
