sample	replicate	trs
1	1	((((nd31:1.1609289929597613[&state=1],nd32:1.1609289929597613[&state=0])nd19:1.1664407886317587[&state=7],(nd49:0.02389176499553745[&state=0],nd50:0.02389176499553745[&state=0])nd29:2.3034780165959825[&state=0])nd10:1.7357313508651546[&state=0],((nd27:1.4083029653094068[&state=6],(nd47:0.43998279152259673[&state=0],(nd51:0.005443236007317578[&state=0],nd52:0.005443236007317578[&state=0])nd46:0.4345395555152791[&state=0])nd28:0.9683201737868101[&state=0])nd21:0.5575520589559514[&state=0],(nd37:1.0231083234769935[&state=0],nd38:1.0231083234769935[&state=0])nd22:0.9427467007883644[&state=0])nd8:2.0972461081913165[&state=0])nd3:0.8817009959409073[&state=0],((nd40:3.6510863115582355[&state=0],(nd43:1.5618324535168715[&state=1],(nd41:0.9012543305009693[&state=1],nd42:0.9012543305009693[&state=0])nd26:0.6605781230159021[&state=7])nd12:2.0892538580413635[&state=7])nd5:0.43178886938812816[&state=0],nd16:4.082875180946363[&state=0])nd4:0.8619269474512191[&state=0])nd1:0.0[&state=22];
