sample	replicate	trs
1	1	((((nd19:2.4905737331954887[&state=104],(nd23:1.210831841017066[&state=78],(nd29:0.9156923068663866[&state=50],nd30:0.9156923068663866[&state=28])nd24:0.2951395341506787[&state=104])nd20:1.2797418921784218[&state=30])nd9:2.128287389281669[&state=28],((nd21:1.5388547051287846[&state=104],nd22:1.5388547051287846[&state=104])nd15:1.6968380496601172[&state=63],(nd27:0.9735862551333913[&state=104],nd28:0.9735862551333913[&state=79])nd17:2.26210649965551[&state=29])nd10:1.3831683676882538[&state=7])nd7:1.2523086946704727[&state=7],((nd33:0.595427266557684[&state=53],nd34:0.595427266557684[&state=104])nd25:0.5176476429221524[&state=104],nd26:1.113074909479837[&state=104])nd8:4.758094907667793[&state=63])nd3:5.107626665526297[&state=0],(nd13:3.1615400125216215[&state=78],(nd31:0.7415825896457575[&state=7],(nd35:0.43109123195022986[&state=7],nd36:0.43109123195022986[&state=81])nd32:0.31049135769552755[&state=106])nd14:2.419957422875863[&state=23])nd5:7.817256470152305[&state=6])root:0.0[&state=22];
