sample	replicate	trs
1	1	((((nd181:0.7764739068867446,(nd187:0.4734779415017731,nd188:0.4734779415017731)nd182:0.3029959653849715)nd175:0.19421687602736876,((nd189:0.3351537338509737,(nd191:0.31702918746517805,nd192:0.31702918746517805)nd190:0.01812454638579563)nd185:0.1524958502249949,nd186:0.4876495840759686)nd176:0.4830411988381448)nd165:2.0480312999553187,nd174:3.0187220828694326)nd98:14.388435718490804,((((nd178:1.9993660538036173,(nd179:0.776782078293074,nd180:0.776782078293074)nd156:1.2225839755105434)nd135:1.1299634698897343,(((nd163:1.6453673081421931,(nd171:1.288755424558297,(nd193:0.17382655382786966,nd194:0.17382655382786966)nd172:1.1149288707304275)nd164:0.3566118835838962)nd159:0.28625347874232837,(nd197:0.03429793094406546,nd198:0.03429793094406546)nd160:1.8973228559404558)nd154:1.0725317688993699,nd169:3.0041525557838913)nd136:0.1251769679094603)nd129:5.47092543432504,(nd167:7.858480966094927,nd110:7.858480966094927)nd52:0.7417739919234646)nd50:2.198886144382679,(nd123:8.162080266299713,((nd141:2.9794499853538814,((nd161:1.691913153741391,nd162:1.691913153741391)nd143:1.026746347364271,(nd195:0.15459096706652486,nd196:0.15459096706652486)nd184:2.564068534039137)nd142:0.2607904842482185)nd115:1.464850132680209,nd116:4.444300118034089)nd112:3.717780148265624)nd58:2.6370608361013566)nd28:6.608016698959165)nd16:0.0;
