sample	replicate	trs
1	1	((((nd9:2.733301256804687[&state=1],((nd21:1.2951885377693968[&state=1],(nd29:0.47648456274062645[&state=1],nd30:0.47648456274062645[&state=1])nd22:0.8187039750287701[&state=1])nd13:0.46154673093747206[&state=1],((nd31:0.4512334094131379[&state=1],nd32:0.4512334094131379[&state=6])nd27:0.3715313102495175[&state=23],nd28:0.8227647196626554[&state=1])nd14:0.9339705490442131[&state=23])nd10:0.9765659880978181[&state=23])nd7:0.23026642693493926[&state=23],nd8:2.963567683739626[&state=7])nd5:0.2011134475730245[&state=23],nd6:3.1646811313126504[&state=6])nd1:1.1795297329844705[&state=23],((((nd17:1.511728233261698[&state=6],nd18:1.511728233261698[&state=6])nd15:0.05421995491066363[&state=6],(nd35:0.027957969175962605[&state=6],nd36:0.027957969175962605[&state=6])nd16:1.537990218996399[&state=6])nd11:0.7485532852871024[&state=6],(nd19:1.3086247913124016[&state=6],(nd33:0.35636627373144913[&state=6],nd34:0.35636627373144913[&state=6])nd20:0.9522585175809524[&state=6])nd12:1.0058766821470626[&state=6])nd3:1.0490197171927942[&state=6],((nd25:0.9037597131313552[&state=6],nd26:0.9037597131313552[&state=6])nd23:0.2217541239673217[&state=6],nd24:1.125513837098677[&state=1])nd4:2.238007353553581[&state=23])nd2:0.9806896736448629[&state=6])root:0.0[&state=6];
