sample	replicate	trs
1	1	((((nd39:1.1683780458581479[&state=1],nd40:1.1683780458581479[&state=3])nd33:0.15694577593007614[&state=1],(nd43:0.8483005621874551[&state=52],nd44:0.8483005621874551[&state=6])nd34:0.47702325960076913[&state=23])nd9:4.696385899542459[&state=23],((nd31:1.41771463391299[&state=12],(nd47:0.6950987374103373[&state=55],nd48:0.6950987374103373[&state=1])nd32:0.7226158965026528[&state=55])nd11:4.593588421749173[&state=25],(((nd45:0.751629869220388[&state=6],nd46:0.751629869220388[&state=6])nd23:2.2593419214402224[&state=6],((nd29:1.5871428347225969[&state=6],((nd49:0.30989524891055675[&state=9],nd50:0.30989524891055675[&state=2])nd37:0.9950123886822402[&state=2],nd38:1.3049076375927968[&state=25])nd30:0.2822351971297999[&state=24])nd27:0.015838751136720123[&state=6],nd28:1.6029815858593168[&state=6])nd24:1.4079902048012938[&state=6])nd19:1.2264173462569676[&state=6],(nd41:0.8717378622042445[&state=6],nd42:0.8717378622042445[&state=50])nd20:3.3656512747133336[&state=24])nd12:1.7739139187445843[&state=6])nd10:0.010406665668521168[&state=6])nd1:4.501596799225106[&state=6],(nd18:5.583392476780191[&state=23],(nd35:1.7221207880687275[&state=6],nd26:1.7221207880687273[&state=0])nd22:3.8612716887114646[&state=0])nd8:4.939914043775598[&state=6])root:0.0[&state=6];
