sample	replicate	trs
1	1	((((nd33:1.2379895773246385,(nd39:0.7604330715584633,nd40:0.7604330715584633)nd34:0.4775565057661758)nd29:0.39081850114509553,nd30:1.628808078469735)nd7:8.992274827117209,((((nd43:0.06396449094587713,nd44:0.06396449094587713)nd35:0.8407907543628194,nd36:0.9047552453086964)nd26:1.923843160497357,nd22:2.8285984058060514)nd15:1.3078857848214653,((nd41:0.7308818320986137,(nd45:0.062083129881736185,nd46:0.062083129881736185)nd42:0.6687987022168775)nd27:1.1177123932786752,(nd31:1.477140466521344,nd32:1.477140466521344)nd28:0.371453758855945)nd16:2.2878899652502307)nd8:6.48459871495942)nd3:2.279880329819696,(nd19:6.371618792008911,((nd37:0.7783632605290645,nd38:0.7783632605290645)nd23:1.8783604947796286,nd24:2.656723755308692)nd17:3.7148950367002183)nd12:6.529344443397722)root:0.0;
