sample	replicate	trs
1	1	((nd45:0.10801010379705242[&state=3],nd46:0.10801010379705242[&state=5])nd10:11.345999755370507[&state=20],(nd21:5.638180626943501[&state=11],((nd35:0.6747460808966729[&state=47],nd36:0.6747460808966729[&state=37])nd15:4.218838502884856[&state=37],((((nd29:1.0833767355135082[&state=43],((nd43:0.13546997684277196[&state=5],nd44:0.13546997684277196[&state=2])nd37:0.5105127701262857[&state=19],nd38:0.6459827469690576[&state=16])nd30:0.4373939885444508[&state=77])nd23:0.44302380097686056[&state=37],((nd31:1.013033108844018[&state=6],nd32:1.013033108844018[&state=37])nd27:0.11659596702702846[&state=25],nd28:1.129629075871047[&state=47])nd24:0.3967714606193223[&state=57])nd19:0.5502380474511299[&state=87],((nd41:0.27836931398900816[&state=2],nd42:0.27836931398900816[&state=4])nd33:0.6695043264970658[&state=15],(nd39:0.48955863107900627[&state=21],nd40:0.48955863107900627[&state=12])nd34:0.4583150094070676[&state=77])nd20:1.1287649434554252[&state=15])nd17:0.8432871381955653[&state=10],(nd47:0.03540817275583588[&state=1],nd48:0.03540817275583588[&state=0])nd25:2.8845175493812287[&state=7])nd16:1.973658861644467[&state=9])nd14:0.7445960431619705[&state=28])nd11:5.815829232224056[&state=7])nd3:0.0[&state=7];
