sample	replicate	trs
1	1	(((nd15:2.7923782530946295,((nd23:2.299306993200271,nd24:2.299306993200271)nd19:0.19551363593923665,(nd53:0.6364042217611425,(nd55:0.5513729144322842,nd56:0.5513729144322842)nd54:0.08503130732885797)nd20:1.8584164073783669)nd16:0.29755762395512164)nd3:2.1806588050985694,((((nd33:1.4062436413710837,(nd43:1.184549364189153,nd44:1.184549364189153)nd34:0.22169427718193158)nd13:1.4105033660257922,(nd35:1.3296042385403475,((nd51:0.707136423628903,nd52:0.707136423628903)nd45:0.4172753220420368,nd46:1.1244117456709388)nd36:0.2051924928694093)nd14:1.4871427688565282)nd11:0.34845341267223917,((nd39:1.2010883384388171,(nd67:0.01587636713922721,nd68:0.01587636713922721)nd40:1.1852119712995903)nd27:0.6006588328596578,((nd65:0.04096189050731979,nd66:0.04096189050731979)nd57:0.48069537333027335,nd58:0.5216572638375931)nd28:1.2800899074608825)nd12:1.3634532487706408)nd5:1.2792888403713942,nd6:4.4444892604405055)nd4:0.5285477977526888)nd1:2.2072537280223195,(((nd29:1.5247212084323196,(nd37:1.2679633411436213,nd38:1.2679633411436213)nd30:0.25675786728869804)nd9:1.9531776676570096,(nd31:1.4139270035445153,(nd59:0.4398230743108134,(nd61:0.30265752417503905,nd62:0.30265752417503905)nd60:0.13716555013577447)nd32:0.9741039292337033)nd10:2.063971872544813)nd7:0.7966932538990853,(nd25:2.6233797602403657,(((nd47:0.9218292477634568,(nd49:0.8661539529937374,(nd63:0.07871248958242695,nd64:0.07871248958242695)nd50:0.7874414634113102)nd48:0.055675294769719316)nd41:0.26650013580845205,nd42:1.1883293835719075)nd21:1.1414951254807488,nd22:2.3298245090526573)nd18:0.29355525118770853)nd8:1.6512123697480494)nd2:2.9056986562271034)root:0.0;
