sample	replicate	trs
1	1	(((nd205:7.369126185967626[&state=0],((nd207:2.519734939825483[&state=0],nd208:2.519734939825483[&state=0])nd185:0.8180255884267356[&state=0],nd211:3.337760528252218[&state=0])nd130:4.0313656577154084[&state=0])nd119:4.392557382200243[&state=0],nd230:11.76168356816787[&state=0])nd57:3.3527946873622914[&state=0],((nd217:5.277117773424886[&state=0],(nd213:3.011924605079705[&state=0],((nd243:0.02976445215790604[&state=0],nd244:0.02976445215790604[&state=0])nd234:1.1526865344874153[&state=0],nd238:1.1824509866453212[&state=0])nd200:1.8294736184343838[&state=0])nd188:2.2651931683451814[&state=0])nd151:0.05075485012303063[&state=0],(((nd225:1.547046931693976[&state=0],nd226:1.547046931693976[&state=0])nd215:0.5409616781082057[&state=0],((nd241:0.10924541345836936[&state=0],nd242:0.10924541345836936[&state=0])nd239:0.6319753541083325[&state=0],nd236:0.7412207675667019[&state=0])nd221:1.3467878422354795[&state=0])nd165:3.0014073365252374[&state=0],nd204:5.089415946327419[&state=0])nd152:0.23845667722049857[&state=0])nd150:9.786605631982242[&state=0])nd25:0.0[&state=0];
