sample	replicate	trs
1	1	((nd10:8.911559467388823,(((nd40:1.3568038055431928,nd41:1.3568038055431928)nd8:6.291835468473512,(nd23:3.5986118431920424,(nd24:3.04191840206261,nd25:3.04191840206261)nd21:0.5566934411294326)nd9:4.050027430824662)nd6:0.7950216613308125,(nd35:5.606563456051518,(nd30:2.6922305948186267,(nd38:1.6907748990608922,(nd47:0.4918781521568475,nd43:0.4918781521568475)nd39:1.1988967469040448)nd31:1.001455695757734)nd15:2.9143328612328903)nd12:2.837097479296)nd5:0.4678985320413053)nd2:1.0264736824288487,(nd26:2.9832924806118055,(nd32:1.9707816292558198,((nd44:0.48754044151096854,nd45:0.48754044151096854)nd36:1.4716348739705356,nd37:1.9591753154815041)nd33:0.011606313774315525)nd27:1.0125108513559855)nd3:6.954740669205866)root:0.0;
