sample	replicate	trs
1	1	((((nd108:0.16721844355772028,nd109:0.16721844355772028)nd84:0.8930606033223695,nd85:1.0602790468800898)nd70:5.802963947341139,((((nd100:0.41053400496145076,nd101:0.41053400496145076)nd79:1.3614102358921025,(((nd110:0.08978804966059015,nd111:0.08978804966059015)nd90:0.5843960793321843,nd91:0.6741841289927744)nd76:0.6812262379263863,(nd104:0.28646689433794564,nd105:0.28646689433794564)nd77:1.068943472581215)nd63:0.41653387393439245)nd53:1.8594272092708048,((nd112:0.03641400171137069,nd113:0.03641400171137069)nd86:0.9653967940298875,((nd106:0.1972004407480372,nd107:0.1972004407480372)nd92:0.45176336222260016,(((nd102:0.34935894788349947,nd103:0.34935894788349947)nd98:0.10451169689957801,nd99:0.4538706447830775)nd94:0.17975335717497243,nd95:0.6336240019580498)nd93:0.015339801012587433)nd87:0.35284699277062104)nd58:2.6295606543831)nd14:2.3816138072575006,(nd83:2.1895761263452282,(nd89:1.1978022794968024,nd81:1.1978022794968024)nd75:0.9917738468484254)nd15:3.8234091310366307)nd10:0.8502577368393702)nd6:0.984099687187694,(((nd48:2.3326271587388474,nd49:2.3326271587388474)nd45:3.0235664305081675,((nd72:1.4295134840638808,(nd96:0.5241897345567325,nd97:0.5241897345567325)nd73:0.9053237495071486)nd46:1.3792804387214233,nd47:2.808793922785304)nd26:2.5473996664617116)nd22:1.5953394990179204,nd60:6.951533088264934)nd3:0.8958095931439874)root:0.0;
