sample	replicate	trs
1	1	((nd39:0.4874616075352045[&state=51],nd40:0.4874616075352045[&state=44])nd16:10.2319539835078[&state=102],(((nd27:1.5235873618203981[&state=96],(nd33:0.9174818445958575[&state=34],nd34:0.9174818445958575[&state=20])nd28:0.6061055172245399[&state=122])nd24:5.540767292774968[&state=104],(((nd31:1.2635286372722043[&state=77],(nd35:0.9006198404205553[&state=19],(nd43:0.05870909592675928[&state=3],nd44:0.05870909592675928[&state=74])nd36:0.841910744493796[&state=77])nd32:0.36290879685164884[&state=46])nd29:0.23639404116919013[&state=56],((nd41:0.059195037803237774[&state=3],nd42:0.059195037803237774[&state=47])nd37:0.5274730916940358[&state=47],nd38:0.5866681294972736[&state=6])nd30:0.9132545489441206[&state=25])nd25:1.5457846868449583[&state=87],(nd45:0.014731710337489441[&state=4],nd46:0.014731710337489441[&state=46])nd26:3.030975654948864[&state=21])nd22:4.018647289309015[&state=9])nd17:0.1860177203964104[&state=1],nd19:7.2503723749917715[&state=45])nd14:3.4690432160512295[&state=1])nd1:0.0[&state=7];
