sample	replicate	trs
1	1	((nd31:4.368859943478139[&state=6],nd32:4.368859943478139[&state=6])nd14:12.895847216239066[&state=6],(((nd47:2.184116859482984[&state=0],nd48:2.184116859482984[&state=0])nd29:3.274710154670689[&state=0],nd41:5.458827014153674[&state=0])nd19:3.74146877866274[&state=0],(nd53:7.584170629433195[&state=1],((nd55:0.8256322885293843[&state=0],nd56:0.8256322885293843[&state=0])nd27:6.4728707856457035[&state=0],((nd59:0.688400087669351[&state=7],nd60:0.688400087669351[&state=0])nd50:3.3174595493144015[&state=0],((nd51:1.2848464209447141[&state=0],nd57:1.2848464209447141[&state=0])nd37:1.8208258551072323[&state=0],((nd61:0.3444744319652271[&state=0],(nd63:0.060045355706206005[&state=0],nd64:0.060045355706206005[&state=0])nd62:0.2844290762590211[&state=0])nd43:1.996950792251995[&state=0],nd44:2.3414252242172218[&state=0])nd38:0.7642470518347244[&state=0])nd36:0.9001873609318058[&state=0])nd24:3.292643437191338[&state=0])nd16:0.28566755525810505[&state=0])nd12:1.6161251633832188[&state=7])nd7:8.064411366900792[&state=0])root:0.0[&state=22];
