sample	replicate	trs
1	1	(((((nd23:0.5124971153884876[&state=0],nd24:1.2319250240166553[&state=6]):0.19827813800059554[&state=22],(nd27:0.6589027519935815[&state=6],nd28:0.6589027519935815[&state=6]):0.7713004100236694[&state=6]):2.4870468212062127[&state=6],(nd5:2.9618946508324706[&state=6],(((nd13:1.9044633040099672[&state=49],(nd19:1.5622691892807812[&state=6],(nd25:1.0980631573308255[&state=2],((nd35:0.14361402220916986[&state=6],nd36:0.14361402220916986[&state=6]):0.35763157837660214[&state=6],nd34:0.01881252945892255[&state=6]):0.5968175567450534[&state=6]):0.46420603194995563[&state=6]):0.3421941147291859[&state=6]):0.5644092966769824[&state=6],nd10:2.4688726006869492[&state=6]):0.22519686480497592[&state=6],(nd37:0.13500003450908166[&state=6],nd38:0.12925406358039643[&state=6]):2.5590694309828437[&state=6]):0.26782518534054456[&state=6]):0.9553553323909937[&state=6]):0.2896493160145251[&state=6],((nd15:1.7989121386226858[&state=6],nd16:1.7989121386226858[&state=6]):0.45245278102211306[&state=6],(nd17:0.5188176790432255[&state=6],(nd29:0.6567186535335096[&state=24],(nd31:0.5336453078009754[&state=2],nd32:0.5336453078009754[&state=8]):0.123073345732534[&state=2]):1.008710912953063[&state=24]):0.5859353531582266[&state=6]):1.9555343795931897[&state=6]):0.9524007007620106[&state=6]):0.0[&state=23];
