sample	replicate	trs
1	1	(nd7:4.473505293608252,(((((nd25:0.07684417794221271,((((nd37:0.028085844424193335,nd38:0.028085844424193335)nd33:0.01212428045124636,nd34:0.04021012487543969)nd29:0.00415122169071675,nd30:0.04436134656615644)nd27:0.016814311499672455,(nd39:0.02566092669010381,nd40:0.02566092669010381)nd28:0.035514731375725084)nd26:0.015668519876383805)nd23:0.02308752416373666,((nd35:0.02965828480187155,nd36:0.02965828480187155)nd31:0.01145241238112093,(nd41:0.020371103243927668,nd42:0.020371103243927668)nd32:0.020739593939064813)nd24:0.05882100492295689)nd19:0.06535205576955952,((nd43:0.002768018025335949,nd44:0.002768018025335949)nd21:0.15069328198351334,nd22:0.15346130000884928)nd20:0.011822457866659577)nd17:0.008001465085009712,nd18:0.17328522296051854)nd15:0.4393995792712333,nd16:0.6126848022317521)nd14:3.8608204913765)nd6:0.0;
