sample	replicate	trs
1	1	((((nd16:3.6661357609279364,nd17:3.6661357609279364)nd14:2.2731410465356743,(nd18:1.8673892096824078,(nd20:1.8198521445299927,(nd24:1.467970640509574,(nd26:1.1020141008969562,nd27:1.1020141008969562)nd25:0.3659565396126181)nd21:0.35188150402041857)nd19:0.0475370651524151)nd15:4.071887597781203)nd2:9.58218005675052,((((nd10:11.097422762888423,nd11:1.1536383412712092)nd8:3.126755085285448,(nd30:0.7386554776862069,nd31:0.7386554776862069)nd9:13.485522370487665)nd6:1.2642422820888342,(nd12:5.99314038948903,((nd28:0.7503442230936075,nd29:0.7503442230936075)nd22:0.9721960059617711,nd23:1.7225402290553786)nd13:4.270600160433651)nd7:9.495279740773677)nd4:0.010856803094017002,nd5:15.499276933356722)nd3:0.022179930857407628)root:0.5196431357858696)origin:0.0;
