sample	replicate	trs
1	1	(((((nd41:1.6652454008097397[&state=0],nd42:1.6652454008097397[&state=0])nd37:0.12378344371871408[&state=0],nd43:1.789028844528454[&state=0])nd21:2.575866688512003[&state=0],(nd25:3.7538265948679386[&state=0],(nd33:2.746133245559339[&state=0],nd34:2.746133245559339[&state=0])nd26:1.0076933493086[&state=0])nd22:0.6110689381725181[&state=0])nd11:1.2187455397773301[&state=0],((((nd57:0.02018312606961032[&state=0],nd58:0.02018312606961032[&state=0])nd31:2.82542811843686[&state=0],nd32:2.8456112445064705[&state=0])nd28:1.6291442349535803[&state=0],nd20:4.4747554794600495[&state=0])nd13:0.6340746699847817[&state=0],(((nd51:0.21899385527531445[&state=8],nd52:0.21899385527531445[&state=0])nd39:1.5287403402885018[&state=0],(nd53:0.14652929566699605[&state=2],nd54:0.14652929566699605[&state=0])nd40:1.6012048998968202[&state=8])nd23:2.349142676208548[&state=7],(((nd49:0.7217473259530833[&state=0],nd50:0.7217473259530833[&state=0])nd45:0.2635650513239394[&state=10],nd46:0.9853123772770227[&state=0])nd29:1.9149093777940924[&state=0],(nd47:0.8247076981535514[&state=0],(nd55:0.0906664109470387[&state=0],nd56:0.0906664109470387[&state=0])nd48:0.7340412872065126[&state=0])nd36:2.0755140569175636[&state=0])nd24:1.1966551167012485[&state=0])nd14:1.0119532776724687[&state=0])nd12:0.47481092337295444[&state=0])nd9:0.5467898643614997[&state=0],nd17:6.130430937179286[&state=0])nd5:0.0[&state=0];
