sample	replicate	trs
1	1	(((nd16:3.6661357609279364[&state=0],nd17:3.6661357609279364[&state=0])nd14:2.2731410465356743[&state=0],(nd18:1.8673892096824078[&state=0],(nd20:1.8198521445299927[&state=0],(nd24:1.467970640509574[&state=0],(nd26:1.1020141008969562[&state=3],nd27:1.1020141008969562[&state=0])nd25:0.3659565396126181[&state=9])nd21:0.35188150402041857[&state=0])nd19:0.0475370651524151[&state=0])nd15:4.071887597781203[&state=0])nd2:9.58218005675052[&state=0],(((nd10:14.22417784817387[&state=5],(nd30:0.7386554776862069[&state=0],nd31:0.7386554776862069[&state=0])nd9:13.485522370487665[&state=0])nd6:1.2642422820888342[&state=0],(nd12:5.99314038948903[&state=0],((nd28:0.7503442230936075[&state=0],nd29:0.7503442230936075[&state=0])nd22:0.9721960059617711[&state=0],nd23:1.7225402290553786[&state=0])nd13:4.270600160433651[&state=0])nd7:9.495279740773677[&state=0])nd4:0.010856803094017002[&state=0],nd5:15.499276933356722[&state=5])nd3:0.022179930857407628[&state=16])root:0.0[&state=16];
