sample	replicate	trs
1	1	(((((nd27:0.18434816233040224,((nd39:2.211028360697759,nd40:3.3178054189834087)nd29:1.536257112472833,nd30:0.11891244789782586)nd28:1.8864485525774424)nd7:9.923630071027384,nd8:1.3524970207031748)nd3:0.1459487481519346,((nd11:1.237082075991905,((((nd23:4.993814497764372,nd24:1.3776579867498255)nd21:0.10113588423805833,((nd47:0.10545774217330593,((nd59:2.5986891714851548,nd60:4.678192806952306)nd55:1.2048088972501299,nd56:3.9198821590776167)nd48:0.7301552813327707)nd31:6.777732362556221,nd32:3.4599928667768993)nd22:2.234412628967987)nd19:2.3447453502654767,nd20:4.096688807152152)nd15:3.179764386866324,nd16:0.7366943136488295)nd12:2.6416907744004092)nd9:1.1301441960791843,(((((((nd71:2.2743382619484525,(nd77:1.5943035127587544,(nd83:0.8396806986734862,nd84:0.6695043505817725)nd78:0.7546228140852683)nd72:0.6800347491896979)nd57:3.432844581323187,nd58:2.2450913905225427)nd43:5.604726461305538,(nd53:6.075930727242681,(nd61:0.6461448811219944,(nd67:2.5281148971129612,nd68:2.5281148971129612)nd62:2.0085250764410802)nd54:1.5392907536886413)nd44:5.235978577334495)nd35:1.3983593117799253,nd36:1.6786365290882128)nd25:2.7521788106312823,(nd33:0.9244510047864675,(((nd49:6.265063754717127,((((nd79:1.447907438238296,nd80:1.447907438238296)nd65:2.392374941981662,nd66:3.8402823802199584)nd63:0.3241079286933015,(nd75:1.8083416758878845,(nd87:0.1708742755320485,nd88:0.1708742755320485)nd76:1.637467400355836)nd64:2.3560486330253747)nd51:2.009138152405866,((nd85:0.2963154327229189,nd86:0.2963154327229189)nd69:2.045754696799417,((nd81:0.48008336024763754,nd82:0.25135982511279953)nd73:0.9377024079070044,nd74:1.8892982010111155)nd70:0.45277192851122006)nd52:3.8314583317967896)nd50:0.09153529339800293)nd41:5.084023039335024,(nd45:1.3818346548374023,nd46:6.692786441950238)nd42:0.15007405814532207)nd37:1.0567321088162074,nd38:0.7304536905589601)nd34:0.9232579917594868)nd26:2.133370532360539)nd17:2.657792954331102,nd18:2.9296582638253446)nd13:3.6142787836531554,nd14:0.7664383853949963)nd10:3.187127519698168)nd4:0.6097698710073525)nd1:0.2717206341640043,(nd5:2.474865911405309,nd6:3.046709433332711)nd2:0.28095530992360546)root:1.8170628101578403)origin:0.0;
