sample	replicate	trs
1	1	((nd157:1.1290804119076694,nd158:1.1290804119076694)nd123:6.222913228757404,(((nd165:0.6500723014832372,nd166:0.6500723014832372)nd154:1.9944333243657235,(((((nd171:0.3888228898059488,nd178:0.38882288980594915)nd167:0.1320282770647612,nd168:0.5208511668707099)nd159:0.22458469960475758,((nd187:0.053011871583169806,nd188:0.053011871583169806)nd161:0.6663264499281295,(nd175:0.31563157688692983,nd176:0.31563157688692983)nd162:0.403706744624369)nd160:0.02609754496416872)nd155:0.44718768816179755,((nd179:0.12616664439237918,(nd183:0.09945181420903895,nd184:0.09945181420903895)nd180:0.026714830183340213)nd163:0.531177260814564,(nd185:0.08335785845239248,nd186:0.08335785845239248)nd164:0.5739860467545509)nd156:0.535279649430322)nd151:0.7723072406254681,nd152:1.9649307952627326)nd150:0.6795748305862277)nd146:1.1911515423017658,((nd173:0.3869125055035639,(nd181:0.12401080236870249,nd182:0.12401080236870249)nd174:0.2629017031348615)nd169:0.09400469822942455,nd170:0.4809172037329884)nd132:3.35473996441774)nd122:3.5163364725143462)nd85:0.0;
