sample	replicate	trs
1	1	((nd9:1.9555795880808566[&state=9],((nd27:0.6478685656987864[&state=7],nd28:0.6478685656987864[&state=78])nd13:0.9741090173824786[&state=28],(nd23:0.9862364613567313[&state=48],(nd29:0.48517702286056946[&state=1],(nd37:0.13627602106674197[&state=50],nd38:0.13627602106674197[&state=28])nd30:0.34890100179382755[&state=28])nd24:0.5010594384961613[&state=7])nd21:0.6357411217245337[&state=9])nd10:0.33360200499959247[&state=23])nd1:2.883431358152843[&state=48],((((nd39:0.02100527823936278[&state=1],nd40:0.02100527823936278[&state=8])nd35:0.1767198707933769[&state=28],nd36:0.1977251490327397[&state=6])nd17:1.1404238991744045[&state=48],nd18:1.338149048207144[&state=78])nd8:2.6341059421974515[&state=48],((nd11:1.807056503922194[&state=28],(nd26:1.2160427328632424[&state=7],nd20:1.2160427328632422[&state=48])nd12:0.5910137710589521[&state=23])nd5:1.7789194630847567[&state=7],((nd31:0.409426346943947[&state=78],nd32:0.409426346943947[&state=6])nd15:1.0343604453908248[&state=78],(nd33:0.31867237404517124[&state=1],nd34:0.31867237404517124[&state=0])nd16:1.1251144182896005[&state=7])nd6:2.142189174672179[&state=22])nd4:0.38627902339764436[&state=22])nd2:0.8667559558291043[&state=22])root:0.0[&state=22];
