sample	replicate	trs
1	1	(((nd15:2.7923782530946295[&state=28],((nd23:2.299306993200271[&state=50],nd24:2.299306993200271[&state=48])nd19:0.19551363593923665[&state=7],(nd53:0.6364042217611425[&state=78],(nd55:0.5513729144322842[&state=1],nd56:0.5513729144322842[&state=1])nd54:0.08503130732885797[&state=7])nd20:1.8584164073783669[&state=7])nd16:0.29755762395512164[&state=7])nd3:2.1806588050985694[&state=7],((((nd33:1.4062436413710837[&state=50],(nd43:1.184549364189153[&state=23],nd44:1.184549364189153[&state=29])nd34:0.22169427718193158[&state=1])nd13:1.4105033660257922[&state=29],(nd35:1.3296042385403475[&state=24],((nd51:0.707136423628903[&state=28],nd52:0.707136423628903[&state=0])nd45:0.4172753220420368[&state=7],nd46:1.1244117456709388[&state=7])nd36:0.2051924928694093[&state=29])nd14:1.4871427688565282[&state=28])nd11:0.34845341267223917[&state=7],((nd39:1.2010883384388171[&state=28],(nd67:0.01587636713922721[&state=6],nd68:0.01587636713922721[&state=23])nd40:1.1852119712995903[&state=23])nd27:0.6006588328596578[&state=7],((nd65:0.04096189050731979[&state=1],nd66:0.04096189050731979[&state=104])nd57:0.48069537333027335[&state=104],nd58:0.5216572638375931[&state=50])nd28:1.2800899074608825[&state=7])nd12:1.3634532487706408[&state=7])nd5:1.2792888403713942[&state=7],nd6:4.4444892604405055[&state=8])nd4:0.5285477977526888[&state=7])nd1:2.2072537280223195[&state=0],(((nd29:1.5247212084323196[&state=48],(nd37:1.2679633411436213[&state=7],nd38:1.2679633411436213[&state=28])nd30:0.25675786728869804[&state=28])nd9:1.9531776676570096[&state=7],(nd31:1.4139270035445153[&state=7],(nd59:0.4398230743108134[&state=7],(nd61:0.30265752417503905[&state=7],nd62:0.30265752417503905[&state=28])nd60:0.13716555013577447[&state=28])nd32:0.9741039292337033[&state=104])nd10:2.063971872544813[&state=63])nd7:0.7966932538990853[&state=0],(nd25:2.6233797602403657[&state=78],(((nd47:0.9218292477634568[&state=0],(nd49:0.8661539529937374[&state=63],(nd63:0.07871248958242695[&state=10],nd64:0.07871248958242695[&state=51])nd50:0.7874414634113102[&state=22])nd48:0.055675294769719316[&state=0])nd41:0.26650013580845205[&state=8],nd42:1.1883293835719075[&state=8])nd21:1.1414951254807488[&state=0],nd22:2.3298245090526573[&state=78])nd18:0.29355525118770853[&state=0])nd8:1.6512123697480494[&state=0])nd2:2.9056986562271034[&state=0])root:0.0[&state=7];
