sample	replicate	trs
1	1	(((((nd29:1.8241151565336535[&state=120],nd30:1.8241151565336535[&state=66]):2.291269803650846[&state=104],nd14:4.115384960184501[&state=29]):3.010959786118384[&state=7],(((nd37:0.5229216892074698[&state=66],nd38:0.5229216892074698[&state=67]):1.6587620982294804[&state=120],nd26:2.18168378743695[&state=120]):2.5005079683100075[&state=78],nd12:4.682191755746958[&state=108]):2.4441529905559256[&state=48]):5.05256265760248[&state=7],((nd5:0.1311420145398184[&state=0],((nd19:0.989127955755309[&state=1],((nd39:0.25754965080423464[&state=2],nd40:0.25754965080423464[&state=64]):3.0953303200769806[&state=105],(nd23:2.7265277855915584[&state=120],((nd41:0.00218101876859313[&state=86],nd42:0.00218101876859313[&state=1]):1.6171803552101163[&state=86],nd32:0.6607922767972473[&state=2]):1.1071664116128477[&state=30]):0.6263521852896557[&state=7]):0.0678324233954272[&state=1]):5.564385201901395[&state=23],nd8:6.199664729097141[&state=6]):0.9875364095375597[&state=22]):0.23643196113844328[&state=0],((nd27:1.8717887535431763[&state=98],(nd35:0.6361867445980589[&state=63],nd36:0.6361867445980589[&state=82]):1.2356020089451178[&state=81]):2.1488879789916258[&state=63],(nd17:3.8840290327708864[&state=84],(nd33:0.6815697749201247[&state=4],nd34:0.6815697749201247[&state=108]):3.2024592578507614[&state=29]):0.13664769976391616[&state=48]):6.188389234319235[&state=48]):1.9698414370513246[&state=0]):4.681492596094637[&state=22]):0.0[&state=22];
