sample	replicate	trs
1	1	(((((nd34:0.4278268355735385[&state=16],nd35:0.4278268355735385[&state=62])nd28:0.6525059577846473[&state=62],(nd40:0.06789422981210987[&state=21],nd41:0.06789422981210987[&state=0])nd29:1.012438563546076[&state=21])nd12:2.683632913858601[&state=58],(nd14:3.656715428357393[&state=22],nd15:3.656715428357393[&state=59])nd13:0.10725027885939284[&state=31])nd8:0.33548001730742[&state=31],((nd24:1.3050123644098746[&state=62],nd25:1.3050123644098746[&state=57])nd10:2.701382006428169[&state=46],nd11:4.006394370838044[&state=60])nd9:0.09305135368616263[&state=0])nd2:4.741992774746224[&state=31],((((nd38:0.3017898277056077[&state=49],nd39:0.3017898277056077[&state=4])nd16:3.0871593452830877[&state=45],nd17:3.388949172988695[&state=62])nd6:0.7549616831963721[&state=17],nd7:4.143910856185069[&state=52])nd4:2.502157504060254[&state=31],(((nd32:0.46414645545011257[&state=0],nd33:0.46414645545011257[&state=49])nd23:2.0546214097716415[&state=32],(nd36:0.4132596283304418[&state=49],nd37:0.4132596283304418[&state=60])nd21:2.105508236891313[&state=60])nd18:0.44508947720500364[&state=31],(nd26:1.169953899229098[&state=0],((nd42:0.011478373386449714[&state=50],nd43:0.011478373386449714[&state=2])nd30:0.9017723754325483[&state=58],nd31:0.9132507488189979[&state=1])nd27:0.25670315041009983[&state=52])nd19:1.7939034431976602[&state=46])nd5:3.682211017818563[&state=46])nd3:2.195370139025109[&state=16])root:0.0[&state=16];
