sample	replicate	trs
1	1	((nd91:6.992604373621306[&state=0],(((nd123:0.901096829007226[&state=0],nd124:0.901096829007226[&state=7])nd103:0.8260918238819994[&state=0],nd109:1.727188652889225[&state=0])nd99:3.2395479192736456[&state=0],nd131:4.966736572162872[&state=0])nd19:2.0258678014584364[&state=0])nd14:0.46564652996341577[&state=0],(((((nd129:0.5745709649742862[&state=0],(nd137:0.2013339927074993[&state=0],nd138:0.2013339927074993[&state=0])nd130:0.3732369722667868[&state=0])nd125:0.22681380073857405[&state=0],nd126:0.8013847657128602[&state=0])nd121:0.15846770293174892[&state=0],nd122:0.9598524686446094[&state=0])nd105:0.6886746426611304[&state=0],((nd119:0.9746732752310555[&state=0],(nd133:0.5543742789675493[&state=0],nd134:0.5543742789675493[&state=0])nd120:0.42029899626350603[&state=0])nd111:0.5526373349253846[&state=0],nd127:1.52731061015644[&state=0])nd106:0.12121650114929966[&state=0])nd73:1.4717095010726757[&state=0],((nd139:0.031237494231699543[&state=0],nd140:0.031237494231699543[&state=0])nd101:1.7125841754559403[&state=0],(nd118:1.0976965317598222[&state=0],nd116:1.097696531759822[&state=0])nd102:0.6461251379278183[&state=0])nd81:1.3764149426907752[&state=0])nd64:4.338014291206307[&state=0])nd8:0.0[&state=0];
