sample	replicate	trs
1	1	((((nd13:1.7320991105924204[&state=120],nd14:1.7320991105924204[&state=78]):1.5431936220812765[&state=63],((((nd25:0.345781304361462[&state=78],nd26:0.345781304361462[&state=104]):0.6522199183795521[&state=104],(nd27:0.29655596760613845[&state=28],nd28:0.29655596760613845[&state=104]):0.7014452551348757[&state=104]):0.8607651525114529[&state=104],nd12:1.8587663752524668[&state=50]):0.5624434444466849[&state=63],(nd7:2.3766954000248712[&state=104],(((nd21:0.7551711453424311[&state=120],(nd23:0.4756971964177414[&state=104],nd24:0.4756971964177414[&state=78]):0.27947394892468974[&state=104]):0.4185517769331468[&state=81],nd18:1.173722922275579[&state=104]):0.8532977095324944[&state=28],((nd29:0.2585067690562712[&state=0],(nd31:0.21285428480700502[&state=104],nd32:0.21285428480700502[&state=0]):0.04565248424926615[&state=104]):0.997001342999311[&state=104],nd16:1.2555081120555829[&state=120]):0.7715125197524899[&state=63]):0.34967476821680094[&state=63]):0.044514419674278695[&state=28]):0.8540829129745446[&state=28]):8.192315540233519[&state=7],(nd33:0.11667690567004695[&state=104],nd34:0.11667690567004695[&state=52]):11.350931367237168[&state=104]):0.2639917270927933[&state=22]):0.0[&state=22];
