sample	replicate	trs
1	1	(((((nd7:1.2412579425967278[&state=0],(nd31:1.6606564767024028[&state=0],(nd61:3.210160697138893[&state=7],nd62:3.210160697138893[&state=1]):11.18329009162355[&state=7]):4.997365512572777[&state=7]):0.37326587790902455[&state=0],(((nd67:0.5480712950242458[&state=0],nd68:0.5480712950242458[&state=0]):0.18088028154315314[&state=0],nd66:0.728951576567399[&state=0]):18.197465317897517[&state=0],(((nd39:6.792081076346486[&state=0],(nd69:0.2719750132736921[&state=0],nd70:0.2719750132736921[&state=0]):11.446387879696827[&state=0]):3.1492522844038087[&state=0],(nd35:1.7663505789723228[&state=0],(nd57:1.112057904057111[&state=0],nd58:5.242466138213636[&state=0]):7.152579208751938[&state=0]):2.472569830408754[&state=7]):2.650405806145617[&state=0],nd16:7.586897918091076[&state=0]):1.4083959109449695[&state=0]):0.8376652847793313[&state=0]):0.3976302769213521[&state=0],((nd37:3.0652518534014064[&state=0],(nd45:9.898097447282053[&state=0],(nd63:0.9639610653328016[&state=1],nd64:1.83106946630486[&state=1]):8.067027980977194[&state=7]):2.1775827678223965[&state=0]):4.262505455839004[&state=0],nd22:3.7128313311813606[&state=0]):3.8235267852221435[&state=0]):1.431387945201912[&state=0],(nd9:7.380184056929256[&state=6],((nd17:9.168078499069797[&state=1],(nd29:5.429012583690769[&state=0],(nd47:9.402105103281594[&state=0],(nd51:7.770719360976015[&state=0],(nd55:5.272036889763695[&state=0],nd56:0.41830481799857644[&state=0]):2.4986824712123195[&state=0]):1.6313857423055798[&state=0]):5.155070957462995[&state=0]):2.2448607470393096[&state=0]):1.7858688945283867[&state=7],((nd25:3.852959395264894[&state=0],nd26:1.8814572629114408[&state=0]):1.1947883230050014[&state=0],(((nd41:6.608170132449852[&state=0],((nd53:5.790499523999142[&state=0],(nd59:4.86200519939201[&state=0],nd60:4.86200519939201[&state=48]):0.9284943246071315[&state=0]):5.28204766368966[&state=0],nd44:0.033658757609502876[&state=1]):0.5984467806577829[&state=1]):1.5941259191644819[&state=7],(nd49:1.2407216388102422[&state=1],nd50:0.5819017348387638[&state=1]):4.53339336020388[&state=7]):2.7171082858478415[&state=0],nd24:1.376443611907095[&state=0]):0.394936275724707[&state=0]):2.2107412532286688[&state=0]):0.5973062483407888[&state=0]):2.407888450714437[&state=22]):0.2106995986324892[&state=22]):0.0[&state=22];
