sample	replicate	trs
1	1	((((nd26:1.891906798630508,nd27:1.891906798630508)nd16:1.723374670876801,(nd30:0.4108852255631681,(nd34:0.29531220737942443,nd35:0.29531220737942443)nd31:0.11557301818374369)nd17:3.204396243944141)nd12:5.218491817444151,((((nd32:0.3232475210909103,nd33:0.3232475210909103)nd24:1.790487262312057,(nd28:0.4190142050893514,nd29:0.4190142050893514)nd25:1.6947205783136159)nd20:0.8414197336669713,(nd22:2.678056153770628,nd23:2.678056153770628)nd21:0.27709836329931076)nd14:3.9055469709380297,nd15:6.860701488007968)nd10:1.973071798943492)nd4:0.2878893078354185,((nd18:3.5672503864633334,nd19:3.5672503864633334)nd6:5.35346701786047,nd7:8.920717404323804)nd5:0.2009451904630758)nd3:0.0;
