sample	replicate	trs
1	1	(((((nd47:1.3720322267425826,nd48:1.3720322267425826)nd11:14.253005298810564,((nd35:1.5761003981684518,nd36:1.1590831464886155)nd15:8.143423631400665,(((nd53:0.5065195848444672,nd54:0.5065195848444672)nd37:3.780878326418316,(nd39:3.3025206939608296,nd40:1.6395154221562613)nd38:0.9848772173019535)nd31:1.725158589980535,nd32:6.012556501243319)nd16:7.311406093159225)nd12:2.301074931150607)nd5:2.279538541542331,(nd17:1.3295709748807012,(nd25:10.61599264755844,nd26:5.722057330057918)nd18:2.5600551751679594)nd6:4.728528244369085)nd1:3.251915111051493,(((nd21:11.158981672560657,nd22:4.40731551167201)nd13:3.883126478764718,((((nd45:1.6780252805282176,((nd51:0.5864236221181844,nd52:0.5864236221181844)nd49:0.21199609406434886,nd50:0.7984197161825332)nd46:0.8796055643456844)nd41:0.7853743666992787,nd42:0.028882899635370846)nd27:7.88840187182758,nd28:0.6794102611453547)nd19:2.5442645468392584,nd20:2.9702147598924755)nd14:2.146042085431035)nd3:3.227108998275934,(((((nd55:0.15385881251094546,nd56:0.15385881251094546)nd33:5.458928875541169,nd34:5.612787688052114)nd23:5.219571918129653,nd24:1.9816158344077413)nd9:4.8612939850300005,nd10:3.943844113777928)nd7:1.490088622056347,(nd29:3.621246407642282,(nd43:1.740432953638071,nd44:1.740432953638071)nd30:4.386455326479797)nd8:11.056853933150245)nd4:1.0854749363331888)nd2:2.8872740285456717)root:0.6989088218530322)origin:0.0;
