sample	replicate	trs
1	1	(((((nd44:0.6161568137161191,nd45:0.6161568137161191)nd6:4.943099519459518,((((nd48:0.08810734943658283,nd49:0.08810734943658283)nd32:2.215325135775719,nd33:1.2689127603500554)nd14:2.2340601580657755,(nd46:0.3335925549766352,nd47:0.3335925549766352)nd15:4.203900088301443)nd8:0.7539746985089939,(((nd42:0.6895082455257365,nd43:0.6895082455257365)nd20:3.442808080573186,((nd26:0.34063159089957046,nd27:3.3859005594683955)nd24:0.11256042647521962,(nd34:2.1930684230957707,nd35:2.1930684230957707)nd25:1.3053925628478442)nd21:0.6338553401553075)nd12:0.6265397832691169,(nd16:4.390999054951138,((nd40:0.7763720482934724,nd41:0.7763720482934724)nd38:0.7218781909157174,nd39:1.4982502392091899)nd17:2.892748815741948)nd13:0.3678570544169026)nd9:0.5326112324190311)nd7:0.2677889913885675)nd4:1.4737453702546621,(nd18:4.218211322840058,((nd36:1.909651795265943,nd37:1.909651795265943)nd30:0.5973021166439234,nd31:2.5069539119098665)nd19:1.711257410930191)nd5:2.814790380590243)nd2:0.15927910557884645,((nd22:1.4200018986867449,(nd28:1.0394530781239626,nd29:0.767148362768467)nd23:0.34585443759825607)nd10:1.3208401777374628,nd11:2.2604623674980275)nd3:2.3095883551355425)root:0.23650919099085504)origin:0.0;
