sample	replicate	trs
1	1	(nd13:6.589757228327053[&state=120],(((((nd33:0.6969726732627737[&state=108],nd34:0.6969726732627737[&state=107])nd31:0.4877957218771881[&state=107],(nd37:0.44391412857203955[&state=107],nd38:0.44391412857203955[&state=87])nd32:0.7408542665679224[&state=107])nd27:0.44771672587256117[&state=80],nd28:1.632485121012523[&state=107])nd19:1.4038513416013414[&state=53],((nd35:0.5380111315628029[&state=37],nd36:0.5380111315628029[&state=52])nd25:1.107257984195929[&state=120],(nd39:0.4316057388056342[&state=108],nd40:0.4316057388056342[&state=1])nd26:1.2136633769530976[&state=108])nd20:1.391067346855133[&state=52])nd15:1.0033802347696874[&state=49],(nd17:3.1650592051239927[&state=120],(((nd29:1.392801961102772[&state=67],(nd41:0.2555920586644621[&state=0],(nd45:0.06439850090757689[&state=3],nd46:0.06439850090757689[&state=64])nd42:0.19119355775688518[&state=98])nd30:1.13720990243831[&state=63])nd23:0.39922040652552393[&state=63],(nd43:0.24914617290897154[&state=120],nd44:0.24914617290897154[&state=0])nd24:1.5428761947193237[&state=107])nd21:0.8687885164345096[&state=12],nd22:2.6608108840628035[&state=37])nd18:0.5042483210611887[&state=24])nd16:0.8746574922595586[&state=23])nd12:2.550040530943505[&state=48])nd9:0.0[&state=22];
