sample	replicate	trs
1	1	((nd88:2.2584240164409817[&state=10],nd58:2.2584240164409817[&state=8])nd51:2.5059496535812493[&state=0],((nd31:4.086096108092451[&state=0],((nd67:1.573040901919657[&state=1],nd68:1.573040901919657[&state=1])nd61:0.4126836896238001[&state=1],(nd83:1.7763296588591824[&state=1],(nd71:1.3167790405738335[&state=0],(((nd89:0.21146188785298553[&state=0],nd90:0.21146188785298553[&state=0])nd85:0.6606868237694421[&state=0],nd76:0.8721487116224276[&state=1])nd73:0.22388451528565204[&state=7],nd74:1.0960332269080797[&state=0])nd72:0.2207458136657538[&state=7])nd66:0.4595506182853491[&state=7])nd62:0.20939493268427473[&state=7])nd41:2.100371516548993[&state=7])nd27:0.5374996794790379[&state=0],((nd77:0.8131739543274121[&state=1],nd78:0.8131739543274121[&state=1])nd39:3.2112224588944307[&state=1],((nd79:3.195232111975799[&state=1],((nd91:0.09231925903355354[&state=0],nd92:0.09231925903355354[&state=0])nd53:2.522321887676494[&state=0],(nd55:2.3564450652390483[&state=23],nd56:2.3564450652390483[&state=0])nd54:0.25819608147099876[&state=28])nd46:0.5805909652657526[&state=28])nd43:0.029980252394990328[&state=28],(nd49:3.060960424540389[&state=1],((nd81:0.7291020525298044[&state=1],nd82:0.7291020525298044[&state=1])nd69:0.6042044833089009[&state=1],nd70:1.3333065358387053[&state=0])nd50:1.7276538887016846[&state=1])nd44:0.1642519398304001[&state=1])nd34:0.7991840488510528[&state=28])nd30:0.5991993743496454[&state=7])nd26:0.14077788245074296[&state=0])nd23:0.0[&state=0];
