sample	replicate	trs
1	1	(((((nd61:1.4279912060683737,((nd65:0.8357068964589695,nd66:0.8357068964589695)nd63:0.2176507827787345,nd64:1.053357679237704)nd62:0.3746335268306697)nd51:2.807458150959982,nd52:4.235449357028355)nd45:1.3551986443615358,(nd55:4.372647839766443,nd50:4.372647839766443)nd46:1.2180001616234486)nd24:11.58104692456429,(((nd54:12.026165164237195,nd41:12.026165164237199)nd26:1.0634253571756596,nd48:13.089590521412857)nd15:1.215146259628145,((nd67:0.2908971193569141,nd68:0.2908971193569141)nd31:9.826133538730963,(nd57:2.502551193610083,nd58:2.502551193610083)nd35:7.614479464477793)nd16:4.187706122953128)nd6:2.866958144913181)nd3:2.531273152526925,(nd59:2.4204219555645725,nd60:2.4204219555645725)nd17:17.282546122916536)nd1:0.0;
