sample	replicate	trs
1	1	((((nd35:0.7914495711376757,(nd39:0.46221352092181944,(nd45:0.011436987762372858,nd46:0.011436987762372858)nd40:0.45077653315944666)nd36:0.32923605021585567)nd31:0.3590338278290708,nd28:1.1504833989667458)nd11:7.733622672724646,((((nd41:0.4372547449507678,nd42:0.4372547449507678)nd21:2.6323028589247874,(nd33:0.9416516755526454,nd34:0.9416516755526454)nd22:2.1279059283229103)nd17:2.5750647675538563,((nd43:0.23221487523604284,nd44:0.23221487523604284)nd29:0.8366016473523573,nd30:1.0688165225884005)nd23:4.575805848841011)nd13:1.373701447801941,nd16:7.018323819231356)nd8:1.8657822524600363)nd5:1.0709120540426125,((nd37:0.4829305156662353,nd38:0.4829305156662353)nd25:1.3701229550047478,nd26:1.8530534706709831)nd19:8.101964655063018)nd2:0.0;
