sample	replicate	trs
1	1	(((nd33:3.1567030499483546[&state=1],nd34:3.1567030499483546[&state=9])nd23:4.567948806764493[&state=1],nd29:7.724651856712845[&state=1])nd18:6.854231486431835[&state=1],(((((nd75:0.3003745475661811[&state=16],(nd83:0.009764293379940414[&state=14],nd84:0.009764293379940414[&state=1])nd76:0.2906102541862407[&state=14])nd71:0.36036950692835057[&state=36],nd72:0.6607440544945318[&state=3])nd59:0.5551934509977365[&state=36],nd65:1.2159375054922683[&state=4])nd47:0.39308180455007347[&state=4],(nd49:1.603391615666968[&state=4],((nd79:0.2161436617702396[&state=2],nd80:0.2161436617702396[&state=21])nd77:0.01493519428380119[&state=46],(nd81:0.11413698498513632[&state=5],nd82:0.11413698498513632[&state=5])nd78:0.1169418710689045[&state=5])nd50:1.3723127596129272[&state=46])nd48:0.005627694375373759[&state=15])nd20:12.074317697170986[&state=15],((nd67:0.6915337562227403[&state=5],(nd85:0.007837324540543644[&state=27],nd86:0.007837324540543644[&state=9])nd68:0.6836964316821966[&state=90])nd21:7.440443737948139[&state=90],(((((nd57:1.2195090991800785[&state=4],nd58:1.2195090991800785[&state=21])nd55:0.0003463839104637659[&state=4],(nd73:0.5791406547885302[&state=3],nd74:0.5791406547885302[&state=4])nd56:0.6407148283020122[&state=16])nd45:0.47447276339469907[&state=16],nd46:1.6943282464852416[&state=4])nd37:1.1380697275650595[&state=15],((nd41:1.8008446437390182[&state=4],((nd61:0.9505341638379324[&state=5],(nd63:0.7726769086002314[&state=4],nd69:0.7726769086002314[&state=4])nd62:0.17785725523770102[&state=4])nd51:0.5288430626210798[&state=117],(nd53:1.2567534334029253[&state=15],nd54:1.2567534334029253[&state=4])nd52:0.2226237930560867[&state=4])nd42:0.32146741728000594[&state=37])nd39:0.20914974488676202[&state=37],nd43:2.0099943886257803[&state=4])nd38:0.8224035854245206[&state=37])nd31:0.6500557987188895[&state=2],nd36:3.4824537727691904[&state=19])nd22:4.64952372140169[&state=2])nd16:5.551359513042449[&state=1])nd6:0.8955463359313529[&state=7])nd3:0.0[&state=1];
