sample	replicate	trs
1	1	((((nd71:0.0845620129974973,nd72:0.0845620129974973)nd51:3.272829044858537,(((nd75:0.029500095621059808,nd76:0.029500095621059808)nd65:0.3563810468193925,nd66:0.3858811424404523)nd50:2.769696052572787,((((nd73:0.042763504371011944,nd74:0.042763504371011944)nd67:0.11209954916911122,nd68:0.15486305354012317)nd61:0.2720959591935064,nd62:0.4269590127336296)nd44:2.514419316982282,nd38:2.941378329715912)nd36:0.21419886529732785)nd32:0.201813862842795)nd20:3.5923320444842224,(((nd57:1.0505018702196613,nd58:1.0505018702196613)nd55:0.13581094025888532,(nd63:0.389258303311561,nd64:0.389258303311561)nd56:0.7970545071669857)nd30:3.1306295387575944,(nd39:2.3868804475895113,nd40:2.3868804475895113)nd24:1.93006190164663)nd15:2.6327807531041154)nd3:0.026046992909713212,(nd45:2.0419283929240497,(nd59:0.4445258469710427,((nd77:0.012008727395518224,nd78:0.012008727395518224)nd69:0.10170427157529967,nd70:0.1137129989708179)nd60:0.33081284800022476)nd46:1.5974025459530072)nd12:4.933841702325919)nd2:0.0;
