sample	replicate	trs
1	1	((((((nd33:1.2379895773246385[&state=81],(nd39:0.7604330715584633[&state=29],nd40:0.7604330715584633[&state=9]):0.4775565057661758[&state=63]):0.39081850114509553[&state=79],nd30:1.628808078469735[&state=52]):8.992274827117209[&state=79],(((nd25:0.8763426642824281[&state=3],((nd43:0.06396449094587713[&state=1],nd44:0.06396449094587713[&state=104]):0.8407907543628194[&state=104],nd36:0.9047552453086964[&state=80]):1.0928459062470288[&state=104]):0.8309972542503282[&state=8],nd22:2.8285984058060514[&state=104]):1.3078857848214653[&state=48],((nd41:0.7308818320986137[&state=11],(nd45:0.062083129881736185[&state=80],nd46:0.062083129881736185[&state=1]):0.6687987022168775[&state=104]):1.1177123932786752[&state=28],(nd31:1.477140466521344[&state=104],nd32:1.477140466521344[&state=49]):0.371453758855945[&state=7]):2.2878899652502307[&state=7]):6.48459871495942[&state=0]):1.6311111998134589[&state=22],nd4:0.04610255177021621[&state=0]):0.648769130006237[&state=0],((nd9:2.387593406660426[&state=6],(nd11:0.41914751853602356[&state=1],((nd19:3.0835786029984216[&state=104],nd20:0.10044143589053017[&state=0]):3.288040189010489[&state=78],(((nd37:0.7783632605290645[&state=80],nd38:0.7783632605290645[&state=78]):1.8783604947796286[&state=104],nd24:2.656723755308692[&state=1]):1.1038139645999527[&state=7],nd18:0.21697854562013624[&state=1]):2.6110810721002657[&state=7]):0.8260878711311139[&state=1]):1.0870268947814803[&state=7]):2.5725846601582782[&state=22],nd6:0.9444662147086433[&state=6]):2.0436450173268503[&state=22]):3.2645367645933674[&state=0]):0.0[&state=22];
