sample	replicate	trs
1	1	(((((nd25:4.283501635898542,(nd75:1.6183853082919206,nd76:1.0964149536101315)nd26:6.2589714863765)nd23:0.542509137880508,(((nd51:0.07178140317212021,nd52:1.7467338254414688)nd47:0.1313154906482646,(nd49:0.15424321583831413,nd50:2.6192771358212377)nd48:0.0888618265803871)nd33:2.8351368237045333,(((nd73:1.021513585053671,nd74:2.990040524616227)nd55:1.9803299492719293,(nd89:0.8597111238063462,nd90:0.02533105747680698)nd56:4.110659350081809)nd41:2.033397320135269,((nd79:1.2622289058216594,nd80:1.2622289058216594)nd77:0.3506187313063268,(nd81:1.2616707260321967,(nd87:0.9430996316712057,nd88:0.9430996316712057)nd82:0.3185710943609911)nd78:0.35117691109578913)nd42:5.390920156895439)nd34:1.2732341886149645)nd24:1.1699260889090255)nd9:4.276733777402722,(nd37:0.23842139979294244,nd38:2.005259744923439)nd10:6.425535287882726)nd1:4.8056231605773165,(nd3:5.036042124587248,((((nd21:1.0860284449301123,nd22:0.32447914494516134)nd17:1.4600029663199294,(((nd71:0.22788829806425592,nd72:2.5572604786464304)nd31:5.377539537193452,nd32:0.37769032348062415)nd19:3.148041888497192,(((nd69:0.9775580133959323,(nd91:0.06498567294864455,nd92:0.06498567294864455)nd70:3.318721709247395)nd63:0.7647060580351299,nd64:4.024125368884239)nd61:0.13275906799440007,nd62:4.281172508225569)nd20:7.43427509123752)nd18:0.6317604468110268)nd13:1.1622616591950925,nd14:0.8010946031914516)nd5:0.9910748258363673,((nd15:0.24055389764876806,(((nd53:1.2374127546001723,(nd59:2.1718487863603744,(nd65:3.1680958864414115,(nd67:3.4235883714830155,(nd83:1.2536575719649958,(nd85:0.9913465189923878,nd86:0.9913465189923878)nd84:0.2623110529726079)nd68:2.16993079951802)nd66:0.6632439354623144)nd60:0.43028332201322966)nd54:0.696252159372649)nd45:0.925334876347284,nd46:6.138702664678492)nd29:2.540987068131894,(nd39:2.1738537305261696,nd40:0.3189573734432319)nd30:1.4565455514754424)nd16:4.084514823410679)nd7:1.2750090157730143,(nd11:1.029143271564649,((nd43:0.5004126102926543,(nd57:2.391403224827569,nd58:0.25720693126087923)nd44:2.130475255664425)nd27:1.8219953384059773,(nd35:3.3286644920662996,nd36:1.2925332513493413)nd28:0.6558820375888799)nd12:4.9340256942011695)nd8:0.3168919405226159)nd6:0.46133095931149604)nd4:2.2432834336756367)nd2:1.7854570445462403)root:1.7941149904725595)origin:0.0;
