sample	replicate	trs
1	1	((nd2:0.22809038957702388,((((nd28:0.6475783547484188,nd29:1.9789968114195362)nd10:4.329740334784402,(((nd52:1.2783862579252596,(nd58:0.765487456158511,nd59:0.765487456158511)nd53:0.5128988017667484)nd50:0.1654240351809567,nd51:1.2576752958174862)nd16:4.665590134234563,nd17:0.5454806310344187)nd11:1.3869021397883445)nd6:1.5489923369948162,((nd18:5.227769860608863,(nd30:0.04845249773633095,(nd32:0.0906660278347376,((nd36:1.073150515938168,(((nd56:1.0861827287647592,nd57:0.5371373020730421)nd54:0.18318124767605698,(nd62:0.6187465068224447,((nd68:0.05936983167179333,nd69:0.05936983167179333)nd66:0.26763050232375585,nd67:0.3270003339955492)nd63:0.2917461728268955)nd55:0.6506174696183713)nd42:0.3103412659096797,(((nd64:0.44228749652338617,nd65:0.44228749652338617)nd60:0.25591660665403543,nd61:0.6982041031774217)nd46:0.7940828799132251,nd47:0.8521073728973871)nd43:0.08741825925984903)nd37:0.7052757952738907)nd34:0.1458442089322975,(nd44:1.5501943323621408,nd45:1.5501943323621408)nd35:0.8806309141945435)nd33:0.0038735443603899696)nd31:0.07295839125185796)nd19:2.720112678439931)nd8:3.345114743104776,((((nd48:1.45005640177228,nd49:1.45005640177228)nd40:0.13917511177009867,nd41:1.5892315135423787)nd20:3.119460076854389,nd21:2.549800468859295)nd12:2.778312368904755,nd13:2.143175989464284)nd9:1.0858806444121165)nd7:0.4724103004102994)nd4:1.8940637136389764,((nd38:1.4188263785265895,nd39:0.32654250834835136)nd14:4.389619890130189,(nd22:1.197928075136539,((nd26:0.08149288405361335,nd27:1.9477607000108899)nd24:0.9948511437911526,nd25:2.494612484863646)nd23:0.09246984813631835)nd15:1.9792549274709461)nd5:4.3804542932305885)nd3:0.7315276183454728)root:2.8841137638916168)origin:0.0;
