sample	replicate	trs
1	1	((nd1:1.1428381577430977[&state=0],((nd5:0.8029626502515436[&state=6],((nd37:0.024589935526043133[&state=6],nd38:0.024589935526043133[&state=6]):4.640449932586044[&state=6],((nd19:1.7935188109973168[&state=6],nd20:1.7935188109973168[&state=6]):0.024987830780100972[&state=6],((nd29:1.1107574722063553[&state=6],(nd33:0.295642378047491[&state=6],nd34:0.295642378047491[&state=26]):0.8151150941588644[&state=26]):0.4017063778221262[&state=6],(nd35:0.11781843560980623[&state=6],nd36:0.11781843560980623[&state=6]):1.3946454144186755[&state=6]):0.30604279174893606[&state=6]):2.84653322633467[&state=6]):2.2724149151887056[&state=6]):1.1248022950352938[&state=6],(((nd13:0.95887467329118[&state=6],(nd15:2.6264991465625975[&state=6],nd16:2.9547309682348373[&state=2]):0.5415599823289067[&state=6]):0.26906875001356134[&state=6],((((nd31:0.17297194724439652[&state=2],nd32:0.7392798892932851[&state=2]):0.4194015629053559[&state=2],nd28:1.158681452198641[&state=24]):0.3594816690155635[&state=2],nd24:1.5181631212142046[&state=8]):0.02285003531800235[&state=2],nd22:1.541013156532207[&state=2]):2.224346544045098[&state=2]):2.3211301611975514[&state=24],nd8:6.086489861774857[&state=6]):1.9757672165612308[&state=6]):3.1603619241137[&state=6]):0.126080997550216[&state=22]):0.0[&state=22];
