sample	replicate	trs
1	1	((((((nd15:0.6444052481860397,nd16:0.6444052481860397)nd9:0.36978329211347866,(nd13:0.7079027454716611,((nd21:0.3090797850301717,nd22:0.3090797850301717)nd19:0.20289125854818924,nd20:0.511971043578361)nd14:0.1959317018933001)nd10:0.3062857948278573)nd7:0.08850832166644262,((nd27:0.007329681260139623,nd28:0.007329681260139623)nd25:0.17734670178845735,nd26:0.18467638304859696)nd8:0.9180204789173639)nd5:0.04772054145081662,nd6:1.1504174034167776)nd3:0.0337979195908089,((nd23:0.3033375424472405,nd24:0.3033375424472405)nd11:0.4902072922903012,(nd17:0.5268676915495499,nd18:0.5268676915495499)nd12:0.2666771431879918)nd4:0.3906704882700447)nd1:0.1882465413404588,nd2:1.372461864348045)root:0.0;
