sample	replicate	trs
1	1	(((((nd11:0.9785886447068688[&state=7],(nd29:0.024756977956342387[&state=7],nd30:0.024756977956342387[&state=0]):0.9538316667505264[&state=7]):0.469007879737198[&state=7],(nd7:1.3446291155674996[&state=1],(nd17:0.838193137813084[&state=7],((nd25:0.21810583963255598[&state=7],nd26:0.21810583963255598[&state=7]):0.188950494500448[&state=7],nd22:0.407056334133004[&state=1]):0.43113680368008006[&state=7]):0.5064359777544152[&state=7]):0.10296740887656754[&state=7]):0.02847688377103022[&state=1],((nd19:0.6677436662656955[&state=1],(nd27:0.13358113301949281[&state=0],nd28:0.13358113301949281[&state=7]):0.5341625332462028[&state=7]):0.2482713500696872[&state=1],nd14:0.9160150163353828[&state=7]):0.5600583918797142[&state=7]):0.6263196839343012[&state=7],((nd15:0.8636534758114871[&state=6],nd16:0.8636534758114871[&state=6]):0.31873730556878166[&state=6],(nd23:0.282035026039238[&state=6],nd24:0.282035026039238[&state=6]):0.9003557553410311[&state=6]):0.9200023107691292[&state=6]):0.6080169078506028[&state=22]):0.0[&state=22];
