sample	replicate	trs
1	1	(((((((nd45:0.8277197584899294,(nd53:0.44200377131104784,nd54:0.44200377131104784)nd46:0.3857159871788815)nd23:6.556550494126261,nd24:4.993465697314178)nd15:2.5822461811222635,(((nd37:1.56619277314809,((nd47:0.7896738861308619,(nd57:0.14034385919907788,nd58:0.14034385919907788)nd48:0.649330026931784)nd39:0.726717402136274,(nd55:0.23061761214041643,nd56:0.23061761214041643)nd40:1.2857736761267196)nd38:0.04980148488095386)nd31:3.011793548437716,nd32:0.11349650537733172)nd25:2.7403538512845986,(nd29:6.348036791670466,nd30:0.2571834768301284)nd26:0.9703033811999389)nd16:2.6481762608680506)nd5:4.330351044776843,(nd9:0.819834461407001,(nd13:1.554973336195501,nd14:2.677837298481502)nd10:1.1729727380164992)nd6:2.62624103047595)nd3:2.527105621167706,((nd11:11.61633103234618,(((nd43:0.16560062669873274,(nd51:0.49376207673503353,nd52:0.49376207673503353)nd44:0.5435939704561497)nd21:6.789087526391207,(nd27:0.3591340627102578,nd28:0.48595860054367995)nd22:0.5629955522235681)nd17:2.0883007575896984,(((nd49:0.7234968051707047,nd50:0.7234968051707047)nd33:1.5216476478505312,((nd41:1.1605406209074762,nd42:1.1605406209074762)nd35:0.44081570528816644,nd36:1.601356326195643)nd34:0.6437881268255936)nd19:6.1738437892853515,nd20:4.245279471751519)nd18:1.4957560888655013)nd12:1.7015867011740906)nd7:1.5247886083324018,nd8:2.471568991755541)nd4:3.6828534590044217)nd1:0.5299800192141632,nd2:1.4959953658372616)root:1.4256468811028233)origin:0.0;
