sample	replicate	trs
1	1	(((nd41:0.22481718888540347,(nd43:0.1575653314432956,nd44:0.1575653314432956)nd42:0.06725185744210788)nd13:1.6949083620372671,(nd28:1.7378690259778518,(nd45:0.09757169309572629,nd46:0.09757169309572629)nd19:1.6402973328821246)nd14:0.18185652494481913)nd12:0.5516414560093184,(((nd33:0.35880026202014037,((nd47:0.06727742958923034,(nd49:0.06300136724818778,nd50:0.06300136724818778)nd48:0.004276062341042563)nd37:0.2303739586460203,nd38:0.29765138823525056)nd34:0.06114887378488987)nd29:0.4559393706691541,nd31:0.8147396326892945)nd23:1.5576494414085897,(nd40:0.9839534129255076,(nd35:0.3350383205700693,nd36:0.3350383205700693)nd26:0.6489150923554382)nd21:1.388435661172377)nd2:0.09897793283410485)root:0.0;
