sample	replicate	trs
1	1	(((nd3:6.254401437717625,((((nd15:0.27724821219090257,((((nd23:2.305910151453049,(nd47:3.6847957615723326,(nd55:2.23576918648583,nd56:2.4999819002302477)nd48:1.1848138613420849)nd24:5.944982154449517)nd21:0.7869635848092039,(((nd43:1.7518823852431027,(nd51:2.7962644476607283,nd52:1.1792028385421196)nd44:1.0831583445984767)nd31:2.489429455723925,(nd53:1.371273598275466,nd54:0.7891400791756306)nd32:3.6026411718121416)nd27:1.353677810459532,(nd37:1.3910960019857124,(nd73:0.37053400778711376,nd74:0.37053400778711376)nd38:3.8675198512328772)nd28:3.484476199422671)nd22:2.6942114423883887)nd19:0.10974003108559009,((nd61:1.8029171186667348,nd62:1.8029171186667348)nd33:3.8912518999443875,(nd45:3.713554869357704,(nd63:0.7949386702809946,nd64:1.632857075823977)nd46:2.080697793533727)nd34:1.9806141492534182)nd20:4.832312513305518)nd17:0.742134980749332,nd18:0.6149599052337563)nd16:0.7035507865096868)nd9:1.4705179259486068,nd10:0.6173924571801506)nd7:0.06154287404719947,((nd13:1.6976449107192442,(nd25:0.12860919732641182,((nd35:3.044400758004582,((nd41:0.8549576681000196,((nd57:2.444580186590571,((nd71:0.4430841327381546,nd72:0.42762057574056733)nd67:0.4736562129637428,nd68:0.9167403457018976)nd58:1.527839840888674)nd49:0.6079006283033929,((nd65:0.9490175125924748,(nd69:0.47091633222522644,(nd75:0.06922504869555306,nd76:0.06922504869555306)nd70:0.4016912835296734)nd66:0.8250445710286863)nd59:1.0472090500307443,nd60:1.1985644690310442)nd50:0.709310861609307)nd42:1.0164201339830596)nd39:0.08598749450219217,nd40:0.42972375530979945)nd36:1.2564119242099065)nd29:2.179800716202155,nd30:1.250273286538319)nd26:1.1202852550560627)nd14:4.118202494408596)nd11:0.05023370730605094,nd12:0.06236099717461811)nd8:0.6244055586094786)nd5:7.543947485863343,nd6:2.6976422698603244)nd4:1.3922103960862606)nd1:2.358717569776999,nd2:2.9058117036827045)root:2.142596449101941)origin:0.0;
