sample	replicate	trs
1	1	(((nd11:6.143300029441974[&state=6],(nd27:1.9215780794559696[&state=6],nd28:1.9215780794559696[&state=6])nd12:4.221721949986004[&state=6])nd7:0.8995907708667907[&state=6],(nd17:3.506617019076352[&state=26],nd18:3.506617019076352[&state=6])nd8:3.5362737812324125[&state=6])nd1:2.269802144075241[&state=6],(((nd13:4.676304988637773[&state=0],nd14:4.676304988637773[&state=0])nd9:1.488332958380533[&state=0],((nd25:1.9535247917416954[&state=0],nd26:1.9535247917416954[&state=0])nd21:0.6647781041912305[&state=0],(nd35:0.048746553440684716[&state=0],nd36:0.048746553440684716[&state=0])nd22:2.5695563424922407[&state=0])nd15:3.54633505108538[&state=0])nd3:3.108555553780519[&state=0],((((nd33:0.1624061628830305[&state=0],nd34:0.1624061628830305[&state=0])nd31:0.31493816959000226[&state=0],nd32:0.4773443324730328[&state=0])nd19:2.5242917793137067[&state=0],((nd29:0.7320035045100141[&state=0],nd30:0.7320035045100141[&state=0])nd23:1.7701444815789102[&state=0],nd24:2.5021479860889237[&state=83])nd20:0.4994881256978153[&state=22])nd5:4.789103567596681[&state=0],nd6:7.790739679383421[&state=0])nd4:1.4824538214154042[&state=0])nd2:0.03949944358518067[&state=0])root:0.0[&state=22];
