sample	replicate	trs
1	1	((((((nd33:1.4192873829505976[&state=7],nd34:1.4192873829505976[&state=14]):1.8281929409030377[&state=1],nd24:3.247480323853636[&state=31]):0.29256203644977036[&state=11],nd22:0.943702035426474[&state=3]):6.847114554992426[&state=11],((nd39:0.08394800473953117[&state=8],nd40:0.08394800473953117[&state=0]):7.588659991372656[&state=8],(nd31:1.0356766505785202[&state=1],nd32:2.2229140964573553[&state=9]):5.44969389965483[&state=9]):2.7145489191836436[&state=1]):5.872279561617606[&state=7],((((nd17:0.8008645510796611[&state=1],(nd37:0.42935989076180725[&state=7],nd38:0.42935989076180725[&state=0]):5.505467004565216[&state=7]):1.4460482247102675[&state=1],(nd19:5.096634920783088[&state=7],((nd35:1.328737096287325[&state=7],nd36:1.328737096287325[&state=0]):1.528265864676873[&state=28],nd28:2.8570029609641976[&state=2]):2.2396319598188907[&state=28]):2.2842401992542016[&state=7]):6.655031924829065[&state=7],nd6:1.0793382016171909[&state=0]):0.5750596609771315[&state=0],(((nd25:2.9742447501907288[&state=2],nd26:2.9742447501907288[&state=10]):5.210446282646436[&state=28],(nd29:0.7086581564711775[&state=1],nd30:2.3027894247308796[&state=1]):5.881901608106283[&state=7]):3.2675057587107146[&state=0],nd8:6.068723432230004[&state=1]):3.158769914295607[&state=7]):1.6484697710699499[&state=0]):3.018663523086547[&state=0]):0.0[&state=22];
