sample	replicate	trs
1	1	((nd19:1.7254836836463756[&state=12],(((nd61:0.15739157549576324[&state=2],nd62:0.15739157549576324[&state=2])nd49:0.39566006625594063[&state=2],nd50:0.5530516417517038[&state=9])nd29:0.706401733360739[&state=2],((nd63:0.15349180493615933[&state=2],nd64:0.15349180493615933[&state=28])nd31:0.9598537506955334[&state=28],(nd53:0.4811896193665347[&state=104],nd54:0.4811896193665347[&state=22])nd32:0.6321559362651581[&state=79])nd30:0.14610781948075002[&state=78])nd20:0.4660303085339328[&state=78])nd1:5.012433820148574[&state=78],(((nd23:1.529701350287368[&state=31],(nd33:1.0995577149252576[&state=6],((nd57:0.4302393601993129[&state=79],nd58:0.4302393601993129[&state=30])nd39:0.551385794305203[&state=81],nd40:0.9816251545045156[&state=78])nd34:0.11793256042074232[&state=22])nd24:0.43014363536211014[&state=22])nd7:3.429185508778171[&state=49],(((nd47:0.6515926523525097[&state=1],(nd55:0.44280271928055814[&state=6],nd56:0.44280271928055814[&state=50])nd48:0.20878993307195176[&state=50])nd28:1.0474437578049391[&state=78],((((nd67:0.09614193164249385[&state=7],nd68:0.09614193164249385[&state=1])nd59:0.27445705472269[&state=7],nd60:0.37059898636518385[&state=0])nd45:0.3092632085509145[&state=0],nd46:0.6798621949160981[&state=3])nd37:0.36707019871469965[&state=10],nd38:1.0469323936307977[&state=2])nd22:0.6521040165266513[&state=2])nd9:2.33679620548891[&state=28],((nd15:2.810621216030599[&state=31],nd16:2.810621216030599[&state=12])nd11:1.1926684298061665[&state=7],((nd51:0.4943170050767911[&state=3],nd52:0.4943170050767911[&state=29])nd35:3.2913237163111217[&state=63],nd14:3.785640721387912[&state=31])nd12:0.21764892444885267[&state=1])nd10:0.032542969809593404[&state=23])nd6:0.9230542434191805[&state=23])nd3:0.701933178127058[&state=6],((nd65:0.11517010707445534[&state=7],nd66:0.11517010707445534[&state=6])nd17:2.644041687201369[&state=48],(nd43:0.8428731011383694[&state=49],nd42:0.8428731011383694[&state=9])nd26:1.9163386931374544[&state=9])nd4:2.901608242916773[&state=22])nd2:1.07709746660235[&state=22])root:0.0[&state=6];
