sample	replicate	trs
1	1	((((nd158:6.288921979089996,(((nd239:0.34429395663328033,nd240:0.34429395663328033)nd189:2.0313080088204436,nd190:2.375601965453724)nd187:1.9777728954794593,((nd238:1.5328339679835248,((nd215:1.3516003369806942,nd216:1.3516003369806942)nd209:0.16786345354390458,(nd217:1.1817678481897091,(nd243:0.031093863087291194,nd244:0.031093863087291194)nd218:1.150673985102418)nd210:0.33769594233489014)nd208:0.013370177458925558)nd173:1.9775505045648034,((nd236:1.7784760186244464,nd202:1.7784760186244464)nd193:0.2237123996545834,(nd233:0.6063806160273401,(nd241:0.3069513101787523,nd242:0.3069513101787523)nd234:0.29942930584858785)nd194:1.39580780225169)nd174:1.5081960542692983)nd156:0.8429903883848553)nd148:1.9355471181568111)nd112:4.691185083187126,((nd197:1.845670335203745,nd198:1.845670335203745)nd118:8.247664249548512,(nd177:3.4455135602013502,(nd223:0.8542196796734252,(nd225:0.8516777055307607,nd226:0.8516777055307607)nd224:0.0025419741426644135)nd178:2.591293880527925)nd126:6.647821024550904)nd72:0.8867724775248651)nd64:1.1812786650742377,(nd182:6.231496196045426,nd183:6.231496196045425)nd114:5.929889531305933)nd32:4.148766349237571,((((nd213:1.3815258593610915,nd214:1.3815258593610915)nd205:0.19781583366109726,(nd221:0.8650291368040045,nd222:0.8650291368040045)nd206:0.7143125562181843)nd179:6.956134655635302,((((nd231:0.7154493973367044,nd232:0.7154493973367044)nd227:0.11209346648854404,nd228:0.8275428638252484)nd191:1.3601769644647959,nd192:2.1877198282900445)nd165:1.5596036758763683,nd200:3.7473235041664124)nd121:4.788152844491078)nd81:5.568305539110659,((nd219:1.061416356836363,nd220:1.061416356836363)nd204:3.552724942286013,nd171:4.614141299122377)nd127:9.489640588645777)nd40:2.2063701888207787)nd14:0.0;
