sample	replicate	trs
1	1	(nd5:16.195072966353386[&state=5],((((nd42:0.02022504613027512[&state=0],nd43:0.02022504613027512[&state=0])nd16:7.883626038389174[&state=0],(((((nd40:0.6336345642027563[&state=0],nd41:0.6336345642027563[&state=0])nd34:0.7267886660241245[&state=0],(nd36:1.1921842047611302[&state=0],nd37:1.1921842047611302[&state=0])nd35:0.16823902546575062[&state=0])nd28:2.387454690102732[&state=0],nd29:3.7478779203296124[&state=0])nd24:0.1709290510429422[&state=0],(nd32:1.7220270748043947[&state=0],(nd38:0.9141289637898053[&state=0],nd39:0.9141289637898053[&state=0])nd33:0.8078981110145894[&state=0])nd25:2.1967798965681604[&state=0])nd20:2.744396795749182[&state=0],(nd30:3.352248955057921[&state=0],nd31:3.352248955057921[&state=0])nd21:3.3109548120638155[&state=0])nd17:1.2406473173977128[&state=0])nd10:4.987071021200012[&state=0],(nd22:6.56193512957344[&state=0],(nd26:3.9058397719760367[&state=0],nd27:3.9058397719760367[&state=0])nd23:2.6560953575974033[&state=0])nd14:6.328986976146021[&state=0])nd8:0.8155504866217831[&state=16],nd19:13.706472592341246[&state=5])nd6:2.4886003740121407[&state=16])root:0.0[&state=16];
