sample	replicate	trs
1	1	(((((nd49:1.146459125777124[&state=6],nd50:1.146459125777124[&state=25])nd47:0.338164777213761[&state=6],nd48:1.484623902990885[&state=6])nd39:5.0953038430954996[&state=6],(nd41:1.7023871341097792[&state=56],(nd51:0.8315686617088087[&state=26],nd52:0.8315686617088087[&state=87])nd42:0.8708184724009709[&state=25])nd24:4.877540611976604[&state=81])nd3:6.080177634766734[&state=6],(((nd53:0.3125112561650728[&state=6],nd54:0.3125112561650728[&state=6])nd43:2.6378270121271155[&state=6],nd38:2.950338268292189[&state=26])nd33:0.28884559630181195[&state=6],nd34:3.2391838645940005[&state=6])nd17:9.420921516259117[&state=6])nd1:2.1796507305159647[&state=6],((nd21:5.7477715214917735[&state=23],((nd45:1.5629204631087725[&state=108],nd46:1.5629204631087725[&state=2])nd31:1.9709794453844012[&state=50],nd35:3.533899908493174[&state=6])nd29:2.213871612998598[&state=6])nd15:6.290166577863385[&state=6],nd9:12.037938099355156[&state=3])nd2:2.801818012013926[&state=6])root:0.0[&state=6];
