sample	replicate	trs
1	1	((nd7:0.33670872284149456[&state=34],((nd53:0.011483330677074686[&state=4],nd54:0.011483330677074686[&state=87])nd29:0.13091815789231506[&state=57],(nd39:0.07001258528305647[&state=4],nd40:0.07001258528305647[&state=4])nd30:0.07238890328633328[&state=4])nd8:0.1943072342721049[&state=107])nd1:0.40351156355522144[&state=87],(nd3:0.5926022845681762[&state=4],(((nd35:0.08806181645197259[&state=57],nd36:0.08806181645197259[&state=4])nd27:0.05587130158030979[&state=57],(nd41:0.05265812285178137[&state=4],(nd49:0.025283350832368896[&state=4],nd50:0.025283350832368896[&state=4])nd42:0.02737477201941248[&state=4])nd28:0.09127499518050101[&state=4])nd5:0.20800202000492146[&state=4],(((((nd45:0.04497097113661093[&state=4],nd46:0.04497097113661093[&state=4])nd31:0.07502777386139602[&state=4],(nd33:0.09461068360641764[&state=14],nd34:0.09461068360641764[&state=4])nd32:0.02538806139158931[&state=4])nd25:0.02764796759379093[&state=4],nd26:0.1476467125917979[&state=4])nd17:0.09545518686342609[&state=4],(nd19:0.21707919207234738[&state=4],(nd37:0.0788425181623722[&state=4],nd38:0.0788425181623722[&state=4])nd20:0.13823667390997516[&state=4])nd18:0.0260227073828766[&state=4])nd9:0.06416606344457504[&state=4],((nd51:0.015071824624752582[&state=4],nd52:0.015071824624752582[&state=4])nd11:0.2842419978068862[&state=4],(((nd21:0.20000427051008157[&state=4],(nd23:0.14902780936694768[&state=4],nd24:0.14902780936694768[&state=4])nd22:0.050976461143133894[&state=4])nd15:0.07854073529172689[&state=4],(nd43:0.04671128200790234[&state=4],(nd47:0.02666207932294072[&state=4],nd48:0.02666207932294072[&state=4])nd44:0.020049202684961624[&state=4])nd16:0.2318337237939061[&state=4])nd13:0.007291363538211328[&state=4],nd14:0.2858363693400197[&state=13])nd12:0.013477453091619046[&state=4])nd10:0.007954140468160186[&state=4])nd6:0.04466717513740483[&state=4])nd4:0.24066714653097204[&state=4])nd2:0.14761800182854015[&state=4])root:0.0[&state=57];
