sample	replicate	trs
1	1	(((nd39:2.915840674640227[&state=0],nd40:2.915840674640227[&state=23])nd20:10.766154415752453[&state=1],(nd53:7.033196940846851[&state=0],(nd45:2.6216652575473605[&state=0],nd46:2.6216652575473605[&state=0])nd22:4.41153168329949[&state=0])nd9:6.648798149545829[&state=0])nd5:3.4856617863545774[&state=0],(((nd55:1.3345742953240916[&state=2],((nd61:0.1763154144940435[&state=107],nd62:0.1763154144940435[&state=2])nd59:0.44152786768140073[&state=66],nd60:0.6178432821754443[&state=2])nd56:0.7167310131486471[&state=66])nd25:5.634999469343708[&state=30],(nd49:2.3454263732443654[&state=13],nd50:2.3454263732443654[&state=0])nd36:4.624147391423433[&state=0])nd13:2.4643251433714597[&state=0],(((nd43:3.9799967349023335[&state=31],nd38:3.979996734902335[&state=0])nd31:1.062483172533535[&state=0],(nd57:0.6210272865943318[&state=0],nd58:0.6210272865943318[&state=0])nd32:4.421452620841539[&state=0])nd27:0.8176732206427445[&state=7],((nd47:2.7498120731834637[&state=1],(nd51:1.726318655802528[&state=1],nd52:1.726318655802528[&state=1])nd42:1.023493417380937[&state=1])nd29:3.0960382636271837[&state=1],nd30:5.845850336810647[&state=2])nd28:0.014302791267966481[&state=1])nd14:3.573745779960646[&state=7])nd4:7.733757968707997[&state=0])root:0.0[&state=0];
