sample	replicate	trs
1	1	((nd23:1.6399998726716307,((nd39:0.6517496003553117,nd40:0.6517496003553117)nd27:0.4885840373066159,(nd29:1.0099103056977505,(nd45:0.36223096875106403,nd46:0.36223096875106403)nd30:0.6476793369466868)nd28:0.13042333196417702)nd24:0.4996662350097031)nd13:14.920900993890175,(((nd21:1.641430151143745,(nd35:0.870633349953683,(((nd43:0.47880930995953735,nd44:0.47880930995953735)nd41:0.002580210765337001,(nd47:0.35991520714348013,nd48:0.35991520714348013)nd42:0.12147431358139421)nd37:0.21395636072079804,nd38:0.6953458814456722)nd36:0.1752874685080107)nd22:0.7707968011900622)nd17:2.353968086066814,nd18:3.995398237210558)nd15:0.6939707596524243,((nd49:0.20491976004245038,nd50:0.20491976004245038)nd31:0.7748765876182949,((nd51:0.17053124395230046,nd52:0.17053124395230046)nd33:0.7913037762514529,nd34:0.9618350202037532)nd32:0.017961327456991947)nd25:3.7095726492022383)nd10:11.871531869698822)nd2:0.0;
