sample	replicate	trs
1	1	(((((nd31:6.772240233329539[&state=6],(nd49:0.3157664722701726[&state=6],nd50:0.3157664722701726[&state=6]):6.4564737610593665[&state=6]):12.398071921781124[&state=6],(((nd13:5.2864946103731105[&state=6],(nd17:8.8201283178685[&state=6],(nd29:7.986530252882513[&state=6],((nd45:0.9573918653476384[&state=6],(nd47:0.8418809512582258[&state=6],nd48:0.8418809512582258[&state=6]):0.11551091408941258[&state=6]):4.024891694635101[&state=6],nd36:4.982283559982739[&state=2]):3.004246692899774[&state=24]):2.0708178444220025[&state=6]):0.5862618949218594[&state=6]):1.1196650492858504[&state=6],(nd15:1.3738580025038858[&state=6],(nd25:8.526912103261786[&state=6],(nd33:5.720886448320158[&state=6],nd34:5.720886448320158[&state=6]):3.486092117075136[&state=6]):1.1445961999016065[&state=6]):1.4117002762153237[&state=6]):2.6788441148667195[&state=6],((nd21:4.416287559819171[&state=6],(nd23:1.0842820296121995[&state=6],(nd41:2.2835373317541476[&state=3],nd42:2.2835373317541476[&state=6]):6.965645622808833[&state=25]):0.4750058681776408[&state=6]):0.18225994094326256[&state=6],nd20:1.174915194717917[&state=6]):4.535670392695059[&state=6]):4.728192998731718[&state=6]):2.0020285368168294[&state=6],((nd27:8.407238972408908[&state=6],(nd37:2.637935792522465[&state=6],nd38:4.170463529441438[&state=6]):4.23677544296747[&state=6]):4.3458497004672285[&state=6],(nd39:4.062518404653044[&state=6],(nd43:2.0589150794463733[&state=6],nd44:2.0589150794463733[&state=6]):2.0036033252066714[&state=6]):8.690570268223091[&state=6]):8.419252019051356[&state=6]):4.509867509256326[&state=6],nd2:0.5089222640969163[&state=6]):2.1223917988161816[&state=6]):0.0[&state=22];
