sample	replicate	trs
1	1	((((((nd27:1.7822467435658784[&state=108],nd28:1.7822467435658784[&state=86]):3.1860818744603785[&state=6],(nd15:4.038909619877178[&state=6],nd16:2.473810798704061[&state=6]):0.9294189981490787[&state=6]):3.0126534575501407[&state=6],nd6:0.06131480547818425[&state=6]):0.8628405907952783[&state=6],(((((nd35:0.29331602541997626[&state=0],(nd39:0.05511798322107833[&state=2],nd40:0.05511798322107833[&state=64]):0.23819804219889792[&state=64]):0.12502613372420524[&state=120],nd32:0.41834215914418144[&state=3]):4.108432352716392[&state=98],(nd23:0.11566111261960144[&state=6],nd24:2.5599763837009943[&state=56]):1.9667981281595805[&state=6]):0.9930677862457334[&state=6],(((nd21:2.670471049327183[&state=6],nd22:0.5971479891442099[&state=6]):0.40346409586711546[&state=6],nd20:0.7030269393604911[&state=6]):0.33438091215585924[&state=6],((nd37:0.08265882653027609[&state=1],(nd41:0.006741686363106934[&state=53],nd42:0.006741686363106934[&state=6]):0.07591714016716916[&state=53]):2.1787890510676147[&state=81],nd26:2.261447877597891[&state=3]):1.1468681797522664[&state=6]):2.1115262407561506[&state=6]):0.18707418608896154[&state=6],(nd29:0.8747722054219758[&state=6],(nd33:0.3482578630360272[&state=10],nd34:0.3482578630360272[&state=87]):0.5265143423859486[&state=25]):4.832144278773293[&state=6]):3.1369061821764075[&state=6]):4.531860850888689[&state=6],nd2:0.6282796402156461[&state=6]):1.4891164827396386[&state=6]):0.0[&state=23];
