sample	replicate	trs
1	1	((((nd49:1.4579559267478437,nd50:1.4579559267478437)nd41:1.102968862221174,(((nd57:0.7423617381070866,((nd81:0.15026512626267907,nd82:0.15026512626267907)nd65:0.388885252082973,nd66:0.5391503783456522)nd58:0.20321135976143456)nd53:0.13844208159017418,nd54:0.8808038196972611)nd45:0.7215652472602228,(nd76:0.44855644310049525,(nd71:0.3490321922667094,(nd79:0.276988334387734,nd80:0.276988334387734)nd72:0.07204385787897535)nd70:0.09952425083378583)nd46:1.1538126238569884)nd38:0.9585557220115342)nd31:0.5358022334425563,((nd63:0.6304981644161655,(nd83:0.05319647133175794,nd84:0.05319647133175794)nd64:0.5773016930844075)nd51:0.5106507525915942,(nd73:0.34266104946119663,(nd85:0.008361364445939141,nd86:0.008361364445939141)nd74:0.3342996850152575)nd60:0.798487867546563)nd39:1.9555781054038144)nd29:0.35256935844943665,nd67:3.4492963808610106)nd27:0.0;
