sample	replicate	trs
1	1	(((((nd7:2.5942411481390804,(nd11:1.4681463898649236,((nd25:3.2293183383097364,nd26:1.9557133225307501)nd17:1.6703504383984364,(nd29:2.2109794328346917,nd30:2.2109794328346917)nd18:4.301423578070223)nd12:1.363082026877747)nd8:0.5897828570938766)nd5:1.3444555861900072,((((nd45:0.021869405040150093,nd46:0.021869405040150093)nd43:0.2531683807966381,nd44:0.2750377858367882)nd21:5.369412122557283,nd22:1.1370386395055516)nd9:2.767987901556161,nd10:2.2495069551019)nd6:1.3972856711163122)nd3:0.2859394984989654,((nd15:6.621986599529724,nd16:4.384101000371197)nd13:0.433231048659919,((nd47:0.00409713413157653,nd48:0.00409713413157653)nd23:5.348448169293488,nd24:3.0431686272166427)nd14:1.702672344764578)nd4:3.0404453313758677)nd1:3.5942072731164294,((nd27:2.8024452430968125,((nd35:1.0645880151684206,(nd39:0.6056513565741288,nd40:0.6056513565741288)nd36:0.45893665859429156)nd31:0.6499556359336771,(((nd41:0.5393951897965439,nd42:0.5393951897965439)nd37:0.44846016711415615,nd38:0.9878553569106998)nd33:0.3269919541964638,nd34:1.3148473111071637)nd32:0.399696339994934)nd28:1.087901591994715)nd19:3.454704818076848,nd20:6.25715006117366)nd2:7.432720191508282)root:5.252529747318071)origin:0.0;
