sample	replicate	trs
1	1	((((nd15:2.579635053993425[&state=6],(nd17:2.415142073672261[&state=6],(nd27:1.4072739746938079[&state=6],((nd35:0.5303455401284255[&state=6],(nd43:0.008617453636400207[&state=6],nd44:0.008617453636400207[&state=6]):0.5217280864920253[&state=6]):0.40181705453693545[&state=6],nd32:0.932162594665361[&state=6]):0.4751113800284467[&state=6]):1.007868098978454[&state=6]):0.1644929803211635[&state=6]):1.8230409320576972[&state=6],(((nd11:1.430244561954054[&state=6],nd12:1.748493624892723[&state=6]):0.22280979716011837[&state=6],(nd29:1.0386893744096954[&state=6],nd30:1.0386893744096954[&state=6]):2.168051921276102[&state=6]):0.715303434961483[&state=6],(nd19:0.09579315180419586[&state=6],((nd39:0.1056535170785254[&state=6],nd40:0.1056535170785254[&state=6]):0.31617471171511496[&state=6],nd38:0.42182822879364035[&state=6]):1.8225088995136918[&state=6]):1.6777076023399475[&state=6]):0.48063125540384255[&state=6]):0.8833726851661803[&state=6],(((nd21:1.6144294060367552[&state=6],nd22:1.5537285842075448[&state=6]):0.8115073619897678[&state=6],(nd23:1.8074408901183925[&state=6],((nd33:0.5998945273125605[&state=6],nd34:0.4224342527616478[&state=6]):1.0062807879292897[&state=6],nd26:0.3742615805858257[&state=6]):0.2012655748765424[&state=6]):0.9757623888392621[&state=6]):1.967156925090476[&state=6],(nd41:0.06507038206929801[&state=6],nd42:0.06507038206929801[&state=6]):4.685289821978834[&state=6]):0.5356884671691721[&state=6]):1.6790213287826963[&state=6]):0.0[&state=23];
