sample	replicate	trs
1	1	((nd1:6.68815487296852[&state=6],((nd7:1.9333904587070445[&state=6],nd8:0.8905254580304289[&state=6]):0.051705071052214606[&state=6],(nd5:0.1388378882273839[&state=0],(nd9:2.0476804035239873[&state=0],((nd13:1.3084256979357054[&state=0],(((((nd33:2.82542781356835[&state=0],nd34:5.590234393429485[&state=0]):0.4567469929689629[&state=0],(nd31:0.22404824454197467[&state=0],((nd55:2.9890810121470706[&state=0],(nd57:1.2051914376599335[&state=0],nd58:0.909732079751669[&state=0]):1.2629471970753259[&state=0]):0.40306804664678614[&state=0],nd50:2.345160868763481[&state=0]):2.5210513936773506[&state=0]):0.13378093392724172[&state=0]):1.2646477974805557[&state=0],((((nd59:1.078464772479306[&state=0],nd60:1.078464772479306[&state=0]):1.9948426373602262[&state=0],(nd63:0.9823934449007226[&state=0],nd64:0.9823934449007226[&state=0]):2.0909139649388098[&state=0]):0.3822639753701422[&state=0],nd46:0.36896758264065754[&state=0]):1.8090951167743436[&state=0],nd36:5.264666501984017[&state=0]):2.0469626818949873[&state=0]):1.7599700176149355[&state=0],(((nd27:1.4731263099764096[&state=0],((nd41:3.6871778645703044[&state=0],(nd51:0.28066774091264474[&state=0],nd52:1.2149498128292577[&state=0]):0.40361408310860736[&state=0]):0.34212250354534984[&state=0],nd40:4.029300368115654[&state=0]):2.3150557208418077[&state=0]):0.14269748037489188[&state=0],(nd43:1.4042995402043696[&state=0],nd44:3.5834972208079625[&state=0]):2.9035563485243907[&state=0]):1.1148882425492457[&state=0],nd20:6.4228847705903265[&state=0]):1.469657389612341[&state=0]):0.22408145993347237[&state=0],(nd23:7.056375164177498[&state=0],((((nd65:0.66416752815441[&state=0],nd66:0.66416752815441[&state=0]):0.3427228873017387[&state=0],nd62:1.0068904154561489[&state=0]):2.425175120274946[&state=0],nd48:0.9975047779869793[&state=3]):1.345096843474567[&state=10],nd38:4.777162379205662[&state=0]):2.279212784971837[&state=0]):2.239305497249913[&state=0]):0.44830127597562264[&state=0]):4.356075790659386[&state=0],nd12:3.014961777715367[&state=0]):0.7339859598910725[&state=0]):6.611434806619352[&state=0]):0.010727238061037848[&state=22]):0.17278595930249216[&state=22]):0.4900083080636192[&state=22]):0.0[&state=22];
