sample	replicate	trs
1	1	((nd1:3.1186784181966587[&state=6],((((nd13:1.936156864722638[&state=0],(((nd29:1.094028435855741[&state=101],nd30:1.094028435855741[&state=6]):2.0780554605729202[&state=26],(((nd45:0.42670611034864536[&state=12],nd46:0.42670611034864536[&state=77]):0.44477857113172165[&state=12],((nd37:0.762865807589095[&state=103],(nd47:0.3374615287950094[&state=16],(nd53:0.042752092999956894[&state=67],nd54:0.042752092999956894[&state=39]):0.2947094357950525[&state=103]):0.42540427879408527[&state=31]):0.018830940901505822[&state=103],nd36:0.7816967484906007[&state=6]):0.08978793298976658[&state=125]):2.092401241381586[&state=125],(((nd51:0.045443138076608776[&state=12],nd52:0.045443138076608776[&state=19]):0.4213793624507804[&state=43],nd44:0.46682250052738916[&state=46]):0.46247931452354435[&state=102],nd32:0.9293018150509337[&state=6]):2.0345841078110194[&state=85]):0.20819797356670816[&state=11]):2.469176108655099[&state=10],((nd27:1.8167821350995725[&state=103],nd28:0.05111814721690226[&state=0]):2.1307521632591984[&state=63],(nd19:3.8659041971380836[&state=42],(((nd41:0.4972275934530105[&state=3],nd42:0.4972275934530105[&state=103]):0.04541775856752983[&state=103],(nd49:0.27264845799066884[&state=5],nd50:0.27264845799066884[&state=1]):0.2699968940298715[&state=18]):1.5679740837916722[&state=103],nd26:2.110619435812212[&state=77]):1.7552847613258709[&state=11]):0.0816301012206875[&state=7]):1.69372570672499[&state=28]):5.402747527112844[&state=1]):1.7639628216113776[&state=0],(nd11:4.361171240286563[&state=0],nd12:1.6011036938744851[&state=0]):0.29774390477760204[&state=7]):4.193620362581109[&state=7],nd6:3.546965568961631[&state=1]):1.415911588573464[&state=7],(nd7:2.1442705596908826[&state=0],nd8:1.262031173387671[&state=1]):3.4348419802040104[&state=7]):0.8135496641409087[&state=0]):0.15134803089654095[&state=22]):0.0[&state=22];
