sample	replicate	trs
1	1	((((((((nd18:0.1847547651433823,(nd26:0.458449396294961,(nd44:0.1576659440775186,nd45:0.1576659440775186)nd27:1.0743868333259294)nd19:0.8274591004092016)nd14:0.1787873231823924,nd15:1.0067345419571863)nd12:0.050446775347905266,(nd42:0.5128544482036793,nd43:0.5128544482036793)nd13:1.7758915281392684)nd8:0.17183285914635232,((nd22:1.9361714183093888,(nd30:0.41178673695223567,nd31:1.114495410092855)nd23:0.8216760082165337)nd10:0.35334413788349356,((nd38:0.39192716681705086,nd39:0.7814231926307339)nd28:0.38422128532519706,(nd34:1.0185425560591603,(nd36:0.8212309478940862,nd37:0.8983463527975742)nd35:0.12019620326158613)nd29:0.14710192189677057)nd11:1.1238710782369514)nd9:0.17106327929641735)nd6:0.7786189418974301,(nd16:2.225761782332308,nd17:2.225761782332308)nd7:1.0134359950544214)nd4:0.45542886697169616,((nd24:1.6458866976784123,((nd40:0.5153442410588969,nd41:0.5153442410588969)nd32:0.5724715736185721,nd33:0.8238866931587574)nd25:0.5580708830009431)nd20:0.2961564832893957,nd21:1.9420431809678078)nd5:1.752583463390618)nd2:2.5777447625700307,nd3:1.30703405061606)root:1.6158085930715433)origin:0.0;
