sample	replicate	trs
1	1	(((nd4:2.4346306786461223[&state=0],(nd22:1.5174952232672656[&state=0],(nd30:0.5668600687254308[&state=0],nd31:0.5487071890734052[&state=0]):1.3424980126470205[&state=0]):1.0405267485539058[&state=0]):0.7595670200586119[&state=0],(nd6:0.4291591333301797[&state=0],(((nd20:4.250270512838939[&state=0],((nd42:0.7850534706653766[&state=0],(nd46:0.9088357317499223[&state=0],nd47:0.4592716631985413[&state=0]):0.46322858523485383[&state=0]):2.6609694400009523[&state=0],(nd56:0.34507843823955175[&state=0],nd57:0.34507843823955175[&state=0]):3.687955318746177[&state=0]):0.21723675585321067[&state=0]):0.17397690330870053[&state=0],((nd60:0.06911017247503964[&state=0],nd61:0.06911017247503964[&state=0]):4.261449587852711[&state=0],nd19:0.05473661021353742[&state=0]):0.09368765581988787[&state=0]):0.6392277251902141[&state=0],(nd10:0.8659408880265491[&state=0],(((nd34:0.6889041955696763[&state=0],(nd36:1.8484866712267598[&state=0],nd37:1.6783462361161847[&state=0]):0.27821178772508726[&state=0]):2.617213312899453[&state=0],((((nd48:0.7290986860818274[&state=0],nd49:0.7290986860818274[&state=0]):1.9837506234219764[&state=0],((nd58:0.2458354138184318[&state=0],nd59:0.2458354138184318[&state=0]):1.4812317854157733[&state=0],nd39:1.727067199234205[&state=0]):0.9857821102695989[&state=0]):0.29375984032125674[&state=0],nd29:0.20481191704353702[&state=0]):0.4786283555940888[&state=0],((nd50:0.41409900631468444[&state=0],(nd52:0.39119728646630003[&state=0],nd53:0.2619590914814975[&state=0]):0.02290171984838442[&state=0]):0.7070274127889419[&state=0],nd45:1.1211264191036263[&state=0]):2.3641110863155235[&state=0]):1.2586742664321506[&state=0]):0.1012305583757116[&state=0],(nd40:0.8117936346600669[&state=0],(nd54:0.3598195502525216[&state=0],nd55:0.24422970634997754[&state=0]):1.3608910958089875[&state=0]):3.124431684165503[&state=0]):0.15446230636062358[&state=0]):0.06387050475021908[&state=0]):0.05016697982933453[&state=0]):0.8454448769553744[&state=0]):1.402453001877437[&state=0]):0.0[&state=16];
