sample	replicate	trs
1	1	((nd3:14.756545373544755[&state=49],((((nd23:2.8408952938072147[&state=104],(nd27:2.1773609227006423[&state=65],nd28:2.1773609227006423[&state=104])nd24:0.6635343711065746[&state=0])nd11:2.7686013005295504[&state=0],nd12:5.60949659433677[&state=104])nd9:3.1460393458125693[&state=48],nd10:8.755535940149338[&state=120])nd7:4.275244981012541[&state=22],(((nd29:0.979808697676175[&state=65],nd30:0.979808697676175[&state=120])nd25:1.2732121124247404[&state=104],nd26:2.253020810100916[&state=81])nd17:1.5144313408449042[&state=49],(nd19:3.724260389242095[&state=78],nd20:3.724260389242095[&state=120])nd18:0.04319176170372136[&state=0])nd8:9.26332877021606[&state=0])nd4:1.7257644523828857[&state=6])nd1:0.37503817781114446[&state=6],(nd5:13.439286704140958[&state=120],(nd13:4.196403719075425[&state=81],((nd21:2.9550152709689526[&state=57],nd22:2.9550152709689526[&state=104])nd15:1.0604518898713717[&state=22],nd16:4.015467160840323[&state=120])nd14:0.1809365582351023[&state=48])nd6:9.242882985065538[&state=48])nd2:1.6922968472149416[&state=6])root:0.0[&state=6];
