sample	replicate	trs
1	1	((nd1:0.0023955632391427614,(nd3:1.8030031899074765,((nd7:1.7320997665790407,(nd9:1.4930090202860893,(nd11:0.7681557081522251,((((((((nd67:0.8388511255943203,nd68:0.623603025920699)nd47:0.30897937777125534,nd48:1.1478305033655756)nd31:0.047818492434442125,nd32:1.1956489958000176)nd25:0.018847407334763488,((nd71:0.5058382149745322,nd72:0.5058382149745322)nd55:0.6290705963605704,nd56:1.1349088113351025)nd26:0.07958759179967873)nd21:0.09477772468634549,((nd77:0.08788992255212086,nd78:0.08788992255212086)nd73:0.17862867711760366,nd74:0.2665185996697245)nd22:1.042755528151402)nd19:0.030721327375874814,((nd61:1.1219251913976687,nd62:1.1219251913976687)nd29:0.07424656855486242,((nd43:0.3991614081552981,(nd57:1.129404207562783,(nd69:0.770870779763017,nd70:0.35730512020701366)nd58:0.3585334277997662)nd44:0.02944364806857696)nd35:0.03149966813815394,((nd53:1.1382059540272003,nd54:1.1382059540272003)nd45:0.014678610076777794,nd46:1.152884564103978)nd36:0.03746295966553602)nd30:0.0058242361830170754)nd20:0.14382369524447045)nd15:0.17044451793980223,((((nd65:1.1157717330911006,nd66:1.1157717330911006)nd39:0.06502541134554653,(nd75:0.12416868403274975,nd76:0.12416868403274975)nd40:1.0566284604038976)nd23:0.053297106419209116,(((nd59:1.0023587211208211,nd60:0.27268992043049434)nd49:0.013327533466895232,nd50:1.142445951663725)nd33:0.05032489649377065,(nd37:1.1813284525885979,nd38:1.1813284525885979)nd34:0.011442395568897956)nd24:0.041323402698360524)nd17:0.1608919846891204,(nd27:1.2097643164047822,((nd51:1.1414530211751461,nd52:0.020914535370206693)nd41:0.028625041274401696,(nd63:0.6776059847634237,nd64:0.44486233524759183)nd42:0.053041769760005415)nd28:0.03968625395523461)nd18:0.18522191914019434)nd16:0.11545373759182699)nd13:0.033261017489882055,nd14:1.5344924938434432)nd12:0.45380544360694)nd10:1.8760728481267896)nd8:6.45522092068342)nd5:4.390188274658858,nd6:3.9705778793181237)nd4:1.8038201422016202)nd2:1.0538802326428958)root:0.5874111474527948)origin:0.0;
