sample	replicate	trs
1	1	(((nd39:2.915840674640227,nd40:2.915840674640227)nd20:10.766154415752453,(nd53:7.033196940846851,(nd45:2.6216652575473605,nd46:2.6216652575473605)nd22:4.41153168329949)nd9:6.648798149545829)nd5:3.4856617863545774,(((nd55:1.3345742953240916,((nd61:0.1763154144940435,nd62:0.1763154144940435)nd59:0.44152786768140073,nd60:0.6178432821754443)nd56:0.7167310131486471)nd25:5.634999469343708,(nd49:2.3454263732443654,nd50:2.3454263732443654)nd36:4.624147391423433)nd13:2.4643251433714597,(((nd43:3.9799967349023335,nd38:3.979996734902335)nd31:1.062483172533535,(nd57:0.6210272865943318,nd58:0.6210272865943318)nd32:4.421452620841539)nd27:0.8176732206427445,((nd47:2.7498120731834637,(nd51:1.726318655802528,nd52:1.726318655802528)nd42:1.023493417380937)nd29:3.0960382636271837,nd30:5.845850336810647)nd28:0.014302791267966481)nd14:3.573745779960646)nd4:7.733757968707997)root:0.0;
