sample	replicate	trs
1	1	((nd44:2.8721944305599996[&state=5],nd68:2.8721944305599996[&state=5])nd26:3.9968867052133357[&state=5],((((nd76:0.1654761270563952[&state=5],nd77:0.1654761270563952[&state=5])nd28:5.486386084617609[&state=5],(((nd71:1.2511145259695178[&state=5],nd67:1.2511145259695178[&state=5])nd35:3.870548102078633[&state=5],nd49:5.121662628048149[&state=5])nd16:0.2898353727632281[&state=5],((nd60:1.7660385168458148[&state=5],nd61:1.7660385168458148[&state=5])nd32:1.907211074726467[&state=5],((nd41:3.3787335498707898[&state=5],nd54:3.3787335498707893[&state=5])nd36:0.060669921839280425[&state=5],nd37:3.4394034717100705[&state=5])nd33:0.2338461198622111[&state=5])nd17:1.738248409239097[&state=5])nd13:0.24036421086262677[&state=5])nd8:0.7249937934728503[&state=5],(nd50:2.7577731353846633[&state=5],((nd72:0.684044574580706[&state=5],nd73:0.684044574580706[&state=5])nd64:1.0998004476998378[&state=5],(nd62:1.7280067021331622[&state=5],nd63:1.7280067021331622[&state=5])nd59:0.05583832014738163[&state=5])nd51:0.9739281131041201[&state=5])nd9:3.6190828697621917[&state=5])nd7:0.30534370088608054[&state=5],(nd25:5.2526027928103085[&state=5],(nd74:0.49051951709139713[&state=5],nd75:0.49051951709139713[&state=5])nd30:4.76208327571891[&state=5])nd11:1.4295969132226283[&state=5])nd3:0.18688142974039987[&state=5])root:0.0[&state=5];
