sample	replicate	trs
1	1	(((nd83:0.6372666304037877[&state=107],(nd91:0.327952965745169[&state=15],(nd95:0.18410789140378583[&state=37],nd96:0.18410789140378583[&state=1])nd92:0.1438450743413832[&state=31])nd84:0.30931366465861854[&state=50])nd75:0.6576765343096896[&state=57],nd77:1.294943164713477[&state=36])nd74:3.9881156110236975[&state=6],((nd81:0.7197217861257361[&state=54],((nd87:0.36303736297072775[&state=7],((nd97:0.18339389429462988[&state=7],nd98:0.18339389429462988[&state=14])nd93:0.017261367525376766[&state=7],(nd99:0.025839144572194984[&state=0],nd100:0.025839144572194984[&state=0])nd94:0.17481611724781168[&state=0])nd90:0.1623821011507211[&state=7])nd85:0.010819780517675575[&state=7],nd86:0.3738571434884034[&state=0])nd82:0.3458646426373326[&state=7])nd70:4.286159874182521[&state=52],((nd101:0.016905810138539035[&state=23],nd102:0.016905810138539035[&state=6])nd79:0.9075582288202135[&state=23],nd80:0.9244640389587526[&state=2])nd62:4.081417621349505[&state=6])nd28:0.27717711542891793[&state=6])nd22:0.0[&state=6];
