sample	replicate	trs
1	1	((((((nd29:0.7856169119692415[&state=6],nd30:0.7856169119692415[&state=6]):0.23178835689831992[&state=6],nd28:1.0174052688675617[&state=6]):4.112729053295159[&state=6],((nd31:0.7006222460673178[&state=6],nd32:0.7006222460673178[&state=6]):3.0180071633358283[&state=6],((nd23:1.94242246324783[&state=6],nd24:1.94242246324783[&state=6]):1.3525577815838243[&state=6],(nd21:2.0206314232276212[&state=6],nd22:2.0206314232276212[&state=6]):1.274348821604033[&state=6]):0.4236491645714918[&state=6]):1.4115049127595745[&state=6]):0.1704642912847953[&state=6],nd8:3.5725698953020766[&state=6]):1.0482961420142867[&state=6],((((nd37:0.04295476372883433[&state=6],nd38:0.04295476372883433[&state=6]):2.288302580245281[&state=6],(nd25:1.702789864118945[&state=6],nd26:1.702789864118945[&state=6]):0.6284674798551704[&state=6]):1.7399975958999017[&state=6],(nd17:2.9217677535159146[&state=6],((nd35:0.14940184255258876[&state=80],nd36:0.14940184255258876[&state=6]):0.246962551074548[&state=80],nd34:0.39636439362713677[&state=2]):2.5254033598887777[&state=53]):1.1494871863581027[&state=6]):1.992349302889275[&state=6],(nd5:4.177626380521403[&state=6],nd6:2.6469814653287713[&state=6]):0.7037321396512427[&state=6]):0.2852905126985109[&state=6]):1.3945552445381968[&state=6]):0.0[&state=23];
