sample	replicate	trs
1	1	(((((((nd27:1.4474816721752877[&state=8],((nd61:0.12656043955357943[&state=48],nd62:0.12656043955357943[&state=49]):0.9597247872830696[&state=78],nd34:1.0862852268366487[&state=78]):0.3611964453386396[&state=23]):0.9719186844044521[&state=22],(((nd59:0.15397055884114624[&state=78],nd60:0.15397055884114624[&state=7]):0.2043722892984292[&state=78],nd52:0.3583428481395755[&state=24]):0.10300695227549826[&state=78],(nd65:0.029628983293964996[&state=6],nd66:0.029628983293964996[&state=8]):0.4317208171211087[&state=49]):1.9580505561646668[&state=78]):0.5867053791168341[&state=22],nd12:0.3800763310010042[&state=1]):0.011411431174191532[&state=48],((nd45:0.4626680999844944[&state=78],nd46:0.4626680999844944[&state=48]):1.9877220609479338[&state=49],((nd53:0.31200222149244344[&state=9],nd54:0.31200222149244344[&state=48]):1.277422681611119[&state=78],(nd41:0.4984184478960892[&state=48],(nd57:0.21807906888839534[&state=49],nd58:0.21807906888839534[&state=24]):0.28033937900769385[&state=78]):1.0910064552074725[&state=78]):0.8609652578288665[&state=48]):0.5671270059383376[&state=48]):1.1213500128437586[&state=48],(((nd23:1.6701902391187327[&state=49],(((nd67:0.02899767884231095[&state=22],nd68:0.02899767884231095[&state=2]):0.05152680289106335[&state=49],nd64:0.0805244817333743[&state=78]):0.7239377292679602[&state=78],(nd37:0.7015888204736224[&state=8],nd38:0.7015888204736224[&state=78]):0.10287339052771181[&state=28]):0.8657280281173995[&state=78]):1.1906205666252745[&state=22],(nd21:1.915206842135181[&state=49],nd22:0.44478850609250753[&state=6]):0.9456039636088259[&state=22]):1.008481619906382[&state=22],((nd43:0.4933681663085479[&state=7],(nd49:0.40408635149692534[&state=7],nd50:0.40408635149692534[&state=78]):0.08928181481162273[&state=8]):0.9069570656147148[&state=28],(nd31:1.145278505363893[&state=78],nd32:1.145278505363893[&state=78]):0.2550467265593686[&state=48]):2.4689671937271274[&state=48]):0.26957475406413467[&state=22]):1.2365214737424985[&state=22],((nd15:0.28518704836150943[&state=0],((nd55:0.27588866562175557[&state=78],nd56:0.27588866562175557[&state=78]):0.3996194407950285[&state=78],nd40:0.6755081064167838[&state=1]):1.8972390338410903[&state=78]):1.861931597545783[&state=48],nd4:0.6661813163670196[&state=6]):0.9407099156533659[&state=22]):0.44732134654298267[&state=22]):0.0[&state=22];
