sample	replicate	trs
1	1	((((((nd11:1.7280972621714366,((nd23:2.3242964963666752,((nd31:1.1409610560819636,nd32:1.1409610560819636)nd27:0.7307142878289637,nd28:0.30602023735947637)nd24:0.4526211524557478)nd15:1.510438970704622,nd16:3.834735467071297)nd12:1.1373258563691415)nd7:1.6919571874988402,(nd13:0.8906900186851865,(((nd39:0.05848040222391122,nd40:0.05848040222391122)nd25:2.164175781644701,nd26:2.222656183868612)nd19:1.0153823048000516,(nd29:0.2761154837924059,nd30:1.4532681514531458)nd20:1.7847703372155181)nd14:0.9559223817842397)nd8:2.4700576404863748)nd5:4.337809985743004,(nd9:6.135381573920115,nd10:6.135381573920115)nd6:4.866446922762168)nd3:0.3579788821603988,(((nd33:0.9939042234790321,(nd35:0.709138700201943,(nd37:0.24095020117047655,nd38:0.24095020117047655)nd36:0.4681884990314665)nd34:0.28476552327708926)nd21:2.0406739242712226,nd22:3.034578147750255)nd17:0.48140043244201686,nd18:3.5159785801922707)nd4:7.843828798650411)nd1:3.8894851153811865,nd2:15.249292494223868)root:0.013507505776132474)origin:0.0;
