sample	replicate	trs
1	1	((nd11:3.7438710977848846,nd12:3.7438710977848846)nd5:3.238315234912486,(((nd27:1.5425848141867884,(nd35:1.0886067127878474,nd36:1.0886067127878474)nd28:0.45397810139894074)nd13:2.1725846668973947,(((nd31:1.4926107859712228,nd32:1.4926107859712228)nd21:1.858011201071451,nd22:3.3506219870426737)nd19:0.1498744512780032,nd20:3.5004964383206767)nd14:0.21467304276350602)nd3:1.5507007443212721,(nd17:3.6479259697196813,((nd39:1.0640885342647346,nd40:1.0640885342647346)nd23:1.8611983831342895,(nd29:1.5352300213206322,(nd33:1.3132090293112122,(nd37:1.0752365677236373,nd38:1.0752365677236373)nd34:0.23797246158757468)nd30:0.22202099200942002)nd24:1.3900568960783926)nd18:0.7226390523206565)nd16:1.6179442556857737)nd2:1.7163161072919157)root:0.0;
