sample	replicate	trs
1	1	((((nd12:3.8610009074570795,nd13:3.8610009074570795)nd10:0.225934408495757,nd14:4.086935315952837)nd4:1.646957979984934,(((nd26:2.45942232340596,((nd44:1.5120365158236209,nd45:1.5120365158236209)nd32:0.5995540801201698,nd33:2.1115905959437904)nd27:0.34783172746216945)nd8:2.83154458120779,(((nd65:2.2283191422615882,(((nd40:1.686801404414557,nd41:1.686801404414557)nd36:0.20298435453159475,nd54:1.8897857589461518)nd30:0.30753596018773466,(nd52:1.0154807111358808,((nd70:0.4176109227478699,nd71:0.4176109227478699)nd58:0.43581038423310087,(nd72:0.4171381370166268,nd73:0.4171381370166268)nd59:0.43628316996434396)nd53:0.16205940415490994)nd31:1.181841007998006)nd29:0.030997423127701974)nd22:0.5241487532634557,((nd60:0.80924727952432,nd61:0.80924727952432)nd50:0.3506027423236364,(nd74:0.276173991825171,nd75:0.276173991825171)nd51:0.8836760300227853)nd23:1.5926178736770875)nd16:0.6444202106835955,((nd42:1.651959492864595,((nd56:0.9301286253246447,(nd78:0.10029463097670978,nd79:0.10029463097670978)nd57:0.8298339943479349)nd46:0.4104563930243397,((nd76:0.1124875074451834,(nd80:0.07474416295284726,nd81:0.07474416295284726)nd77:0.03774334449233615)nd48:1.0847460735244079,nd49:1.1972335809695913)nd47:0.14335143737939296)nd43:0.31137447451561073)nd34:0.26377952648042596,((nd68:0.5068992613044414,nd69:0.5068992613044414)nd66:0.006631808961869538,nd67:0.513531070266311)nd35:1.4022079490787103)nd17:1.4811490868636183)nd9:1.8940787984051108)nd6:0.4367742154978008,((nd38:1.8490337676599569,nd39:1.8490337676599569)nd20:1.3382826761407607,nd21:3.1873164438007175)nd7:2.5404246763108334)nd5:0.006152175826219564)nd2:4.342642934874424,(nd18:3.1911746888022563,((nd62:0.6691978978726242,nd63:0.6691978978726242)nd24:2.071639484721072,nd25:2.740837382593696)nd19:0.4503373062085606)nd3:6.885361542009937)root:0.0;
