sample	replicate	trs
1	1	(((((nd46:0.007166852497939982[&state=0],nd47:0.007166852497939982[&state=0])nd22:2.0754652263306483[&state=0],(nd30:1.4729586480387935[&state=0],nd31:1.4729586480387935[&state=0])nd23:0.6096734307897949[&state=0])nd20:0.6716619209402931[&state=0],(((nd42:0.05964970903301372[&state=0],nd43:0.05964970903301372[&state=0])nd34:0.5514104508068007[&state=0],(nd44:0.010175331490045073[&state=0],nd45:0.010175331490045073[&state=0])nd35:0.6008848283497694[&state=0])nd32:0.03782176612343345[&state=0],(nd36:0.41546450394946954[&state=0],nd37:0.41546450394946954[&state=0])nd33:0.23341742201377835[&state=0])nd17:2.1054120738056334[&state=0])nd14:1.490860294420606[&state=0],(nd28:2.5511621359103045[&state=0],nd24:2.5511621359103045[&state=0])nd12:1.6939921582791828[&state=0])nd2:2.51049582857576[&state=0],((nd40:0.3164689054925751[&state=0],nd41:0.3164689054925751[&state=0])nd26:3.8195340840070338[&state=0],nd39:4.136002989499609[&state=0])nd4:2.61964713326564[&state=0])root:0.0[&state=0];
