sample	replicate	trs
1	1	((((((nd11:4.5608447292942875[&state=0],(nd13:1.0582414141424314[&state=0],(nd19:5.443070957652587[&state=0],(nd23:2.9957139543542204[&state=0],(((nd61:1.4279912060683737[&state=0],((nd65:0.8357068964589695[&state=0],nd66:0.8357068964589695[&state=0]):0.2176507827787345[&state=0],nd64:1.053357679237704[&state=0]):0.3746335268306697[&state=0]):2.807458150959982[&state=0],nd52:4.235449357028355[&state=0]):1.3551986443615358[&state=0],((nd55:3.605702848236424[&state=0],nd56:1.7836271125568035[&state=0]):0.7669449915300185[&state=0],nd50:4.372647839766443[&state=0]):1.2180001616234486[&state=0]):7.489842191005541[&state=0]):0.49937973789025064[&state=0]):0.7735267718275409[&state=0]):0.6063143455078446[&state=0]):0.34091799545625023[&state=0],nd10:5.608370056351963[&state=0]):1.8710658828768656[&state=0],(((nd25:9.370679681007482[&state=1],((nd53:0.9348331258108062[&state=1],nd54:3.730547202837914[&state=0]):8.295617961399282[&state=7],(nd41:8.238922095947318[&state=8],nd42:2.1357846543675936[&state=0]):3.7872430682898797[&state=0]):1.0529665256363931[&state=0]):0.010458831539266506[&state=0],((nd43:2.316525703220459[&state=0],(nd47:4.335935750338085[&state=0],nd48:5.463785303612157[&state=0]):1.7802557480046985[&state=0]):5.338309404685811[&state=0],(nd37:3.1038907138936827[&state=0],nd38:3.700035100229928[&state=0]):3.051383027108648[&state=0]):0.5072400651101907[&state=0]):1.215146259628145[&state=0],((nd67:0.2908971193569141[&state=1],nd68:0.2908971193569141[&state=1]):9.826133538730963[&state=1],((nd57:2.502551193610083[&state=0],nd58:2.502551193610083[&state=0]):7.387532686347261[&state=0],(nd39:2.8976453958176305[&state=0],nd40:3.8092188523611896[&state=0]):1.0698595229468424[&state=0]):0.22694677813053243[&state=0]):4.187706122953128[&state=0]):2.866958144913181[&state=0]):2.531273152526925[&state=0],(nd7:2.4546393405396882[&state=0],((nd59:2.4204219555645725[&state=0],nd60:2.4204219555645725[&state=0]):11.689231696011623[&state=0],(nd33:0.050327583985503015[&state=0],nd34:8.001628225617509[&state=0]):4.069948444544578[&state=0]):1.4444416624691185[&state=0]):4.148872764435793[&state=0]):2.6647785512145976[&state=0],nd2:8.75092326478286[&state=6]):0.2529533703042959[&state=22]):0.0[&state=22];
