sample	replicate	trs
1	1	((((nd8:1.2889335335923053[&state=5],nd9:2.7227196067483117[&state=0]):0.13250269022523287[&state=16],((nd20:4.018015536389328[&state=5],nd21:1.057926784967733[&state=5]):6.378908107212378[&state=5],nd13:4.291361552293405[&state=5]):3.297920147212802[&state=5]):1.701050583538446[&state=16],(((nd18:0.6909116994026567[&state=0],((((nd46:0.699016869950452[&state=0],nd47:0.699016869950452[&state=0]):3.9415536095514585[&state=0],nd33:4.6405704795019105[&state=0]):3.4627601542563085[&state=0],(nd30:4.625524654883426[&state=0],nd31:0.4482797909758367[&state=0]):1.401448815529962[&state=0]):1.0724871902148603[&state=0],(nd28:7.89543723135506[&state=0],((nd52:0.31422147511893134[&state=0],nd53:0.3178369421039675[&state=0]):1.257991849766801[&state=0],((nd48:0.6004857527416867[&state=0],(nd58:0.008321219869577533[&state=0],nd59:0.008321219869577533[&state=0]):0.5921645328721092[&state=0]):0.4732745248200277[&state=0],nd43:1.0737602775617143[&state=0]):0.5020685143090541[&state=0]):6.319608439484292[&state=0]):1.28038059261802[&state=0]):1.2250888841317247[&state=0]):6.979627605575921[&state=0],(((((nd56:0.2530350942670579[&state=0],nd57:0.2530350942670579[&state=0]):3.647345328110176[&state=0],(((nd54:0.26010129187745096[&state=0],nd55:0.26010129187745096[&state=0]):1.6645648980485592[&state=0],(nd44:0.8510511532177418[&state=0],nd45:0.8510511532177418[&state=0]):1.0736150367082682[&state=0]):1.8256701508189654[&state=0],(nd50:0.562129378729249[&state=0],nd51:0.562129378729249[&state=0]):3.1882069620157263[&state=0]):0.15004408163225838[&state=0]):4.684228895231059[&state=0],nd25:1.9978191872638802[&state=0]):4.177357575786487[&state=0],nd17:1.9075677230710468[&state=0]):2.7074785912943904[&state=0],nd15:2.4094532632402466[&state=0]):1.9110888289915546[&state=0]):1.7762506352642706[&state=0],nd7:3.521857804655245[&state=0]):1.7939423302679285[&state=0]):2.5139727207870752[&state=16]):0.0[&state=16];
