sample	replicate	trs
1	1	((((nd93:1.0071565291958124[&state=1],nd94:1.0071565291958124[&state=1])nd37:7.174634661816608[&state=1],(((nd111:0.11792614876230062[&state=9],nd112:0.11792614876230062[&state=2])nd95:0.8515570528658931[&state=9],nd96:0.9694832016281937[&state=15])nd77:3.834574094726459[&state=28],(nd97:0.8912612073053708[&state=11],nd98:0.8912612073053708[&state=1])nd56:3.9127960890492823[&state=52])nd49:3.377733894657765[&state=1])nd35:0.34936186056779145[&state=1],(((nd109:0.14662039386205797[&state=25],nd110:0.14662039386205797[&state=6])nd83:1.486316526953882[&state=25],((nd91:1.2332776689200913[&state=4],(nd107:0.27924972068553916[&state=4],nd108:0.27924972068553916[&state=4])nd92:0.9540279482345521[&state=4])nd87:0.1461303750001088[&state=4],(nd113:0.09758350379972705[&state=21],nd114:0.09758350379972705[&state=37])nd88:1.2818245401204729[&state=37])nd84:0.2535288768957401[&state=4])nd41:5.849310359466789[&state=36],((nd79:1.7297518165855819[&state=1],nd80:1.7297518165855819[&state=36])nd57:2.9451205041121584[&state=11],((nd85:1.4967424236591456[&state=1],((nd103:0.3083752831080274[&state=1],nd104:0.3083752831080274[&state=1])nd101:0.334420605479158[&state=7],nd102:0.6427958885871854[&state=1])nd86:0.8539465350719601[&state=7])nd65:2.413464838735643[&state=1],((nd89:1.2492581685248163[&state=11],nd90:1.2492581685248163[&state=1])nd73:1.5029322799500857[&state=1],nd74:2.752190448474901[&state=9])nd66:1.1580168139198868[&state=1])nd58:0.7646650583029513[&state=1])nd44:2.807374959584987[&state=1])nd36:1.0489057712974825[&state=1])nd25:12.736586562789803[&state=1],(((nd71:2.799789685663287[&state=11],nd72:2.799789685663287[&state=16])nd48:15.514661365499517[&state=1],(nd53:4.881132269406471[&state=0],nd54:4.881132269406471[&state=0])nd23:13.433318781756336[&state=0])nd7:0.21173467120070497[&state=0],(((nd81:1.652500835993459[&state=2],(nd99:0.7163393921301384[&state=9],nd100:0.7163393921301384[&state=1])nd82:0.9361614438633203[&state=9])nd59:3.008035790781367[&state=9],(nd105:0.3001635675385785[&state=3],nd106:0.3001635675385785[&state=10])nd60:4.360373059236249[&state=10])nd29:8.954591042605811[&state=1],(nd75:11.727208678740492[&state=0],(nd70:3.42828160711139[&state=0],nd68:3.42828160711139[&state=0])nd46:8.2989270716291[&state=0])nd32:1.8879189906401457[&state=0])nd8:4.911058052982873[&state=0])nd4:2.7415538920065026[&state=0])nd1:0.0[&state=0];
