sample	replicate	trs
1	1	(((((((nd11:8.379145337047213,(((nd37:0.3946518359833804,nd38:0.3946518359833804)nd29:1.5636940781986914,nd30:1.9583459141820718)nd15:4.632671831435379,nd16:6.591017745617451)nd12:1.7881275914297603)nd9:2.3183601595499463,((nd19:1.323002062602444,((nd39:0.07432776146435477,nd40:0.07432776146435477)nd23:4.611344170405272,nd24:2.8403091799560043)nd20:0.6672581482739552)nd13:1.25052135288681,(nd27:1.507103937679199,nd28:2.4504194936398567)nd14:4.1530319393905355)nd10:4.094054063566765)nd7:0.13462667915867899,nd8:10.83213217575584)nd5:1.5160143741346497,(((nd35:1.3600780308202685,nd36:1.3600780308202685)nd25:3.15446077507374,nd26:4.514538805894009)nd17:0.9412988898958322,(nd31:1.945167488841507,nd32:1.945167488841507)nd18:3.5106702069483338)nd6:6.892308854100644)nd3:1.0762056630209078,nd4:0.4982714689945631)nd1:3.860724869893179,(nd21:1.5535501382227108,(nd33:1.6952153437101556,nd34:1.6952153437101556)nd22:3.568831001722317)nd2:12.021030737372104)root:3.821822917195427)origin:0.0;
