sample	replicate	trs
1	1	((((((((nd37:0.4662110142837768[&state=6],(nd41:0.3341990884347387[&state=6],nd42:0.3341990884347387[&state=6]):0.13201192584903812[&state=6]):0.9733224881340089[&state=6],((nd43:0.29413856356136203[&state=2],nd44:0.29413856356136203[&state=9]):1.0448721515532662[&state=9],(nd27:1.2799480803414793[&state=2],nd28:1.2799480803414793[&state=30]):0.05906263477314924[&state=2]):0.1005227873031577[&state=2]):0.6355872486726662[&state=24],((nd31:0.8481062933983207[&state=6],nd32:0.8481062933983207[&state=6]):0.816089695475241[&state=6],nd22:1.6641959888735616[&state=6]):0.4109247622168904[&state=6]):0.9221511594531178[&state=6],(nd15:1.9309059274224971[&state=6],(nd17:0.8923121699613528[&state=1],((nd39:0.37620438557788416[&state=6],nd40:0.37620438557788416[&state=6]):0.35389182377561124[&state=6],((nd49:0.01787229925874771[&state=22],nd50:0.01787229925874771[&state=6]):0.12881730647465067[&state=22],nd46:0.1466896057333984[&state=6]):0.583406603620097[&state=6]):1.1010038497512553[&state=6]):0.09980586831774609[&state=23]):1.066365983121073[&state=6]):0.6180568578144696[&state=6],(nd47:0.14103658725438195[&state=6],nd48:0.14103658725438195[&state=6]):3.474292181103657[&state=6]):1.042012273621602[&state=6],(((nd29:0.7269918463041097[&state=6],(nd33:0.8127507823631398[&state=0],nd34:0.09120171245165744[&state=6]):0.11608651986935942[&state=22]):0.7521354563077667[&state=22],nd20:1.0419905416169497[&state=6]):0.9621537477679922[&state=6],nd12:0.5402323881672194[&state=6]):2.014214535671383[&state=6]):0.7820912051975738[&state=6],(nd9:1.8975051702959687[&state=6],nd10:2.931150785112878[&state=6]):2.5082814620643368[&state=6]):0.7183377528227872[&state=6]):0.0[&state=23];
