sample	replicate	trs
1	1	(((((nd15:0.2697892617283217[&state=6],(nd19:0.7843969483552631[&state=6],nd20:0.7843969483552631[&state=2]):0.493881862585817[&state=24]):0.10881615975086095[&state=6],(((nd21:0.09734560721426373[&state=0],(nd35:0.42939353429144[&state=2],nd36:0.05177128313888083[&state=1]):0.3001915995634148[&state=28]):0.6002074436383866[&state=28],(nd39:0.03122724210109057[&state=8],nd40:0.03122724210109057[&state=2]):1.2985653353921507[&state=8]):0.008628404439936382[&state=1],nd12:1.3384209819331776[&state=6]):0.04867398875876331[&state=23]):2.4043668792292476[&state=23],((nd7:1.6079107273711233[&state=0],nd8:2.6500431021773494[&state=0]):0.4763985788930071[&state=7],(nd31:0.565066955867443[&state=6],nd32:0.565066955867443[&state=6]):2.561374725202913[&state=6]):0.6650201688508321[&state=48]):0.11595937053883155[&state=22],(((nd33:0.44137897515296637[&state=6],nd34:0.2250697902965166[&state=6]):0.2797219553472989[&state=6],(nd37:0.1790472187810831[&state=0],nd38:0.1790472187810831[&state=0]):0.5420537117191822[&state=0]):0.5210409512270497[&state=22],((nd27:0.6896921196243484[&state=2],nd28:0.6896921196243484[&state=0]):0.006894342664822181[&state=0],(nd29:0.6145625271768342[&state=6],nd30:0.5215730601701057[&state=0]):0.08202393511233637[&state=22]):0.5455554194381442[&state=22]):2.665279338732706[&state=6]):0.5875687795399783[&state=22]):0.0[&state=24];
