sample	replicate	trs
1	1	((((nd43:1.3007763212849357[&state=0],nd44:1.3007763212849357[&state=0])nd5:8.962947417928525[&state=0],((((nd45:1.1885174286799767[&state=0],nd46:1.1885174286799767[&state=0])nd39:0.3565929475333339[&state=0],(nd41:1.4470075810364877[&state=0],nd42:1.4470075810364877[&state=0])nd40:0.09810279517682319[&state=0])nd29:2.787348796453855[&state=0],(nd49:0.7148823579745925[&state=0],nd50:0.7148823579745925[&state=7])nd30:3.617576814692574[&state=0])nd11:3.265748453857534[&state=0],(nd15:6.967729661243678[&state=7],(nd51:0.5421276847964206[&state=0],nd52:0.5421276847964206[&state=0])nd16:6.425601976447258[&state=0])nd12:0.6304779652810236[&state=0])nd6:2.6655161126887603[&state=0])nd3:1.928625070803705[&state=0],(((nd47:0.9509217890368751[&state=0],(nd55:0.4889980525814951[&state=0],nd56:0.4889980525814951[&state=0])nd48:0.4619237364553801[&state=0])nd13:6.4694001144034425[&state=0],(nd23:6.313142862124307[&state=0],(((nd57:0.06630841635619311[&state=0],nd58:0.06630841635619311[&state=0])nd31:3.6731654088537393[&state=0],nd32:3.7394738252099327[&state=0])nd27:0.7867534195237214[&state=0],nd28:4.526227244733654[&state=0])nd24:1.7869156173906526[&state=0])nd14:1.1071790413160096[&state=0])nd9:0.3598412290848719[&state=7],((nd19:6.7175557142948135[&state=0],nd22:6.717555714294813[&state=32])nd17:0.21074165055544325[&state=0],nd26:6.9282973648502555[&state=0])nd10:0.8518657676749328[&state=0])nd4:4.412185677491978[&state=7])nd1:6.310945858939388[&state=0],((nd33:2.9493368178315054[&state=0],nd34:2.9493368178315054[&state=0])nd7:5.119381386458317[&state=0],(nd35:2.8194580368069726[&state=7],(nd37:2.3734273956455034[&state=0],(nd53:0.5117562343088704[&state=0],nd54:0.5117562343088704[&state=0])nd38:1.861671161336633[&state=0])nd36:0.44603064116146884[&state=0])nd8:5.2492601674828485[&state=0])nd2:10.434576464666732[&state=0])root:0.0[&state=22];
