sample	replicate	trs
1	1	((nd1:18.716660374463803[&state=6],(((nd13:5.012749052333775[&state=0],(nd17:2.6631695638878172[&state=0],(nd23:0.03988307790592041[&state=1],(nd25:1.264284364885814[&state=19],nd26:1.264284364885814[&state=2]):0.3871190982092939[&state=2]):1.0117661007927088[&state=9]):2.349579488445958[&state=7]):3.506354361077504[&state=0],(nd19:0.43405071223291053[&state=0],nd20:2.43107722350383[&state=6]):6.08802618990745[&state=22]):8.84866719861383[&state=7],(((nd27:0.6921946009013852[&state=6],nd28:0.6921946009013852[&state=11]):3.4843363062841695[&state=25],((nd31:0.33130012946300674[&state=2],nd32:0.33130012946300674[&state=2]):1.3459875141662567[&state=2],(nd29:0.39241822548241767[&state=4],nd30:0.39241822548241767[&state=6]):1.2848694181468459[&state=26]):2.4992432635562913[&state=56]):12.337932553518527[&state=6],(nd7:5.704326465789706[&state=6],(((nd35:0.15298288266330407[&state=6],nd36:0.15298288266330407[&state=3]):0.16989351447217751[&state=25],nd34:0.3228763971354816[&state=6]):10.95255684790797[&state=25],nd10:1.6482068908385603[&state=6]):4.93289825841674[&state=6]):0.3061319572438934[&state=6]):0.853307151321026[&state=6]):1.3488897624386982[&state=22]):0.19863962553619663[&state=22]):0.0[&state=22];
