sample	replicate	trs
1	1	(((nd13:6.323199525428281,(nd23:1.3242334537482672,nd24:1.3242334537482672)nd14:4.9989660716800195)nd7:0.5911342349738367,((nd27:0.8830437712135277,nd28:0.8830437712135277)nd9:5.863788924472465,nd10:6.746832695685988)nd8:0.16750106471613066)nd6:6.390432175295372,(nd22:10.929079190027338,(((nd19:1.5822006202477044,((nd31:0.09250834039959638,nd32:0.09250834039959638)nd25:1.1850273986215387,(nd29:0.31282574107709044,nd30:0.31282574107709044)nd26:0.9647099979440442)nd20:0.30466488122657037)nd17:0.179217015770052,nd18:1.7614176360177562)nd11:4.684323027785876,(nd15:4.0315774984647685,nd16:4.0315774984647685)nd12:2.4141631653388638)nd4:4.483338526223715)nd2:2.3756867456701483)root:0.0;
