sample	replicate	trs
1	1	((((((nd29:0.09219596243497788,(nd31:0.050659958779443987,nd32:0.050659958779443987)nd30:0.04153600365553389)nd23:0.4150431126562515,((nd27:0.10980806599343752,nd28:0.10980806599343752)nd25:0.2910667920203735,nd26:0.400874858013811)nd24:0.10636421707741825)nd13:0.17507168667734505,nd14:0.6823107617685747)nd7:0.6005625620689866,nd8:1.2828733238375605)nd5:0.029283454000042522,(nd9:1.278123154596232,((nd17:0.6165137197264456,nd18:0.6165137197264456)nd11:0.09681232573971511,((nd33:0.006813480179276254,nd34:0.006813480179276254)nd19:0.5942115428205693,(nd21:0.5337728915180968,nd22:0.5337728915180968)nd20:0.06725213148174887)nd12:0.1123010224663151)nd10:0.5647971091300719)nd6:0.03403362324137104)nd3:0.40191833985870123,(nd15:0.6454544598911951,nd16:0.6454544598911951)nd4:1.0686206578051096)nd2:0.0;
