sample	replicate	trs
1	1	((((((nd29:0.301962581859452,(nd35:0.019569520331754634,nd36:0.019569520331754634)nd30:0.2823930615276974)nd21:0.6066846648965313,nd22:0.9086472467559834)nd15:2.2567262518637508,nd20:3.1653734986197337)nd9:0.32647762576543077,(((nd27:0.4425983102292951,nd28:0.4425983102292951)nd25:0.028628302064280766,nd26:0.471226612293576)nd13:2.0380249632715404,(nd31:0.227690074830868,nd32:0.227690074830868)nd14:2.2815615007342473)nd10:0.9825995488200485)nd7:2.84711372261624,((nd23:0.670585222020329,nd24:0.670585222020329)nd17:1.4952090639617055,nd18:2.1657942859820354)nd8:4.17317056101937)nd5:2.724781865045954,(nd33:0.046621976672352614,nd34:0.046621976672352614)nd4:9.017124735375004)root:0.0;
