sample	replicate	trs
1	1	((((nd15:3.568417236602687[&state=6],(nd39:0.4874616075352045[&state=51],nd40:0.4874616075352045[&state=44]):9.573041562152712[&state=102]):0.6589124213550881[&state=0],(nd13:1.5203908699480677[&state=0],(((nd23:0.32263524285029105[&state=0],(nd27:1.5235873618203981[&state=96],(nd33:0.9174818445958575[&state=34],nd34:0.9174818445958575[&state=20]):0.6061055172245399[&state=122]):4.378992318755124[&state=104]):1.1617749740198442[&state=7],(((nd31:1.2635286372722043[&state=77],(nd35:0.9006198404205553[&state=19],(nd43:0.05870909592675928[&state=3],nd44:0.05870909592675928[&state=74]):0.841910744493796[&state=77]):0.36290879685164884[&state=46]):0.23639404116919013[&state=56],((nd41:0.059195037803237774[&state=3],nd42:0.059195037803237774[&state=47]):0.5274730916940358[&state=47],nd38:0.5866681294972736[&state=6]):0.9132545489441206[&state=25]):1.5457846868449583[&state=87],(nd45:0.014731710337489441[&state=4],nd46:0.014731710337489441[&state=46]):3.030975654948864[&state=21]):4.018647289309015[&state=9]):0.1860177203964104[&state=1],(nd19:7.149717030919824[&state=45],nd20:0.5771489500528029[&state=1]):0.10065534407194784[&state=1]):2.9821859067553236[&state=1]):0.48685730929590576[&state=0]):8.095445667007688[&state=7],(((nd7:0.35234953465668356[&state=0],nd8:1.3573214921277394[&state=0]):1.832857472145443[&state=0],(nd9:1.825846489866949[&state=0],nd10:0.8966467150167157[&state=1]):1.9041315466306399[&state=7]):1.0183036305445086[&state=7],nd4:0.2355704986364974[&state=6]):0.7784387934306894[&state=22]):0.11033874194927673[&state=22]):0.0[&state=22];
