sample	replicate	trs
1	1	(((nd6:6.165718607457514[&state=7],(nd12:3.4069894546717676[&state=0],(nd24:1.4971652740791976[&state=10],nd25:1.4971652740791976[&state=0]):4.106678297602269[&state=22]):0.5618750357760467[&state=0]):2.418769085550362[&state=0],(((nd28:1.0651086727546057[&state=16],(nd32:0.44651868611736684[&state=1],nd33:0.44651868611736684[&state=5]):0.6185899866372389[&state=17]):0.7034068958604311[&state=5],nd23:1.768515568615037[&state=5]):4.404093412479144[&state=5],((nd14:5.026058678495158[&state=0],(((nd30:0.973347277835134[&state=0],nd31:0.973347277835134[&state=5]):0.4070838636180715[&state=16],nd27:1.3804311414532053[&state=5]):1.5049656185898332[&state=5],(nd20:2.2938838103219874[&state=5],nd21:2.2938838103219874[&state=5]):0.5915129497210508[&state=5]):2.3431169353185384[&state=5]):0.8513177906739658[&state=16],(nd10:5.836115534432122[&state=5],((nd34:0.135664103037596[&state=5],nd35:0.135664103037596[&state=5]):3.8403893989665354[&state=5],nd17:3.9760535020041314[&state=5]):1.8600620324279884[&state=5]):0.2437159516034224[&state=5]):0.0927774950586384[&state=16]):2.4118787119136935[&state=16]):0.7134023069921264[&state=16]):0.0[&state=16];
