sample	replicate	trs
1	1	(((((((nd33:1.2914440987847415[&state=120],((nd65:0.03381829774149818[&state=108],nd66:0.03381829774149818[&state=6]):0.17034134240531815[&state=120],nd60:0.20415964014681634[&state=120]):1.0872844586379249[&state=98]):0.9368214685478226[&state=12],((nd57:0.2298046080321177[&state=98],nd58:0.2298046080321177[&state=120]):0.5124856790733021[&state=120],((nd61:0.0674001004413801[&state=108],nd62:0.0674001004413801[&state=23]):0.38924649875386247[&state=108],nd52:0.45664659919524264[&state=87]):0.28564368791017675[&state=86]):1.4859752802271435[&state=108]):1.4755372392504578[&state=28],((nd45:0.7250091155386156[&state=108],(nd47:0.6234726618749898[&state=120],(nd55:0.3812793463120886[&state=108],nd56:0.3812793463120886[&state=120]):0.24219331556290127[&state=120]):0.10153645366362564[&state=120]):1.3625198273394914[&state=108],(nd31:0.014810282284284295[&state=0],(nd37:1.2073005698334538[&state=108],(((nd63:0.04481555044395232[&state=22],nd64:0.04481555044395232[&state=120]):0.5242760477757582[&state=105],nd50:0.5690915982197106[&state=104]):0.40418157679034156[&state=107],nd40:0.9732731750100518[&state=120]):0.23402739482340135[&state=24]):0.3452098345579932[&state=63]):0.5350185384866607[&state=63]):1.6162738637049143[&state=9]):4.2532758972595515[&state=28],nd14:5.999479589146419[&state=2]):2.779011681781344[&state=0],(((((nd41:0.7482728741374951[&state=108],nd42:0.7482728741374951[&state=120]):3.912265529715334[&state=105],(nd29:1.809527901519062[&state=37],nd30:0.041595330419405455[&state=0]):2.8510105023337675[&state=63]):1.4885379970677022[&state=7],nd20:0.37150094637212194[&state=0]):2.5229228456992336[&state=7],nd12:1.9690102588168352[&state=1]):1.113462773843025[&state=0],(nd15:0.11575546486054053[&state=1],((nd53:0.031798040517043845[&state=1],nd54:0.4009049389051589[&state=120]):0.8556121673554882[&state=108],nd36:1.2565171062606473[&state=67]):5.746482415763602[&state=31]):2.7824624984385387[&state=7]):0.9506283651611269[&state=0]):1.4570317431122437[&state=0],(((nd17:0.852178330503716[&state=6],nd18:1.9035634676723752[&state=6]):2.595830096794048[&state=6],nd10:2.094385724219156[&state=6]):0.6955795890819405[&state=6],nd6:1.1632487258310715[&state=6]):2.0616902456085997[&state=6]):1.063477871263843[&state=22]):0.0[&state=23];
