sample	replicate	trs
1	1	(((((((nd51:0.26903491054445733[&state=0],(nd53:0.004844402468787257[&state=0],nd54:0.004844402468787257[&state=0]):0.26419050807567007[&state=0]):0.5941324152698271[&state=0],(nd49:0.5224340102872063[&state=0],nd50:0.5224340102872063[&state=0]):0.34073331552707825[&state=0]):5.629570043847829[&state=0],nd32:4.2393821675215655[&state=0]):5.087504764903683[&state=0],(nd13:3.3168166484074972[&state=0],(nd17:9.235349753568004[&state=0],nd18:9.235349753568004[&state=0]):0.24047230390503974[&state=0]):2.1044200770927497[&state=0]):1.4547219361678938[&state=0],(((nd29:1.3919291533118936[&state=0],((nd45:1.9204007932416118[&state=0],nd46:1.9204007932416118[&state=0]):0.18105163217207623[&state=0],nd44:0.5344640532886771[&state=0]):4.6204772965874215[&state=0]):2.971101299336796[&state=0],(nd15:0.9698883263539142[&state=0],(nd25:8.560866674833651[&state=0],((nd35:1.8380351454170358[&state=0],nd36:5.226011275314296[&state=0]):0.9680177516871628[&state=0],nd34:0.15159393256790918[&state=0]):2.366837647832192[&state=0]):0.8052965526791658[&state=0]):0.32686779382508724[&state=0]):1.0879895240934403[&state=0],(((nd23:8.70765788766556[&state=0],nd24:0.7062345430677955[&state=0]):0.16043442881025385[&state=0],nd22:0.6163158895981635[&state=0]):0.029740614884757093[&state=0],(nd27:4.718304151379544[&state=0],nd28:8.14615825377582[&state=0]):0.7516746775847525[&state=0]):1.883187614070775[&state=0]):2.253943525302342[&state=0]):3.970497783146371[&state=0],((nd37:5.006328447966259[&state=0],nd38:2.4898482453935387[&state=0]):4.9067852172524455[&state=0],(nd39:3.7026417748349267[&state=0],(nd41:2.8031129244705983[&state=0],nd42:2.8031129244705983[&state=0]):0.8995288503643281[&state=0]):6.2104718903837774[&state=0]):7.092348188661353[&state=0]):1.0518381461199384[&state=22]):0.0[&state=22];
