sample	replicate	trs
1	1	((((((nd23:2.870655832569595,(nd37:0.1430528998911113,(nd53:0.6776240197152593,nd54:0.6776240197152593)nd38:3.7820007614851945)nd24:3.0123736052916597)nd15:1.565677457372037,((nd33:1.1016239761855118,nd34:0.2211515563556783)nd25:0.789989590885888,(((((nd61:0.18681834471850017,nd62:0.18681834471850017)nd49:0.6613609580347546,(nd65:0.006655383520279466,nd66:0.006655383520279466)nd50:0.8415239192329752)nd39:1.3069784137774432,(nd55:0.4990349890386758,((nd63:0.14046799126315535,nd64:0.14046799126315535)nd57:0.27910486354230435,nd58:0.4195728548054597)nd56:0.07946213423321616)nd40:1.656122727492022)nd31:4.297611952304655,nd32:0.5568417725291259)nd29:0.3222457524553798,nd30:0.03510171910643814)nd26:0.3866437324910759)nd16:1.876016690082341)nd5:4.571275704077851,(nd7:1.2857423685768952,((nd13:0.6174422630766088,nd14:0.9621438603446821)nd11:2.145251182153313,((((nd45:1.2679991567849158,nd46:1.2679991567849158)nd43:0.2375304366632709,nd44:0.7163215033675766)nd21:6.632456194582463,((nd35:3.3439094208388638,(((nd59:0.21770606283930963,nd60:0.21770606283930963)nd47:0.9181540627425895,(nd51:0.8380690406142117,nd52:0.8380690406142117)nd48:0.2977910849676874)nd41:0.5771568479236094,nd42:1.7130169735055087)nd36:2.8694919689995055)nd27:2.5757146396001613,nd28:0.16948776694733217)nd22:0.9797622059254737)nd17:0.40038040282754317,(nd19:1.5662529399549279,nd20:3.6322318023138696)nd18:0.15529669555401793)nd12:2.682141294186157)nd8:0.692020336069585)nd6:1.696423726828067)nd3:0.3112831289306018,(nd9:0.6373381063135641,nd10:1.4625943904135343)nd4:2.3167130395664803)nd1:0.3137420877781266,nd2:1.11976738154348)root:1.1137232353492663)origin:0.0;
