sample	replicate	trs
1	1	(((((nd38:1.522314367619719[&state=5],(nd88:0.07705191165237392[&state=5],nd89:0.07705191165237392[&state=5])nd39:1.445262455967345[&state=5])nd16:1.70434800117446[&state=5],(((nd60:0.8767844444870324[&state=5],nd61:0.8767844444870324[&state=5])nd20:1.5504428154245418[&state=5],nd47:2.427227259911574[&state=5])nd18:0.4735946257317337[&state=5],nd29:2.9008218856433077[&state=5])nd17:0.3258404831508721[&state=5])nd14:0.02664545379963469[&state=5],((nd76:0.39634682813932115[&state=5],nd77:0.39634682813932115[&state=5])nd59:1.8244013300409638[&state=5],nd85:2.220748158180285[&state=5])nd15:1.0325596644135298[&state=5])nd10:1.0524237108499301[&state=5],(((nd44:1.478386904981264[&state=5],(nd78:0.31038911565462957[&state=5],nd79:0.31038911565462957[&state=5])nd52:1.1679977893266347[&state=5])nd43:0.23221985134563458[&state=5],((nd66:0.7699854855219174[&state=5],nd65:0.7699854855219174[&state=5])nd34:0.8830634015211044[&state=5],(nd56:1.230241367544428[&state=5],((nd72:0.6965299869530825[&state=5],(nd80:0.3087339713920687[&state=5],nd81:0.3087339713920687[&state=5])nd73:0.38779601556101395[&state=5])nd70:0.06660133754937775[&state=5],nd71:0.7631313245024602[&state=5])nd57:0.4671100430419677[&state=5])nd35:0.4228075194985939[&state=5])nd33:0.05755786928387697[&state=5])nd30:0.18805186411095348[&state=5],nd75:1.8986586204378526[&state=5])nd24:2.4070729130058925[&state=5])nd6:0.8649521984060233[&state=5],((nd82:0.24368567534851004[&state=5],(nd86:0.08818927171673027[&state=5],nd87:0.08818927171673027[&state=5])nd83:0.1554964036317798[&state=5])nd68:0.5219964822663792[&state=5],nd69:0.7656821576148891[&state=5])nd12:4.405001574234878[&state=5])nd5:0.0[&state=5];
