sample	replicate	trs
1	1	((nd1:7.291617334302909,((((nd25:0.889644937181403,(((nd55:0.8631265662369018,nd56:0.8631265662369018)nd29:2.4428160399484145,(nd33:1.1509250263152426,nd34:0.5417485198566333)nd30:1.1564587058084193)nd27:0.3527622448246999,(nd53:1.2394313404689763,nd54:0.7897007990389033)nd28:2.3867055243796442)nd26:0.07185367104416336)nd9:2.579812759131778,(((nd19:5.021490522872943,nd20:1.9766811624260936)nd17:0.057358099877699166,nd18:5.078848622750644)nd13:0.48097539943370177,((((nd51:0.3639445770092643,(nd57:0.2691732697111199,nd58:0.2691732697111199)nd52:1.1180110595584047)nd35:0.7425010085954803,((nd49:1.4677881305842744,nd50:1.4677881305842744)nd41:0.47341543285219245,(nd43:1.8121909570031614,nd44:1.8121909570031614)nd42:0.12901260643330575)nd36:0.18848177442853822)nd31:0.1303460172277274,nd32:1.716967000723457)nd23:1.553150961782049,nd24:2.0600426387450352)nd14:1.7466417053095655)nd10:0.7505472590016115)nd7:0.34815130359069724,nd8:0.7853273727154133)nd3:2.7098601087619287,((nd39:1.9670908671826512,(nd45:1.786123488858409,(nd47:1.5122940152888673,nd48:1.5122940152888673)nd46:0.2738294735695414)nd40:0.18096737832424228)nd5:5.7910756653233655,((nd15:1.0848450571644794,(nd21:0.6394442422522213,(nd37:2.075939950340794,nd38:1.3529667656712083)nd22:2.4290174339813673)nd16:0.6811215317227888)nd11:0.5270109537828602,nd12:1.691688791100788)nd6:2.045076662678207)nd4:1.6102161610325665)nd2:0.02577356819144511)root:3.720343738269964)origin:0.0;
