sample	replicate	trs
1	1	((((nd15:5.732289098245273[&state=6],((((nd31:0.5341896271636882[&state=6],nd32:1.678781424604475[&state=6]):0.15772155393387682[&state=23],nd30:0.5357114008862567[&state=1]):2.427832839886309[&state=23],nd20:0.13019556804341154[&state=6]):0.5317137097368673[&state=6],(((nd49:0.5734905691950325[&state=2],nd50:0.5734905691950325[&state=87]):2.3032581269492605[&state=53],((nd55:0.2245603278373565[&state=6],nd56:0.2245603278373565[&state=6]):2.2260141361214614[&state=6],(nd33:1.1671338105654894[&state=6],((((nd53:0.3044618993704505[&state=57],(nd57:0.21986951755495085[&state=4],((nd65:0.15607182486408863[&state=4],nd66:0.15607182486408863[&state=4]):0.021184683473901737[&state=4],nd62:0.1772565083379904[&state=4]):0.04261300921696046[&state=4]):0.08459238181549952[&state=4]):0.29260634954072157[&state=57],((nd67:0.06594157470937292[&state=16],nd68:0.06594157470937292[&state=4]):0.3769525365880383[&state=4],(nd69:0.03889566604292316[&state=26],nd70:0.03889566604292316[&state=4]):0.4039984452544881[&state=26]):0.15417413761376078[&state=4]):0.2524048157474159[&state=4],((nd45:0.6687810419490006[&state=4],nd46:0.6687810419490006[&state=6]):0.16580070647948755[&state=4],nd40:0.8345817484284879[&state=26]):0.014891316230099665[&state=56]):0.01282676031949151[&state=56],((nd43:0.707029636226813[&state=4],(nd59:0.20755809212378093[&state=4],(nd63:0.15762716531268647[&state=4],nd64:0.15762716531268647[&state=4]):0.049930926811094456[&state=4]):0.4994715441030323[&state=4]):0.07302543455570469[&state=4],nd42:0.7800550707825178[&state=4]):0.08224475419556138[&state=4]):0.3048339855874101[&state=56]):1.2834406533933287[&state=6]):0.4261742321854748[&state=6]):0.9482862153342287[&state=6],nd22:0.5115764960576701[&state=6]):0.9710146166830061[&state=6]):1.8813261528898033[&state=6]):4.712324759725673[&state=6],nd6:3.65620525671902[&state=6]):0.7963276370303713[&state=6],(((nd13:1.0928386753818147[&state=6],(nd23:3.282065291317221[&state=1],nd24:1.1555353226763514[&state=1]):4.013830295108612[&state=7]):2.1723841133084014[&state=22],(nd11:0.1955699263266689[&state=6],nd12:0.3918448802839364[&state=6]):0.8321117868286376[&state=6]):1.7729423936050221[&state=6],(nd7:1.5213428877266653[&state=6],nd8:5.211604180570973[&state=6]):1.4743630532156844[&state=6]):0.4571923154350736[&state=6]):0.6003719221926245[&state=6]):0.0[&state=23];
