sample	replicate	trs
1	1	(((nd3:4.296251371257725[&state=6],((((((nd41:1.6652454008097397[&state=0],nd42:1.6652454008097397[&state=0]):0.12378344371871408[&state=0],(nd43:1.4186888700347455[&state=0],nd44:1.2522601916775524[&state=0]):0.37033997449370826[&state=0]):2.575866688512003[&state=0],(nd25:3.7538265948679386[&state=0],(nd33:2.746133245559339[&state=0],nd34:2.746133245559339[&state=0]):1.0076933493086[&state=0]):0.6110689381725181[&state=0]):1.2187455397773301[&state=0],(((nd27:0.22425149576729664[&state=0],((nd57:0.02018312606961032[&state=0],nd58:0.02018312606961032[&state=0]):2.82542811843686[&state=0],nd32:2.8456112445064705[&state=0]):0.5289797985414315[&state=0]):1.1001644364121488[&state=0],nd20:4.4747554794600495[&state=0]):0.6340746699847817[&state=0],(((nd51:0.21899385527531445[&state=8],nd52:0.21899385527531445[&state=0]):1.5287403402885018[&state=0],(nd53:0.14652929566699605[&state=2],nd54:0.14652929566699605[&state=0]):1.6012048998968202[&state=8]):2.349142676208548[&state=7],(((nd49:0.7217473259530833[&state=0],nd50:0.7217473259530833[&state=0]):0.2635650513239394[&state=10],nd46:0.9853123772770227[&state=0]):1.9149093777940924[&state=0],(nd35:1.497151750674047[&state=0],(nd47:0.8247076981535514[&state=0],(nd55:0.0906664109470387[&state=0],nd56:0.0906664109470387[&state=0]):0.7340412872065126[&state=0]):1.7433685865178343[&state=0]):0.33214547039972947[&state=0]):1.1966551167012485[&state=0]):1.0119532776724687[&state=0]):0.47481092337295444[&state=0]):0.5467898643614997[&state=0],((nd17:4.521029483229299[&state=0],nd18:2.70238951219161[&state=0]):0.04430989031859507[&state=0],nd16:1.3902194382393804[&state=0]):1.5650915636313918[&state=0]):2.620338718009913[&state=0],(nd7:0.44335876685977216[&state=0],nd8:0.5359610629586862[&state=0]):1.5090777575428733[&state=0]):4.950256743533291[&state=0]):0.02568564000282095[&state=6],nd2:0.16534545083018268[&state=6]):0.5139879612746906[&state=6]):0.0[&state=23];
