sample	replicate	trs
1	1	(((nd55:0.8631265662369018[&state=6],nd56:0.8631265662369018[&state=6])nd29:5.447244714949056[&state=6],((nd19:5.078848622750642[&state=6],nd18:5.078848622750644[&state=6])nd13:0.48097539943370177[&state=6],((nd57:0.2691732697111199[&state=23],nd58:0.2691732697111199[&state=6])nd52:1.8605120681538851[&state=23],((nd49:1.4677881305842744[&state=9],nd50:1.4677881305842744[&state=12])nd41:0.47341543285219245[&state=2],(nd43:1.8121909570031614[&state=2],nd44:1.8121909570031614[&state=2])nd42:0.12901260643330575[&state=2])nd36:0.18848177442853822[&state=2])nd31:3.430138684319342[&state=24])nd10:0.7505472590016115[&state=6])nd7:3.058011412352626[&state=6],((nd39:1.9670908671826512[&state=6],(nd45:1.786123488858409[&state=6],(nd47:1.5122940152888673[&state=6],nd48:1.5122940152888673[&state=6])nd46:0.2738294735695414[&state=6])nd40:0.18096737832424228[&state=6])nd5:5.7910756653233655[&state=6],nd37:7.758166532506017[&state=1])nd4:1.6102161610325665[&state=6])nd2:0.0[&state=6];
