sample	replicate	trs
1	1	((nd23:19.94847959740027[&state=0],((nd36:3.5988246808240723[&state=0],(nd40:0.858188523794311[&state=0],nd41:0.858188523794311[&state=0])nd37:2.740636157029761[&state=0])nd12:12.850197422234329[&state=0],(nd20:13.971908714549063[&state=0],nd21:13.971908714549063[&state=0])nd13:2.477113388509339[&state=0])nd10:3.4994574943418657[&state=0])nd2:1.4407182909016985[&state=0],((((nd32:6.538286147455634[&state=0],nd33:6.538286147455634[&state=0])nd28:8.938289793114272[&state=0],(nd38:3.542346242004071[&state=0],nd39:3.542346242004071[&state=0])nd15:11.934229698565838[&state=0])nd8:2.848332907077646[&state=0],(nd16:14.654130044708399[&state=0],(nd26:10.68346579768641[&state=0],(nd30:8.762083224095655[&state=0],(nd34:4.592021953750762[&state=0],nd35:4.592021953750762[&state=0])nd31:4.1700612703448945[&state=0])nd27:1.9213825735907522[&state=0])nd17:3.970664247021983[&state=0])nd9:3.6707788029391604[&state=0])nd4:2.795773412286713[&state=0],nd5:21.120682259934267[&state=0])nd3:0.26851562836769594[&state=0])root:0.0[&state=0];
