sample	replicate	trs
1	1	((((nd29:1.4689462641542947[&state=6],nd30:1.4689462641542947[&state=6])nd8:6.907975618485903[&state=6],((nd15:5.129595593591942[&state=6],(nd31:0.7472724090420281[&state=6],nd32:0.7472724090420281[&state=6])nd16:4.3823231845499135[&state=6])nd11:0.6428789389995796[&state=6],nd12:5.772474532591521[&state=6])nd6:2.6044473500486753[&state=6])nd3:1.15640451914705[&state=6],(nd23:3.574029451933508[&state=6],nd24:3.574029451933508[&state=6])nd4:5.959296949853739[&state=6])nd1:2.8413324576291084[&state=6],((nd19:4.149325070839707[&state=6],nd20:4.149325070839707[&state=6])nd13:1.0265679975344209[&state=6],(nd17:4.899617083719627[&state=6],((nd27:2.0475612660407303[&state=6],nd28:2.0475612660407303[&state=6])nd21:1.540588608374077[&state=6],(nd25:3.39870224074104[&state=6],nd26:3.39870224074104[&state=6])nd22:0.18944763367376719[&state=6])nd18:1.3114672093048192[&state=6])nd14:0.27627598465450065[&state=6])nd10:7.198765791042227[&state=6])root:0.0[&state=6];
