sample	replicate	trs
1	1	((nd170:11.249012016706669,((((nd210:0.3111335768606326,nd211:0.3111335768606326)nd204:0.23481789807601203,nd205:0.5459514749366445)nd200:0.5156088277885159,nd201:1.0615603027251603)nd105:10.158974566203714,(nd168:3.768006801282683,nd176:3.7680068012826844)nd132:7.452528067646192)nd39:0.028477147777795205)nd24:2.4717766587500476,((nd208:0.368353561621493,nd209:0.368353561621493)nd157:9.532107181611723,(((nd166:2.6843416901837895,nd167:2.6843416901837895)nd143:4.614544769326757,nd94:7.298886459510548)nd64:2.0041724517071655,(((nd184:1.5830067168863342,nd191:1.5830067168863342)nd146:2.3857222085114094,nd162:3.968728925397743)nd140:0.18718901206873428,((nd182:1.6141127642993827,((nd196:1.136679495113558,nd197:1.136679495113558)nd195:0.2745373123199013,nd193:1.4112168074334592)nd183:0.2028959568659234)nd172:0.7102343376392886,((nd206:0.5382527969481423,nd207:0.5382527969481423)nd189:1.29896427006884,nd202:1.8372170670169825)nd173:0.48713003492168866)nd141:1.8315708355278066)nd103:5.147140973751236)nd51:0.5974018320155028)nd43:3.8203279322235013)nd22:0.0;
