sample	replicate	trs
1	1	((((((((nd41:0.6301495682889864[&state=0],nd42:0.6301495682889864[&state=0]):0.177919025148524[&state=0],nd40:0.8080685934375105[&state=0]):1.4009345267415945[&state=0],nd34:2.209003120179105[&state=0]):1.0727857581734275[&state=0],nd22:3.2817888783525326[&state=0]):0.9347161617701043[&state=0],(((((nd29:2.7206544594278292[&state=0],nd30:2.7206544594278292[&state=0]):0.5565186195313223[&state=0],(nd27:2.5436400505129297[&state=0],nd28:3.01086210931047[&state=0]):0.2663109696486815[&state=0]):0.13678474953778424[&state=0],nd18:0.09618736867674493[&state=0]):0.2536147734344928[&state=0],nd14:2.9554121249535865[&state=3]):0.08266359181841142[&state=0],(nd19:3.381651597880721[&state=0],((nd35:1.6310889446041021[&state=0],nd36:1.820524660193041[&state=0]):0.7378318330815227[&state=0],nd32:2.5583564932745633[&state=0]):0.8232951046061578[&state=0]):0.3685845958691186[&state=0]):0.46626884637279703[&state=0]):0.7473809112856877[&state=0],((nd25:3.1479718645231265[&state=0],nd26:2.1551941037441265[&state=0]):0.44148971739989684[&state=0],(nd37:1.5889883182048368[&state=0],(nd43:0.47380629966614135[&state=0],nd44:0.47380629966614135[&state=0]):1.1151820185386956[&state=0]):2.0004732637181863[&state=0]):1.3744243694853013[&state=0]):13.686176541890552[&state=0],((nd5:3.3270230678276116[&state=6],nd6:5.189472222809398[&state=6]):0.5960246457301661[&state=6],nd4:4.807797505634408[&state=6]):0.2587537058092085[&state=6]):0.34103750670112865[&state=22]):0.0[&state=22];
