sample	replicate	trs
1	1	((((nd12:0.8131496245041203,nd13:5.795245727321038)nd4:1.1997387611582933,(nd6:0.3444879840556102,(((((nd20:0.06025648115152796,nd21:1.9274323018692687)nd18:2.6347283736920892,((((nd70:0.6473129489398316,nd71:0.6473129489398316)nd38:1.0424346095238153,(nd50:1.3609367694815717,((nd72:0.6073306542397617,nd73:0.6073306542397617)nd60:0.2748693856644836,(nd64:0.8267286822928669,nd65:0.8267286822928669)nd61:0.05547135761137839)nd51:0.47873672957732627)nd39:0.3288107889820752)nd36:0.06298372762841875,nd37:1.7527312860920656)nd30:0.7276779443056759,((((nd58:0.9356342024163784,(nd76:0.4542623892580866,nd77:0.4542623892580866)nd59:0.48137181315829186)nd48:0.42657673369694304,nd49:0.3637332250148694)nd44:0.10576821109462874,nd45:1.4679791472079502)nd42:0.0946605742355545,nd43:1.386556416320661)nd31:0.9177695089542368)nd19:6.917146720424591)nd16:0.3906930427792579,nd17:0.34179418346473595)nd14:0.09601089799395068,((nd28:0.7874760128733601,nd29:0.8265083337338316)nd24:1.472560511411833,((nd34:0.07428944085394729,nd35:0.3792861836601528)nd32:0.14147900316717898,(nd62:0.8344415659296426,(nd78:0.3129822236293,nd79:0.3129822236293)nd63:0.5214593423003426)nd33:1.5666746995251608)nd25:3.3150454073252695)nd15:4.16809821881547)nd10:0.7289035411891297,nd11:1.1816770289391678)nd7:0.49889711441271334)nd5:0.04650122306276074)nd2:2.313694189003089,((nd22:1.0641795395664673,((nd40:0.29027604609769075,((nd74:0.5772442463301183,nd75:0.5772442463301183)nd46:0.8847830048724488,((nd54:1.1386092810688064,((nd68:0.7922486914562854,nd69:0.7922486914562854)nd56:0.15807686889561662,(nd66:0.8026718300916796,nd67:0.8026718300916796)nd57:0.14765373026022235)nd55:0.29273344224553155)nd52:0.0863615491331489,nd53:0.5368498344585829)nd47:0.1326066994719845)nd41:0.15359666077160256)nd26:3.306730177499869,nd27:0.759329249107893)nd23:1.3068303632882705)nd8:4.471456798378817,nd9:2.8039650156337714)nd3:2.7716147081221094)root:1.0827440407367634)origin:0.0;
