sample	replicate	trs
1	1	((((nd5:4.388090344898602,((nd15:1.5722857219624387,nd16:1.5722857219624387)nd9:5.274961066370579,(nd13:3.178407837400051,nd14:3.178407837400051)nd10:3.668838950932967)nd6:2.9243192228043897)nd3:0.3583654670891827,((nd11:3.769942942439599,nd12:3.769942942439599)nd7:3.643016516379402,((nd19:0.5365182343256665,((nd23:0.32169319589482404,nd24:0.32169319589482404)nd21:0.07409947405738045,(((nd37:0.09118566206850592,nd38:0.09118566206850592)nd27:0.15949873623165017,nd28:0.2506843983001561)nd25:0.050010589859024915,((nd33:0.17378914170998755,(nd35:0.13660234207415006,nd36:0.13660234207415006)nd34:0.03718679963583748)nd31:0.008920572667434649,(nd39:0.07808623519605754,(nd41:0.05420505215135092,nd42:0.05420505215135092)nd40:0.02388118304470662)nd32:0.10462347918136466)nd26:0.1179852737817588)nd22:0.09509768179302346)nd20:0.140725564373462)nd17:0.06926734184527494,(nd29:0.24255324461819455,nd30:0.24255324461819455)nd18:0.3632323315527468)nd8:6.807173882648059)nd4:2.716972019407589)nd1:2.9252702955444887,nd2:3.800028294109482)root:4.39799822622892)origin:0.0;
