sample	replicate	trs
1	1	((((((nd21:0.5344879671265562[&state=6],((nd33:0.049856243471601586[&state=6],nd34:0.049856243471601586[&state=6]):0.010680310080571848[&state=6],nd32:0.06053655355217343[&state=6]):0.47395141357438275[&state=6]):1.0335832118743036[&state=6],nd12:0.37366243646980757[&state=1]):0.362925132102489[&state=23],nd6:1.930996311103349[&state=6]):0.2024440282257972[&state=6],((nd13:1.4001103494035603[&state=6],nd14:1.4001103494035603[&state=22]):0.4745523485062697[&state=6],(nd17:1.1695927172677456[&state=6],(nd23:0.5073392672111174[&state=6],nd24:0.5073392672111174[&state=6]):0.6622534500566281[&state=6]):0.7050699806420841[&state=6]):0.25877764141931636[&state=6]):0.03313025825211686[&state=6],((nd15:1.1696157707453247[&state=6],(nd19:0.7160130477887724[&state=6],nd20:0.558758920876585[&state=6]):0.2119695043313607[&state=6]):0.6263621088988426[&state=6],((nd27:0.24008820499206668[&state=1],(nd29:0.21051883527678084[&state=1],(nd35:0.04147695364413103[&state=1],nd36:0.04147695364413103[&state=6]):0.16904188163264983[&state=23]):0.029569369715285808[&state=23]):0.23268462630265332[&state=23],nd26:0.24158678615008494[&state=6]):1.3232050483494469[&state=6]):0.3705927179370957[&state=6]):0.5519194024187374[&state=6]):0.0[&state=24];
