sample	replicate	trs
1	1	((((((nd19:0.7065824096592972,nd20:0.7065824096592972)nd11:1.153679636920368,nd12:1.860262046579665)nd7:1.5847424495365088,nd8:3.445004496116172)nd3:1.2722128411876787,((((nd23:0.47638176006590105,nd24:0.47638176006590105)nd13:0.9089121027929128,(nd25:0.32441432521372393,nd26:0.32441432521372393)nd14:1.06087953764509)nd9:0.7501514651596131,nd10:2.135445328018427)nd5:1.8947345668676492,nd6:4.030179894886075)nd4:0.6870374424177762)nd1:0.2079745559064674,(nd15:1.3729129201972483,((nd21:0.4814132839644699,nd22:0.4814132839644699)nd17:0.7948089566033768,(nd27:0.19420929217099886,nd28:0.19420929217099886)nd18:1.082012948396848)nd16:0.09669067962940153)nd2:3.5522789730130713)root:0.8071381067896802)origin:0.0;
