sample	replicate	trs
1	1	(((nd36:3.614221574773765[&state=5],(nd54:0.4478843582355826[&state=5],nd55:0.4478843582355826[&state=5])nd53:3.166337216538183[&state=5])nd6:6.191863630524014[&state=5],((nd16:7.717096080811242[&state=0],(nd24:6.367957983675467[&state=0],(nd50:1.8850047791374447[&state=0],nd51:1.8850047791374447[&state=0])nd25:4.482953204538021[&state=0])nd17:1.3491380971357758[&state=0])nd10:1.1003848076956375[&state=0],(nd46:2.1863216915160457[&state=5],nd47:2.1863216915160457[&state=5])nd11:6.631159196990832[&state=5])nd7:0.9886043167909004[&state=16])nd2:0.6877865737246955[&state=16],(((nd48:2.124507453125523[&state=0],nd49:2.124507453125523[&state=0])nd19:7.365511576418214[&state=0],(((nd34:3.961487771126036[&state=0],(nd40:3.0158208239915147[&state=0],nd41:3.0158208239915147[&state=0])nd35:0.9456669471345207[&state=0])nd20:2.968741436706916[&state=0],nd21:6.930229207832953[&state=0])nd15:1.4812981995778647[&state=0],(nd28:5.977727391111458[&state=0],nd29:5.977727391111458[&state=0])nd13:2.4338000162993607[&state=0])nd9:1.0784916221329204[&state=0])nd4:0.9773286889056307[&state=0],(((nd32:5.232910387923399[&state=0],(nd44:2.5969617363580015[&state=0],nd45:2.5969617363580015[&state=0])nd33:2.635948651565397[&state=0])nd30:0.08755419689948062[&state=0],(nd38:3.3118582344092102[&state=0],nd39:3.3118582344092102[&state=0])nd31:2.0086063504136695[&state=0])nd26:0.7401384958651285[&state=0],nd27:6.06060308068801[&state=0])nd22:4.40674463776136[&state=0])nd3:0.02652406057310699[&state=0])root:0.0[&state=16];
