sample	replicate	trs
1	1	((((nd24:1.7172918792791854[&state=2],(nd26:1.6788709426241009[&state=0],nd27:1.6788709426241009[&state=0]):0.03842093665508467[&state=0]):2.3292710607742553[&state=7],nd15:4.04656294005344[&state=0]):3.7881835827610537[&state=0],(nd4:4.028298855168183[&state=5],((nd12:4.609160242180839[&state=0],nd13:0.8018913942236067[&state=0]):0.7391373735980381[&state=0],((nd18:2.0890968581537233[&state=0],nd19:3.474639652913787[&state=0]):1.624248994284503[&state=0],((nd28:1.5467073913883218[&state=0],nd29:1.240094939775907[&state=0]):3.1618935247721867[&state=0],((((nd36:0.09076382497849977[&state=0],nd37:0.09076382497849977[&state=0]):1.358686805248505[&state=0],nd31:1.449450630227005[&state=0]):1.4660415490687588[&state=0],(((nd34:0.1963022902932292[&state=0],nd35:0.1963022902932292[&state=0]):0.7758101211477053[&state=0],nd33:0.9721124114409345[&state=0]):1.8462357209820395[&state=0],nd23:2.8183481324229738[&state=6]):0.09714404687278998[&state=0]):1.0909410511105446[&state=0],nd17:4.006433230406308[&state=0]):0.7021676857542005[&state=0]):0.3902877310377814[&state=0]):0.24940896858058792[&state=0]):1.7847938127661622[&state=0]):0.7016550942694533[&state=16]):0.260423477185504[&state=16]):0.0[&state=16];
