sample	replicate	trs
1	1	(((nd16:1.2671735623569094,(nd25:0.722809801862178,(nd35:0.09358681928565614,nd36:0.09358681928565614)nd26:0.6292229825765219)nd12:0.5443637604947312)nd3:0.44923829254635894,((nd31:0.23925962368882864,nd32:0.23925962368882864)nd5:1.4583081367431983,((nd13:1.2534357479088676,((nd33:0.16053921956943928,nd34:0.16053921956943928)nd17:0.6486182523229881,nd18:0.8091574718924274)nd14:0.44427827601644004)nd7:0.3007148379914049,(nd21:0.7376761628540627,nd22:0.7376761628540627)nd8:0.8164744230462097)nd6:0.14341717453175454)nd4:0.01884409447124137)nd1:0.2211867138511334,((nd19:0.7393821651955058,(nd23:0.7368247712548417,nd24:0.7368247712548417)nd20:0.0025573939406640916)nd9:0.6144958849484486,(nd27:0.6624892848918806,(nd29:0.3808908312450957,nd30:0.3808908312450957)nd28:0.28159845364678493)nd10:0.6913887652520737)nd2:0.5837205186104473)root:0.0;
