sample	replicate	trs
1	1	(((nd4:9.869221234211581[&state=0],(nd10:8.170634084088666[&state=5],(nd28:2.381564909865476[&state=5],nd29:2.381564909865476[&state=5]):5.78906917422319[&state=5]):1.6985871501229173[&state=5]):1.388047640905324[&state=16],((((nd16:5.076640308176205[&state=5],nd17:5.076640308176205[&state=5]):0.14238043236707146[&state=5],nd15:4.046932067635294[&state=5]):4.19304700340993[&state=5],(((nd32:0.27439039949036914[&state=5],nd33:0.27439039949036914[&state=5]):2.544133255651589[&state=5],nd27:2.8185236551419584[&state=5]):2.916689711956626[&state=5],(nd18:2.5310760764011766[&state=5],(((nd24:3.2435242908336614[&state=5],(nd34:0.14360500808674176[&state=5],nd35:0.14360500808674176[&state=5]):3.0999192827469195[&state=5]):0.24386303120972602[&state=5],nd23:3.4873873220433875[&state=5]):0.38544416323078545[&state=5],nd21:2.257305929622606[&state=5]):0.6712370272388019[&state=5]):1.1911448545856094[&state=5]):3.6768543768546227[&state=5]):0.4488041886726949[&state=5],(nd30:0.4204983191395356[&state=5],nd31:0.4204983191395356[&state=5]):9.440373613486365[&state=5]):1.3963969424910045[&state=5]):0.1259311248830985[&state=16]):0.0[&state=16];
