sample	replicate	trs
1	1	((((nd41:1.239576712501576,(nd43:1.1199109476365954,nd44:1.1199109476365954)nd42:0.11966576486498082)nd37:0.3336465743375203,((nd57:0.2181102364272326,nd58:0.2181102364272326)nd39:1.1030387671285906,nd40:1.321149003555823)nd38:0.25207428328327336)nd23:2.063862239008734,nd47:3.6370855258478305)nd1:2.1708316927216247,((nd21:3.8019458678012295,(((nd49:0.7207431510236307,nd50:0.7207431510236307)nd33:1.1115580830342824,((nd53:0.5879031091014573,(nd55:0.30334249872877256,nd56:0.30334249872877256)nd54:0.28456061037268476)nd46:1.1977468543330114,nd36:1.7856499634344687)nd34:0.0466512706234442)nd25:1.3165168472210647,nd26:3.148818081278977)nd22:0.6531277865222516)nd10:1.8278600119358417,(nd15:5.173381337211948,((nd19:4.510671808016068,nd20:4.510671808016068)nd13:0.5516977720109618,(nd29:3.0085148396328774,((nd59:0.11163558381470365,nd60:0.11163558381470365)nd51:0.4967920076727145,nd52:0.6084275914874181)nd32:2.4000872481454594)nd14:2.0538547403941516)nd12:0.11101175718491763)nd8:0.45642454252512404)nd2:0.17811133883238414)root:0.0;
