sample	replicate	trs
1	1	((nd20:2.437308257478134[&state=9],((nd23:1.2817150668341386[&state=78],nd24:1.2817150668341386[&state=6])nd13:0.7784124277019772[&state=6],(nd35:0.9279008675855793[&state=50],(nd31:0.32131120891635306[&state=6],nd32:0.32131120891635306[&state=0])nd28:0.6065896586692263[&state=22])nd14:1.1322266269505366[&state=22])nd12:0.37718076294201847[&state=22])nd1:2.085912710541251[&state=48],((nd7:3.9981968674536104[&state=6],(((((nd33:0.24982237781887623[&state=2],nd34:0.24982237781887623[&state=6])nd25:0.9315862632892328[&state=24],nd26:1.1814086411081088[&state=48])nd17:0.7069329094598784[&state=22],nd18:1.8883415505679877[&state=6])nd15:0.06699692962441767[&state=22],(nd29:1.3699598921801404[&state=2],nd22:1.3699598921801406[&state=23])nd16:0.5853785880122644[&state=22])nd9:1.1174202475267034[&state=22],nd10:3.0727587277191057[&state=48])nd8:0.9254381397345042[&state=48])nd5:0.22780724293417967[&state=0],nd6:4.226004110387791[&state=23])nd3:0.2972168576315931[&state=0])root:0.0[&state=22];
