sample	replicate	trs
1	1	(((((((((nd42:0.09385107249156,nd43:0.09385107249156)nd34:0.370207166910577,nd35:0.464058239402137)nd26:0.5670941834977002,(((nd36:0.4053601759582688,nd37:0.4053601759582688)nd30:0.4691534676356591,nd31:0.2581820766526015)nd28:0.10425085470092395,(nd38:0.2530302014608398,nd39:0.2530302014608398)nd29:0.7257342968340121)nd27:0.05238792460498529)nd16:1.9846123727773128,nd17:0.19132364707948357)nd14:0.3099902423239191,(nd20:0.7866438389657273,nd21:2.4062655478967407)nd15:0.9194894901043278)nd12:0.4650757138608455,((nd32:0.7249537423227679,(nd40:0.22797822840668644,nd41:0.22797822840668644)nd33:0.49697551391608147)nd22:1.4384840412828812,nd23:2.163437783605649)nd13:1.6273929682562651)nd4:1.0712360825875322,(nd10:2.1435359687350597,nd11:2.010242164434056)nd5:0.9252041708547087)nd2:2.5217029897789462,((((nd24:1.4581176773815376,nd25:1.4581176773815376)nd18:0.9917920656921981,nd19:2.4499097430737358)nd8:2.0728208110268023,nd9:1.4869045261549552)nd6:0.33210959160243647,nd7:1.529925920888246)nd3:2.5289296785254183)root:1.0685501757716076)origin:0.0;
