sample	replicate	trs
1	1	(((((nd51:0.03727164849373127,nd52:0.03727164849373127)nd23:0.6944159263490899,(nd29:0.5245889044630437,(nd53:0.023893317836028966,nd54:0.023893317836028966)nd30:0.500695586627015)nd24:0.20709867037977744)nd19:0.08225568996375719,(nd39:0.32243854069723804,nd40:0.32243854069723804)nd20:0.49150472410934043)nd15:0.1010812266499725,(nd37:0.3226801707175328,(nd41:0.14628041647662318,nd42:0.14628041647662318)nd38:0.17639975424090948)nd16:0.5923443207390187)nd3:1.9676356527634262,((nd25:0.6160840468752073,nd26:0.6160840468752073)nd5:1.5286569083676549,((((nd31:0.5062647889208751,nd32:0.5062647889208751)nd21:0.293535815759924,(nd33:0.4158998654076122,((nd55:0.023371327145846048,nd56:0.023371327145846048)nd43:0.12192887124209259,nd44:0.14530019838793864)nd34:0.2705996670196734)nd22:0.38390073927318674)nd11:0.5585173308700494,(nd17:0.8769512542367184,(nd35:0.33414621239826126,((nd49:0.040878775512223506,nd50:0.040878775512223506)nd45:0.052754337356970694,nd46:0.09363311286919418)nd36:0.24051309952906694)nd18:0.5428050418384576)nd12:0.4813666813141297)nd7:0.6535376385117224,((nd27:0.5348775644832151,(nd47:0.08452048221258543,nd48:0.08452048221258543)nd28:0.4503570822706298)nd13:1.1676470204908955,nd10:1.7025245849741113)nd8:0.3093309890884595)nd6:0.13288538118029203)nd4:0.7379191889771145)nd1:0.0;
