sample	replicate	trs
1	1	((nd1:1.3956974672214024,(((nd13:1.6551278817196173,(nd19:0.9888295924907834,(nd29:0.5318570220658486,nd30:0.5318570220658486)nd20:0.45697257042493467)nd14:0.6662982892288339)nd5:3.626345400770184,((nd25:0.6496636767270716,(nd31:0.4940210770647929,nd32:0.4940210770647929)nd26:0.1556425996622785)nd7:3.1491985942836713,((nd21:0.7374497821253806,(nd33:0.3761908293933347,nd34:0.3761908293933347)nd22:0.36125895273204583)nd9:2.152117743136689,((nd17:1.13704133647268,(nd23:0.6798454748346039,nd24:0.14836139367393808)nd18:0.45719586163807613)nd11:1.3007644596917625,((nd27:0.6125889583597526,nd28:0.6125889583597526)nd15:0.7497860906925987,nd16:1.3623750490523516)nd12:1.0754307471120912)nd10:0.45176172909762746)nd8:0.9092947457486725)nd6:1.4826110114790598)nd3:0.6503990847147577,nd4:0.6826415553772366)nd2:0.8361685714893089)root:0.6857890613061294)origin:0.0;
