sample	replicate	trs
1	1	((((nd5:2.1999706109758694,((nd25:5.10202009300474,nd26:0.13056840325916966)nd7:4.362603957730928,((nd21:1.2335603119462875,((((((((nd59:0.45915119878970223,nd60:0.45915119878970223)nd57:0.37282849132385654,nd58:0.20337031832286614)nd47:0.65021969051763,(nd49:1.433130944215359,(nd65:0.05810420467439904,nd66:0.05810420467439904)nd50:1.3750267395409599)nd48:0.04906843641582959)nd41:1.3651242885133152,(nd45:1.6136102637139098,((nd61:0.2688836865246593,(nd63:0.14796378537344435,nd64:0.14796378537344435)nd62:0.12091990115121495)nd53:0.8123191968160336,nd54:1.081202883340693)nd46:0.5324073803732169)nd42:1.2337134054305943)nd39:0.5187437997796729,nd40:3.3660674689241774)nd33:1.2941306916022013,nd34:0.6463334254771269)nd29:0.6190359516067521,nd30:1.3985943997487658)nd23:2.253587394880404,((nd35:4.629396167365848,nd36:4.629396167365848)nd31:0.6318651296578379,(nd43:1.3185989538234055,(nd55:0.8468020443734491,nd56:0.8468020443734491)nd44:1.3042649506254878)nd32:3.110194302024748)nd24:2.27156020998985)nd22:0.4508150406386803)nd13:1.6786625003737903,(((nd37:1.5129238971094379,(nd51:1.4083696575985014,nd52:1.4083696575985014)nd38:2.127680782475934)nd17:5.8641562422325135,(nd19:0.4786863388472058,(nd27:2.7204105997459633,nd28:0.5066898929282342)nd20:2.1308622256655316)nd18:0.8304679781771488)nd15:0.08432207051286314,nd16:4.018298254584323)nd14:0.17777029520619136)nd8:1.8014704501275147)nd6:1.2764895983474893)nd3:1.4298349727343471,(nd9:1.1264174213125857,(nd11:2.1710075481131814,nd12:0.5354938107825042)nd10:0.41114518560309016)nd4:2.877633984555809)nd1:2.5244406918025737,nd2:0.4624841798481006)root:3.9487652389620798)origin:0.0;
