sample	replicate	trs
1	1	((((nd81:1.1253538996004817,nd82:1.1253538996004817)nd56:2.81640206985106,nd36:3.941755969451543)nd31:0.572018692795126,((((nd71:1.7591798969468881,(nd98:0.7835331031794349,nd94:0.7835331031794349)nd72:0.9756467937674534)nd69:0.021167739249989336,nd95:1.7803476361968773)nd67:0.1935540295007222,((nd77:1.5658086674855667,nd78:1.5658086674855667)nd73:0.1144701643379978,((nd83:0.8253502247874208,nd84:0.8253502247874208)nd79:0.5704759516241905,nd80:1.3958261764116113)nd74:0.2844526554119533)nd68:0.2936228338740351)nd63:1.1749805959103803,(nd61:2.2686850852735674,(nd75:2.006155102828115,(nd92:0.7162431509001345,nd88:0.7162431509001345)nd66:1.2899119519279807)nd62:0.26252998244545295)nd59:0.8801971763344121)nd40:1.3648924006386884)nd23:1.970637228296162,(nd89:0.6222817328417674,nd90:0.6222817328417674)nd58:5.862130157701062)nd6:0.0;
