sample	replicate	trs
1	1	(((nd53:4.683184631229343[&state=5],(nd114:0.8495212901044311[&state=5],nd115:0.8495212901044311[&state=5])nd60:3.833663341124913[&state=5])nd10:4.408137354122697[&state=5],(((nd122:0.2975705215652057[&state=5],nd123:0.2975705215652057[&state=5])nd84:2.7863389134840144[&state=5],(nd74:1.5808174613304933[&state=5],nd75:1.5808174613304933[&state=5])nd41:1.503091973718726[&state=5])nd13:4.990857989367633[&state=5],(nd46:2.4912047447656795[&state=5],(nd78:2.442851121801436[&state=5],(nd100:1.1612034579727486[&state=5],nd107:1.1612034579727484[&state=5])nd49:1.2816476638286878[&state=5])nd47:0.04835362296424342[&state=5])nd19:5.583562679651174[&state=5])nd5:1.0165545609351874[&state=16])nd2:0.01722773260348242[&state=16],(((nd88:1.2603964374095709[&state=5],(((nd120:0.32372091024733585[&state=5],nd121:0.32372091024733585[&state=5])nd94:0.9312897757959989[&state=5],nd95:1.2550106860433348[&state=5])nd92:0.002121919156383286[&state=5],(nd124:0.11828826806100559[&state=5],nd125:0.11828826806100559[&state=5])nd102:1.1388443371387125[&state=5])nd89:0.0032638322098526166[&state=5])nd22:3.7414463063218912[&state=5],((nd86:1.268707126312231[&state=5],(nd116:0.5075398122813981[&state=5],(nd118:0.40299750995526257[&state=5],nd119:0.40299750995526257[&state=5])nd117:0.10454230232613551[&state=5])nd87:0.7611673140308327[&state=5])nd64:2.9788102875891793[&state=5],((nd98:1.3612475964471538[&state=5],(nd113:1.2599537917854322[&state=5],nd91:1.2599537917854324[&state=5])nd83:0.10129380466172126[&state=5])nd70:0.3621919453267297[&state=5],nd109:1.7234395417738833[&state=5])nd42:2.524077872127527[&state=5])nd23:0.7543253298300506[&state=5])nd17:1.57353510197635[&state=5],(nd66:1.832084899716506[&state=5],(nd80:1.4637782757035533[&state=5],nd110:1.4637782757035531[&state=5])nd67:0.36830662401295294[&state=5])nd62:4.743292945991305[&state=5])nd7:2.5331718722477117[&state=5])root:0.0[&state=16];
