sample	replicate	trs
1	1	(((((nd41:0.36445588605543155,nd42:0.36445588605543155)nd5:13.285016197496313,((nd11:3.345927543932466,((nd43:0.22935849718368578,nd44:0.22935849718368578)nd13:8.567425814751779,((nd29:1.5603065457825875,((nd45:0.1341379231426684,nd46:0.1341379231426684)nd35:1.1133998112158123,nd36:1.247537734358481)nd30:0.31276881142410673)nd25:1.0246565874893898,nd26:0.9734821795430632)nd14:6.211821178663489)nd12:0.1936655350904567)nd9:0.7512503064874567,(nd33:1.4251954044412838,nd34:1.4251954044412838)nd10:8.316504749072095)nd6:3.907771930038359)nd3:1.634680967182977,((((nd21:5.390446578343422,nd22:5.390446578343422)nd17:2.561135634223194,(nd31:1.5523462757028146,nd32:1.5523462757028146)nd18:6.3992359368638025)nd15:0.38054089158494636,(nd19:7.104549639922328,nd20:7.104549639922328)nd16:1.2275734642292349)nd7:2.084823793445621,((nd39:0.6303440970447358,nd40:0.6303440970447358)nd23:4.23511818031058,(nd27:0.1885553166857479,(nd37:0.8263794075883005,nd38:0.8263794075883005)nd28:1.3257891937134)nd24:2.7132936760536124)nd8:5.55148462024187)nd4:4.867206153137531)nd1:6.616026316850064,nd2:0.524661977828763)root:0.3914206324152147)origin:0.0;
