sample	replicate	trs
1	1	(((nd24:1.7172918792791854[&state=2],(nd26:1.6788709426241009[&state=0],nd27:1.6788709426241009[&state=0])nd25:0.03842093665508467[&state=0])nd14:2.3292710607742553[&state=7],nd15:4.04656294005344[&state=0])nd2:3.7881835827610537[&state=0],(nd12:5.348297615778877[&state=0],(nd19:5.09888864719829[&state=0],(nd28:4.708600916160508[&state=0],((((nd36:0.09076382497849977[&state=0],nd37:0.09076382497849977[&state=0])nd30:1.358686805248505[&state=0],nd31:1.449450630227005[&state=0])nd20:1.4660415490687588[&state=0],(((nd34:0.1963022902932292[&state=0],nd35:0.1963022902932292[&state=0])nd32:0.7758101211477053[&state=0],nd33:0.9721124114409345[&state=0])nd22:1.8462357209820395[&state=0],nd23:2.8183481324229738[&state=6])nd21:0.09714404687278998[&state=0])nd16:1.0909410511105446[&state=0],nd17:4.006433230406308[&state=0])nd11:0.7021676857542005[&state=0])nd9:0.3902877310377814[&state=0])nd7:0.24940896858058792[&state=0])nd5:2.4864489070356157[&state=0])root:0.0[&state=16];
