sample	replicate	trs
1	1	(((nd5:3.5389333861057164[&state=6],nd6:18.999705089124262[&state=6]):1.0981705363441057[&state=6],((nd21:6.545498866956629[&state=0],((nd31:4.721147195102418[&state=1],nd32:1.0435436899142805[&state=0]):3.2656425832107208[&state=7],nd26:4.179566811581402[&state=1]):0.9944705337230875[&state=7]):7.044763718540284[&state=7],((nd19:12.450134022986425[&state=6],(((nd43:2.080586003723314[&state=6],nd44:3.3060429658212884[&state=6]):1.5400998031079896[&state=6],(nd51:0.5843700725994628[&state=6],(((nd67:0.12164663741278914[&state=6],nd68:0.12164663741278914[&state=6]):1.1563003560848466[&state=6],nd62:1.2779469934976357[&state=6]):0.342078321904125[&state=6],nd58:1.620025315401761[&state=6]):1.545034400163257[&state=6]):2.714781149994829[&state=6]):0.36277778968819047[&state=6],((nd65:0.14026447899730823[&state=6],nd66:0.14026447899730823[&state=4]):3.0205619037551634[&state=26],nd54:3.1608263827524716[&state=6]):3.081792272495565[&state=6]):6.2075153677383845[&state=6]):6.113696455002495[&state=6],(((((nd29:5.1705460780872246[&state=6],(((nd45:3.4723158001502537[&state=6],nd46:3.4723158001502537[&state=6]):1.2120392240627205[&state=6],nd42:4.684355024212976[&state=6]):3.009457187866878[&state=6],nd34:2.6641140146099787[&state=6]):1.3034552865353315[&state=6]):3.582458160250144[&state=6],(((nd63:0.3009809629821993[&state=1],nd64:1.1767768697813228[&state=2]):2.0825329315871124[&state=9],(nd55:1.1940630296034074[&state=6],nd56:1.8373156637974555[&state=6]):1.4219941375709797[&state=6]):8.275655982483295[&state=6],(nd35:1.0186318369789296[&state=6],nd36:2.6434534520088553[&state=6]):4.976527678370971[&state=6]):1.044759875013599[&state=6]):1.0044005926957253[&state=6],nd16:5.788055193056065[&state=6]):3.668842561382708[&state=6],(((nd59:0.22268395188965645[&state=6],nd60:1.2813569863117857[&state=6]):7.783999365821403[&state=6],(nd47:2.239371763253529[&state=1],nd48:3.2785925820158663[&state=6]):5.786763770117323[&state=6]):5.610156456611596[&state=6],nd14:2.0416542846396695[&state=6]):2.5774560041989747[&state=6]):1.0520672800023667[&state=6],nd10:4.478490781426399[&state=6]):0.2587943850427901[&state=6]):0.8837051107208873[&state=6]):0.6503400367585651[&state=22]):0.15712437453162942[&state=22]):0.0[&state=22];
