sample	replicate	trs
1	1	((((nd16:1.9332445180933704,nd17:1.9332445180933704)nd12:0.09949634813624428,(nd20:1.0521652002207504,nd21:1.0521652002207504)nd13:0.9805756660088644)nd11:2.0864417850515347,(nd22:0.9603790543394484,nd23:0.9603790543394484)nd7:3.1588035969417017)nd2:1.6549905103497633,((((nd26:0.6990654185794336,(nd30:0.22675822677545202,nd31:0.22675822677545202)nd27:0.4723071918039817)nd14:1.284480650033483,((nd32:0.07720344359635939,nd33:0.07720344359635939)nd28:0.20284359678822864,nd29:0.28004704038458805)nd15:1.7034990282283289)nd8:1.3947542380386526,nd9:3.378300306651569)nd4:1.7040486687923857,(nd24:0.9170234894187079,nd25:0.9170234894187079)nd18:4.165325486025248)nd3:0.6918241861869574)root:0.0;
