sample	replicate	trs
1	1	(((((nd15:2.987154859306858[&state=6],nd16:2.987154859306858[&state=6])nd13:0.1050317558400104[&state=6],(nd23:1.552559457367357[&state=6],(nd27:0.768323179446518[&state=6],nd28:0.768323179446518[&state=6])nd24:0.7842362779208387[&state=6])nd14:1.5396271577795115[&state=6])nd9:1.1197242407455306[&state=6],(nd21:2.340760037772262[&state=6],(nd35:0.4544207859538876[&state=6],nd36:0.4544207859538876[&state=6])nd26:1.8863392518183746[&state=6])nd10:1.871150818120137[&state=6])nd7:2.3256294443664425[&state=6],(nd17:2.900958769114504[&state=6],((nd33:0.5219090470245589[&state=6],nd34:0.5219090470245589[&state=6])nd31:0.05364083971096944[&state=6],(nd41:0.05246818088526131[&state=6],nd42:0.05246818088526131[&state=6])nd32:0.523081705850267[&state=6])nd18:2.3254088823789756[&state=6])nd8:3.6365815311443375[&state=6])nd5:5.079493051313418[&state=6],((((nd37:0.25357184636467844[&state=6],(nd39:0.14970352110817148[&state=6],nd40:0.14970352110817148[&state=6])nd38:0.10386832525650695[&state=6])nd29:0.4215875908969575[&state=6],nd30:0.6751594372616359[&state=6])nd19:1.9293320431883647[&state=6],nd20:2.6044914804500006[&state=6])nd11:1.5591336220120633[&state=6],nd12:4.163625102462064[&state=6])nd6:7.453408249110195[&state=6])nd4:0.0[&state=6];
