sample	replicate	trs
1	1	(((((nd25:1.2607531101143994[&state=98],((nd41:0.01572966345095363[&state=12],nd42:0.01572966345095363[&state=26])nd29:0.9372842016257324[&state=87],(nd39:0.1583112497182563[&state=87],nd40:0.1583112497182563[&state=4])nd30:0.7947026153584299[&state=107])nd26:0.30773924503771316[&state=65])nd19:1.0061053120878278[&state=80],(nd37:0.16012169926487507[&state=67],nd38:0.16012169926487507[&state=80])nd20:2.106736722937353[&state=108])nd17:1.9603600165626338[&state=24],(nd23:1.5144231949266205[&state=108],(nd31:0.8465238040472741[&state=87],nd32:0.8465238040472741[&state=31])nd24:0.6678993908793462[&state=8])nd12:2.7127952438382406[&state=49])nd7:3.115070259428778[&state=48],((nd15:2.9988900501998956[&state=120],(nd35:0.4694793547196104[&state=35],nd36:0.4694793547196104[&state=120])nd22:2.529410695480287[&state=66])nd13:0.6153863113238903[&state=23],(nd33:0.822848452422471[&state=56],nd34:0.822848452422471[&state=120])nd14:2.791427909101316[&state=120])nd10:3.7280123366698517[&state=22])nd3:0.6960073704238443[&state=7],(nd27:0.9915024957045825[&state=108],nd28:0.9915024957045825[&state=105])nd5:7.046793572912904[&state=63])nd1:0.0[&state=22];
