sample	replicate	trs
1	1	((nd15:14.398522185446815[&state=7],((nd37:3.613562908856155[&state=6],nd38:3.613562908856155[&state=6])nd23:5.582053407921244[&state=6],nd24:9.1956163167774[&state=6])nd16:5.202905868669413[&state=6])nd1:7.841274815666695[&state=22],((((nd32:9.2922022793152[&state=0],nd26:9.292202279315202[&state=0])nd17:4.4164569646049285[&state=0],(nd33:4.316578571193863[&state=7],nd34:4.316578571193863[&state=2])nd18:9.392080672726268[&state=7])nd9:3.977666805179092[&state=0],(nd43:0.13329322229791135[&state=0],nd44:0.13329322229791135[&state=0])nd10:17.55303282680131[&state=0])nd5:4.433718548977834[&state=0],((nd39:3.4552603255514236[&state=0],nd40:3.4552603255514236[&state=0])nd20:14.71738883966214[&state=0],((nd41:1.7589423997566842[&state=0],nd42:1.7589423997566842[&state=8])nd27:5.399973376868541[&state=0],(nd29:7.066665823491291[&state=0],(nd35:4.099873752979317[&state=0],nd36:4.099873752979317[&state=0])nd30:2.966792070511973[&state=0])nd28:0.09224995313393503[&state=0])nd14:11.013733388588339[&state=0])nd4:3.94739543286349[&state=0])nd2:0.11975240303645389[&state=0])root:0.0[&state=22];
