sample	replicate	trs
1	1	((((nd67:0.7333741567124669[&state=15],(nd71:0.5592823497105406[&state=37],nd72:0.5592823497105406[&state=26])nd68:0.17409180700192634[&state=16])nd57:1.5436209645748051[&state=57],((((nd101:0.0028716563260845753[&state=106],nd102:0.0028716563260845753[&state=0])nd79:0.42758761086694963[&state=106],(nd95:0.07838596050627278[&state=87],nd96:0.07838596050627278[&state=4])nd80:0.35207330668676134[&state=108])nd51:0.8750760831260928[&state=49],(nd93:0.07873144086888784[&state=10],nd94:0.07873144086888784[&state=0])nd52:1.226803909450239[&state=10])nd33:0.8237990897113401[&state=28],((nd65:0.8159789179938619[&state=98],nd66:0.8159789179938619[&state=85])nd63:0.02267671182382249[&state=10],(nd89:0.12373195607734178[&state=2],nd90:0.12373195607734178[&state=83])nd64:0.7149236737403426[&state=33])nd37:1.2906788102127829[&state=29])nd30:0.14766068125680523[&state=2])nd19:1.3742537856667592[&state=2],(((((nd81:0.32609291960454706[&state=12],nd82:0.32609291960454706[&state=108])nd59:0.7809572080960479[&state=86],(nd73:0.5233527860837238[&state=0],nd74:0.5233527860837238[&state=26])nd60:0.583697341616871[&state=0])nd47:0.41595811216255074[&state=0],(nd85:0.25690313154179545[&state=87],nd86:0.25690313154179545[&state=1])nd62:1.2661051083213501[&state=81])nd35:0.5957604872228599[&state=0],((nd91:0.11317270296296317[&state=16],nd92:0.11317270296296317[&state=3])nd39:1.836231611545956[&state=16],(nd75:0.4561584807965411[&state=2],((nd99:0.015823523217595153[&state=1],nd100:0.015823523217595153[&state=120])nd97:0.030849566094772105[&state=120],nd98:0.04667308931236726[&state=2])nd76:0.4094853914841738[&state=98])nd45:1.4932458337123773[&state=86])nd36:0.1693644125770875[&state=8])nd21:1.400903194094184[&state=8],(nd78:0.5882365515724283[&state=33],nd70:0.588236551572428[&state=4])nd50:2.931435369607762[&state=8])nd20:0.1315769857738415[&state=7])nd17:0.20369747469325367[&state=7],(nd83:0.3030144675235522[&state=2],(nd87:0.21976362359345855[&state=66],nd88:0.21976362359345855[&state=6])nd84:0.08325084393009369[&state=53])nd26:3.5519319141237338[&state=53])nd16:0.0[&state=7];
