sample	replicate	trs
1	1	(((nd11:4.707870904444688[&state=107],(((nd23:1.714407341854149[&state=86],nd24:1.714407341854149[&state=120])nd19:0.3864600705855456[&state=63],nd20:2.1008674124396944[&state=108])nd15:0.6131686846382626[&state=22],nd16:2.7140360970779587[&state=120])nd12:1.99383480736673[&state=78])nd6:3.381562348225364[&state=48],(((nd25:0.9176004297643925[&state=98],nd26:0.9176004297643925[&state=98])nd17:1.7071205285876314[&state=63],(nd21:2.020787269330906[&state=26],(nd27:0.803990948443783[&state=120],nd28:0.803990948443783[&state=108])nd22:1.2167963208871238[&state=104])nd18:0.6039336890211173[&state=24])nd13:0.9542261956287605[&state=49],nd14:3.5789471539807853[&state=37])nd4:4.510486098689268[&state=78])nd1:1.5755518770219845[&state=0],((nd31:0.1151430897369751[&state=31],nd32:0.1151430897369751[&state=22])nd7:6.236053542593515[&state=104],((nd29:0.47463401055323795[&state=1],nd30:0.47463401055323795[&state=6])nd9:5.270396985507058[&state=23],nd10:5.745030996060295[&state=79])nd8:0.606165636270193[&state=6])nd2:3.3137884973615503[&state=23])root:0.0[&state=22];
