sample	replicate	trs
1	1	(((((nd27:0.9761117103702587,(nd29:0.7997657999584838,(nd35:0.4413342988886584,nd36:0.4413342988886584)nd30:0.35843150106982546)nd28:0.17634591041177472)nd15:1.0234199266723178,((nd37:0.017567296681527487,nd38:0.017567296681527487)nd21:1.1330695766545542,nd22:1.1506368733360817)nd16:0.8488947637064949)nd7:4.513785733862993,(nd13:2.9167979960094765,(nd33:0.5994578439296702,nd34:0.5994578439296702)nd14:2.3173401520798063)nd8:3.596519374896092)nd5:0.517557186778461,(nd17:1.480078702549565,(nd23:1.0074799473261078,nd24:1.0074799473261078)nd18:0.4725987552234574)nd6:5.550795855134467)nd3:3.4172515702267257,((nd19:1.3438195237599098,(nd25:0.9819921387208113,(nd31:0.7436572020983314,nd32:0.7436572020983314)nd26:0.23833493662247965)nd20:0.3618273850390988)nd9:3.0753698945652603,(nd11:3.873032907983203,nd12:3.873032907983203)nd10:0.5461565103419669)nd4:6.028936709585586)nd2:0.0;
