sample	replicate	trs
1	1	(nd1:6.111506000564195[&state=6],((nd9:1.3853902246571017[&state=1],(((((((nd111:0.16863601848947052[&state=6],(nd135:0.12423503607156289[&state=4],nd132:0.12423503607156287[&state=4])nd112:0.044400982417907624[&state=4])nd109:0.004276496095084302[&state=26],(nd159:0.028556192719570796[&state=4],nd160:0.028556192719570796[&state=4])nd149:0.14435632186498398[&state=4])nd75:0.2279551038818506[&state=26],nd64:0.4008676184664055[&state=3])nd54:0.05356219473420446[&state=16],(((nd163:0.020084875941860342[&state=4],nd164:0.020084875941860342[&state=4])nd161:0.0006689554466110812[&state=4],nd162:0.020753831388471422[&state=4])nd116:0.36547226646455105[&state=4],(nd108:0.28663727393467625[&state=10],nd122:0.28663727393467625[&state=4])nd72:0.09958882391834623[&state=4])nd52:0.06820371534758739[&state=4])nd37:0.34660015767842456[&state=4],(((nd141:0.09473745010861974[&state=4],nd142:0.09473745010861974[&state=4])nd123:0.06481348892520501[&state=4],((nd152:0.12889336471946014[&state=4],(nd157:0.06191930677393874[&state=4],nd154:0.06191930677393874[&state=4])nd126:0.0669740579455214[&state=4])nd117:0.017926928238671203[&state=4],(nd139:0.09478799601495504[&state=14],nd140:0.09478799601495504[&state=4])nd118:0.05203229694317633[&state=4])nd114:0.012730646075693384[&state=4])nd83:0.11991472514378125[&state=4],((nd165:0.0033421849974980718[&state=4],nd166:0.0033421849974980718[&state=4])nd156:0.12435290770872402[&state=4],(nd145:0.08958368179010338[&state=4],nd146:0.08958368179010338[&state=4])nd144:0.038111410916118686[&state=4])nd105:0.1517705714713839[&state=4])nd43:0.5215643067014284[&state=4])nd20:0.13062104193316496[&state=4],(nd15:0.9292667855693889[&state=12],((nd102:0.4571790439740652[&state=4],(nd65:0.3992792466040436[&state=6],(nd85:0.2585825823227693[&state=2],(nd120:0.20491378194423565[&state=0],nd100:0.2049137819442356[&state=4])nd86:0.0536688003785338[&state=13])nd74:0.1406966642812741[&state=13])nd48:0.05789979737002166[&state=4])nd39:0.10452875236774989[&state=4],(nd128:0.4057819795188431[&state=4],nd62:0.4057819795188432[&state=81])nd60:0.15592581682297194[&state=4])nd18:0.367558989227574[&state=4])nd14:0.002384227242810302[&state=15])nd11:0.07448761573690149[&state=15],nd12:1.006138628549101[&state=6])nd10:0.3792515961080005[&state=15])nd7:1.4539078965161272[&state=9],(nd35:0.6586420621232351[&state=51],nd36:0.6586420621232351[&state=6])nd6:2.1806560590499924[&state=25])nd4:3.2722078793909652[&state=23])root:0.0[&state=6];
