sample	replicate	trs
1	1	(((nd61:1.5034848431003962,(nd65:0.993931336486684,nd66:0.993931336486684)nd50:0.5095535066137127)nd43:0.9592641050925115,(((nd73:0.7109087675325625,((nd91:0.07413018710106865,nd92:0.07413018710106865)nd77:0.60403358636492,nd78:0.6781637734659887)nd74:0.032744994066574135)nd69:0.21687403899421068,(((nd85:0.20692898265113904,nd86:0.20692898265113904)nd83:0.15713454786181455,nd84:0.3640635305129535)nd71:0.43204120232680004,nd72:0.7961047328397537)nd70:0.13167807368701948)nd41:1.0523780306085864,nd42:1.9801608371353605)nd39:0.4825881110575482)nd26:7.839406447168127,(((nd53:1.4205535127913231,(nd67:0.9283568245174969,nd68:0.9283568245174969)nd54:0.4921966882738268)nd33:1.2779041945464718,(nd75:1.9251451176159309,((nd63:1.0318969338701365,nd64:1.0318969338701365)nd57:0.3602085106321346,(nd79:0.4526255395172655,nd80:0.4526255395172655)nd58:0.9394799049850048)nd46:0.53303967311366)nd34:0.7733125897218641)nd30:6.678986030981028,(((nd55:1.394606445126448,(nd93:0.017264971487940095,nd94:0.017264971487940095)nd60:1.377341473638508)nd47:0.1094748862227863,(((nd87:0.20191612579562676,nd88:0.20191612579562676)nd81:0.1827603257631145,(nd89:0.15659075614074147,nd90:0.15659075614074147)nd82:0.2280856954179998)nd51:1.08011237840412,nd52:1.4647888299628615)nd48:0.03929250138637258)nd35:1.007878281871967,nd36:2.5119596132212014)nd31:6.865484125097621)nd6:0.9247116570422113)root:0.0;
