sample	replicate	trs
1	1	(((nd5:6.358550734681955[&state=1],((((nd33:2.152066492361767[&state=1],nd34:2.152066492361767[&state=1])nd31:0.37730753945618195[&state=1],(nd41:1.358488716429676[&state=1],((nd61:0.2204879639633485[&state=11],nd62:0.2204879639633485[&state=1])nd57:0.13040334800843806[&state=1],nd58:0.3508913119717866[&state=1])nd42:1.0075974044578893[&state=1])nd32:1.170885315388273[&state=1])nd13:2.5023660638791747[&state=1],((nd59:0.32630562384967543[&state=1],nd60:0.32630562384967543[&state=1])nd51:0.3982432003668077[&state=1],nd52:0.7245488242164831[&state=1])nd14:4.30719127148064[&state=1])nd7:1.2090944758988253[&state=1],nd17:6.240834571595951[&state=6])nd6:0.11771616308600669[&state=23])nd3:0.4111955399461082[&state=23],((nd29:2.7362434584572597[&state=0],((nd49:0.9089763486985548[&state=0],nd50:0.9089763486985548[&state=0])nd39:0.45156930469207296[&state=0],(nd45:1.0333165136100124[&state=0],nd46:1.0333165136100124[&state=0])nd40:0.3272291397806156[&state=10])nd30:1.375697805066632[&state=0])nd23:1.1292897994539453[&state=0],(nd25:3.8602224725017313[&state=6],(nd27:3.262833594209342[&state=6],(nd55:0.4398258058222967[&state=6],nd56:0.4398258058222967[&state=6])nd28:2.8230077883870446[&state=6])nd26:0.5973888782923896[&state=6])nd24:0.005310785409473416[&state=6])nd4:2.9042130167168585[&state=22])nd1:2.3207912818318297[&state=6],(((nd19:4.541805165482858[&state=6],(nd37:1.406915122929144[&state=6],nd48:1.4069151229291434[&state=6])nd21:3.1348900425537147[&state=6])nd11:1.3930816385828444[&state=6],(nd53:0.6289921076979784[&state=6],nd54:0.6289921076979784[&state=6])nd12:5.305894696367724[&state=6])nd9:0.19664645607442782[&state=6],(nd15:5.002337425895013[&state=6],(nd43:1.902941723005644[&state=6],nd36:1.902941723005644[&state=6])nd16:3.099395702889369[&state=6])nd10:1.1291958342451176[&state=6])nd2:2.9590042963197627[&state=6])root:0.0[&state=6];
