sample	replicate	trs
1	1	(((nd79:1.9692812947897749[&state=0],(nd62:1.5636386865730665[&state=0],nd64:1.5636386865730665[&state=0])nd57:0.40564260821670917[&state=0])nd28:2.4222768890276534[&state=0],((nd60:2.8872053670678217[&state=0],(nd96:0.38360990259607175[&state=0],nd97:0.38360990259607175[&state=0])nd59:2.5035954644717497[&state=0])nd32:1.0510798615715884[&state=0],nd33:3.9382852286394097[&state=0])nd29:0.453272955178018[&state=0])nd16:5.1188523678338615[&state=0],((((nd76:0.830446449805311[&state=0],(nd92:0.4182007440450215[&state=0],nd93:0.4182007440450215[&state=0])nd77:0.4122457057602895[&state=0])nd55:2.700707561149783[&state=0],(nd98:0.09102392227610784[&state=0],nd99:0.09102392227610784[&state=0])nd41:3.440130088678987[&state=0])nd24:4.135580027300092[&state=0],(((nd86:0.5416814013777156[&state=0],nd94:0.5416814013777156[&state=0])nd68:0.5792496363058707[&state=0],nd69:1.1209310376835866[&state=0])nd52:1.1292645701516146[&state=0],(((nd91:0.7457428192539793[&state=0],nd81:0.7457428192539793[&state=0])nd75:0.24441058792348408[&state=0],((nd89:0.6665926894736283[&state=0],nd85:0.6665926894736284[&state=0])nd72:0.2974252567055384[&state=0],nd73:0.9640179461791667[&state=0])nd71:0.026135460998296674[&state=0])nd66:0.14587691010527146[&state=0],nd67:1.136030317282735[&state=0])nd53:1.1141652905524662[&state=0])nd27:5.416538430419985[&state=0])nd4:0.18985508866678408[&state=0],nd83:7.856589126921971[&state=0])nd3:1.6538214247293188[&state=0])root:0.0[&state=0];
