sample	replicate	trs
1	1	(((nd23:3.477535231586078[&state=1],(((nd31:0.44546372481276403[&state=6],nd32:0.44546372481276403[&state=6])nd27:0.6542375012975873[&state=6],(nd29:0.8984063984484444[&state=6],((nd39:0.03291895471633925[&state=0],nd40:0.03291895471633925[&state=0])nd37:0.16294222850820753[&state=0],nd38:0.19586118322454676[&state=0])nd30:0.7025452152238976[&state=0])nd28:0.20129482766190698[&state=22])nd13:1.0005640222095986[&state=6],nd14:2.1002652483199498[&state=6])nd12:1.3772699832661277[&state=6])nd7:0.8241375058171477[&state=6],(nd21:1.64235666879089[&state=6],nd22:1.64235666879089[&state=6])nd8:2.659316068612335[&state=6])nd3:0.4340189067456267[&state=6],(((nd15:1.9049637705324434[&state=0],(nd17:1.8475115839350937[&state=48],(nd33:0.3940779375531693[&state=6],(nd35:0.25617889256041265[&state=6],nd36:0.25617889256041265[&state=6])nd34:0.13789904499275663[&state=6])nd18:1.4534336463819244[&state=6])nd16:0.057452186597349325[&state=22])nd9:2.1052043907744027[&state=22],(nd25:1.1006989701679213[&state=6],nd26:1.1006989701679213[&state=24])nd10:2.9094691911389248[&state=6])nd5:0.3217584522535076[&state=6],(nd19:1.8373942991129237[&state=6],nd20:1.8373942991129237[&state=6])nd6:2.49453231444743[&state=6])nd2:0.40376503058849833[&state=6])root:0.0[&state=6];
