sample	replicate	trs
1	1	((((nd71:0.0845620129974973[&state=6],nd72:0.0845620129974973[&state=6])nd51:3.272829044858537[&state=6],(((nd75:0.029500095621059808[&state=6],nd76:0.029500095621059808[&state=6])nd65:0.3563810468193925[&state=6],nd66:0.3858811424404523[&state=6])nd50:2.769696052572787[&state=6],((((nd73:0.042763504371011944[&state=6],nd74:0.042763504371011944[&state=6])nd67:0.11209954916911122[&state=6],nd68:0.15486305354012317[&state=6])nd61:0.2720959591935064[&state=6],nd62:0.4269590127336296[&state=6])nd44:2.514419316982282[&state=6],nd38:2.941378329715912[&state=6])nd36:0.21419886529732785[&state=6])nd32:0.201813862842795[&state=6])nd20:3.5923320444842224[&state=6],(((nd57:1.0505018702196613[&state=6],nd58:1.0505018702196613[&state=6])nd55:0.13581094025888532[&state=6],(nd63:0.389258303311561[&state=24],nd64:0.389258303311561[&state=2])nd56:0.7970545071669857[&state=24])nd30:3.1306295387575944[&state=6],(nd39:2.3868804475895113[&state=6],nd40:2.3868804475895113[&state=6])nd24:1.93006190164663[&state=6])nd15:2.6327807531041154[&state=6])nd3:0.026046992909713212[&state=6],(nd45:2.0419283929240497[&state=6],(nd59:0.4445258469710427[&state=12],((nd77:0.012008727395518224[&state=6],nd78:0.012008727395518224[&state=6])nd69:0.10170427157529967[&state=6],nd70:0.1137129989708179[&state=53])nd60:0.33081284800022476[&state=24])nd46:1.5974025459530072[&state=24])nd12:4.933841702325919[&state=6])nd2:0.0[&state=6];
