sample	replicate	trs
1	1	((((((((nd29:0.09818113702750142[&state=4],nd30:1.2499685149125102[&state=4]):0.030330573563596436[&state=4],((nd45:1.1468236269610161[&state=4],nd46:1.1468236269610161[&state=16]):0.09327748733177506[&state=4],nd32:1.2401011142927914[&state=4]):0.040197974183315076[&state=4]):0.08854525387921705[&state=4],(nd37:1.2149528882413438[&state=4],nd38:1.2149528882413438[&state=4]):0.15389145411397961[&state=4]):0.019405643744386226[&state=4],(((nd55:1.1027448578696881[&state=4],nd56:1.1027448578696881[&state=4]):0.06385785305649642[&state=4],nd44:1.1666027109261845[&state=4]):0.19902693798322144[&state=4],((nd19:1.3296681460745543[&state=4],(nd25:1.2997757935463252[&state=4],nd26:1.2997757935463252[&state=26]):0.02989235252822902[&state=4]):0.019397435923953474[&state=4],(((nd51:1.1173469220379881[&state=4],(nd53:1.1033478304939899[&state=4],((nd63:0.23623886542498163[&state=5],nd64:0.23623886542498163[&state=5]):0.223139223141763[&state=5],(nd65:0.22063150431038056[&state=5],(nd67:0.21752451363007616[&state=5],nd68:0.21752451363007616[&state=5]):0.0031069906803044296[&state=5]):0.23874658425636403[&state=5]):0.6439697419272452[&state=5]):0.01399909154399835[&state=4]):0.056306408563263924[&state=4],nd40:0.04328454548690711[&state=4]):0.1604095838205646[&state=4],(nd57:0.9476722163867819[&state=4],nd58:0.4718513065456541[&state=5]):0.3863906980350349[&state=21]):0.015002667576690944[&state=4]):0.01656406691089843[&state=4]):0.022620337190303628[&state=4]):0.011277875646280673[&state=4],((nd35:1.216038526268268[&state=4],nd36:1.216038526268268[&state=4]):0.10009835723423834[&state=4],nd22:1.3161368835025065[&state=4]):0.08339097824348399[&state=4]):0.08258821879533618[&state=4],((nd61:0.33891315532145777[&state=4],nd62:0.33891315532145777[&state=6]):0.9917177866763713[&state=26],((nd33:1.217090744422024[&state=4],nd34:1.217090744422024[&state=4]):0.08883192513506497[&state=4],((nd47:1.1001921700027935[&state=4],nd48:1.1363830751303765[&state=4]):0.03461254933837251[&state=4],(nd49:0.3961142439028304[&state=4],nd50:1.1204575604107287[&state=4]):0.050538064058020284[&state=4]):0.1349270450883399[&state=4]):0.024708272440740066[&state=4]):0.15148513854349752[&state=26]):18.106648252465945[&state=26],nd2:19.588764333007266[&state=0]):0.135735666992733[&state=22]):0.0[&state=22];
