sample	replicate	trs
1	1	((nd66:1.1357785002269685[&state=0],((nd80:0.1544685518541961[&state=0],nd81:0.1544685518541961[&state=0])nd68:0.6874459840390894[&state=0],(nd74:0.45997128619759203[&state=0],nd77:0.45997128619759203[&state=0])nd69:0.38194324969569354[&state=0])nd67:0.29386396433368284[&state=0])nd39:8.091325377089348[&state=0],((((nd58:1.828868688682274[&state=0],nd55:1.828868688682274[&state=0])nd34:1.1517516305941653[&state=0],nd47:2.980620319276439[&state=0])nd24:0.6654578898848859[&state=0],nd62:3.6460782091613257[&state=0])nd23:1.2443531308623859[&state=0],((nd56:1.8228523522496707[&state=0],(nd72:0.504950771352418[&state=0],nd73:0.504950771352418[&state=0])nd64:1.3179015808972523[&state=0])nd36:2.2719365219700656[&state=0],((nd70:0.6105783241360515[&state=0],nd71:0.6105783241360515[&state=0])nd48:1.4076025461001271[&state=0],(nd78:0.28917657340712555[&state=0],nd79:0.28917657340712555[&state=0])nd51:1.729004296829053[&state=0])nd40:2.0766080039835573[&state=0])nd16:0.7956424658039751[&state=0])nd10:4.336672537292606[&state=0])root:0.0[&state=16];
