sample	replicate	trs
1	1	(((nd15:2.579635053993425[&state=6],(nd17:2.415142073672261[&state=6],(nd27:1.4072739746938079[&state=6],((nd35:0.5303455401284255[&state=6],(nd43:0.008617453636400207[&state=6],nd44:0.008617453636400207[&state=6])nd36:0.5217280864920253[&state=6])nd31:0.40181705453693545[&state=6],nd32:0.932162594665361[&state=6])nd28:0.4751113800284467[&state=6])nd18:1.007868098978454[&state=6])nd16:0.1644929803211635[&state=6])nd5:1.8230409320576972[&state=6],((nd29:1.0386893744096954[&state=6],nd30:1.0386893744096954[&state=6])nd10:2.8833553562375847[&state=6],((nd39:0.1056535170785254[&state=6],nd40:0.1056535170785254[&state=6])nd37:0.31617471171511496[&state=6],nd38:0.42182822879364035[&state=6])nd20:3.5002165018536395[&state=6])nd6:0.48063125540384255[&state=6])nd1:0.8833726851661803[&state=6],((nd23:1.8074408901183925[&state=6],nd33:1.8074408901183927[&state=6])nd14:2.942919313929738[&state=6],(nd41:0.06507038206929801[&state=6],nd42:0.06507038206929801[&state=6])nd4:4.685289821978834[&state=6])nd2:0.5356884671691721[&state=6])root:0.0[&state=6];
