sample	replicate	trs
1	1	(((nd30:1.2576586940732963[&state=5],(nd32:1.2248954753814396[&state=5],nd33:1.2248954753814396[&state=5])nd31:0.03276321869185691[&state=5])nd14:10.831492568807139[&state=5],nd11:12.089151262880435[&state=5])nd8:0.11257567008324378[&state=5],(nd12:9.455815972344658[&state=5],(nd16:6.231440538985792[&state=5],(((nd26:2.018954410014209[&state=5],nd27:2.018954410014209[&state=5])nd20:0.9187284788975453[&state=5],nd21:2.9376828889117546[&state=5])nd18:0.09877525155944332[&state=5],((nd34:1.0661932839986983[&state=5],nd35:1.0661932839986983[&state=5])nd22:1.8270641306410405[&state=5],((nd36:0.8513023014984056[&state=5],nd37:0.8513023014984056[&state=5])nd24:1.515726339016944[&state=5],(nd28:1.766830083264532[&state=5],nd29:1.766830083264532[&state=5])nd25:0.6001985572508173[&state=5])nd23:0.5262287741243892[&state=5])nd19:0.14320072583145946[&state=5])nd17:3.1949823985145955[&state=5])nd13:3.2243754333588637[&state=5])nd9:2.7459109606190206[&state=5])nd6:0.0[&state=5];
