sample	replicate	trs
1	1	((((nd19:2.4905737331954887,(nd23:1.210831841017066,(nd29:0.9156923068663866,nd30:0.9156923068663866)nd24:0.2951395341506787)nd20:1.2797418921784218)nd9:2.128287389281669,((nd21:1.5388547051287846,nd22:1.5388547051287846)nd15:1.6968380496601172,(nd27:0.9735862551333913,nd28:0.9735862551333913)nd17:2.26210649965551)nd10:1.3831683676882538)nd7:1.2523086946704727,((nd33:0.595427266557684,nd34:0.595427266557684)nd25:0.5176476429221524,nd26:1.113074909479837)nd8:4.758094907667793)nd3:5.107626665526297,(nd13:3.1615400125216215,(nd31:0.7415825896457575,(nd35:0.43109123195022986,nd36:0.43109123195022986)nd32:0.31049135769552755)nd14:2.419957422875863)nd5:7.817256470152305)root:0.0;
