sample	replicate	trs
1	1	((((nd43:0.4905837909379749[&state=23],nd44:0.4905837909379749[&state=50])nd37:0.35918098823912337[&state=24],(nd53:0.26536343736820195[&state=24],(nd55:0.010333814019179509[&state=30],nd56:0.010333814019179509[&state=6])nd54:0.25502962334902246[&state=80])nd38:0.5844013418088962[&state=24])nd21:2.0945054896738378[&state=2],(nd25:1.8443456208421172[&state=81],nd26:1.8443456208421172[&state=53])nd22:1.0999246480088207[&state=31])nd1:4.5738375538993665[&state=7],((((nd29:1.7227128288936877[&state=0],nd30:1.7227128288936877[&state=22])nd17:1.4425591158213245[&state=63],nd18:3.1652719447150117[&state=30])nd13:1.3298100819922474[&state=7],((nd33:0.8790935245516358[&state=50],(nd47:0.4274995865900417[&state=2],nd48:0.4274995865900417[&state=25])nd34:0.45159393796159414[&state=53])nd23:1.5421229732142252[&state=31],(nd35:0.8699439229594905[&state=11],((nd41:0.5006840622032973[&state=0],nd42:0.5006840622032973[&state=53])nd39:0.2201320237411825[&state=10],(nd51:0.34850735865470517[&state=1],nd52:0.34850735865470517[&state=11])nd40:0.37230872728977477[&state=11])nd36:0.14912783701501078[&state=29])nd24:1.5512725748063705[&state=65])nd14:2.0738655289413983[&state=28])nd7:0.4626301576465975[&state=7],(((nd49:0.3953449847527809[&state=0],nd50:0.3953449847527809[&state=0])nd19:4.251054362511233[&state=0],((nd27:1.7392304170272619[&state=120],nd28:1.7392304170272619[&state=0])nd15:1.737940723227028[&state=8],(nd31:1.4390594902360763[&state=0],(nd45:0.46907927435089736[&state=50],nd46:0.46907927435089736[&state=0])nd32:0.9699802158851785[&state=28])nd16:2.0381116500182133[&state=0])nd12:1.169228207009725[&state=7])nd9:0.08241352892953992[&state=7],nd10:4.728812876193552[&state=7])nd8:0.22889930816030254[&state=7])nd3:2.560395638396445[&state=0])root:0.0[&state=22];
